EQID,site_distance_km,magnitude,avg_pga_g,avg_vs30,depth_km,strike,dip,rake,mechanism,vs30_1,vs30_2,clstd_1,clstd_2,nehrp_1,nehrp_2,delta_theta
25,4.025,6.19,0.31309,273.2,10.0,140.0,90.0,180.0,0.0,289.56,256.82,9.58,12.9,D,D,7.87
29,4.812,5.33,0.0554,645.4,8.0,325.0,48.0,59.0,3.0,477.22,813.48,22.94,19.35,C,B,8.77
30,4.812,6.61,0.02259,645.4,13.0,288.0,50.0,83.0,2.0,477.22,813.48,92.59,89.72,C,B,2.26
30,3.356,6.61,0.10609,529.8,13.0,288.0,50.0,83.0,2.0,634.33,425.34,30.19,27.4,C,C,1.03
30,4.118,6.61,0.23736,636.5,13.0,288.0,50.0,83.0,2.0,602.1,670.84,19.3,22.57,C,C,5.9
30,4.934,6.61,0.00992,442.6,13.0,288.0,50.0,83.0,2.0,443.85,441.25,109.73,110.18,C,C,2.37
30,4.724,6.61,0.12537,692.1,13.0,288.0,50.0,83.0,2.0,415.13,969.07,25.47,21.5,C,B,4.3
35,1.124,5.2,0.05569,556.9,21.0,75.0,72.0,0.0,0.0,594.83,518.98,62.76,63.64,C,C,0.58
42,0.635,5.5,0.07579,531.0,6.0,233.0,16.0,75.0,2.0,412.37,649.67,17.7,17.68,C,C,1.82
43,0.635,5.91,0.16969,531.0,3.69,215.1,18.9,70.0,2.0,412.37,649.67,14.75,14.5,C,C,1.51
48,1.738,5.74,0.17675,849.5,8.0,336.0,80.0,176.0,0.0,1428.14,270.84,10.67,9.02,B,D,3.03
48,3.557,5.74,0.17639,889.0,8.0,336.0,80.0,176.0,0.0,1428.14,349.85,10.67,7.42,B,D,10.23
48,1.861,5.74,0.24726,310.3,8.0,336.0,80.0,176.0,0.0,270.84,349.85,9.02,7.42,D,D,7.2
48,3.685,5.74,0.24633,246.3,8.0,336.0,80.0,176.0,0.0,270.84,221.78,9.02,5.7,D,D,10.66
48,1.992,5.74,0.24598,285.8,8.0,336.0,80.0,176.0,0.0,349.85,221.78,7.42,5.7,D,D,3.46
48,4.372,5.74,0.31234,442.5,8.0,336.0,80.0,176.0,0.0,221.78,663.31,5.7,3.11,D,C,28.77
48,0.011,5.74,0.10236,365.2,8.0,336.0,80.0,176.0,0.0,367.43,362.98,20.67,20.67,C,C,0.0
48,3.388,5.74,0.10519,351.5,8.0,336.0,80.0,176.0,0.0,367.43,335.5,20.67,19.7,C,D,8.08
48,3.387,5.74,0.09848,349.2,8.0,336.0,80.0,176.0,0.0,362.98,335.5,20.67,19.7,C,D,8.08
50,4.422,6.53,0.2648,251.0,9.96,323.0,80.0,180.0,0.0,259.86,242.05,0.34,0.65,D,D,9.99
50,4.717,6.53,0.48878,241.4,9.96,323.0,80.0,180.0,0.0,259.86,223.03,0.34,2.66,D,D,25.79
50,1.492,6.53,0.21122,197.4,9.96,323.0,80.0,180.0,0.0,192.05,202.85,7.31,8.6,D,D,2.91
50,3.445,6.53,0.37539,199.1,9.96,323.0,80.0,180.0,0.0,192.05,206.08,7.31,3.86,D,D,6.63
50,2.546,6.53,0.33057,197.2,9.96,323.0,80.0,180.0,0.0,192.05,202.26,7.31,5.09,D,D,3.6
50,4.092,6.53,0.28674,199.6,9.96,323.0,80.0,180.0,0.0,202.85,196.25,8.6,12.56,D,D,7.92
50,4.776,6.53,0.36274,204.5,9.96,323.0,80.0,180.0,0.0,202.85,206.08,8.6,3.86,D,D,9.54
50,3.536,6.53,0.31792,202.6,9.96,323.0,80.0,180.0,0.0,202.85,202.26,8.6,5.09,D,D,6.51
50,4.418,6.53,0.12921,223.4,9.96,323.0,80.0,180.0,0.0,196.88,249.92,17.94,21.98,D,D,3.3
50,3.33,6.53,0.39611,207.3,9.96,323.0,80.0,180.0,0.0,208.91,205.63,7.05,3.95,D,D,6.81
50,2.648,6.53,0.42981,204.4,9.96,323.0,80.0,180.0,0.0,205.63,203.22,3.95,1.35,D,D,3.9
50,4.578,6.53,0.4241,208.1,9.96,323.0,80.0,180.0,0.0,205.63,210.51,3.95,0.56,D,D,0.12
50,1.939,6.53,0.44246,206.9,9.96,323.0,80.0,180.0,0.0,203.22,210.51,1.35,0.56,D,D,4.02
50,3.294,6.53,0.48184,208.3,9.96,323.0,80.0,180.0,0.0,210.51,206.08,0.56,3.86,D,D,6.72
50,4.675,6.53,0.43701,206.4,9.96,323.0,80.0,180.0,0.0,210.51,202.26,0.56,5.09,D,D,9.75
50,1.691,6.53,0.48208,204.2,9.96,323.0,80.0,180.0,0.0,206.08,202.26,3.86,5.09,D,D,3.03
51,4.092,5.01,0.11992,199.6,9.5,319.9,90.0,180.0,0.0,202.85,196.25,12.96,15.42,D,D,14.03
51,4.776,5.01,0.09334,204.5,9.5,319.9,90.0,180.0,0.0,202.85,206.08,12.96,10.94,D,D,22.72
51,3.536,5.01,0.10226,202.6,9.5,319.9,90.0,180.0,0.0,202.85,202.26,12.96,10.71,D,D,12.97
51,2.774,5.01,0.12708,175.9,9.5,319.9,90.0,180.0,0.0,188.78,162.94,18.78,16.25,D,E,0.93
51,3.33,5.01,0.19539,207.3,9.5,319.9,90.0,180.0,0.0,208.91,205.63,12.11,11.23,D,D,17.81
51,2.648,5.01,0.22473,204.4,9.5,319.9,90.0,180.0,0.0,205.63,203.22,11.23,10.37,D,D,14.75
51,4.578,5.01,0.19961,208.1,9.5,319.9,90.0,180.0,0.0,205.63,210.51,11.23,10.31,D,D,26.69
51,1.939,5.01,0.20541,206.9,9.5,319.9,90.0,180.0,0.0,203.22,210.51,10.37,10.31,D,D,11.94
51,3.294,5.01,0.15722,208.3,9.5,319.9,90.0,180.0,0.0,210.51,206.08,10.31,10.94,D,D,19.61
51,4.675,5.01,0.16614,206.4,9.5,319.9,90.0,180.0,0.0,210.51,202.26,10.31,10.71,D,D,29.36
51,1.691,5.01,0.14306,204.2,9.5,319.9,90.0,180.0,0.0,206.08,202.26,10.94,10.71,D,D,9.75
58,0.0,5.91,0.08072,537.2,16.0,15.0,50.0,-11.0,0.0,537.16,537.16,18.13,18.13,C,C,0.0
58,0.0,5.91,0.21151,537.2,16.0,15.0,50.0,-11.0,0.0,537.16,537.16,18.13,18.13,C,C,0.0
58,0.0,5.91,0.21018,537.2,16.0,15.0,50.0,-11.0,0.0,537.16,537.16,18.13,18.13,C,C,0.0
59,0.0,5.7,0.07517,537.2,5.0,22.0,50.0,28.0,0.0,537.16,537.16,14.38,14.38,C,C,0.0
59,0.0,5.7,0.16054,537.2,5.0,22.0,50.0,28.0,0.0,537.16,537.16,14.38,14.38,C,C,0.0
59,0.0,5.7,0.16783,537.2,5.0,22.0,50.0,28.0,0.0,537.16,537.16,14.38,14.38,C,C,0.0
61,0.088,5.94,0.34899,377.6,14.0,22.0,50.0,-28.0,0.0,382.12,373.18,12.39,12.39,C,C,0.42
67,0.0,7.2,0.12934,311.8,15.1,48.0,90.0,0.0,0.0,311.75,311.75,76.26,76.26,D,D,0.0
67,0.0,7.2,0.12778,311.8,15.1,48.0,90.0,0.0,0.0,311.75,311.75,76.26,76.26,D,D,0.0
67,0.0,7.2,0.15253,311.8,15.1,48.0,90.0,0.0,0.0,311.75,311.75,76.26,76.26,D,D,0.0
71,0.199,5.9,0.09832,309.4,11.1,109.0,64.0,64.0,2.0,309.41,309.41,26.59,26.4,D,D,0.05
71,0.196,5.9,0.1151,292.6,11.1,109.0,64.0,64.0,2.0,309.41,275.82,26.59,26.77,D,D,0.08
71,0.956,5.9,0.12606,288.9,11.1,109.0,64.0,64.0,2.0,309.41,268.37,26.59,27.36,D,D,1.1
71,1.024,5.9,0.10711,318.5,11.1,109.0,64.0,64.0,2.0,309.41,327.61,26.59,25.79,D,D,1.3
71,2.086,5.9,0.111,288.5,11.1,109.0,64.0,64.0,2.0,309.41,267.67,26.59,28.31,D,D,2.27
71,1.984,5.9,0.09651,311.9,11.1,109.0,64.0,64.0,2.0,309.41,314.33,26.59,24.93,D,D,2.18
71,0.222,5.9,0.10217,312.1,11.1,109.0,64.0,64.0,2.0,309.41,314.88,26.59,26.58,D,D,0.42
71,0.184,5.9,0.09862,309.4,11.1,109.0,64.0,64.0,2.0,309.41,309.41,26.59,26.59,D,D,0.36
71,1.117,5.9,0.11303,308.1,11.1,109.0,64.0,64.0,2.0,309.41,306.78,26.59,27.12,D,D,1.9
71,0.963,5.9,0.10215,308.1,11.1,109.0,64.0,64.0,2.0,309.41,306.78,26.59,26.61,D,D,1.82
71,1.025,5.9,0.12736,307.9,11.1,109.0,64.0,64.0,2.0,309.41,306.38,26.59,26.06,D,D,1.55
71,0.974,5.9,0.10761,307.9,11.1,109.0,64.0,64.0,2.0,309.41,306.38,26.59,25.79,D,D,0.81
71,1.017,5.9,0.09634,308.9,11.1,109.0,64.0,64.0,2.0,309.41,308.39,26.59,25.61,D,D,0.28
71,0.976,5.9,0.10465,305.2,11.1,109.0,64.0,64.0,2.0,309.41,301.05,26.59,26.13,D,D,1.7
71,1.017,5.9,0.09306,315.5,11.1,109.0,64.0,64.0,2.0,309.41,321.63,26.59,26.58,D,D,1.91
71,0.899,5.9,0.11447,315.5,11.1,109.0,64.0,64.0,2.0,309.41,321.63,26.59,27.02,D,D,1.37
71,0.994,5.9,0.12406,292.6,11.1,109.0,64.0,64.0,2.0,309.41,275.82,26.59,27.54,D,D,0.33
71,2.012,5.9,0.15473,297.2,11.1,109.0,64.0,64.0,2.0,309.41,285.09,26.59,27.51,D,D,3.47
71,2.053,5.9,0.13555,293.9,11.1,109.0,64.0,64.0,2.0,309.41,278.32,26.59,26.55,D,D,3.88
71,1.999,5.9,0.11089,298.8,11.1,109.0,64.0,64.0,2.0,309.41,288.24,26.59,25.63,D,D,3.13
71,2.028,5.9,0.10399,297.7,11.1,109.0,64.0,64.0,2.0,309.41,286.03,26.59,24.91,D,D,1.64
71,2.023,5.9,0.11034,301.4,11.1,109.0,64.0,64.0,2.0,309.41,293.46,26.59,24.65,D,D,0.57
71,2.019,5.9,0.10848,319.2,11.1,109.0,64.0,64.0,2.0,309.41,329.08,26.59,26.66,D,D,3.77
71,1.993,5.9,0.1064,314.8,11.1,109.0,64.0,64.0,2.0,309.41,320.11,26.59,27.69,D,D,2.8
71,1.997,5.9,0.12803,306.4,11.1,109.0,64.0,64.0,2.0,309.41,303.36,26.59,28.51,D,D,0.58
71,0.394,5.9,0.104,292.6,11.1,109.0,64.0,64.0,2.0,309.41,275.82,26.4,26.77,D,D,0.13
71,1.132,5.9,0.11495,288.9,11.1,109.0,64.0,64.0,2.0,309.41,268.37,26.4,27.36,D,D,1.15
71,0.863,5.9,0.09601,318.5,11.1,109.0,64.0,64.0,2.0,309.41,327.61,26.4,25.79,D,D,1.25
71,2.261,5.9,0.0999,288.5,11.1,109.0,64.0,64.0,2.0,309.41,267.67,26.4,28.31,D,D,2.32
71,1.806,5.9,0.08541,311.9,11.1,109.0,64.0,64.0,2.0,309.41,314.33,26.4,24.93,D,D,2.13
71,0.297,5.9,0.09107,312.1,11.1,109.0,64.0,64.0,2.0,309.41,314.88,26.4,26.58,D,D,0.47
71,0.263,5.9,0.08752,309.4,11.1,109.0,64.0,64.0,2.0,309.41,309.41,26.4,26.59,D,D,0.31
71,1.234,5.9,0.10192,308.1,11.1,109.0,64.0,64.0,2.0,309.41,306.78,26.4,27.12,D,D,1.95
71,0.994,5.9,0.09105,308.1,11.1,109.0,64.0,64.0,2.0,309.41,306.78,26.4,26.61,D,D,1.87
71,0.94,5.9,0.11626,307.9,11.1,109.0,64.0,64.0,2.0,309.41,306.38,26.4,26.06,D,D,1.6
71,0.815,5.9,0.09651,307.9,11.1,109.0,64.0,64.0,2.0,309.41,306.38,26.4,25.79,D,D,0.86
71,0.818,5.9,0.08524,308.9,11.1,109.0,64.0,64.0,2.0,309.41,308.39,26.4,25.61,D,D,0.23
71,0.883,5.9,0.09355,305.2,11.1,109.0,64.0,64.0,2.0,309.41,301.05,26.4,26.13,D,D,1.65
71,1.02,5.9,0.08196,315.5,11.1,109.0,64.0,64.0,2.0,309.41,321.63,26.4,26.58,D,D,1.86
71,1.003,5.9,0.10337,315.5,11.1,109.0,64.0,64.0,2.0,309.41,321.63,26.4,27.02,D,D,1.32
71,1.193,5.9,0.11296,292.6,11.1,109.0,64.0,64.0,2.0,309.41,275.82,26.4,27.54,D,D,0.38
71,2.117,5.9,0.14363,297.2,11.1,109.0,64.0,64.0,2.0,309.41,285.09,26.4,27.51,D,D,3.52
71,2.061,5.9,0.12445,293.9,11.1,109.0,64.0,64.0,2.0,309.41,278.32,26.4,26.55,D,D,3.93
71,1.91,5.9,0.09978,298.8,11.1,109.0,64.0,64.0,2.0,309.41,288.24,26.4,25.63,D,D,3.18
71,1.862,5.9,0.09289,297.7,11.1,109.0,64.0,64.0,2.0,309.41,286.03,26.4,24.91,D,D,1.69
71,1.825,5.9,0.09924,301.4,11.1,109.0,64.0,64.0,2.0,309.41,293.46,26.4,24.65,D,D,0.52
71,2.019,5.9,0.09737,319.2,11.1,109.0,64.0,64.0,2.0,309.41,329.08,26.4,26.66,D,D,3.72
71,2.102,5.9,0.09529,314.8,11.1,109.0,64.0,64.0,2.0,309.41,320.11,26.4,27.69,D,D,2.75
71,2.196,5.9,0.11693,306.4,11.1,109.0,64.0,64.0,2.0,309.41,303.36,26.4,28.51,D,D,0.63
71,0.787,5.9,0.13174,272.1,11.1,109.0,64.0,64.0,2.0,275.82,268.37,26.77,27.36,D,D,1.02
71,1.198,5.9,0.1128,301.7,11.1,109.0,64.0,64.0,2.0,275.82,327.61,26.77,25.79,D,D,1.38
71,1.912,5.9,0.11669,271.7,11.1,109.0,64.0,64.0,2.0,275.82,267.67,26.77,28.31,D,D,2.19
71,2.167,5.9,0.10219,295.1,11.1,109.0,64.0,64.0,2.0,275.82,314.33,26.77,24.93,D,D,2.26
71,0.29,5.9,0.10786,295.4,11.1,109.0,64.0,64.0,2.0,275.82,314.88,26.77,26.58,D,D,0.34
71,0.283,5.9,0.1043,292.6,11.1,109.0,64.0,64.0,2.0,275.82,309.41,26.77,26.59,D,D,0.44
71,1.017,5.9,0.11871,291.3,11.1,109.0,64.0,64.0,2.0,275.82,306.78,26.77,27.12,D,D,1.82
71,0.962,5.9,0.10783,291.3,11.1,109.0,64.0,64.0,2.0,275.82,306.78,26.77,26.61,D,D,1.74
71,1.129,5.9,0.13304,291.1,11.1,109.0,64.0,64.0,2.0,275.82,306.38,26.77,26.06,D,D,1.47
71,1.138,5.9,0.1133,291.1,11.1,109.0,64.0,64.0,2.0,275.82,306.38,26.77,25.79,D,D,0.73
71,1.212,5.9,0.10203,292.1,11.1,109.0,64.0,64.0,2.0,275.82,308.39,26.77,25.61,D,D,0.36
71,1.102,5.9,0.11033,288.4,11.1,109.0,64.0,64.0,2.0,275.82,301.05,26.77,26.13,D,D,1.78
71,1.061,5.9,0.09874,298.7,11.1,109.0,64.0,64.0,2.0,275.82,321.63,26.77,26.58,D,D,1.99
71,0.84,5.9,0.12016,298.7,11.1,109.0,64.0,64.0,2.0,275.82,321.63,26.77,27.02,D,D,1.45
71,0.799,5.9,0.12974,275.8,11.1,109.0,64.0,64.0,2.0,275.82,275.82,26.77,27.54,D,D,0.25
71,1.914,5.9,0.16042,280.5,11.1,109.0,64.0,64.0,2.0,275.82,285.09,26.77,27.51,D,D,3.39
71,2.055,5.9,0.14123,277.1,11.1,109.0,64.0,64.0,2.0,275.82,278.32,26.77,26.55,D,D,3.8
71,2.092,5.9,0.11657,282.0,11.1,109.0,64.0,64.0,2.0,275.82,288.24,26.77,25.63,D,D,3.05
71,2.191,5.9,0.10967,280.9,11.1,109.0,64.0,64.0,2.0,275.82,286.03,26.77,24.91,D,D,1.56
71,2.219,5.9,0.11603,284.6,11.1,109.0,64.0,64.0,2.0,275.82,293.46,26.77,24.65,D,D,0.65
71,2.048,5.9,0.11416,302.4,11.1,109.0,64.0,64.0,2.0,275.82,329.08,26.77,26.66,D,D,3.85
71,1.908,5.9,0.11208,298.0,11.1,109.0,64.0,64.0,2.0,275.82,320.11,26.77,27.69,D,D,2.88
71,1.802,5.9,0.13372,289.6,11.1,109.0,64.0,64.0,2.0,275.82,303.36,26.77,28.51,D,D,0.5
71,1.979,5.9,0.12375,298.0,11.1,109.0,64.0,64.0,2.0,268.37,327.61,27.36,25.79,D,D,2.4
71,1.13,5.9,0.12764,268.0,11.1,109.0,64.0,64.0,2.0,268.37,267.67,27.36,28.31,D,D,1.17
71,2.938,5.9,0.11314,291.4,11.1,109.0,64.0,64.0,2.0,268.37,314.33,27.36,24.93,D,D,3.28
71,0.867,5.9,0.11881,291.6,11.1,109.0,64.0,64.0,2.0,268.37,314.88,27.36,26.58,D,D,0.68
71,1.068,5.9,0.11525,288.9,11.1,109.0,64.0,64.0,2.0,268.37,309.41,27.36,26.59,D,D,1.46
71,0.521,5.9,0.12966,287.6,11.1,109.0,64.0,64.0,2.0,268.37,306.78,27.36,27.12,D,D,0.8
71,0.913,5.9,0.11878,287.6,11.1,109.0,64.0,64.0,2.0,268.37,306.78,27.36,26.61,D,D,0.72
71,1.405,5.9,0.144,287.4,11.1,109.0,64.0,64.0,2.0,268.37,306.38,27.36,26.06,D,D,0.45
71,1.642,5.9,0.12425,287.4,11.1,109.0,64.0,64.0,2.0,268.37,306.38,27.36,25.79,D,D,0.29
71,1.905,5.9,0.11298,288.4,11.1,109.0,64.0,64.0,2.0,268.37,308.39,27.36,25.61,D,D,1.38
71,1.878,5.9,0.12128,284.7,11.1,109.0,64.0,64.0,2.0,268.37,301.05,27.36,26.13,D,D,2.8
71,1.748,5.9,0.10969,295.0,11.1,109.0,64.0,64.0,2.0,268.37,321.63,27.36,26.58,D,D,3.01
71,1.353,5.9,0.13111,295.0,11.1,109.0,64.0,64.0,2.0,268.37,321.63,27.36,27.02,D,D,2.47
71,0.475,5.9,0.1407,272.1,11.1,109.0,64.0,64.0,2.0,268.37,275.82,27.36,27.54,D,D,0.77
71,1.283,5.9,0.17136,276.7,11.1,109.0,64.0,64.0,2.0,268.37,285.09,27.36,27.51,D,D,2.37
71,1.787,5.9,0.15219,273.3,11.1,109.0,64.0,64.0,2.0,268.37,278.32,27.36,26.55,D,D,2.78
71,2.2,5.9,0.12752,278.3,11.1,109.0,64.0,64.0,2.0,268.37,288.24,27.36,25.63,D,D,2.03
71,2.617,5.9,0.12062,277.2,11.1,109.0,64.0,64.0,2.0,268.37,286.03,27.36,24.91,D,D,0.54
71,2.889,5.9,0.12698,280.9,11.1,109.0,64.0,64.0,2.0,268.37,293.46,27.36,24.65,D,D,1.67
71,2.661,5.9,0.12511,298.7,11.1,109.0,64.0,64.0,2.0,268.37,329.08,27.36,26.66,D,D,4.87
71,2.195,5.9,0.12303,294.2,11.1,109.0,64.0,64.0,2.0,268.37,320.11,27.36,27.69,D,D,3.9
71,1.25,5.9,0.14466,285.9,11.1,109.0,64.0,64.0,2.0,268.37,303.36,27.36,28.51,D,D,0.52
71,3.108,5.9,0.10869,297.6,11.1,109.0,64.0,64.0,2.0,327.61,267.67,25.79,28.31,D,D,3.57
71,0.979,5.9,0.0942,321.0,11.1,109.0,64.0,64.0,2.0,327.61,314.33,25.79,24.93,D,D,0.88
71,1.158,5.9,0.09986,321.2,11.1,109.0,64.0,64.0,2.0,327.61,314.88,25.79,26.58,D,D,1.72
71,0.927,5.9,0.09631,318.5,11.1,109.0,64.0,64.0,2.0,327.61,309.41,25.79,26.59,D,D,0.94
71,2.09,5.9,0.11072,317.2,11.1,109.0,64.0,64.0,2.0,327.61,306.78,25.79,27.12,D,D,3.2
71,1.769,5.9,0.09984,317.2,11.1,109.0,64.0,64.0,2.0,327.61,306.78,25.79,26.61,D,D,3.12
71,1.478,5.9,0.12505,317.0,11.1,109.0,64.0,64.0,2.0,327.61,306.38,25.79,26.06,D,D,2.85
71,1.088,5.9,0.1053,317.0,11.1,109.0,64.0,64.0,2.0,327.61,306.38,25.79,25.79,D,D,2.11
71,0.576,5.9,0.09403,318.0,11.1,109.0,64.0,64.0,2.0,327.61,308.39,25.79,25.61,D,D,1.02
71,0.424,5.9,0.10234,314.3,11.1,109.0,64.0,64.0,2.0,327.61,301.05,25.79,26.13,D,D,0.4
71,0.905,5.9,0.09075,324.6,11.1,109.0,64.0,64.0,2.0,327.61,321.63,25.79,26.58,D,D,0.61
71,1.286,5.9,0.11217,324.6,11.1,109.0,64.0,64.0,2.0,327.61,321.63,25.79,27.02,D,D,0.07
71,1.946,5.9,0.12175,301.7,11.1,109.0,64.0,64.0,2.0,327.61,275.82,25.79,27.54,D,D,1.63
71,2.956,5.9,0.15242,306.4,11.1,109.0,64.0,64.0,2.0,327.61,285.09,25.79,27.51,D,D,4.77
71,2.74,5.9,0.13324,303.0,11.1,109.0,64.0,64.0,2.0,327.61,278.32,25.79,26.55,D,D,5.18
71,2.303,5.9,0.10858,307.9,11.1,109.0,64.0,64.0,2.0,327.61,288.24,25.79,25.63,D,D,4.43
71,1.837,5.9,0.10168,306.8,11.1,109.0,64.0,64.0,2.0,327.61,286.03,25.79,24.91,D,D,2.94
71,1.29,5.9,0.10803,310.5,11.1,109.0,64.0,64.0,2.0,327.61,293.46,25.79,24.65,D,D,0.73
71,1.65,5.9,0.10617,328.3,11.1,109.0,64.0,64.0,2.0,327.61,329.08,25.79,26.66,D,D,2.47
71,2.214,5.9,0.10409,323.9,11.1,109.0,64.0,64.0,2.0,327.61,320.11,25.79,27.69,D,D,1.5
71,2.919,5.9,0.12572,315.5,11.1,109.0,64.0,64.0,2.0,327.61,303.36,25.79,28.51,D,D,1.88
71,4.068,5.9,0.09809,291.0,11.1,109.0,64.0,64.0,2.0,267.67,314.33,28.31,24.93,D,D,4.45
71,1.989,5.9,0.10376,291.3,11.1,109.0,64.0,64.0,2.0,267.67,314.88,28.31,26.58,D,D,1.85
71,2.19,5.9,0.1002,288.5,11.1,109.0,64.0,64.0,2.0,267.67,309.41,28.31,26.59,D,D,2.63
71,1.23,5.9,0.11461,287.2,11.1,109.0,64.0,64.0,2.0,267.67,306.78,28.31,27.12,D,D,0.37
71,1.772,5.9,0.10373,287.2,11.1,109.0,64.0,64.0,2.0,267.67,306.78,28.31,26.61,D,D,0.45
71,2.345,5.9,0.12895,287.0,11.1,109.0,64.0,64.0,2.0,267.67,306.38,28.31,26.06,D,D,0.72
71,2.681,5.9,0.1092,287.0,11.1,109.0,64.0,64.0,2.0,267.67,306.38,28.31,25.79,D,D,1.46
71,3.015,5.9,0.09793,288.0,11.1,109.0,64.0,64.0,2.0,267.67,308.39,28.31,25.61,D,D,2.55
71,2.982,5.9,0.10623,284.4,11.1,109.0,64.0,64.0,2.0,267.67,301.05,28.31,26.13,D,D,3.97
71,2.781,5.9,0.09464,294.6,11.1,109.0,64.0,64.0,2.0,267.67,321.63,28.31,26.58,D,D,4.18
71,2.309,5.9,0.11606,294.6,11.1,109.0,64.0,64.0,2.0,267.67,321.63,28.31,27.02,D,D,3.64
71,1.283,5.9,0.12565,271.7,11.1,109.0,64.0,64.0,2.0,267.67,275.82,28.31,27.54,D,D,1.94
71,1.115,5.9,0.15631,276.4,11.1,109.0,64.0,64.0,2.0,267.67,285.09,28.31,27.51,D,D,1.2
71,2.116,5.9,0.13714,273.0,11.1,109.0,64.0,64.0,2.0,267.67,278.32,28.31,26.55,D,D,1.61
71,2.89,5.9,0.11247,278.0,11.1,109.0,64.0,64.0,2.0,267.67,288.24,28.31,25.63,D,D,0.86
71,3.547,5.9,0.10557,276.9,11.1,109.0,64.0,64.0,2.0,267.67,286.03,28.31,24.91,D,D,0.63
71,3.976,5.9,0.11193,280.6,11.1,109.0,64.0,64.0,2.0,267.67,293.46,28.31,24.65,D,D,2.84
71,3.587,5.9,0.11006,298.4,11.1,109.0,64.0,64.0,2.0,267.67,329.08,28.31,26.66,D,D,6.04
71,2.832,5.9,0.10798,293.9,11.1,109.0,64.0,64.0,2.0,267.67,320.11,28.31,27.69,D,D,5.07
71,0.989,5.9,0.12961,285.5,11.1,109.0,64.0,64.0,2.0,267.67,303.36,28.31,28.51,D,D,1.69
71,2.087,5.9,0.08926,314.6,11.1,109.0,64.0,64.0,2.0,314.33,314.88,24.93,26.58,D,D,2.6
71,1.903,5.9,0.0857,311.9,11.1,109.0,64.0,64.0,2.0,314.33,309.41,24.93,26.59,D,D,1.82
71,2.986,5.9,0.10011,310.6,11.1,109.0,64.0,64.0,2.0,314.33,306.78,24.93,27.12,D,D,4.08
71,2.584,5.9,0.08924,310.6,11.1,109.0,64.0,64.0,2.0,314.33,306.78,24.93,26.61,D,D,4.0
71,2.149,5.9,0.11445,310.4,11.1,109.0,64.0,64.0,2.0,314.33,306.38,24.93,26.06,D,D,3.73
71,1.692,5.9,0.0947,310.4,11.1,109.0,64.0,64.0,2.0,314.33,306.38,24.93,25.79,D,D,2.99
71,1.15,5.9,0.08343,311.4,11.1,109.0,64.0,64.0,2.0,314.33,308.39,24.93,25.61,D,D,1.9
71,1.265,5.9,0.09174,307.7,11.1,109.0,64.0,64.0,2.0,314.33,301.05,24.93,26.13,D,D,0.48
71,1.722,5.9,0.08015,318.0,11.1,109.0,64.0,64.0,2.0,314.33,321.63,24.93,26.58,D,D,0.27
71,2.196,5.9,0.10156,318.0,11.1,109.0,64.0,64.0,2.0,314.33,321.63,24.93,27.02,D,D,0.81
71,2.924,5.9,0.11115,295.1,11.1,109.0,64.0,64.0,2.0,314.33,275.82,24.93,27.54,D,D,2.51
71,3.807,5.9,0.14182,299.7,11.1,109.0,64.0,64.0,2.0,314.33,285.09,24.93,27.51,D,D,5.65
71,3.399,5.9,0.12264,296.3,11.1,109.0,64.0,64.0,2.0,314.33,278.32,24.93,26.55,D,D,6.06
71,2.719,5.9,0.09797,301.3,11.1,109.0,64.0,64.0,2.0,314.33,288.24,24.93,25.63,D,D,5.31
71,1.915,5.9,0.09108,300.2,11.1,109.0,64.0,64.0,2.0,314.33,286.03,24.93,24.91,D,D,3.82
71,0.88,5.9,0.09743,303.9,11.1,109.0,64.0,64.0,2.0,314.33,293.46,24.93,24.65,D,D,1.61
71,2.064,5.9,0.09556,321.7,11.1,109.0,64.0,64.0,2.0,314.33,329.08,24.93,26.66,D,D,1.59
71,2.954,5.9,0.09348,317.2,11.1,109.0,64.0,64.0,2.0,314.33,320.11,24.93,27.69,D,D,0.62
71,3.894,5.9,0.11512,308.8,11.1,109.0,64.0,64.0,2.0,314.33,303.36,24.93,28.51,D,D,2.76
71,0.406,5.9,0.09137,312.1,11.1,109.0,64.0,64.0,2.0,314.88,309.41,26.58,26.59,D,D,0.78
71,0.937,5.9,0.10578,310.8,11.1,109.0,64.0,64.0,2.0,314.88,306.78,26.58,27.12,D,D,1.48
71,0.741,5.9,0.0949,310.8,11.1,109.0,64.0,64.0,2.0,314.88,306.78,26.58,26.61,D,D,1.4
71,0.839,5.9,0.12011,310.6,11.1,109.0,64.0,64.0,2.0,314.88,306.38,26.58,26.06,D,D,1.13
71,0.871,5.9,0.10036,310.6,11.1,109.0,64.0,64.0,2.0,314.88,306.38,26.58,25.79,D,D,0.39
71,1.039,5.9,0.0891,311.6,11.1,109.0,64.0,64.0,2.0,314.88,308.39,26.58,25.61,D,D,0.7
71,1.168,5.9,0.0974,308.0,11.1,109.0,64.0,64.0,2.0,314.88,301.05,26.58,26.13,D,D,2.12
71,1.239,5.9,0.08581,318.3,11.1,109.0,64.0,64.0,2.0,314.88,321.63,26.58,26.58,D,D,2.33
71,1.103,5.9,0.10723,318.3,11.1,109.0,64.0,64.0,2.0,314.88,321.63,26.58,27.02,D,D,1.79
71,1.013,5.9,0.11681,295.4,11.1,109.0,64.0,64.0,2.0,314.88,275.82,26.58,27.54,D,D,0.09
71,1.822,5.9,0.14748,300.0,11.1,109.0,64.0,64.0,2.0,314.88,285.09,26.58,27.51,D,D,3.05
71,1.831,5.9,0.1283,296.6,11.1,109.0,64.0,64.0,2.0,314.88,278.32,26.58,26.55,D,D,3.46
71,1.807,5.9,0.10364,301.6,11.1,109.0,64.0,64.0,2.0,314.88,288.24,26.58,25.63,D,D,2.71
71,1.918,5.9,0.09674,300.5,11.1,109.0,64.0,64.0,2.0,314.88,286.03,26.58,24.91,D,D,1.22
71,2.033,5.9,0.1031,304.2,11.1,109.0,64.0,64.0,2.0,314.88,293.46,26.58,24.65,D,D,0.99
71,2.241,5.9,0.10123,322.0,11.1,109.0,64.0,64.0,2.0,314.88,329.08,26.58,26.66,D,D,4.19
71,2.187,5.9,0.09915,317.5,11.1,109.0,64.0,64.0,2.0,314.88,320.11,26.58,27.69,D,D,3.22
71,2.007,5.9,0.12078,309.1,11.1,109.0,64.0,64.0,2.0,314.88,303.36,26.58,28.51,D,D,0.16
71,1.282,5.9,0.10222,308.1,11.1,109.0,64.0,64.0,2.0,309.41,306.78,26.59,27.12,D,D,2.26
71,1.147,5.9,0.09135,308.1,11.1,109.0,64.0,64.0,2.0,309.41,306.78,26.59,26.61,D,D,2.18
71,1.182,5.9,0.11656,307.9,11.1,109.0,64.0,64.0,2.0,309.41,306.38,26.59,26.06,D,D,1.91
71,1.078,5.9,0.09681,307.9,11.1,109.0,64.0,64.0,2.0,309.41,306.38,26.59,25.79,D,D,1.17
71,1.023,5.9,0.08554,308.9,11.1,109.0,64.0,64.0,2.0,309.41,308.39,26.59,25.61,D,D,0.08
71,0.82,5.9,0.09384,305.2,11.1,109.0,64.0,64.0,2.0,309.41,301.05,26.59,26.13,D,D,1.34
71,0.833,5.9,0.08225,315.5,11.1,109.0,64.0,64.0,2.0,309.41,321.63,26.59,26.58,D,D,1.55
71,0.745,5.9,0.10367,315.5,11.1,109.0,64.0,64.0,2.0,309.41,321.63,26.59,27.02,D,D,1.01
71,1.028,5.9,0.11326,292.6,11.1,109.0,64.0,64.0,2.0,309.41,275.82,26.59,27.54,D,D,0.69
71,2.179,5.9,0.14393,297.2,11.1,109.0,64.0,64.0,2.0,309.41,285.09,26.59,27.51,D,D,3.83
71,2.237,5.9,0.12475,293.9,11.1,109.0,64.0,64.0,2.0,309.41,278.32,26.59,26.55,D,D,4.24
71,2.156,5.9,0.10008,298.8,11.1,109.0,64.0,64.0,2.0,309.41,288.24,26.59,25.63,D,D,3.49
71,2.122,5.9,0.09319,297.7,11.1,109.0,64.0,64.0,2.0,309.41,286.03,26.59,24.91,D,D,2.0
71,2.021,5.9,0.09954,301.4,11.1,109.0,64.0,64.0,2.0,309.41,293.46,26.59,24.65,D,D,0.21
71,1.835,5.9,0.09767,319.2,11.1,109.0,64.0,64.0,2.0,309.41,329.08,26.59,26.66,D,D,3.41
71,1.844,5.9,0.09559,314.8,11.1,109.0,64.0,64.0,2.0,309.41,320.11,26.59,27.69,D,D,2.44
71,2.02,5.9,0.11723,306.4,11.1,109.0,64.0,64.0,2.0,309.41,303.36,26.59,28.51,D,D,0.94
71,0.543,5.9,0.10575,306.8,11.1,109.0,64.0,64.0,2.0,306.78,306.78,27.12,26.61,D,D,0.08
71,1.115,5.9,0.13096,306.6,11.1,109.0,64.0,64.0,2.0,306.78,306.38,27.12,26.06,D,D,0.35
71,1.468,5.9,0.11122,306.6,11.1,109.0,64.0,64.0,2.0,306.78,306.38,27.12,25.79,D,D,1.09
71,1.868,5.9,0.09995,307.6,11.1,109.0,64.0,64.0,2.0,306.78,308.39,27.12,25.61,D,D,2.18
71,2.092,5.9,0.10825,303.9,11.1,109.0,64.0,64.0,2.0,306.78,301.05,27.12,26.13,D,D,3.6
71,2.073,5.9,0.09666,314.2,11.1,109.0,64.0,64.0,2.0,306.78,321.63,27.12,26.58,D,D,3.81
71,1.762,5.9,0.11808,314.2,11.1,109.0,64.0,64.0,2.0,306.78,321.63,27.12,27.02,D,D,3.27
71,0.995,5.9,0.12767,291.3,11.1,109.0,64.0,64.0,2.0,306.78,275.82,27.12,27.54,D,D,1.57
71,0.898,5.9,0.15834,295.9,11.1,109.0,64.0,64.0,2.0,306.78,285.09,27.12,27.51,D,D,1.57
71,1.267,5.9,0.13916,292.5,11.1,109.0,64.0,64.0,2.0,306.78,278.32,27.12,26.55,D,D,1.98
71,1.759,5.9,0.11449,297.5,11.1,109.0,64.0,64.0,2.0,306.78,288.24,27.12,25.63,D,D,1.23
71,2.321,5.9,0.10759,296.4,11.1,109.0,64.0,64.0,2.0,306.78,286.03,27.12,24.91,D,D,0.26
71,2.781,5.9,0.11395,300.1,11.1,109.0,64.0,64.0,2.0,306.78,293.46,27.12,24.65,D,D,2.47
71,3.042,5.9,0.11208,317.9,11.1,109.0,64.0,64.0,2.0,306.78,329.08,27.12,26.66,D,D,5.67
71,2.687,5.9,0.11,313.4,11.1,109.0,64.0,64.0,2.0,306.78,320.11,27.12,27.69,D,D,4.7
71,1.67,5.9,0.13164,305.1,11.1,109.0,64.0,64.0,2.0,306.78,303.36,27.12,28.51,D,D,1.32
71,0.576,5.9,0.12009,306.6,11.1,109.0,64.0,64.0,2.0,306.78,306.38,26.61,26.06,D,D,0.27
71,0.967,5.9,0.10034,306.6,11.1,109.0,64.0,64.0,2.0,306.78,306.38,26.61,25.79,D,D,1.01
71,1.437,5.9,0.08907,307.6,11.1,109.0,64.0,64.0,2.0,306.78,308.39,26.61,25.61,D,D,2.1
71,1.873,5.9,0.09738,303.9,11.1,109.0,64.0,64.0,2.0,306.78,301.05,26.61,26.13,D,D,3.52
71,1.98,5.9,0.08579,314.2,11.1,109.0,64.0,64.0,2.0,306.78,321.63,26.61,26.58,D,D,3.73
71,1.801,5.9,0.1072,314.2,11.1,109.0,64.0,64.0,2.0,306.78,321.63,26.61,27.02,D,D,3.19
71,1.322,5.9,0.11679,291.3,11.1,109.0,64.0,64.0,2.0,306.78,275.82,26.61,27.54,D,D,1.49
71,1.226,5.9,0.14746,295.9,11.1,109.0,64.0,64.0,2.0,306.78,285.09,26.61,27.51,D,D,1.65
71,1.094,5.9,0.12828,292.5,11.1,109.0,64.0,64.0,2.0,306.78,278.32,26.61,26.55,D,D,2.06
71,1.29,5.9,0.10361,297.5,11.1,109.0,64.0,64.0,2.0,306.78,288.24,26.61,25.63,D,D,1.31
71,1.779,5.9,0.09672,296.4,11.1,109.0,64.0,64.0,2.0,306.78,286.03,26.61,24.91,D,D,0.18
71,2.285,5.9,0.10307,300.1,11.1,109.0,64.0,64.0,2.0,306.78,293.46,26.61,24.65,D,D,2.39
71,2.982,5.9,0.1012,317.9,11.1,109.0,64.0,64.0,2.0,306.78,329.08,26.61,26.66,D,D,5.59
71,2.841,5.9,0.09912,313.4,11.1,109.0,64.0,64.0,2.0,306.78,320.11,26.61,27.69,D,D,4.62
71,2.153,5.9,0.12076,305.1,11.1,109.0,64.0,64.0,2.0,306.78,303.36,26.61,28.51,D,D,1.24
71,0.459,5.9,0.12555,306.4,11.1,109.0,64.0,64.0,2.0,306.38,306.38,26.06,25.79,D,D,0.74
71,1.013,5.9,0.11428,307.4,11.1,109.0,64.0,64.0,2.0,306.38,308.39,26.06,25.61,D,D,1.83
71,1.703,5.9,0.12259,303.7,11.1,109.0,64.0,64.0,2.0,306.38,301.05,26.06,26.13,D,D,3.25
71,1.947,5.9,0.111,314.0,11.1,109.0,64.0,64.0,2.0,306.38,321.63,26.06,26.58,D,D,3.46
71,1.923,5.9,0.13242,314.0,11.1,109.0,64.0,64.0,2.0,306.38,321.63,26.06,27.02,D,D,2.92
71,1.735,5.9,0.142,291.1,11.1,109.0,64.0,64.0,2.0,306.38,275.82,26.06,27.54,D,D,1.22
71,1.74,5.9,0.17267,295.7,11.1,109.0,64.0,64.0,2.0,306.38,285.09,26.06,27.51,D,D,1.92
71,1.272,5.9,0.15349,292.4,11.1,109.0,64.0,64.0,2.0,306.38,278.32,26.06,26.55,D,D,2.33
71,0.974,5.9,0.12883,297.3,11.1,109.0,64.0,64.0,2.0,306.38,288.24,26.06,25.63,D,D,1.58
71,1.219,5.9,0.12193,296.2,11.1,109.0,64.0,64.0,2.0,306.38,286.03,26.06,24.91,D,D,0.09
71,1.742,5.9,0.12829,299.9,11.1,109.0,64.0,64.0,2.0,306.38,293.46,26.06,24.65,D,D,2.12
71,2.931,5.9,0.12641,317.7,11.1,109.0,64.0,64.0,2.0,306.38,329.08,26.06,26.66,D,D,5.32
71,3.018,5.9,0.12434,313.2,11.1,109.0,64.0,64.0,2.0,306.38,320.11,26.06,27.69,D,D,4.35
71,2.654,5.9,0.14597,304.9,11.1,109.0,64.0,64.0,2.0,306.38,303.36,26.06,28.51,D,D,0.97
71,0.569,5.9,0.09453,307.4,11.1,109.0,64.0,64.0,2.0,306.38,308.39,25.79,25.61,D,D,1.09
71,1.382,5.9,0.10284,303.7,11.1,109.0,64.0,64.0,2.0,306.38,301.05,25.79,26.13,D,D,2.51
71,1.712,5.9,0.09125,314.0,11.1,109.0,64.0,64.0,2.0,306.38,321.63,25.79,26.58,D,D,2.72
71,1.808,5.9,0.11267,314.0,11.1,109.0,64.0,64.0,2.0,306.38,321.63,25.79,27.02,D,D,2.18
71,1.876,5.9,0.12225,291.1,11.1,109.0,64.0,64.0,2.0,306.38,275.82,25.79,27.54,D,D,0.48
71,2.177,5.9,0.15292,295.7,11.1,109.0,64.0,64.0,2.0,306.38,285.09,25.79,27.51,D,D,2.66
71,1.715,5.9,0.13374,292.4,11.1,109.0,64.0,64.0,2.0,306.38,278.32,25.79,26.55,D,D,3.07
71,1.223,5.9,0.10908,297.3,11.1,109.0,64.0,64.0,2.0,306.38,288.24,25.79,25.63,D,D,2.32
71,1.055,5.9,0.10218,296.2,11.1,109.0,64.0,64.0,2.0,306.38,286.03,25.79,24.91,D,D,0.83
71,1.319,5.9,0.10853,299.9,11.1,109.0,64.0,64.0,2.0,306.38,293.46,25.79,24.65,D,D,1.38
71,2.649,5.9,0.10667,317.7,11.1,109.0,64.0,64.0,2.0,306.38,329.08,25.79,26.66,D,D,4.58
71,2.901,5.9,0.10459,313.2,11.1,109.0,64.0,64.0,2.0,306.38,320.11,25.79,27.69,D,D,3.61
71,2.855,5.9,0.12622,304.9,11.1,109.0,64.0,64.0,2.0,306.38,303.36,25.79,28.51,D,D,0.23
71,0.953,5.9,0.09157,304.7,11.1,109.0,64.0,64.0,2.0,308.39,301.05,25.61,26.13,D,D,1.42
71,1.38,5.9,0.07998,315.0,11.1,109.0,64.0,64.0,2.0,308.39,321.63,25.61,26.58,D,D,1.63
71,1.63,5.9,0.1014,315.0,11.1,109.0,64.0,64.0,2.0,308.39,321.63,25.61,27.02,D,D,1.09
71,2.011,5.9,0.11098,292.1,11.1,109.0,64.0,64.0,2.0,308.39,275.82,25.61,27.54,D,D,0.61
71,2.662,5.9,0.14165,296.7,11.1,109.0,64.0,64.0,2.0,308.39,285.09,25.61,27.51,D,D,3.75
71,2.282,5.9,0.12247,293.4,11.1,109.0,64.0,64.0,2.0,308.39,278.32,25.61,26.55,D,D,4.16
71,1.746,5.9,0.09781,298.3,11.1,109.0,64.0,64.0,2.0,308.39,288.24,25.61,25.63,D,D,3.41
71,1.28,5.9,0.09091,297.2,11.1,109.0,64.0,64.0,2.0,308.39,286.03,25.61,24.91,D,D,1.92
71,1.006,5.9,0.09727,300.9,11.1,109.0,64.0,64.0,2.0,308.39,293.46,25.61,24.65,D,D,0.29
71,2.218,5.9,0.0954,318.7,11.1,109.0,64.0,64.0,2.0,308.39,329.08,25.61,26.66,D,D,3.49
71,2.665,5.9,0.09332,314.2,11.1,109.0,64.0,64.0,2.0,308.39,320.11,25.61,27.69,D,D,2.52
71,3.014,5.9,0.11495,305.9,11.1,109.0,64.0,64.0,2.0,308.39,303.36,25.61,28.51,D,D,0.86
71,0.489,5.9,0.08829,311.3,11.1,109.0,64.0,64.0,2.0,301.05,321.63,26.13,26.58,D,D,0.21
71,0.93,5.9,0.1097,311.3,11.1,109.0,64.0,64.0,2.0,301.05,321.63,26.13,27.02,D,D,0.33
71,1.747,5.9,0.11929,288.4,11.1,109.0,64.0,64.0,2.0,301.05,275.82,26.13,27.54,D,D,2.03
71,2.986,5.9,0.14996,293.1,11.1,109.0,64.0,64.0,2.0,301.05,285.09,26.13,27.51,D,D,5.17
71,2.917,5.9,0.13078,289.7,11.1,109.0,64.0,64.0,2.0,301.05,278.32,26.13,26.55,D,D,5.58
71,2.603,5.9,0.10611,294.6,11.1,109.0,64.0,64.0,2.0,301.05,288.24,26.13,25.63,D,D,4.83
71,2.233,5.9,0.09922,293.5,11.1,109.0,64.0,64.0,2.0,301.05,286.03,26.13,24.91,D,D,3.34
71,1.705,5.9,0.10557,297.3,11.1,109.0,64.0,64.0,2.0,301.05,293.46,26.13,24.65,D,D,1.13
71,1.274,5.9,0.1037,315.1,11.1,109.0,64.0,64.0,2.0,301.05,329.08,26.13,26.66,D,D,2.07
71,1.795,5.9,0.10162,310.6,11.1,109.0,64.0,64.0,2.0,301.05,320.11,26.13,27.69,D,D,1.1
71,2.669,5.9,0.12326,302.2,11.1,109.0,64.0,64.0,2.0,301.05,303.36,26.13,28.51,D,D,2.28
71,0.525,5.9,0.09811,321.6,11.1,109.0,64.0,64.0,2.0,321.63,321.63,26.58,27.02,D,D,0.54
71,1.502,5.9,0.1077,298.7,11.1,109.0,64.0,64.0,2.0,321.63,275.82,26.58,27.54,D,D,2.24
71,2.966,5.9,0.13837,303.4,11.1,109.0,64.0,64.0,2.0,321.63,285.09,26.58,27.51,D,D,5.38
71,3.068,5.9,0.11919,300.0,11.1,109.0,64.0,64.0,2.0,321.63,278.32,26.58,26.55,D,D,5.79
71,2.9,5.9,0.09452,304.9,11.1,109.0,64.0,64.0,2.0,321.63,288.24,26.58,25.63,D,D,5.04
71,2.652,5.9,0.08763,303.8,11.1,109.0,64.0,64.0,2.0,321.63,286.03,26.58,24.91,D,D,3.55
71,2.193,5.9,0.09398,307.5,11.1,109.0,64.0,64.0,2.0,321.63,293.46,26.58,24.65,D,D,1.34
71,1.003,5.9,0.09211,325.4,11.1,109.0,64.0,64.0,2.0,321.63,329.08,26.58,26.66,D,D,1.86
71,1.31,5.9,0.09003,320.9,11.1,109.0,64.0,64.0,2.0,321.63,320.11,26.58,27.69,D,D,0.89
71,2.33,5.9,0.11167,312.5,11.1,109.0,64.0,64.0,2.0,321.63,303.36,26.58,28.51,D,D,2.49
71,1.028,5.9,0.12911,298.7,11.1,109.0,64.0,64.0,2.0,321.63,275.82,27.02,27.54,D,D,1.7
71,2.624,5.9,0.15979,303.4,11.1,109.0,64.0,64.0,2.0,321.63,285.09,27.02,27.51,D,D,4.84
71,2.889,5.9,0.1406,300.0,11.1,109.0,64.0,64.0,2.0,321.63,278.32,27.02,26.55,D,D,5.25
71,2.897,5.9,0.11594,304.9,11.1,109.0,64.0,64.0,2.0,321.63,288.24,27.02,25.63,D,D,4.5
71,2.832,5.9,0.10904,303.8,11.1,109.0,64.0,64.0,2.0,321.63,286.03,27.02,24.91,D,D,3.01
71,2.555,5.9,0.1154,307.5,11.1,109.0,64.0,64.0,2.0,321.63,293.46,27.02,24.65,D,D,0.8
71,1.31,5.9,0.11353,325.4,11.1,109.0,64.0,64.0,2.0,321.63,329.08,27.02,26.66,D,D,2.4
71,1.099,5.9,0.11145,320.9,11.1,109.0,64.0,64.0,2.0,321.63,320.11,27.02,27.69,D,D,1.43
71,1.806,5.9,0.13309,312.5,11.1,109.0,64.0,64.0,2.0,321.63,303.36,27.02,28.51,D,D,1.95
71,1.718,5.9,0.16937,280.5,11.1,109.0,64.0,64.0,2.0,275.82,285.09,27.54,27.51,D,D,3.14
71,2.259,5.9,0.15019,277.1,11.1,109.0,64.0,64.0,2.0,275.82,278.32,27.54,26.55,D,D,3.55
71,2.607,5.9,0.12552,282.0,11.1,109.0,64.0,64.0,2.0,275.82,288.24,27.54,25.63,D,D,2.8
71,2.907,5.9,0.11863,280.9,11.1,109.0,64.0,64.0,2.0,275.82,286.03,27.54,24.91,D,D,1.31
71,3.017,5.9,0.12498,284.6,11.1,109.0,64.0,64.0,2.0,275.82,293.46,27.54,24.65,D,D,0.9
71,2.323,5.9,0.12312,302.4,11.1,109.0,64.0,64.0,2.0,275.82,329.08,27.54,26.66,D,D,4.1
71,1.741,5.9,0.12104,298.0,11.1,109.0,64.0,64.0,2.0,275.82,320.11,27.54,27.69,D,D,3.13
71,1.003,5.9,0.14267,289.6,11.1,109.0,64.0,64.0,2.0,275.82,303.36,27.54,28.51,D,D,0.25
71,1.052,5.9,0.18086,281.7,11.1,109.0,64.0,64.0,2.0,285.09,278.32,27.51,26.55,D,D,0.41
71,1.961,5.9,0.1562,286.7,11.1,109.0,64.0,64.0,2.0,285.09,288.24,27.51,25.63,D,D,0.34
71,2.797,5.9,0.1493,285.6,11.1,109.0,64.0,64.0,2.0,285.09,286.03,27.51,24.91,D,D,1.83
71,3.482,5.9,0.15565,289.3,11.1,109.0,64.0,64.0,2.0,285.09,293.46,27.51,24.65,D,D,4.04
71,3.922,5.9,0.15379,307.1,11.1,109.0,64.0,64.0,2.0,285.09,329.08,27.51,26.66,D,D,7.24
71,3.459,5.9,0.15171,302.6,11.1,109.0,64.0,64.0,2.0,285.09,320.11,27.51,27.69,D,D,6.27
71,1.988,5.9,0.17334,294.2,11.1,109.0,64.0,64.0,2.0,285.09,303.36,27.51,28.51,D,D,2.89
71,1.001,5.9,0.13701,283.3,11.1,109.0,64.0,64.0,2.0,278.32,288.24,26.55,25.63,D,D,0.75
71,1.968,5.9,0.13012,282.2,11.1,109.0,64.0,64.0,2.0,278.32,286.03,26.55,24.91,D,D,2.24
71,2.865,5.9,0.13647,285.9,11.1,109.0,64.0,64.0,2.0,278.32,293.46,26.55,24.65,D,D,4.45
71,4.071,5.9,0.13461,303.7,11.1,109.0,64.0,64.0,2.0,278.32,329.08,26.55,26.66,D,D,7.65
71,3.903,5.9,0.13253,299.2,11.1,109.0,64.0,64.0,2.0,278.32,320.11,26.55,27.69,D,D,6.68
71,2.85,5.9,0.15416,290.8,11.1,109.0,64.0,64.0,2.0,278.32,303.36,26.55,28.51,D,D,3.3
71,1.012,5.9,0.10545,287.1,11.1,109.0,64.0,64.0,2.0,288.24,286.03,25.63,24.91,D,D,1.49
71,2.033,5.9,0.11181,290.9,11.1,109.0,64.0,64.0,2.0,288.24,293.46,25.63,24.65,D,D,3.7
71,3.863,5.9,0.10994,308.7,11.1,109.0,64.0,64.0,2.0,288.24,329.08,25.63,26.66,D,D,6.9
71,3.991,5.9,0.10786,304.2,11.1,109.0,64.0,64.0,2.0,288.24,320.11,25.63,27.69,D,D,5.93
71,3.425,5.9,0.12949,295.8,11.1,109.0,64.0,64.0,2.0,288.24,303.36,25.63,28.51,D,D,2.55
71,1.104,5.9,0.10491,289.7,11.1,109.0,64.0,64.0,2.0,286.03,293.46,24.91,24.65,D,D,2.21
71,3.488,5.9,0.10304,307.6,11.1,109.0,64.0,64.0,2.0,286.03,329.08,24.91,26.66,D,D,5.41
71,3.909,5.9,0.10096,303.1,11.1,109.0,64.0,64.0,2.0,286.03,320.11,24.91,27.69,D,D,4.44
71,3.86,5.9,0.1226,294.7,11.1,109.0,64.0,64.0,2.0,286.03,303.36,24.91,28.51,D,D,1.06
71,2.793,5.9,0.1094,311.3,11.1,109.0,64.0,64.0,2.0,293.46,329.08,24.65,26.66,D,D,3.2
71,3.5,5.9,0.10732,306.8,11.1,109.0,64.0,64.0,2.0,293.46,320.11,24.65,27.69,D,D,2.23
71,4.02,5.9,0.12895,298.4,11.1,109.0,64.0,64.0,2.0,293.46,303.36,24.65,28.51,D,D,1.15
71,1.169,5.9,0.10545,324.6,11.1,109.0,64.0,64.0,2.0,329.08,320.11,26.66,27.69,D,D,0.97
71,2.935,5.9,0.12709,316.2,11.1,109.0,64.0,64.0,2.0,329.08,303.36,26.66,28.51,D,D,4.35
71,1.996,5.9,0.12501,311.7,11.1,109.0,64.0,64.0,2.0,320.11,303.36,27.69,28.51,D,D,3.38
76,1.852,6.36,0.06088,424.7,4.6,137.0,30.0,90.0,2.0,326.64,522.74,43.68,42.92,D,C,1.78
76,1.617,6.36,0.10104,249.8,4.6,137.0,30.0,90.0,2.0,326.64,173.02,43.68,44.72,D,E,1.27
76,4.042,6.36,0.06867,362.0,4.6,137.0,30.0,90.0,2.0,326.64,397.36,43.68,40.98,D,C,3.17
76,2.611,6.36,0.09219,278.6,4.6,137.0,30.0,90.0,2.0,326.64,230.57,43.68,45.7,D,D,1.67
76,3.697,6.36,0.11306,368.5,4.6,137.0,30.0,90.0,2.0,326.64,410.4,43.68,46.35,D,C,2.59
76,3.18,6.36,0.10704,252.5,4.6,137.0,30.0,90.0,2.0,326.64,178.27,43.68,41.99,D,E,2.84
76,3.44,6.36,0.07013,347.9,4.6,137.0,30.0,90.0,2.0,522.74,173.02,42.92,44.72,C,E,3.05
76,2.374,6.36,0.03776,460.1,4.6,137.0,30.0,90.0,2.0,522.74,397.36,42.92,40.98,C,C,1.39
76,4.358,6.36,0.06128,376.7,4.6,137.0,30.0,90.0,2.0,522.74,230.57,42.92,45.7,C,D,3.45
76,4.401,6.36,0.07613,350.5,4.6,137.0,30.0,90.0,2.0,522.74,178.27,42.92,41.99,C,E,4.62
76,1.064,6.36,0.10144,201.8,4.6,137.0,30.0,90.0,2.0,173.02,230.57,44.72,45.7,E,D,0.4
76,3.724,6.36,0.08661,228.2,4.6,137.0,30.0,90.0,2.0,173.02,283.38,44.72,47.57,E,D,2.39
76,2.093,6.36,0.12231,291.7,4.6,137.0,30.0,90.0,2.0,173.02,410.4,44.72,46.35,E,C,1.32
76,3.175,6.36,0.11629,175.6,4.6,137.0,30.0,90.0,2.0,173.02,178.27,44.72,41.99,E,E,1.57
76,2.742,6.36,0.07776,257.0,4.6,137.0,30.0,90.0,2.0,230.57,283.38,45.7,47.57,D,D,1.99
76,1.123,6.36,0.11346,320.5,4.6,137.0,30.0,90.0,2.0,230.57,410.4,45.7,46.35,D,C,0.92
76,4.294,6.36,0.11458,233.6,4.6,137.0,30.0,90.0,2.0,230.57,236.59,45.7,48.7,D,D,3.02
76,3.959,6.36,0.10744,204.4,4.6,137.0,30.0,90.0,2.0,230.57,178.27,45.7,41.99,D,E,1.17
76,1.634,6.36,0.09863,346.9,4.6,137.0,30.0,90.0,2.0,283.38,410.4,47.57,46.35,D,C,1.07
76,1.553,6.36,0.09975,260.0,4.6,137.0,30.0,90.0,2.0,283.38,236.59,47.57,48.7,D,D,1.03
76,3.472,6.36,0.0922,267.5,4.6,137.0,30.0,90.0,2.0,283.38,251.57,47.57,50.2,D,D,2.18
76,3.186,6.36,0.13545,323.5,4.6,137.0,30.0,90.0,2.0,410.4,236.59,46.35,48.7,C,D,2.1
76,4.456,6.36,0.12831,294.3,4.6,137.0,30.0,90.0,2.0,410.4,178.27,46.35,41.99,C,E,0.25
76,1.92,6.36,0.12903,244.1,4.6,137.0,30.0,90.0,2.0,236.59,251.57,48.7,50.2,D,D,1.15
76,4.025,6.36,0.11762,246.7,4.6,137.0,30.0,90.0,2.0,236.59,256.82,48.7,51.75,D,D,2.49
76,2.109,6.36,0.11006,254.2,4.6,137.0,30.0,90.0,2.0,251.57,256.82,50.2,51.75,D,D,1.34
76,4.041,6.36,0.12123,236.3,4.6,137.0,30.0,90.0,2.0,178.27,294.26,41.99,38.95,E,D,2.79
76,3.435,6.36,0.09103,457.2,4.6,137.0,30.0,90.0,2.0,372.73,541.73,31.62,28.52,C,C,2.17
76,3.162,6.36,0.10649,319.0,4.6,137.0,30.0,90.0,2.0,372.73,265.21,31.62,29.34,C,D,2.5
76,4.685,6.36,0.09731,296.7,4.6,137.0,30.0,90.0,2.0,372.73,220.75,31.62,34.59,C,D,4.26
76,1.457,6.36,0.07854,319.7,4.6,137.0,30.0,90.0,2.0,372.73,266.65,31.62,32.87,C,D,0.7
76,1.626,6.36,0.10955,335.1,4.6,137.0,30.0,90.0,2.0,372.73,297.46,31.62,31.21,C,D,2.23
76,3.754,6.36,0.11084,340.8,4.6,137.0,30.0,90.0,2.0,372.73,308.84,31.62,29.94,C,D,4.9
76,2.214,6.36,0.07574,372.5,4.6,137.0,30.0,90.0,2.0,372.73,372.26,31.62,31.71,C,C,3.06
76,3.17,6.36,0.0969,403.5,4.6,137.0,30.0,90.0,2.0,541.73,265.21,28.52,29.34,C,D,4.67
76,4.567,6.36,0.06895,404.2,4.6,137.0,30.0,90.0,2.0,541.73,266.65,28.52,32.87,C,D,1.47
76,2.832,6.36,0.09997,419.6,4.6,137.0,30.0,90.0,2.0,541.73,297.46,28.52,31.21,C,D,0.06
76,2.52,6.36,0.10126,425.3,4.6,137.0,30.0,90.0,2.0,541.73,308.84,28.52,29.94,C,D,2.73
76,4.637,6.36,0.06615,457.0,4.6,137.0,30.0,90.0,2.0,541.73,372.26,28.52,31.71,C,C,5.23
76,2.464,6.36,0.1858,255.6,4.6,137.0,30.0,90.0,2.0,265.21,246.07,29.34,29.48,D,D,3.64
76,4.967,6.36,0.13731,286.4,4.6,137.0,30.0,90.0,2.0,265.21,307.59,29.34,29.38,D,D,7.33
76,3.74,6.36,0.13805,324.7,4.6,137.0,30.0,90.0,2.0,265.21,384.26,29.34,27.67,D,C,4.52
76,4.599,6.36,0.08441,265.9,4.6,137.0,30.0,90.0,2.0,265.21,266.65,29.34,32.87,D,D,3.2
76,4.064,6.36,0.11542,281.3,4.6,137.0,30.0,90.0,2.0,265.21,297.46,29.34,31.21,D,D,4.73
76,2.473,6.36,0.08161,318.7,4.6,137.0,30.0,90.0,2.0,265.21,372.26,29.34,31.71,D,C,0.56
76,2.526,6.36,0.21075,276.8,4.6,137.0,30.0,90.0,2.0,246.07,307.59,29.48,29.38,D,D,3.69
76,2.12,6.36,0.21148,315.2,4.6,137.0,30.0,90.0,2.0,246.07,384.26,29.48,27.67,D,C,0.88
76,3.431,6.36,0.15504,309.2,4.6,137.0,30.0,90.0,2.0,246.07,372.26,29.48,31.71,D,C,3.08
76,4.549,6.36,0.17415,265.1,4.6,137.0,30.0,90.0,2.0,246.07,284.21,29.48,29.12,D,D,6.62
76,2.348,6.36,0.163,345.9,4.6,137.0,30.0,90.0,2.0,307.59,384.26,29.38,27.67,D,C,2.81
76,4.003,6.36,0.17022,344.4,4.6,137.0,30.0,90.0,2.0,307.59,381.27,29.38,26.38,D,C,2.7
76,2.041,6.36,0.12567,295.9,4.6,137.0,30.0,90.0,2.0,307.59,284.21,29.38,29.12,D,D,2.93
76,2.608,6.36,0.12189,373.2,4.6,137.0,30.0,90.0,2.0,307.59,438.74,29.38,30.35,D,C,3.84
76,4.774,6.36,0.14153,308.2,4.6,137.0,30.0,90.0,2.0,307.59,308.87,29.38,32.17,D,D,6.33
76,4.024,6.36,0.17095,382.8,4.6,137.0,30.0,90.0,2.0,384.26,381.27,27.67,26.38,C,C,5.51
76,3.773,6.36,0.1264,334.2,4.6,137.0,30.0,90.0,2.0,384.26,284.21,27.67,29.12,C,D,5.74
76,4.772,6.36,0.12262,411.5,4.6,137.0,30.0,90.0,2.0,384.26,438.74,27.67,30.35,C,C,6.65
76,1.779,6.36,0.13791,253.0,4.6,137.0,30.0,90.0,2.0,294.26,211.74,38.95,37.22,D,D,0.09
76,4.304,6.36,0.12487,213.1,4.6,137.0,30.0,90.0,2.0,211.74,214.43,37.22,36.15,D,D,4.98
76,4.623,6.36,0.11878,286.3,4.6,137.0,30.0,90.0,2.0,211.74,360.92,37.22,33.07,D,C,1.93
76,4.753,6.36,0.1149,389.0,4.6,137.0,30.0,90.0,2.0,211.74,566.33,37.22,36.4,D,C,5.66
76,3.409,6.36,0.07522,243.7,4.6,137.0,30.0,90.0,2.0,220.75,266.65,34.59,32.87,D,D,3.56
76,3.975,6.36,0.10624,259.1,4.6,137.0,30.0,90.0,2.0,220.75,297.46,34.59,31.21,D,D,2.03
76,4.838,6.36,0.10753,264.8,4.6,137.0,30.0,90.0,2.0,220.75,308.84,34.59,29.94,D,D,0.64
76,2.521,6.36,0.09404,217.6,4.6,137.0,30.0,90.0,2.0,220.75,214.43,34.59,36.15,D,D,2.28
76,4.308,6.36,0.08795,290.8,4.6,137.0,30.0,90.0,2.0,220.75,360.92,34.59,33.07,D,C,5.33
76,2.693,6.36,0.08751,255.6,4.6,137.0,30.0,90.0,2.0,220.75,290.5,34.59,37.02,D,D,0.98
76,4.676,6.36,0.11339,365.8,4.6,137.0,30.0,90.0,2.0,220.75,510.92,34.59,39.12,D,C,0.77
76,1.964,6.36,0.08747,282.1,4.6,137.0,30.0,90.0,2.0,266.65,297.46,32.87,31.21,D,D,1.53
76,4.1,6.36,0.08876,287.7,4.6,137.0,30.0,90.0,2.0,266.65,308.84,32.87,29.94,D,D,4.2
76,3.165,6.36,0.05366,319.5,4.6,137.0,30.0,90.0,2.0,266.65,372.26,32.87,31.71,D,C,3.76
76,2.214,6.36,0.11978,303.1,4.6,137.0,30.0,90.0,2.0,297.46,308.84,31.21,29.94,D,D,2.67
76,3.8,6.36,0.08467,334.9,4.6,137.0,30.0,90.0,2.0,297.46,372.26,31.21,31.71,D,C,5.29
76,4.898,6.36,0.10149,334.9,4.6,137.0,30.0,90.0,2.0,308.84,360.92,29.94,33.07,D,C,4.69
76,4.327,6.36,0.1055,379.7,4.6,137.0,30.0,90.0,2.0,308.84,450.61,29.94,30.07,D,C,6.14
76,3.878,6.36,0.088,287.7,4.6,137.0,30.0,90.0,2.0,214.43,360.92,36.15,33.07,D,C,3.05
76,1.349,6.36,0.08755,252.5,4.6,137.0,30.0,90.0,2.0,214.43,290.5,36.15,37.02,D,D,1.3
76,3.852,6.36,0.11343,362.7,4.6,137.0,30.0,90.0,2.0,214.43,510.92,36.15,39.12,D,C,3.05
76,3.257,6.36,0.08592,405.8,4.6,137.0,30.0,90.0,2.0,360.92,450.61,33.07,30.07,C,C,1.45
76,2.533,6.36,0.1069,400.7,4.6,137.0,30.0,90.0,2.0,290.5,510.92,37.02,39.12,D,C,1.75
76,3.218,6.36,0.10373,466.1,4.6,137.0,30.0,90.0,2.0,510.92,421.2,39.12,41.1,C,C,3.02
76,3.412,6.36,0.06877,431.3,4.6,137.0,30.0,90.0,2.0,421.2,441.37,41.1,43.64,C,C,2.68
76,4.471,6.36,0.06298,336.9,4.6,137.0,30.0,90.0,2.0,441.37,232.44,43.64,47.88,C,D,1.59
76,2.777,6.36,0.0981,565.7,4.6,137.0,30.0,90.0,2.0,566.33,565.08,36.4,34.0,C,C,1.57
76,2.64,6.36,0.09322,528.8,4.6,137.0,30.0,90.0,2.0,565.08,492.43,34.0,31.58,C,C,1.08
76,2.935,6.36,0.13362,332.7,4.6,137.0,30.0,90.0,2.0,381.27,284.21,26.38,29.12,C,D,0.23
76,4.181,6.36,0.12984,410.0,4.6,137.0,30.0,90.0,2.0,381.27,438.74,26.38,30.35,C,C,1.14
76,1.332,6.36,0.0853,361.5,4.6,137.0,30.0,90.0,2.0,284.21,438.74,29.12,30.35,D,C,0.91
76,3.589,6.36,0.10493,296.5,4.6,137.0,30.0,90.0,2.0,284.21,308.87,29.12,32.17,D,D,3.4
76,2.319,6.36,0.10115,373.8,4.6,137.0,30.0,90.0,2.0,438.74,308.87,30.35,32.17,C,D,2.49
76,4.429,6.36,0.06605,412.5,4.6,137.0,30.0,90.0,2.0,438.74,386.19,30.35,34.45,C,C,2.89
76,2.377,6.36,0.08569,347.5,4.6,137.0,30.0,90.0,2.0,308.87,386.19,32.17,34.45,D,C,0.4
76,0.0,6.36,0.40753,257.4,4.6,137.0,30.0,90.0,2.0,257.38,257.38,8.41,8.41,D,D,0.0
77,3.585,5.09,0.39393,470.9,12.0,136.0,44.0,106.0,2.0,463.2,478.63,11.58,11.55,C,C,19.64
77,3.585,5.09,0.35651,470.9,12.0,136.0,44.0,106.0,2.0,463.2,478.63,11.58,11.55,C,C,19.64
77,3.769,5.09,0.17008,474.9,12.0,136.0,44.0,106.0,2.0,463.2,486.67,11.58,11.29,C,C,47.2
77,4.193,5.09,0.22268,468.7,12.0,136.0,44.0,106.0,2.0,463.2,474.15,11.58,10.82,C,C,10.45
77,1.172,5.09,0.23127,460.6,12.0,136.0,44.0,106.0,2.0,463.2,458.09,11.58,11.41,C,C,16.34
77,4.939,5.09,0.17274,354.9,12.0,136.0,44.0,106.0,2.0,463.2,246.51,11.58,14.13,C,D,1.92
77,0.723,5.09,0.17789,459.7,12.0,136.0,44.0,106.0,2.0,463.2,456.13,11.58,11.74,C,C,10.13
77,0.0,5.09,0.5203,478.6,12.0,136.0,44.0,106.0,2.0,478.63,478.63,11.55,11.55,C,C,0.0
77,2.462,5.09,0.42258,438.6,12.0,136.0,44.0,106.0,2.0,478.63,398.49,11.55,12.53,C,C,6.31
77,2.308,5.09,0.38647,476.4,12.0,136.0,44.0,106.0,2.0,478.63,474.15,11.55,10.82,C,C,30.09
77,4.544,5.09,0.39506,468.4,12.0,136.0,44.0,106.0,2.0,478.63,458.09,11.55,11.41,C,C,35.98
77,4.325,5.09,0.3891,479.9,12.0,136.0,44.0,106.0,2.0,478.63,481.07,11.55,13.07,C,C,17.38
77,3.052,5.09,0.34168,467.4,12.0,136.0,44.0,106.0,2.0,478.63,456.13,11.55,11.74,C,C,9.51
77,2.462,5.09,0.38516,438.6,12.0,136.0,44.0,106.0,2.0,478.63,398.49,11.55,12.53,C,C,6.31
77,2.308,5.09,0.34905,476.4,12.0,136.0,44.0,106.0,2.0,478.63,474.15,11.55,10.82,C,C,30.09
77,4.544,5.09,0.35764,468.4,12.0,136.0,44.0,106.0,2.0,478.63,458.09,11.55,11.41,C,C,35.98
77,4.325,5.09,0.35168,479.9,12.0,136.0,44.0,106.0,2.0,478.63,481.07,11.55,13.07,C,C,17.38
77,3.052,5.09,0.30426,467.4,12.0,136.0,44.0,106.0,2.0,478.63,456.13,11.55,11.74,C,C,9.51
77,1.489,5.09,0.10399,319.3,12.0,136.0,44.0,106.0,2.0,352.2,286.41,17.4,16.39,D,D,1.2
77,4.059,5.09,0.04538,484.8,12.0,136.0,44.0,106.0,2.0,352.2,617.43,17.4,19.9,D,C,8.9
77,4.275,5.09,0.11956,266.5,12.0,136.0,44.0,106.0,2.0,286.41,246.51,16.39,14.13,D,D,18.91
77,4.887,5.09,0.13798,265.8,12.0,136.0,44.0,106.0,2.0,274.15,257.38,15.49,12.4,D,D,1.55
77,2.61,5.09,0.17121,472.4,12.0,136.0,44.0,106.0,2.0,486.67,458.09,11.29,11.41,C,C,30.86
77,4.486,5.09,0.11783,471.4,12.0,136.0,44.0,106.0,2.0,486.67,456.13,11.29,11.74,C,C,57.33
77,4.585,5.09,0.25133,436.3,12.0,136.0,44.0,106.0,2.0,398.49,474.15,12.53,10.82,C,C,23.78
77,2.069,5.09,0.25397,439.8,12.0,136.0,44.0,106.0,2.0,398.49,481.07,12.53,13.07,C,C,11.07
77,4.677,5.09,0.20654,427.3,12.0,136.0,44.0,106.0,2.0,398.49,456.13,12.53,11.74,C,C,3.2
77,3.975,5.09,0.26926,475.6,12.0,136.0,44.0,106.0,2.0,477.09,474.15,10.61,10.82,C,C,4.87
77,0.784,5.09,0.22728,478.7,12.0,136.0,44.0,106.0,2.0,477.09,480.32,10.61,10.55,C,C,3.36
77,4.663,5.09,0.22381,466.1,12.0,136.0,44.0,106.0,2.0,474.15,458.09,10.82,11.41,C,C,5.89
77,3.195,5.09,0.17324,477.2,12.0,136.0,44.0,106.0,2.0,474.15,480.32,10.82,10.55,C,C,8.23
77,4.026,5.09,0.17043,465.1,12.0,136.0,44.0,106.0,2.0,474.15,456.13,10.82,11.74,C,C,20.58
77,1.895,5.09,0.17902,457.1,12.0,136.0,44.0,106.0,2.0,458.09,456.13,11.41,11.74,C,C,26.47
77,0.188,5.09,0.16158,263.9,12.0,136.0,44.0,106.0,2.0,257.38,270.41,12.4,12.31,D,D,0.85
78,1.489,5.38,0.1201,319.3,2.4,17.0,50.0,90.0,2.0,352.2,286.41,13.45,12.63,D,D,4.25
78,4.059,5.38,0.11238,484.8,2.4,17.0,50.0,90.0,2.0,352.2,617.43,13.45,13.32,D,C,14.89
79,0.0,5.18,0.31354,478.6,9.0,18.0,41.0,116.0,2.0,478.63,478.63,10.95,10.95,C,C,0.0
79,2.462,5.18,0.34226,438.6,9.0,18.0,41.0,116.0,2.0,478.63,398.49,10.95,9.53,C,C,15.88
79,2.308,5.18,0.20127,476.4,9.0,18.0,41.0,116.0,2.0,478.63,474.15,10.95,11.7,C,C,14.32
79,2.308,5.18,0.20652,476.4,9.0,18.0,41.0,116.0,2.0,478.63,474.15,10.95,11.7,C,C,14.32
79,4.544,5.18,0.23411,468.4,9.0,18.0,41.0,116.0,2.0,478.63,458.09,10.95,13.84,C,C,7.31
79,1.992,5.18,0.24754,477.9,9.0,18.0,41.0,116.0,2.0,478.63,477.25,10.95,10.03,C,C,15.13
79,2.462,5.18,0.34504,438.6,9.0,18.0,41.0,116.0,2.0,478.63,398.49,10.95,9.53,C,C,15.88
79,2.308,5.18,0.20405,476.4,9.0,18.0,41.0,116.0,2.0,478.63,474.15,10.95,11.7,C,C,14.32
79,2.308,5.18,0.2093,476.4,9.0,18.0,41.0,116.0,2.0,478.63,474.15,10.95,11.7,C,C,14.32
79,4.544,5.18,0.23689,468.4,9.0,18.0,41.0,116.0,2.0,478.63,458.09,10.95,13.84,C,C,7.31
79,1.992,5.18,0.25033,477.9,9.0,18.0,41.0,116.0,2.0,478.63,477.25,10.95,10.03,C,C,15.13
79,1.489,5.18,0.14925,319.3,9.0,18.0,41.0,116.0,2.0,352.2,286.41,14.79,13.88,D,D,3.7
79,4.059,5.18,0.09403,484.8,9.0,18.0,41.0,116.0,2.0,352.2,617.43,14.79,15.47,D,C,16.01
79,4.585,5.18,0.23278,436.3,9.0,18.0,41.0,116.0,2.0,398.49,474.15,9.53,11.7,C,C,1.56
79,4.585,5.18,0.23803,436.3,9.0,18.0,41.0,116.0,2.0,398.49,474.15,9.53,11.7,C,C,1.56
79,2.696,5.18,0.27905,437.9,9.0,18.0,41.0,116.0,2.0,398.49,477.25,9.53,10.03,C,C,0.75
79,0.0,5.18,0.09704,474.1,9.0,18.0,41.0,116.0,2.0,474.15,474.15,11.7,11.7,C,C,0.0
79,4.663,5.18,0.12462,466.1,9.0,18.0,41.0,116.0,2.0,474.15,458.09,11.7,13.84,C,C,7.01
79,3.195,5.18,0.11754,477.2,9.0,18.0,41.0,116.0,2.0,474.15,480.32,11.7,11.95,C,C,20.88
79,2.61,5.18,0.13806,475.7,9.0,18.0,41.0,116.0,2.0,474.15,477.25,11.7,10.03,C,C,0.81
79,4.663,5.18,0.12987,466.1,9.0,18.0,41.0,116.0,2.0,474.15,458.09,11.7,13.84,C,C,7.01
79,3.195,5.18,0.1228,477.2,9.0,18.0,41.0,116.0,2.0,474.15,480.32,11.7,11.95,C,C,20.88
79,2.61,5.18,0.14331,475.7,9.0,18.0,41.0,116.0,2.0,474.15,477.25,11.7,10.03,C,C,0.81
79,4.4,5.18,0.16381,478.8,9.0,18.0,41.0,116.0,2.0,480.32,477.25,11.95,10.03,C,C,20.07
80,1.489,5.77,0.35464,319.3,7.4,355.0,38.0,102.0,2.0,352.2,286.41,11.5,10.78,D,D,4.49
80,4.059,5.77,0.20066,484.8,7.4,355.0,38.0,102.0,2.0,352.2,617.43,11.5,11.42,D,C,16.79
80,4.585,5.77,0.4392,436.3,7.4,355.0,38.0,102.0,2.0,398.49,474.15,8.46,11.1,C,C,21.38
80,4.585,5.77,0.44883,436.3,7.4,355.0,38.0,102.0,2.0,398.49,474.15,8.46,11.1,C,C,21.38
80,2.696,5.77,0.76533,437.9,7.4,355.0,38.0,102.0,2.0,398.49,477.25,8.46,9.51,C,C,18.32
80,0.0,5.77,0.20199,474.1,7.4,355.0,38.0,102.0,2.0,474.15,474.15,11.1,11.1,C,C,0.0
80,4.663,5.77,0.24354,466.1,7.4,355.0,38.0,102.0,2.0,474.15,458.09,11.1,12.13,C,C,23.2
80,3.195,5.77,0.25039,477.2,7.4,355.0,38.0,102.0,2.0,474.15,480.32,11.1,11.71,C,C,16.79
80,2.61,5.77,0.51849,475.7,7.4,355.0,38.0,102.0,2.0,474.15,477.25,11.1,9.51,C,C,3.06
80,4.663,5.77,0.25318,466.1,7.4,355.0,38.0,102.0,2.0,474.15,458.09,11.1,12.13,C,C,23.2
80,3.195,5.77,0.26003,477.2,7.4,355.0,38.0,102.0,2.0,474.15,480.32,11.1,11.71,C,C,16.79
80,2.61,5.77,0.52813,475.7,7.4,355.0,38.0,102.0,2.0,474.15,477.25,11.1,9.51,C,C,3.06
80,0.0,5.77,0.37737,257.4,7.4,355.0,38.0,102.0,2.0,257.38,257.38,16.05,16.05,D,D,0.0
80,4.4,5.77,0.57653,478.8,7.4,355.0,38.0,102.0,2.0,480.32,477.25,11.71,9.51,C,C,13.73
84,0.0,5.7,0.14086,311.8,11.93,195.0,66.0,28.0,0.0,311.75,311.75,68.58,68.58,D,D,0.0
86,2.791,6.5,0.02762,308.9,18.0,73.0,80.0,80.0,2.0,309.41,308.39,96.06,93.67,D,D,0.94
86,4.928,6.5,0.0235,490.5,18.0,73.0,80.0,80.0,2.0,309.41,671.52,96.06,92.04,D,C,1.85
86,0.193,6.5,0.03065,292.6,18.0,73.0,80.0,80.0,2.0,309.41,275.82,96.06,96.2,D,D,0.08
86,0.204,6.5,0.02841,309.4,18.0,73.0,80.0,80.0,2.0,309.41,309.41,96.06,95.9,D,D,0.08
86,0.956,6.5,0.02988,288.9,18.0,73.0,80.0,80.0,2.0,309.41,268.37,96.06,96.76,D,D,0.4
86,1.017,6.5,0.02707,308.9,18.0,73.0,80.0,80.0,2.0,309.41,308.39,96.06,95.06,D,D,0.17
86,2.086,6.5,0.02818,288.5,18.0,73.0,80.0,80.0,2.0,309.41,267.67,96.06,97.63,D,D,0.85
86,1.984,6.5,0.02621,311.9,18.0,73.0,80.0,80.0,2.0,309.41,314.33,96.06,94.49,D,D,0.77
86,0.202,6.5,0.02941,309.4,18.0,73.0,80.0,80.0,2.0,309.41,309.41,96.06,96.1,D,D,0.12
86,0.222,6.5,0.02813,312.1,18.0,73.0,80.0,80.0,2.0,309.41,314.88,96.06,96.01,D,D,0.12
86,0.227,6.5,0.02853,312.1,18.0,73.0,80.0,80.0,2.0,309.41,314.88,96.06,95.91,D,D,0.09
86,0.199,6.5,0.02928,309.4,18.0,73.0,80.0,80.0,2.0,309.41,309.41,96.06,95.86,D,D,0.03
86,0.176,6.5,0.02969,309.4,18.0,73.0,80.0,80.0,2.0,309.41,309.41,96.06,95.98,D,D,0.09
86,0.175,6.5,0.02763,309.4,18.0,73.0,80.0,80.0,2.0,309.41,309.41,96.06,96.17,D,D,0.07
86,0.172,6.5,0.02697,309.4,18.0,73.0,80.0,80.0,2.0,309.41,309.41,96.06,96.21,D,D,0.02
86,0.196,6.5,0.02917,292.6,18.0,73.0,80.0,80.0,2.0,309.41,275.82,96.06,96.24,D,D,0.04
86,1.117,6.5,0.03041,308.1,18.0,73.0,80.0,80.0,2.0,309.41,306.78,96.06,96.43,D,D,0.62
86,0.963,6.5,0.02891,308.1,18.0,73.0,80.0,80.0,2.0,309.41,306.78,96.06,95.91,D,D,0.54
86,1.025,6.5,0.02795,307.9,18.0,73.0,80.0,80.0,2.0,309.41,306.38,96.06,95.37,D,D,0.41
86,0.974,6.5,0.0269,307.9,18.0,73.0,80.0,80.0,2.0,309.41,306.38,96.06,95.15,D,D,0.16
86,0.976,6.5,0.02713,305.2,18.0,73.0,80.0,80.0,2.0,309.41,301.05,96.06,95.71,D,D,0.54
86,1.017,6.5,0.02896,315.5,18.0,73.0,80.0,80.0,2.0,309.41,321.63,96.06,96.19,D,D,0.57
86,0.899,6.5,0.02606,315.5,18.0,73.0,80.0,80.0,2.0,309.41,321.63,96.06,96.61,D,D,0.38
86,0.987,6.5,0.02722,304.8,18.0,73.0,80.0,80.0,2.0,309.41,300.22,96.06,97.0,D,D,0.12
86,0.994,6.5,0.02693,292.6,18.0,73.0,80.0,80.0,2.0,309.41,275.82,96.06,97.02,D,D,0.18
86,2.012,6.5,0.02941,297.2,18.0,73.0,80.0,80.0,2.0,309.41,285.09,96.06,96.67,D,D,1.13
86,2.053,6.5,0.0312,293.9,18.0,73.0,80.0,80.0,2.0,309.41,278.32,96.06,95.63,D,D,1.14
86,1.999,6.5,0.02856,298.8,18.0,73.0,80.0,80.0,2.0,309.41,288.24,96.06,94.76,D,D,0.82
86,2.028,6.5,0.02648,297.7,18.0,73.0,80.0,80.0,2.0,309.41,286.03,96.06,94.16,D,D,0.32
86,2.058,6.5,0.02895,333.4,18.0,73.0,80.0,80.0,2.0,309.41,357.43,96.06,95.34,D,D,1.15
86,2.019,6.5,0.02396,319.2,18.0,73.0,80.0,80.0,2.0,309.41,329.08,96.06,96.4,D,D,1.13
86,1.993,6.5,0.02556,314.8,18.0,73.0,80.0,80.0,2.0,309.41,320.11,96.06,97.41,D,D,0.77
86,1.929,6.5,0.02906,302.3,18.0,73.0,80.0,80.0,2.0,309.41,295.17,96.06,97.89,D,D,0.24
86,1.997,6.5,0.02531,306.4,18.0,73.0,80.0,80.0,2.0,309.41,303.36,96.06,97.99,D,D,0.35
86,2.151,6.5,0.02395,490.0,18.0,73.0,80.0,80.0,2.0,308.39,671.52,93.67,92.04,D,C,0.91
86,2.981,6.5,0.03111,292.1,18.0,73.0,80.0,80.0,2.0,308.39,275.82,93.67,96.2,D,D,1.02
86,2.591,6.5,0.02886,308.9,18.0,73.0,80.0,80.0,2.0,308.39,309.41,93.67,95.9,D,D,0.86
86,3.732,6.5,0.03034,288.4,18.0,73.0,80.0,80.0,2.0,308.39,268.37,93.67,96.76,D,D,1.34
86,1.854,6.5,0.02752,308.4,18.0,73.0,80.0,80.0,2.0,308.39,308.39,93.67,95.06,D,D,0.77
86,4.856,6.5,0.02863,288.0,18.0,73.0,80.0,80.0,2.0,308.39,267.67,93.67,97.63,D,D,1.79
86,0.855,6.5,0.02666,311.4,18.0,73.0,80.0,80.0,2.0,308.39,314.33,93.67,94.49,D,D,0.17
86,2.929,6.5,0.02987,308.9,18.0,73.0,80.0,80.0,2.0,308.39,309.41,93.67,96.1,D,D,1.06
86,2.867,6.5,0.02858,311.6,18.0,73.0,80.0,80.0,2.0,308.39,314.88,93.67,96.01,D,D,1.06
86,2.757,6.5,0.02898,311.6,18.0,73.0,80.0,80.0,2.0,308.39,314.88,93.67,95.91,D,D,1.03
86,2.603,6.5,0.02974,308.9,18.0,73.0,80.0,80.0,2.0,308.39,309.41,93.67,95.86,D,D,0.91
86,2.648,6.5,0.03014,308.9,18.0,73.0,80.0,80.0,2.0,308.39,309.41,93.67,95.98,D,D,0.85
86,2.828,6.5,0.02808,308.9,18.0,73.0,80.0,80.0,2.0,308.39,309.41,93.67,96.17,D,D,0.87
86,2.915,6.5,0.02742,308.9,18.0,73.0,80.0,80.0,2.0,308.39,309.41,93.67,96.21,D,D,0.92
86,2.98,6.5,0.02962,292.1,18.0,73.0,80.0,80.0,2.0,308.39,275.82,93.67,96.24,D,D,0.98
86,3.721,6.5,0.03086,307.6,18.0,73.0,80.0,80.0,2.0,308.39,306.78,93.67,96.43,D,D,1.56
86,3.268,6.5,0.02936,307.6,18.0,73.0,80.0,80.0,2.0,308.39,306.78,93.67,95.91,D,D,1.48
86,2.764,6.5,0.0284,307.4,18.0,73.0,80.0,80.0,2.0,308.39,306.38,93.67,95.37,D,D,1.35
86,2.314,6.5,0.02735,307.4,18.0,73.0,80.0,80.0,2.0,308.39,306.38,93.67,95.15,D,D,1.1
86,2.12,6.5,0.02759,304.7,18.0,73.0,80.0,80.0,2.0,308.39,301.05,93.67,95.71,D,D,0.4
86,2.572,6.5,0.02942,315.0,18.0,73.0,80.0,80.0,2.0,308.39,321.63,93.67,96.19,D,D,0.37
86,3.051,6.5,0.02651,315.0,18.0,73.0,80.0,80.0,2.0,308.39,321.63,93.67,96.61,D,D,0.56
86,3.539,6.5,0.02767,304.3,18.0,73.0,80.0,80.0,2.0,308.39,300.22,93.67,97.0,D,D,0.82
86,3.756,6.5,0.02738,292.1,18.0,73.0,80.0,80.0,2.0,308.39,275.82,93.67,97.02,D,D,1.12
86,4.489,6.5,0.02986,296.7,18.0,73.0,80.0,80.0,2.0,308.39,285.09,93.67,96.67,D,D,2.07
86,3.937,6.5,0.03165,293.4,18.0,73.0,80.0,80.0,2.0,308.39,278.32,93.67,95.63,D,D,2.08
86,3.113,6.5,0.02902,298.3,18.0,73.0,80.0,80.0,2.0,308.39,288.24,93.67,94.76,D,D,1.76
86,2.154,6.5,0.02694,297.2,18.0,73.0,80.0,80.0,2.0,308.39,286.03,93.67,94.16,D,D,1.26
86,1.743,6.5,0.0294,332.9,18.0,73.0,80.0,80.0,2.0,308.39,357.43,93.67,95.34,D,D,0.21
86,2.796,6.5,0.02442,318.7,18.0,73.0,80.0,80.0,2.0,308.39,329.08,93.67,96.4,D,D,0.19
86,3.772,6.5,0.02602,314.2,18.0,73.0,80.0,80.0,2.0,308.39,320.11,93.67,97.41,D,D,0.17
86,4.334,6.5,0.02951,301.8,18.0,73.0,80.0,80.0,2.0,308.39,295.17,93.67,97.89,D,D,0.7
86,4.736,6.5,0.02576,305.9,18.0,73.0,80.0,80.0,2.0,308.39,303.36,93.67,97.99,D,D,1.29
86,4.726,6.5,0.02474,490.5,18.0,73.0,80.0,80.0,2.0,671.52,309.41,92.04,95.9,C,D,1.77
86,4.005,6.5,0.0234,490.0,18.0,73.0,80.0,80.0,2.0,671.52,308.39,92.04,95.06,C,D,1.68
86,2.949,6.5,0.02254,492.9,18.0,73.0,80.0,80.0,2.0,671.52,314.33,92.04,94.49,C,D,1.08
86,4.905,6.5,0.02486,493.2,18.0,73.0,80.0,80.0,2.0,671.52,314.88,92.04,95.91,C,D,1.94
86,4.745,6.5,0.02562,490.5,18.0,73.0,80.0,80.0,2.0,671.52,309.41,92.04,95.86,C,D,1.82
86,4.777,6.5,0.02603,490.5,18.0,73.0,80.0,80.0,2.0,671.52,309.41,92.04,95.98,C,D,1.76
86,4.952,6.5,0.02396,490.5,18.0,73.0,80.0,80.0,2.0,671.52,309.41,92.04,96.17,C,D,1.78
86,4.887,6.5,0.02428,488.9,18.0,73.0,80.0,80.0,2.0,671.52,306.38,92.04,95.37,C,D,2.26
86,4.447,6.5,0.02323,488.9,18.0,73.0,80.0,80.0,2.0,671.52,306.38,92.04,95.15,C,D,2.01
86,4.166,6.5,0.02347,486.3,18.0,73.0,80.0,80.0,2.0,671.52,301.05,92.04,95.71,C,D,1.31
86,4.562,6.5,0.0253,496.6,18.0,73.0,80.0,80.0,2.0,671.52,321.63,92.04,96.19,C,D,1.28
86,4.078,6.5,0.02282,478.8,18.0,73.0,80.0,80.0,2.0,671.52,286.03,92.04,94.16,C,D,2.17
86,3.442,6.5,0.02528,514.5,18.0,73.0,80.0,80.0,2.0,671.52,357.43,92.04,95.34,C,D,0.7
86,4.472,6.5,0.0203,500.3,18.0,73.0,80.0,80.0,2.0,671.52,329.08,92.04,96.4,C,D,0.72
86,0.397,6.5,0.0319,292.6,18.0,73.0,80.0,80.0,2.0,275.82,309.41,96.2,95.9,D,D,0.16
86,0.762,6.5,0.03337,272.1,18.0,73.0,80.0,80.0,2.0,275.82,268.37,96.2,96.76,D,D,0.32
86,1.188,6.5,0.03055,292.1,18.0,73.0,80.0,80.0,2.0,275.82,308.39,96.2,95.06,D,D,0.25
86,1.892,6.5,0.03167,271.7,18.0,73.0,80.0,80.0,2.0,275.82,267.67,96.2,97.63,D,D,0.77
86,2.177,6.5,0.0297,295.1,18.0,73.0,80.0,80.0,2.0,275.82,314.33,96.2,94.49,D,D,0.85
86,0.124,6.5,0.0329,292.6,18.0,73.0,80.0,80.0,2.0,275.82,309.41,96.2,96.1,D,D,0.04
86,0.211,6.5,0.03162,295.4,18.0,73.0,80.0,80.0,2.0,275.82,314.88,96.2,96.01,D,D,0.04
86,0.296,6.5,0.03202,295.4,18.0,73.0,80.0,80.0,2.0,275.82,314.88,96.2,95.91,D,D,0.01
86,0.379,6.5,0.03277,292.6,18.0,73.0,80.0,80.0,2.0,275.82,309.41,96.2,95.86,D,D,0.11
86,0.362,6.5,0.03318,292.6,18.0,73.0,80.0,80.0,2.0,275.82,309.41,96.2,95.98,D,D,0.17
86,0.263,6.5,0.03112,292.6,18.0,73.0,80.0,80.0,2.0,275.82,309.41,96.2,96.17,D,D,0.15
86,0.175,6.5,0.03046,292.6,18.0,73.0,80.0,80.0,2.0,275.82,309.41,96.2,96.21,D,D,0.1
86,0.091,6.5,0.03265,275.8,18.0,73.0,80.0,80.0,2.0,275.82,275.82,96.2,96.24,D,D,0.04
86,0.95,6.5,0.0339,291.3,18.0,73.0,80.0,80.0,2.0,275.82,306.78,96.2,96.43,D,D,0.54
86,0.873,6.5,0.0324,291.3,18.0,73.0,80.0,80.0,2.0,275.82,306.78,96.2,95.91,D,D,0.46
86,1.044,6.5,0.03143,291.1,18.0,73.0,80.0,80.0,2.0,275.82,306.38,96.2,95.37,D,D,0.33
86,1.075,6.5,0.03039,291.1,18.0,73.0,80.0,80.0,2.0,275.82,306.38,96.2,95.15,D,D,0.08
86,1.151,6.5,0.03062,288.4,18.0,73.0,80.0,80.0,2.0,275.82,301.05,96.2,95.71,D,D,0.62
86,1.138,6.5,0.03245,298.7,18.0,73.0,80.0,80.0,2.0,275.82,321.63,96.2,96.19,D,D,0.65
86,0.931,6.5,0.02955,298.7,18.0,73.0,80.0,80.0,2.0,275.82,321.63,96.2,96.61,D,D,0.46
86,0.902,6.5,0.03071,288.0,18.0,73.0,80.0,80.0,2.0,275.82,300.22,96.2,97.0,D,D,0.2
86,0.829,6.5,0.03041,275.8,18.0,73.0,80.0,80.0,2.0,275.82,275.82,96.2,97.02,D,D,0.1
86,1.848,6.5,0.0329,280.5,18.0,73.0,80.0,80.0,2.0,275.82,285.09,96.2,96.67,D,D,1.05
86,1.966,6.5,0.03468,277.1,18.0,73.0,80.0,80.0,2.0,275.82,278.32,96.2,95.63,D,D,1.06
86,2.005,6.5,0.03205,282.0,18.0,73.0,80.0,80.0,2.0,275.82,288.24,96.2,94.76,D,D,0.74
86,2.126,6.5,0.02997,280.9,18.0,73.0,80.0,80.0,2.0,275.82,286.03,96.2,94.16,D,D,0.24
86,2.233,6.5,0.03243,316.6,18.0,73.0,80.0,80.0,2.0,275.82,357.43,96.2,95.34,D,D,1.23
86,2.13,6.5,0.02745,302.4,18.0,73.0,80.0,80.0,2.0,275.82,329.08,96.2,96.4,D,D,1.21
86,1.998,6.5,0.02905,298.0,18.0,73.0,80.0,80.0,2.0,275.82,320.11,96.2,97.41,D,D,0.85
86,1.838,6.5,0.03254,285.5,18.0,73.0,80.0,80.0,2.0,275.82,295.17,96.2,97.89,D,D,0.32
86,1.83,6.5,0.0288,289.6,18.0,73.0,80.0,80.0,2.0,275.82,303.36,96.2,97.99,D,D,0.27
86,1.16,6.5,0.03113,288.9,18.0,73.0,80.0,80.0,2.0,309.41,268.37,95.9,96.76,D,D,0.48
86,0.845,6.5,0.02831,308.9,18.0,73.0,80.0,80.0,2.0,309.41,308.39,95.9,95.06,D,D,0.09
86,2.29,6.5,0.02942,288.5,18.0,73.0,80.0,80.0,2.0,309.41,267.67,95.9,97.63,D,D,0.93
86,1.781,6.5,0.02745,311.9,18.0,73.0,80.0,80.0,2.0,309.41,314.33,95.9,94.49,D,D,0.69
86,0.385,6.5,0.03066,309.4,18.0,73.0,80.0,80.0,2.0,309.41,309.41,95.9,96.1,D,D,0.2
86,0.367,6.5,0.02937,312.1,18.0,73.0,80.0,80.0,2.0,309.41,314.88,95.9,96.01,D,D,0.2
86,0.305,6.5,0.02977,312.1,18.0,73.0,80.0,80.0,2.0,309.41,314.88,95.9,95.91,D,D,0.17
86,0.102,6.5,0.03053,309.4,18.0,73.0,80.0,80.0,2.0,309.41,309.41,95.9,95.86,D,D,0.05
86,0.082,6.5,0.03094,309.4,18.0,73.0,80.0,80.0,2.0,309.41,309.41,95.9,95.98,D,D,0.01
86,0.268,6.5,0.02887,309.4,18.0,73.0,80.0,80.0,2.0,309.41,309.41,95.9,96.17,D,D,0.01
86,0.332,6.5,0.02822,309.4,18.0,73.0,80.0,80.0,2.0,309.41,309.41,95.9,96.21,D,D,0.06
86,0.389,6.5,0.03041,292.6,18.0,73.0,80.0,80.0,2.0,309.41,275.82,95.9,96.24,D,D,0.12
86,1.3,6.5,0.03165,308.1,18.0,73.0,80.0,80.0,2.0,309.41,306.78,95.9,96.43,D,D,0.7
86,1.086,6.5,0.03016,308.1,18.0,73.0,80.0,80.0,2.0,309.41,306.78,95.9,95.91,D,D,0.62
86,1.041,6.5,0.02919,307.9,18.0,73.0,80.0,80.0,2.0,309.41,306.38,95.9,95.37,D,D,0.49
86,0.898,6.5,0.02815,307.9,18.0,73.0,80.0,80.0,2.0,309.41,306.38,95.9,95.15,D,D,0.24
86,0.801,6.5,0.02838,305.2,18.0,73.0,80.0,80.0,2.0,309.41,301.05,95.9,95.71,D,D,0.46
86,0.919,6.5,0.03021,315.5,18.0,73.0,80.0,80.0,2.0,309.41,321.63,95.9,96.19,D,D,0.49
86,0.912,6.5,0.0273,315.5,18.0,73.0,80.0,80.0,2.0,309.41,321.63,95.9,96.61,D,D,0.3
86,1.109,6.5,0.02846,304.8,18.0,73.0,80.0,80.0,2.0,309.41,300.22,95.9,97.0,D,D,0.04
86,1.18,6.5,0.02817,292.6,18.0,73.0,80.0,80.0,2.0,309.41,275.82,95.9,97.02,D,D,0.26
86,2.189,6.5,0.03065,297.2,18.0,73.0,80.0,80.0,2.0,309.41,285.09,95.9,96.67,D,D,1.21
86,2.159,6.5,0.03244,293.9,18.0,73.0,80.0,80.0,2.0,309.41,278.32,95.9,95.63,D,D,1.22
86,2.01,6.5,0.02981,298.8,18.0,73.0,80.0,80.0,2.0,309.41,288.24,95.9,94.76,D,D,0.9
86,1.937,6.5,0.02773,297.7,18.0,73.0,80.0,80.0,2.0,309.41,286.03,95.9,94.16,D,D,0.4
86,1.88,6.5,0.03019,333.4,18.0,73.0,80.0,80.0,2.0,309.41,357.43,95.9,95.34,D,D,1.07
86,1.919,6.5,0.02521,319.2,18.0,73.0,80.0,80.0,2.0,309.41,329.08,95.9,96.4,D,D,1.05
86,2.01,6.5,0.02681,314.8,18.0,73.0,80.0,80.0,2.0,309.41,320.11,95.9,97.41,D,D,0.69
86,2.043,6.5,0.0303,302.3,18.0,73.0,80.0,80.0,2.0,309.41,295.17,95.9,97.89,D,D,0.16
86,2.18,6.5,0.02655,306.4,18.0,73.0,80.0,80.0,2.0,309.41,303.36,95.9,97.99,D,D,0.43
86,1.905,6.5,0.02978,288.4,18.0,73.0,80.0,80.0,2.0,268.37,308.39,96.76,95.06,D,D,0.57
86,1.13,6.5,0.0309,268.0,18.0,73.0,80.0,80.0,2.0,268.37,267.67,96.76,97.63,D,D,0.45
86,2.938,6.5,0.02892,291.4,18.0,73.0,80.0,80.0,2.0,268.37,314.33,96.76,94.49,D,D,1.17
86,0.802,6.5,0.03213,288.9,18.0,73.0,80.0,80.0,2.0,268.37,309.41,96.76,96.1,D,D,0.28
86,0.867,6.5,0.03084,291.6,18.0,73.0,80.0,80.0,2.0,268.37,314.88,96.76,96.01,D,D,0.28
86,0.979,6.5,0.03125,291.6,18.0,73.0,80.0,80.0,2.0,268.37,314.88,96.76,95.91,D,D,0.31
86,1.132,6.5,0.032,288.9,18.0,73.0,80.0,80.0,2.0,268.37,309.41,96.76,95.86,D,D,0.43
86,1.12,6.5,0.03241,288.9,18.0,73.0,80.0,80.0,2.0,268.37,309.41,96.76,95.98,D,D,0.49
86,0.975,6.5,0.03035,288.9,18.0,73.0,80.0,80.0,2.0,268.37,309.41,96.76,96.17,D,D,0.47
86,0.874,6.5,0.02969,288.9,18.0,73.0,80.0,80.0,2.0,268.37,309.41,96.76,96.21,D,D,0.42
86,0.787,6.5,0.03188,272.1,18.0,73.0,80.0,80.0,2.0,268.37,275.82,96.76,96.24,D,D,0.36
86,0.521,6.5,0.03313,287.6,18.0,73.0,80.0,80.0,2.0,268.37,306.78,96.76,96.43,D,D,0.22
86,0.913,6.5,0.03163,287.6,18.0,73.0,80.0,80.0,2.0,268.37,306.78,96.76,95.91,D,D,0.14
86,1.405,6.5,0.03066,287.4,18.0,73.0,80.0,80.0,2.0,268.37,306.38,96.76,95.37,D,D,0.01
86,1.642,6.5,0.02962,287.4,18.0,73.0,80.0,80.0,2.0,268.37,306.38,96.76,95.15,D,D,0.24
86,1.878,6.5,0.02985,284.7,18.0,73.0,80.0,80.0,2.0,268.37,301.05,96.76,95.71,D,D,0.94
86,1.748,6.5,0.03168,295.0,18.0,73.0,80.0,80.0,2.0,268.37,321.63,96.76,96.19,D,D,0.97
86,1.353,6.5,0.02878,295.0,18.0,73.0,80.0,80.0,2.0,268.37,321.63,96.76,96.61,D,D,0.78
86,0.954,6.5,0.02993,284.3,18.0,73.0,80.0,80.0,2.0,268.37,300.22,96.76,97.0,D,D,0.52
86,0.475,6.5,0.02964,272.1,18.0,73.0,80.0,80.0,2.0,268.37,275.82,96.76,97.02,D,D,0.22
86,1.283,6.5,0.03213,276.7,18.0,73.0,80.0,80.0,2.0,268.37,285.09,96.76,96.67,D,D,0.73
86,1.787,6.5,0.03391,273.3,18.0,73.0,80.0,80.0,2.0,268.37,278.32,96.76,95.63,D,D,0.74
86,2.2,6.5,0.03128,278.3,18.0,73.0,80.0,80.0,2.0,268.37,288.24,96.76,94.76,D,D,0.42
86,2.617,6.5,0.0292,277.2,18.0,73.0,80.0,80.0,2.0,268.37,286.03,96.76,94.16,D,D,0.08
86,2.943,6.5,0.03166,312.9,18.0,73.0,80.0,80.0,2.0,268.37,357.43,96.76,95.34,D,D,1.55
86,2.661,6.5,0.02668,298.7,18.0,73.0,80.0,80.0,2.0,268.37,329.08,96.76,96.4,D,D,1.53
86,2.195,6.5,0.02828,294.2,18.0,73.0,80.0,80.0,2.0,268.37,320.11,96.76,97.41,D,D,1.17
86,1.66,6.5,0.03177,281.8,18.0,73.0,80.0,80.0,2.0,268.37,295.17,96.76,97.89,D,D,0.64
86,1.25,6.5,0.02803,285.9,18.0,73.0,80.0,80.0,2.0,268.37,303.36,96.76,97.99,D,D,0.05
86,3.015,6.5,0.02808,288.0,18.0,73.0,80.0,80.0,2.0,308.39,267.67,95.06,97.63,D,D,1.02
86,1.15,6.5,0.02611,311.4,18.0,73.0,80.0,80.0,2.0,308.39,314.33,95.06,94.49,D,D,0.6
86,1.113,6.5,0.02931,308.9,18.0,73.0,80.0,80.0,2.0,308.39,309.41,95.06,96.1,D,D,0.29
86,1.039,6.5,0.02803,311.6,18.0,73.0,80.0,80.0,2.0,308.39,314.88,95.06,96.01,D,D,0.29
86,0.927,6.5,0.02843,311.6,18.0,73.0,80.0,80.0,2.0,308.39,314.88,95.06,95.91,D,D,0.26
86,0.818,6.5,0.02918,308.9,18.0,73.0,80.0,80.0,2.0,308.39,309.41,95.06,95.86,D,D,0.14
86,0.921,6.5,0.02959,308.9,18.0,73.0,80.0,80.0,2.0,308.39,309.41,95.06,95.98,D,D,0.08
86,1.112,6.5,0.02753,308.9,18.0,73.0,80.0,80.0,2.0,308.39,309.41,95.06,96.17,D,D,0.1
86,1.173,6.5,0.02687,308.9,18.0,73.0,80.0,80.0,2.0,308.39,309.41,95.06,96.21,D,D,0.15
86,1.212,6.5,0.02907,292.1,18.0,73.0,80.0,80.0,2.0,308.39,275.82,95.06,96.24,D,D,0.21
86,1.868,6.5,0.03031,307.6,18.0,73.0,80.0,80.0,2.0,308.39,306.78,95.06,96.43,D,D,0.79
86,1.437,6.5,0.02881,307.6,18.0,73.0,80.0,80.0,2.0,308.39,306.78,95.06,95.91,D,D,0.71
86,1.013,6.5,0.02785,307.4,18.0,73.0,80.0,80.0,2.0,308.39,306.38,95.06,95.37,D,D,0.58
86,0.569,6.5,0.0268,307.4,18.0,73.0,80.0,80.0,2.0,308.39,306.38,95.06,95.15,D,D,0.33
86,0.953,6.5,0.02704,304.7,18.0,73.0,80.0,80.0,2.0,308.39,301.05,95.06,95.71,D,D,0.37
86,1.38,6.5,0.02887,315.0,18.0,73.0,80.0,80.0,2.0,308.39,321.63,95.06,96.19,D,D,0.4
86,1.63,6.5,0.02596,315.0,18.0,73.0,80.0,80.0,2.0,308.39,321.63,95.06,96.61,D,D,0.21
86,1.942,6.5,0.02712,304.3,18.0,73.0,80.0,80.0,2.0,308.39,300.22,95.06,97.0,D,D,0.05
86,2.011,6.5,0.02683,292.1,18.0,73.0,80.0,80.0,2.0,308.39,275.82,95.06,97.02,D,D,0.35
86,2.662,6.5,0.02931,296.7,18.0,73.0,80.0,80.0,2.0,308.39,285.09,95.06,96.67,D,D,1.3
86,2.282,6.5,0.0311,293.4,18.0,73.0,80.0,80.0,2.0,308.39,278.32,95.06,95.63,D,D,1.31
86,1.746,6.5,0.02846,298.3,18.0,73.0,80.0,80.0,2.0,308.39,288.24,95.06,94.76,D,D,0.99
86,1.28,6.5,0.02638,297.2,18.0,73.0,80.0,80.0,2.0,308.39,286.03,95.06,94.16,D,D,0.49
86,1.727,6.5,0.02885,332.9,18.0,73.0,80.0,80.0,2.0,308.39,357.43,95.06,95.34,D,D,0.98
86,2.218,6.5,0.02387,318.7,18.0,73.0,80.0,80.0,2.0,308.39,329.08,95.06,96.4,D,D,0.96
86,2.665,6.5,0.02547,314.2,18.0,73.0,80.0,80.0,2.0,308.39,320.11,95.06,97.41,D,D,0.6
86,2.86,6.5,0.02896,301.8,18.0,73.0,80.0,80.0,2.0,308.39,295.17,95.06,97.89,D,D,0.07
86,3.014,6.5,0.02521,305.9,18.0,73.0,80.0,80.0,2.0,308.39,303.36,95.06,97.99,D,D,0.52
86,4.068,6.5,0.02722,291.0,18.0,73.0,80.0,80.0,2.0,267.67,314.33,97.63,94.49,D,D,1.62
86,1.929,6.5,0.03043,288.5,18.0,73.0,80.0,80.0,2.0,267.67,309.41,97.63,96.1,D,D,0.73
86,1.989,6.5,0.02914,291.3,18.0,73.0,80.0,80.0,2.0,267.67,314.88,97.63,96.01,D,D,0.73
86,2.098,6.5,0.02954,291.3,18.0,73.0,80.0,80.0,2.0,267.67,314.88,97.63,95.91,D,D,0.76
86,2.261,6.5,0.0303,288.5,18.0,73.0,80.0,80.0,2.0,267.67,309.41,97.63,95.86,D,D,0.88
86,2.248,6.5,0.03071,288.5,18.0,73.0,80.0,80.0,2.0,267.67,309.41,97.63,95.98,D,D,0.94
86,2.093,6.5,0.02864,288.5,18.0,73.0,80.0,80.0,2.0,267.67,309.41,97.63,96.17,D,D,0.92
86,1.994,6.5,0.02798,288.5,18.0,73.0,80.0,80.0,2.0,267.67,309.41,97.63,96.21,D,D,0.87
86,1.912,6.5,0.03018,271.7,18.0,73.0,80.0,80.0,2.0,267.67,275.82,97.63,96.24,D,D,0.81
86,1.23,6.5,0.03142,287.2,18.0,73.0,80.0,80.0,2.0,267.67,306.78,97.63,96.43,D,D,0.23
86,1.772,6.5,0.02992,287.2,18.0,73.0,80.0,80.0,2.0,267.67,306.78,97.63,95.91,D,D,0.31
86,2.345,6.5,0.02896,287.0,18.0,73.0,80.0,80.0,2.0,267.67,306.38,97.63,95.37,D,D,0.44
86,2.681,6.5,0.02791,287.0,18.0,73.0,80.0,80.0,2.0,267.67,306.38,97.63,95.15,D,D,0.69
86,2.982,6.5,0.02815,284.4,18.0,73.0,80.0,80.0,2.0,267.67,301.05,97.63,95.71,D,D,1.39
86,2.781,6.5,0.02998,294.6,18.0,73.0,80.0,80.0,2.0,267.67,321.63,97.63,96.19,D,D,1.42
86,2.309,6.5,0.02707,294.6,18.0,73.0,80.0,80.0,2.0,267.67,321.63,97.63,96.61,D,D,1.23
86,1.769,6.5,0.02823,283.9,18.0,73.0,80.0,80.0,2.0,267.67,300.22,97.63,97.0,D,D,0.97
86,1.283,6.5,0.02794,271.7,18.0,73.0,80.0,80.0,2.0,267.67,275.82,97.63,97.02,D,D,0.67
86,1.115,6.5,0.03042,276.4,18.0,73.0,80.0,80.0,2.0,267.67,285.09,97.63,96.67,D,D,0.28
86,2.116,6.5,0.03221,273.0,18.0,73.0,80.0,80.0,2.0,267.67,278.32,97.63,95.63,D,D,0.29
86,2.89,6.5,0.02958,278.0,18.0,73.0,80.0,80.0,2.0,267.67,288.24,97.63,94.76,D,D,0.03
86,3.547,6.5,0.0275,276.9,18.0,73.0,80.0,80.0,2.0,267.67,286.03,97.63,94.16,D,D,0.53
86,4.023,6.5,0.02996,312.6,18.0,73.0,80.0,80.0,2.0,267.67,357.43,97.63,95.34,D,D,2.0
86,3.587,6.5,0.02498,298.4,18.0,73.0,80.0,80.0,2.0,267.67,329.08,97.63,96.4,D,D,1.98
86,2.832,6.5,0.02658,293.9,18.0,73.0,80.0,80.0,2.0,267.67,320.11,97.63,97.41,D,D,1.62
86,1.961,6.5,0.03007,281.4,18.0,73.0,80.0,80.0,2.0,267.67,295.17,97.63,97.89,D,D,1.09
86,0.989,6.5,0.02632,285.5,18.0,73.0,80.0,80.0,2.0,267.67,303.36,97.63,97.99,D,D,0.5
86,2.14,6.5,0.02845,311.9,18.0,73.0,80.0,80.0,2.0,314.33,309.41,94.49,96.1,D,D,0.89
86,2.087,6.5,0.02717,314.6,18.0,73.0,80.0,80.0,2.0,314.33,314.88,94.49,96.01,D,D,0.89
86,1.981,6.5,0.02757,314.6,18.0,73.0,80.0,80.0,2.0,314.33,314.88,94.49,95.91,D,D,0.86
86,1.806,6.5,0.02832,311.9,18.0,73.0,80.0,80.0,2.0,314.33,309.41,94.49,95.86,D,D,0.74
86,1.83,6.5,0.02873,311.9,18.0,73.0,80.0,80.0,2.0,314.33,309.41,94.49,95.98,D,D,0.68
86,2.003,6.5,0.02667,311.9,18.0,73.0,80.0,80.0,2.0,314.33,309.41,94.49,96.17,D,D,0.7
86,2.095,6.5,0.02601,311.9,18.0,73.0,80.0,80.0,2.0,314.33,309.41,94.49,96.21,D,D,0.75
86,2.167,6.5,0.02821,295.1,18.0,73.0,80.0,80.0,2.0,314.33,275.82,94.49,96.24,D,D,0.81
86,2.986,6.5,0.02945,310.6,18.0,73.0,80.0,80.0,2.0,314.33,306.78,94.49,96.43,D,D,1.39
86,2.584,6.5,0.02795,310.6,18.0,73.0,80.0,80.0,2.0,314.33,306.78,94.49,95.91,D,D,1.31
86,2.149,6.5,0.02699,310.4,18.0,73.0,80.0,80.0,2.0,314.33,306.38,94.49,95.37,D,D,1.18
86,1.692,6.5,0.02594,310.4,18.0,73.0,80.0,80.0,2.0,314.33,306.38,94.49,95.15,D,D,0.93
86,1.265,6.5,0.02618,307.7,18.0,73.0,80.0,80.0,2.0,314.33,301.05,94.49,95.71,D,D,0.23
86,1.722,6.5,0.02801,318.0,18.0,73.0,80.0,80.0,2.0,314.33,321.63,94.49,96.19,D,D,0.2
86,2.196,6.5,0.0251,318.0,18.0,73.0,80.0,80.0,2.0,314.33,321.63,94.49,96.61,D,D,0.39
86,2.687,6.5,0.02626,307.3,18.0,73.0,80.0,80.0,2.0,314.33,300.22,94.49,97.0,D,D,0.65
86,2.924,6.5,0.02597,295.1,18.0,73.0,80.0,80.0,2.0,314.33,275.82,94.49,97.02,D,D,0.95
86,3.807,6.5,0.02845,299.7,18.0,73.0,80.0,80.0,2.0,314.33,285.09,94.49,96.67,D,D,1.9
86,3.399,6.5,0.03024,296.3,18.0,73.0,80.0,80.0,2.0,314.33,278.32,94.49,95.63,D,D,1.91
86,2.719,6.5,0.02761,301.3,18.0,73.0,80.0,80.0,2.0,314.33,288.24,94.49,94.76,D,D,1.59
86,1.915,6.5,0.02552,300.2,18.0,73.0,80.0,80.0,2.0,314.33,286.03,94.49,94.16,D,D,1.09
86,1.104,6.5,0.02799,335.9,18.0,73.0,80.0,80.0,2.0,314.33,357.43,94.49,95.34,D,D,0.38
86,2.064,6.5,0.02301,321.7,18.0,73.0,80.0,80.0,2.0,314.33,329.08,94.49,96.4,D,D,0.36
86,2.954,6.5,0.02461,317.2,18.0,73.0,80.0,80.0,2.0,314.33,320.11,94.49,97.41,D,D,0.0
86,3.48,6.5,0.0281,304.8,18.0,73.0,80.0,80.0,2.0,314.33,295.17,94.49,97.89,D,D,0.53
86,3.894,6.5,0.02435,308.8,18.0,73.0,80.0,80.0,2.0,314.33,303.36,94.49,97.99,D,D,1.12
86,0.09,6.5,0.03037,312.1,18.0,73.0,80.0,80.0,2.0,309.41,314.88,96.1,96.01,D,D,0.0
86,0.191,6.5,0.03078,312.1,18.0,73.0,80.0,80.0,2.0,309.41,314.88,96.1,95.91,D,D,0.03
86,0.335,6.5,0.03153,309.4,18.0,73.0,80.0,80.0,2.0,309.41,309.41,96.1,95.86,D,D,0.15
86,0.376,6.5,0.03194,309.4,18.0,73.0,80.0,80.0,2.0,309.41,309.41,96.1,95.98,D,D,0.21
86,0.338,6.5,0.02988,309.4,18.0,73.0,80.0,80.0,2.0,309.41,309.41,96.1,96.17,D,D,0.19
86,0.273,6.5,0.02922,309.4,18.0,73.0,80.0,80.0,2.0,309.41,309.41,96.1,96.21,D,D,0.14
86,0.21,6.5,0.03141,292.6,18.0,73.0,80.0,80.0,2.0,309.41,275.82,96.1,96.24,D,D,0.08
86,0.918,6.5,0.03266,308.1,18.0,73.0,80.0,80.0,2.0,309.41,306.78,96.1,96.43,D,D,0.5
86,0.777,6.5,0.03116,308.1,18.0,73.0,80.0,80.0,2.0,309.41,306.78,96.1,95.91,D,D,0.42
86,0.92,6.5,0.03019,307.9,18.0,73.0,80.0,80.0,2.0,309.41,306.38,96.1,95.37,D,D,0.29
86,0.961,6.5,0.02915,307.9,18.0,73.0,80.0,80.0,2.0,309.41,306.38,96.1,95.15,D,D,0.04
86,1.175,6.5,0.02938,305.2,18.0,73.0,80.0,80.0,2.0,309.41,301.05,96.1,95.71,D,D,0.66
86,1.21,6.5,0.03121,315.5,18.0,73.0,80.0,80.0,2.0,309.41,321.63,96.1,96.19,D,D,0.69
86,1.041,6.5,0.02831,315.5,18.0,73.0,80.0,80.0,2.0,309.41,321.63,96.1,96.61,D,D,0.5
86,1.026,6.5,0.02946,304.8,18.0,73.0,80.0,80.0,2.0,309.41,300.22,96.1,97.0,D,D,0.24
86,0.926,6.5,0.02917,292.6,18.0,73.0,80.0,80.0,2.0,309.41,275.82,96.1,97.02,D,D,0.06
86,1.811,6.5,0.03166,297.2,18.0,73.0,80.0,80.0,2.0,309.41,285.09,96.1,96.67,D,D,1.01
86,1.871,6.5,0.03344,293.9,18.0,73.0,80.0,80.0,2.0,309.41,278.32,96.1,95.63,D,D,1.02
86,1.883,6.5,0.03081,298.8,18.0,73.0,80.0,80.0,2.0,309.41,288.24,96.1,94.76,D,D,0.7
86,2.008,6.5,0.02873,297.7,18.0,73.0,80.0,80.0,2.0,309.41,286.03,96.1,94.16,D,D,0.2
86,2.258,6.5,0.03119,333.4,18.0,73.0,80.0,80.0,2.0,309.41,357.43,96.1,95.34,D,D,1.27
86,2.209,6.5,0.02621,319.2,18.0,73.0,80.0,80.0,2.0,309.41,329.08,96.1,96.4,D,D,1.25
86,2.116,6.5,0.02781,314.8,18.0,73.0,80.0,80.0,2.0,309.41,320.11,96.1,97.41,D,D,0.89
86,1.96,6.5,0.0313,302.3,18.0,73.0,80.0,80.0,2.0,309.41,295.17,96.1,97.89,D,D,0.36
86,1.922,6.5,0.02755,306.4,18.0,73.0,80.0,80.0,2.0,309.41,303.36,96.1,97.99,D,D,0.23
86,0.112,6.5,0.02949,314.9,18.0,73.0,80.0,80.0,2.0,314.88,314.88,96.01,95.91,D,D,0.03
86,0.297,6.5,0.03025,312.1,18.0,73.0,80.0,80.0,2.0,314.88,309.41,96.01,95.86,D,D,0.15
86,0.378,6.5,0.03065,312.1,18.0,73.0,80.0,80.0,2.0,314.88,309.41,96.01,95.98,D,D,0.21
86,0.385,6.5,0.02859,312.1,18.0,73.0,80.0,80.0,2.0,314.88,309.41,96.01,96.17,D,D,0.19
86,0.338,6.5,0.02793,312.1,18.0,73.0,80.0,80.0,2.0,314.88,309.41,96.01,96.21,D,D,0.14
86,0.29,6.5,0.03013,295.4,18.0,73.0,80.0,80.0,2.0,314.88,275.82,96.01,96.24,D,D,0.08
86,0.937,6.5,0.03137,310.8,18.0,73.0,80.0,80.0,2.0,314.88,306.78,96.01,96.43,D,D,0.5
86,0.741,6.5,0.02987,310.8,18.0,73.0,80.0,80.0,2.0,314.88,306.78,96.01,95.91,D,D,0.42
86,0.839,6.5,0.02891,310.6,18.0,73.0,80.0,80.0,2.0,314.88,306.38,96.01,95.37,D,D,0.29
86,0.871,6.5,0.02786,310.6,18.0,73.0,80.0,80.0,2.0,314.88,306.38,96.01,95.15,D,D,0.04
86,1.168,6.5,0.0281,308.0,18.0,73.0,80.0,80.0,2.0,314.88,301.05,96.01,95.71,D,D,0.66
86,1.239,6.5,0.02993,318.3,18.0,73.0,80.0,80.0,2.0,314.88,321.63,96.01,96.19,D,D,0.69
86,1.103,6.5,0.02702,318.3,18.0,73.0,80.0,80.0,2.0,314.88,321.63,96.01,96.61,D,D,0.5
86,1.113,6.5,0.02818,307.6,18.0,73.0,80.0,80.0,2.0,314.88,300.22,96.01,97.0,D,D,0.24
86,1.013,6.5,0.02789,295.4,18.0,73.0,80.0,80.0,2.0,314.88,275.82,96.01,97.02,D,D,0.06
86,1.822,6.5,0.03037,300.0,18.0,73.0,80.0,80.0,2.0,314.88,285.09,96.01,96.67,D,D,1.01
86,1.831,6.5,0.03216,296.6,18.0,73.0,80.0,80.0,2.0,314.88,278.32,96.01,95.63,D,D,1.02
86,1.807,6.5,0.02953,301.6,18.0,73.0,80.0,80.0,2.0,314.88,288.24,96.01,94.76,D,D,0.7
86,1.918,6.5,0.02745,300.5,18.0,73.0,80.0,80.0,2.0,314.88,286.03,96.01,94.16,D,D,0.2
86,2.247,6.5,0.02991,336.2,18.0,73.0,80.0,80.0,2.0,314.88,357.43,96.01,95.34,D,D,1.27
86,2.241,6.5,0.02493,322.0,18.0,73.0,80.0,80.0,2.0,314.88,329.08,96.01,96.4,D,D,1.25
86,2.187,6.5,0.02653,317.5,18.0,73.0,80.0,80.0,2.0,314.88,320.11,96.01,97.41,D,D,0.89
86,2.049,6.5,0.03002,305.0,18.0,73.0,80.0,80.0,2.0,314.88,295.17,96.01,97.89,D,D,0.36
86,2.007,6.5,0.02627,309.1,18.0,73.0,80.0,80.0,2.0,314.88,303.36,96.01,97.99,D,D,0.23
86,0.217,6.5,0.03065,312.1,18.0,73.0,80.0,80.0,2.0,314.88,309.41,95.91,95.86,D,D,0.12
86,0.338,6.5,0.03105,312.1,18.0,73.0,80.0,80.0,2.0,314.88,309.41,95.91,95.98,D,D,0.18
86,0.402,6.5,0.02899,312.1,18.0,73.0,80.0,80.0,2.0,314.88,309.41,95.91,96.17,D,D,0.16
86,0.382,6.5,0.02833,312.1,18.0,73.0,80.0,80.0,2.0,314.88,309.41,95.91,96.21,D,D,0.11
86,0.359,6.5,0.03053,295.4,18.0,73.0,80.0,80.0,2.0,314.88,275.82,95.91,96.24,D,D,0.05
86,1.028,6.5,0.03177,310.8,18.0,73.0,80.0,80.0,2.0,314.88,306.78,95.91,96.43,D,D,0.53
86,0.781,6.5,0.03027,310.8,18.0,73.0,80.0,80.0,2.0,314.88,306.78,95.91,95.91,D,D,0.45
86,0.798,6.5,0.02931,310.6,18.0,73.0,80.0,80.0,2.0,314.88,306.38,95.91,95.37,D,D,0.32
86,0.78,6.5,0.02826,310.6,18.0,73.0,80.0,80.0,2.0,314.88,306.38,95.91,95.15,D,D,0.07
86,1.1,6.5,0.0285,308.0,18.0,73.0,80.0,80.0,2.0,314.88,301.05,95.91,95.71,D,D,0.63
86,1.212,6.5,0.03033,318.3,18.0,73.0,80.0,80.0,2.0,314.88,321.63,95.91,96.19,D,D,0.66
86,1.126,6.5,0.02742,318.3,18.0,73.0,80.0,80.0,2.0,314.88,321.63,95.91,96.61,D,D,0.47
86,1.185,6.5,0.02858,307.6,18.0,73.0,80.0,80.0,2.0,314.88,300.22,95.91,97.0,D,D,0.21
86,1.117,6.5,0.02829,295.4,18.0,73.0,80.0,80.0,2.0,314.88,275.82,95.91,97.02,D,D,0.09
86,1.904,6.5,0.03077,300.0,18.0,73.0,80.0,80.0,2.0,314.88,285.09,95.91,96.67,D,D,1.04
86,1.858,6.5,0.03256,296.6,18.0,73.0,80.0,80.0,2.0,314.88,278.32,95.91,95.63,D,D,1.05
86,1.772,6.5,0.02993,301.6,18.0,73.0,80.0,80.0,2.0,314.88,288.24,95.91,94.76,D,D,0.73
86,1.833,6.5,0.02785,300.5,18.0,73.0,80.0,80.0,2.0,314.88,286.03,95.91,94.16,D,D,0.23
86,2.173,6.5,0.03031,336.2,18.0,73.0,80.0,80.0,2.0,314.88,357.43,95.91,95.34,D,D,1.24
86,2.215,6.5,0.02533,322.0,18.0,73.0,80.0,80.0,2.0,314.88,329.08,95.91,96.4,D,D,1.22
86,2.219,6.5,0.02693,317.5,18.0,73.0,80.0,80.0,2.0,314.88,320.11,95.91,97.41,D,D,0.86
86,2.126,6.5,0.03042,305.0,18.0,73.0,80.0,80.0,2.0,314.88,295.17,95.91,97.89,D,D,0.33
86,2.114,6.5,0.02667,309.1,18.0,73.0,80.0,80.0,2.0,314.88,303.36,95.91,97.99,D,D,0.26
86,0.168,6.5,0.03181,309.4,18.0,73.0,80.0,80.0,2.0,309.41,309.41,95.86,95.98,D,D,0.06
86,0.322,6.5,0.02975,309.4,18.0,73.0,80.0,80.0,2.0,309.41,309.41,95.86,96.17,D,D,0.04
86,0.361,6.5,0.02909,309.4,18.0,73.0,80.0,80.0,2.0,309.41,309.41,95.86,96.21,D,D,0.01
86,0.394,6.5,0.03128,292.6,18.0,73.0,80.0,80.0,2.0,309.41,275.82,95.86,96.24,D,D,0.07
86,1.234,6.5,0.03253,308.1,18.0,73.0,80.0,80.0,2.0,309.41,306.78,95.86,96.43,D,D,0.65
86,0.994,6.5,0.03103,308.1,18.0,73.0,80.0,80.0,2.0,309.41,306.78,95.86,95.91,D,D,0.57
86,0.94,6.5,0.03006,307.9,18.0,73.0,80.0,80.0,2.0,309.41,306.38,95.86,95.37,D,D,0.44
86,0.815,6.5,0.02902,307.9,18.0,73.0,80.0,80.0,2.0,309.41,306.38,95.86,95.15,D,D,0.19
86,0.883,6.5,0.02925,305.2,18.0,73.0,80.0,80.0,2.0,309.41,301.05,95.86,95.71,D,D,0.51
86,1.02,6.5,0.03108,315.5,18.0,73.0,80.0,80.0,2.0,309.41,321.63,95.86,96.19,D,D,0.54
86,1.003,6.5,0.02818,315.5,18.0,73.0,80.0,80.0,2.0,309.41,321.63,95.86,96.61,D,D,0.35
86,1.165,6.5,0.02933,304.8,18.0,73.0,80.0,80.0,2.0,309.41,300.22,95.86,97.0,D,D,0.09
86,1.193,6.5,0.02904,292.6,18.0,73.0,80.0,80.0,2.0,309.41,275.82,95.86,97.02,D,D,0.21
86,2.117,6.5,0.03153,297.2,18.0,73.0,80.0,80.0,2.0,309.41,285.09,95.86,96.67,D,D,1.16
86,2.061,6.5,0.03331,293.9,18.0,73.0,80.0,80.0,2.0,309.41,278.32,95.86,95.63,D,D,1.17
86,1.91,6.5,0.03068,298.8,18.0,73.0,80.0,80.0,2.0,309.41,288.24,95.86,94.76,D,D,0.85
86,1.862,6.5,0.0286,297.7,18.0,73.0,80.0,80.0,2.0,309.41,286.03,95.86,94.16,D,D,0.35
86,1.956,6.5,0.03106,333.4,18.0,73.0,80.0,80.0,2.0,309.41,357.43,95.86,95.34,D,D,1.12
86,2.019,6.5,0.02608,319.2,18.0,73.0,80.0,80.0,2.0,309.41,329.08,95.86,96.4,D,D,1.1
86,2.102,6.5,0.02768,314.8,18.0,73.0,80.0,80.0,2.0,309.41,320.11,95.86,97.41,D,D,0.74
86,2.105,6.5,0.03117,302.3,18.0,73.0,80.0,80.0,2.0,309.41,295.17,95.86,97.89,D,D,0.21
86,2.196,6.5,0.02742,306.4,18.0,73.0,80.0,80.0,2.0,309.41,303.36,95.86,97.99,D,D,0.38
86,0.191,6.5,0.03016,309.4,18.0,73.0,80.0,80.0,2.0,309.41,309.41,95.98,96.17,D,D,0.02
86,0.268,6.5,0.0295,309.4,18.0,73.0,80.0,80.0,2.0,309.41,309.41,95.98,96.21,D,D,0.07
86,0.337,6.5,0.03169,292.6,18.0,73.0,80.0,80.0,2.0,309.41,275.82,95.98,96.24,D,D,0.13
86,1.293,6.5,0.03294,308.1,18.0,73.0,80.0,80.0,2.0,309.41,306.78,95.98,96.43,D,D,0.71
86,1.114,6.5,0.03144,308.1,18.0,73.0,80.0,80.0,2.0,309.41,306.78,95.98,95.91,D,D,0.63
86,1.104,6.5,0.03047,307.9,18.0,73.0,80.0,80.0,2.0,309.41,306.38,95.98,95.37,D,D,0.5
86,0.978,6.5,0.02943,307.9,18.0,73.0,80.0,80.0,2.0,309.41,306.38,95.98,95.15,D,D,0.25
86,0.8,6.5,0.02966,305.2,18.0,73.0,80.0,80.0,2.0,309.41,301.05,95.98,95.71,D,D,0.45
86,0.874,6.5,0.03149,315.5,18.0,73.0,80.0,80.0,2.0,309.41,321.63,95.98,96.19,D,D,0.48
86,0.836,6.5,0.02859,315.5,18.0,73.0,80.0,80.0,2.0,309.41,321.63,95.98,96.61,D,D,0.29
86,1.028,6.5,0.02974,304.8,18.0,73.0,80.0,80.0,2.0,309.41,300.22,95.98,97.0,D,D,0.03
86,1.114,6.5,0.02945,292.6,18.0,73.0,80.0,80.0,2.0,309.41,275.82,95.98,97.02,D,D,0.27
86,2.187,6.5,0.03194,297.2,18.0,73.0,80.0,80.0,2.0,309.41,285.09,95.98,96.67,D,D,1.22
86,2.196,6.5,0.03372,293.9,18.0,73.0,80.0,80.0,2.0,309.41,278.32,95.98,95.63,D,D,1.23
86,2.076,6.5,0.03109,298.8,18.0,73.0,80.0,80.0,2.0,309.41,288.24,95.98,94.76,D,D,0.91
86,2.019,6.5,0.02901,297.7,18.0,73.0,80.0,80.0,2.0,309.41,286.03,95.98,94.16,D,D,0.41
86,1.882,6.5,0.03147,333.4,18.0,73.0,80.0,80.0,2.0,309.41,357.43,95.98,95.34,D,D,1.06
86,1.876,6.5,0.02649,319.2,18.0,73.0,80.0,80.0,2.0,309.41,329.08,95.98,96.4,D,D,1.04
86,1.935,6.5,0.02809,314.8,18.0,73.0,80.0,80.0,2.0,309.41,320.11,95.98,97.41,D,D,0.68
86,1.961,6.5,0.03158,302.3,18.0,73.0,80.0,80.0,2.0,309.41,295.17,95.98,97.89,D,D,0.15
86,2.111,6.5,0.02783,306.4,18.0,73.0,80.0,80.0,2.0,309.41,303.36,95.98,97.99,D,D,0.44
86,0.102,6.5,0.02744,309.4,18.0,73.0,80.0,80.0,2.0,309.41,309.41,96.17,96.21,D,D,0.05
86,0.197,6.5,0.02963,292.6,18.0,73.0,80.0,80.0,2.0,309.41,275.82,96.17,96.24,D,D,0.11
86,1.211,6.5,0.03087,308.1,18.0,73.0,80.0,80.0,2.0,309.41,306.78,96.17,96.43,D,D,0.69
86,1.115,6.5,0.02938,308.1,18.0,73.0,80.0,80.0,2.0,309.41,306.78,96.17,95.91,D,D,0.61
86,1.2,6.5,0.02841,307.9,18.0,73.0,80.0,80.0,2.0,309.41,306.38,96.17,95.37,D,D,0.48
86,1.131,6.5,0.02737,307.9,18.0,73.0,80.0,80.0,2.0,309.41,306.38,96.17,95.15,D,D,0.23
86,0.906,6.5,0.0276,305.2,18.0,73.0,80.0,80.0,2.0,309.41,301.05,96.17,95.71,D,D,0.47
86,0.877,6.5,0.02943,315.5,18.0,73.0,80.0,80.0,2.0,309.41,321.63,96.17,96.19,D,D,0.5
86,0.724,6.5,0.02652,315.5,18.0,73.0,80.0,80.0,2.0,309.41,321.63,96.17,96.61,D,D,0.31
86,0.845,6.5,0.02768,304.8,18.0,73.0,80.0,80.0,2.0,309.41,300.22,96.17,97.0,D,D,0.05
86,0.928,6.5,0.02739,292.6,18.0,73.0,80.0,80.0,2.0,309.41,275.82,96.17,97.02,D,D,0.25
86,2.109,6.5,0.02987,297.2,18.0,73.0,80.0,80.0,2.0,309.41,285.09,96.17,96.67,D,D,1.2
86,2.209,6.5,0.03166,293.9,18.0,73.0,80.0,80.0,2.0,309.41,278.32,96.17,95.63,D,D,1.21
86,2.173,6.5,0.02903,298.8,18.0,73.0,80.0,80.0,2.0,309.41,288.24,96.17,94.76,D,D,0.89
86,2.182,6.5,0.02695,297.7,18.0,73.0,80.0,80.0,2.0,309.41,286.03,96.17,94.16,D,D,0.39
86,1.982,6.5,0.02941,333.4,18.0,73.0,80.0,80.0,2.0,309.41,357.43,96.17,95.34,D,D,1.08
86,1.872,6.5,0.02443,319.2,18.0,73.0,80.0,80.0,2.0,309.41,329.08,96.17,96.4,D,D,1.06
86,1.818,6.5,0.02603,314.8,18.0,73.0,80.0,80.0,2.0,309.41,320.11,96.17,97.41,D,D,0.7
86,1.783,6.5,0.02952,302.3,18.0,73.0,80.0,80.0,2.0,309.41,295.17,96.17,97.89,D,D,0.17
86,1.922,6.5,0.02577,306.4,18.0,73.0,80.0,80.0,2.0,309.41,303.36,96.17,97.99,D,D,0.42
86,0.097,6.5,0.02897,292.6,18.0,73.0,80.0,80.0,2.0,309.41,275.82,96.21,96.24,D,D,0.06
86,1.114,6.5,0.03021,308.1,18.0,73.0,80.0,80.0,2.0,309.41,306.78,96.21,96.43,D,D,0.64
86,1.044,6.5,0.02872,308.1,18.0,73.0,80.0,80.0,2.0,309.41,306.78,96.21,95.91,D,D,0.56
86,1.173,6.5,0.02775,307.9,18.0,73.0,80.0,80.0,2.0,309.41,306.38,96.21,95.37,D,D,0.43
86,1.145,6.5,0.02671,307.9,18.0,73.0,80.0,80.0,2.0,309.41,306.38,96.21,95.15,D,D,0.18
86,1.008,6.5,0.02694,305.2,18.0,73.0,80.0,80.0,2.0,309.41,301.05,96.21,95.71,D,D,0.52
86,0.965,6.5,0.02877,315.5,18.0,73.0,80.0,80.0,2.0,309.41,321.63,96.21,96.19,D,D,0.55
86,0.768,6.5,0.02586,315.5,18.0,73.0,80.0,80.0,2.0,309.41,321.63,96.21,96.61,D,D,0.36
86,0.815,6.5,0.02702,304.8,18.0,73.0,80.0,80.0,2.0,309.41,300.22,96.21,97.0,D,D,0.1
86,0.848,6.5,0.02673,292.6,18.0,73.0,80.0,80.0,2.0,309.41,275.82,96.21,97.02,D,D,0.2
86,2.012,6.5,0.02922,297.2,18.0,73.0,80.0,80.0,2.0,309.41,285.09,96.21,96.67,D,D,1.15
86,2.138,6.5,0.031,293.9,18.0,73.0,80.0,80.0,2.0,309.41,278.32,96.21,95.63,D,D,1.16
86,2.143,6.5,0.02837,298.8,18.0,73.0,80.0,80.0,2.0,309.41,288.24,96.21,94.76,D,D,0.84
86,2.199,6.5,0.02629,297.7,18.0,73.0,80.0,80.0,2.0,309.41,286.03,96.21,94.16,D,D,0.34
86,2.084,6.5,0.02875,333.4,18.0,73.0,80.0,80.0,2.0,309.41,357.43,96.21,95.34,D,D,1.13
86,1.955,6.5,0.02377,319.2,18.0,73.0,80.0,80.0,2.0,309.41,329.08,96.21,96.4,D,D,1.11
86,1.849,6.5,0.02537,314.8,18.0,73.0,80.0,80.0,2.0,309.41,320.11,96.21,97.41,D,D,0.75
86,1.757,6.5,0.02886,302.3,18.0,73.0,80.0,80.0,2.0,309.41,295.17,96.21,97.89,D,D,0.22
86,1.847,6.5,0.02511,306.4,18.0,73.0,80.0,80.0,2.0,309.41,303.36,96.21,97.99,D,D,0.37
86,1.017,6.5,0.03241,291.3,18.0,73.0,80.0,80.0,2.0,275.82,306.78,96.24,96.43,D,D,0.58
86,0.962,6.5,0.03091,291.3,18.0,73.0,80.0,80.0,2.0,275.82,306.78,96.24,95.91,D,D,0.5
86,1.129,6.5,0.02995,291.1,18.0,73.0,80.0,80.0,2.0,275.82,306.38,96.24,95.37,D,D,0.37
86,1.138,6.5,0.0289,291.1,18.0,73.0,80.0,80.0,2.0,275.82,306.38,96.24,95.15,D,D,0.12
86,1.102,6.5,0.02913,288.4,18.0,73.0,80.0,80.0,2.0,275.82,301.05,96.24,95.71,D,D,0.58
86,1.061,6.5,0.03096,298.7,18.0,73.0,80.0,80.0,2.0,275.82,321.63,96.24,96.19,D,D,0.61
86,0.84,6.5,0.02806,298.7,18.0,73.0,80.0,80.0,2.0,275.82,321.63,96.24,96.61,D,D,0.42
86,0.827,6.5,0.02922,288.0,18.0,73.0,80.0,80.0,2.0,275.82,300.22,96.24,97.0,D,D,0.16
86,0.799,6.5,0.02893,275.8,18.0,73.0,80.0,80.0,2.0,275.82,275.82,96.24,97.02,D,D,0.14
86,1.914,6.5,0.03141,280.5,18.0,73.0,80.0,80.0,2.0,275.82,285.09,96.24,96.67,D,D,1.09
86,2.055,6.5,0.0332,277.1,18.0,73.0,80.0,80.0,2.0,275.82,278.32,96.24,95.63,D,D,1.1
86,2.092,6.5,0.03056,282.0,18.0,73.0,80.0,80.0,2.0,275.82,288.24,96.24,94.76,D,D,0.78
86,2.191,6.5,0.02848,280.9,18.0,73.0,80.0,80.0,2.0,275.82,286.03,96.24,94.16,D,D,0.28
86,2.179,6.5,0.03095,316.6,18.0,73.0,80.0,80.0,2.0,275.82,357.43,96.24,95.34,D,D,1.19
86,2.048,6.5,0.02596,302.4,18.0,73.0,80.0,80.0,2.0,275.82,329.08,96.24,96.4,D,D,1.17
86,1.908,6.5,0.02756,298.0,18.0,73.0,80.0,80.0,2.0,275.82,320.11,96.24,97.41,D,D,0.81
86,1.767,6.5,0.03106,285.5,18.0,73.0,80.0,80.0,2.0,275.82,295.17,96.24,97.89,D,D,0.28
86,1.802,6.5,0.02731,289.6,18.0,73.0,80.0,80.0,2.0,275.82,303.36,96.24,97.99,D,D,0.31
86,0.543,6.5,0.03215,306.8,18.0,73.0,80.0,80.0,2.0,306.78,306.78,96.43,95.91,D,D,0.08
86,1.115,6.5,0.03119,306.6,18.0,73.0,80.0,80.0,2.0,306.78,306.38,96.43,95.37,D,D,0.21
86,1.468,6.5,0.03014,306.6,18.0,73.0,80.0,80.0,2.0,306.78,306.38,96.43,95.15,D,D,0.46
86,2.092,6.5,0.03038,303.9,18.0,73.0,80.0,80.0,2.0,306.78,301.05,96.43,95.71,D,D,1.16
86,2.073,6.5,0.03221,314.2,18.0,73.0,80.0,80.0,2.0,306.78,321.63,96.43,96.19,D,D,1.19
86,1.762,6.5,0.0293,314.2,18.0,73.0,80.0,80.0,2.0,306.78,321.63,96.43,96.61,D,D,1.0
86,1.446,6.5,0.03046,303.5,18.0,73.0,80.0,80.0,2.0,306.78,300.22,96.43,97.0,D,D,0.74
86,0.995,6.5,0.03017,291.3,18.0,73.0,80.0,80.0,2.0,306.78,275.82,96.43,97.02,D,D,0.44
86,0.898,6.5,0.03265,295.9,18.0,73.0,80.0,80.0,2.0,306.78,285.09,96.43,96.67,D,D,0.51
86,1.267,6.5,0.03444,292.5,18.0,73.0,80.0,80.0,2.0,306.78,278.32,96.43,95.63,D,D,0.52
86,1.759,6.5,0.03181,297.5,18.0,73.0,80.0,80.0,2.0,306.78,288.24,96.43,94.76,D,D,0.2
86,2.321,6.5,0.02973,296.4,18.0,73.0,80.0,80.0,2.0,306.78,286.03,96.43,94.16,D,D,0.3
86,3.175,6.5,0.03219,332.1,18.0,73.0,80.0,80.0,2.0,306.78,357.43,96.43,95.34,D,D,1.77
86,3.042,6.5,0.02721,317.9,18.0,73.0,80.0,80.0,2.0,306.78,329.08,96.43,96.4,D,D,1.75
86,2.687,6.5,0.02881,313.4,18.0,73.0,80.0,80.0,2.0,306.78,320.11,96.43,97.41,D,D,1.39
86,2.18,6.5,0.0323,301.0,18.0,73.0,80.0,80.0,2.0,306.78,295.17,96.43,97.89,D,D,0.86
86,1.67,6.5,0.02855,305.1,18.0,73.0,80.0,80.0,2.0,306.78,303.36,96.43,97.99,D,D,0.27
86,0.576,6.5,0.02969,306.6,18.0,73.0,80.0,80.0,2.0,306.78,306.38,95.91,95.37,D,D,0.13
86,0.967,6.5,0.02865,306.6,18.0,73.0,80.0,80.0,2.0,306.78,306.38,95.91,95.15,D,D,0.38
86,1.873,6.5,0.02888,303.9,18.0,73.0,80.0,80.0,2.0,306.78,301.05,95.91,95.71,D,D,1.08
86,1.98,6.5,0.03071,314.2,18.0,73.0,80.0,80.0,2.0,306.78,321.63,95.91,96.19,D,D,1.11
86,1.801,6.5,0.0278,314.2,18.0,73.0,80.0,80.0,2.0,306.78,321.63,95.91,96.61,D,D,0.92
86,1.651,6.5,0.02896,303.5,18.0,73.0,80.0,80.0,2.0,306.78,300.22,95.91,97.0,D,D,0.66
86,1.322,6.5,0.02867,291.3,18.0,73.0,80.0,80.0,2.0,306.78,275.82,95.91,97.02,D,D,0.36
86,1.226,6.5,0.03115,295.9,18.0,73.0,80.0,80.0,2.0,306.78,285.09,95.91,96.67,D,D,0.59
86,1.094,6.5,0.03294,292.5,18.0,73.0,80.0,80.0,2.0,306.78,278.32,95.91,95.63,D,D,0.6
86,1.29,6.5,0.03031,297.5,18.0,73.0,80.0,80.0,2.0,306.78,288.24,95.91,94.76,D,D,0.28
86,1.779,6.5,0.02823,296.4,18.0,73.0,80.0,80.0,2.0,306.78,286.03,95.91,94.16,D,D,0.22
86,2.932,6.5,0.03069,332.1,18.0,73.0,80.0,80.0,2.0,306.78,357.43,95.91,95.34,D,D,1.69
86,2.982,6.5,0.02571,317.9,18.0,73.0,80.0,80.0,2.0,306.78,329.08,95.91,96.4,D,D,1.67
86,2.841,6.5,0.02731,313.4,18.0,73.0,80.0,80.0,2.0,306.78,320.11,95.91,97.41,D,D,1.31
86,2.508,6.5,0.0308,301.0,18.0,73.0,80.0,80.0,2.0,306.78,295.17,95.91,97.89,D,D,0.78
86,2.153,6.5,0.02705,305.1,18.0,73.0,80.0,80.0,2.0,306.78,303.36,95.91,97.99,D,D,0.19
86,0.459,6.5,0.02768,306.4,18.0,73.0,80.0,80.0,2.0,306.38,306.38,95.37,95.15,D,D,0.25
86,1.703,6.5,0.02791,303.7,18.0,73.0,80.0,80.0,2.0,306.38,301.05,95.37,95.71,D,D,0.95
86,1.947,6.5,0.02975,314.0,18.0,73.0,80.0,80.0,2.0,306.38,321.63,95.37,96.19,D,D,0.98
86,1.923,6.5,0.02684,314.0,18.0,73.0,80.0,80.0,2.0,306.38,321.63,95.37,96.61,D,D,0.79
86,1.94,6.5,0.028,303.3,18.0,73.0,80.0,80.0,2.0,306.38,300.22,95.37,97.0,D,D,0.53
86,1.735,6.5,0.02771,291.1,18.0,73.0,80.0,80.0,2.0,306.38,275.82,95.37,97.02,D,D,0.23
86,1.74,6.5,0.03019,295.7,18.0,73.0,80.0,80.0,2.0,306.38,285.09,95.37,96.67,D,D,0.72
86,1.272,6.5,0.03198,292.4,18.0,73.0,80.0,80.0,2.0,306.38,278.32,95.37,95.63,D,D,0.73
86,0.974,6.5,0.02934,297.3,18.0,73.0,80.0,80.0,2.0,306.38,288.24,95.37,94.76,D,D,0.41
86,1.219,6.5,0.02726,296.2,18.0,73.0,80.0,80.0,2.0,306.38,286.03,95.37,94.16,D,D,0.09
86,2.676,6.5,0.02973,331.9,18.0,73.0,80.0,80.0,2.0,306.38,357.43,95.37,95.34,D,D,1.56
86,2.931,6.5,0.02474,317.7,18.0,73.0,80.0,80.0,2.0,306.38,329.08,95.37,96.4,D,D,1.54
86,3.018,6.5,0.02634,313.2,18.0,73.0,80.0,80.0,2.0,306.38,320.11,95.37,97.41,D,D,1.18
86,2.861,6.5,0.02984,300.8,18.0,73.0,80.0,80.0,2.0,306.38,295.17,95.37,97.89,D,D,0.65
86,2.654,6.5,0.02609,304.9,18.0,73.0,80.0,80.0,2.0,306.38,303.36,95.37,97.99,D,D,0.06
86,1.382,6.5,0.02687,303.7,18.0,73.0,80.0,80.0,2.0,306.38,301.05,95.15,95.71,D,D,0.7
86,1.712,6.5,0.0287,314.0,18.0,73.0,80.0,80.0,2.0,306.38,321.63,95.15,96.19,D,D,0.73
86,1.808,6.5,0.02579,314.0,18.0,73.0,80.0,80.0,2.0,306.38,321.63,95.15,96.61,D,D,0.54
86,1.96,6.5,0.02695,303.3,18.0,73.0,80.0,80.0,2.0,306.38,300.22,95.15,97.0,D,D,0.28
86,1.876,6.5,0.02666,291.1,18.0,73.0,80.0,80.0,2.0,306.38,275.82,95.15,97.02,D,D,0.02
86,2.177,6.5,0.02915,295.7,18.0,73.0,80.0,80.0,2.0,306.38,285.09,95.15,96.67,D,D,0.97
86,1.715,6.5,0.03093,292.4,18.0,73.0,80.0,80.0,2.0,306.38,278.32,95.15,95.63,D,D,0.98
86,1.223,6.5,0.0283,297.3,18.0,73.0,80.0,80.0,2.0,306.38,288.24,95.15,94.76,D,D,0.66
86,1.055,6.5,0.02622,296.2,18.0,73.0,80.0,80.0,2.0,306.38,286.03,95.15,94.16,D,D,0.16
86,2.278,6.5,0.02868,331.9,18.0,73.0,80.0,80.0,2.0,306.38,357.43,95.15,95.34,D,D,1.31
86,2.649,6.5,0.0237,317.7,18.0,73.0,80.0,80.0,2.0,306.38,329.08,95.15,96.4,D,D,1.29
86,2.901,6.5,0.0253,313.2,18.0,73.0,80.0,80.0,2.0,306.38,320.11,95.15,97.41,D,D,0.93
86,2.902,6.5,0.02879,300.8,18.0,73.0,80.0,80.0,2.0,306.38,295.17,95.15,97.89,D,D,0.4
86,2.855,6.5,0.02504,304.9,18.0,73.0,80.0,80.0,2.0,306.38,303.36,95.15,97.99,D,D,0.19
86,0.489,6.5,0.02893,311.3,18.0,73.0,80.0,80.0,2.0,301.05,321.63,95.71,96.19,D,D,0.03
86,0.93,6.5,0.02603,311.3,18.0,73.0,80.0,80.0,2.0,301.05,321.63,95.71,96.61,D,D,0.16
86,1.438,6.5,0.02719,300.6,18.0,73.0,80.0,80.0,2.0,301.05,300.22,95.71,97.0,D,D,0.42
86,1.747,6.5,0.02689,288.4,18.0,73.0,80.0,80.0,2.0,301.05,275.82,95.71,97.02,D,D,0.72
86,2.986,6.5,0.02938,293.1,18.0,73.0,80.0,80.0,2.0,301.05,285.09,95.71,96.67,D,D,1.67
86,2.917,6.5,0.03116,289.7,18.0,73.0,80.0,80.0,2.0,301.05,278.32,95.71,95.63,D,D,1.68
86,2.603,6.5,0.02853,294.6,18.0,73.0,80.0,80.0,2.0,301.05,288.24,95.71,94.76,D,D,1.36
86,2.233,6.5,0.02645,293.5,18.0,73.0,80.0,80.0,2.0,301.05,286.03,95.71,94.16,D,D,0.86
86,1.083,6.5,0.02891,329.2,18.0,73.0,80.0,80.0,2.0,301.05,357.43,95.71,95.34,D,D,0.61
86,1.274,6.5,0.02393,315.1,18.0,73.0,80.0,80.0,2.0,301.05,329.08,95.71,96.4,D,D,0.59
86,1.795,6.5,0.02553,310.6,18.0,73.0,80.0,80.0,2.0,301.05,320.11,95.71,97.41,D,D,0.23
86,2.217,6.5,0.02902,298.1,18.0,73.0,80.0,80.0,2.0,301.05,295.17,95.71,97.89,D,D,0.3
86,2.669,6.5,0.02528,302.2,18.0,73.0,80.0,80.0,2.0,301.05,303.36,95.71,97.99,D,D,0.89
86,0.525,6.5,0.02786,321.6,18.0,73.0,80.0,80.0,2.0,321.63,321.63,96.19,96.61,D,D,0.19
86,1.09,6.5,0.02902,310.9,18.0,73.0,80.0,80.0,2.0,321.63,300.22,96.19,97.0,D,D,0.45
86,1.502,6.5,0.02873,298.7,18.0,73.0,80.0,80.0,2.0,321.63,275.82,96.19,97.02,D,D,0.75
86,2.966,6.5,0.03121,303.4,18.0,73.0,80.0,80.0,2.0,321.63,285.09,96.19,96.67,D,D,1.7
86,3.068,6.5,0.03299,300.0,18.0,73.0,80.0,80.0,2.0,321.63,278.32,96.19,95.63,D,D,1.71
86,2.9,6.5,0.03036,304.9,18.0,73.0,80.0,80.0,2.0,321.63,288.24,96.19,94.76,D,D,1.39
86,2.652,6.5,0.02828,303.8,18.0,73.0,80.0,80.0,2.0,321.63,286.03,96.19,94.16,D,D,0.89
86,1.263,6.5,0.03075,339.5,18.0,73.0,80.0,80.0,2.0,321.63,357.43,96.19,95.34,D,D,0.58
86,1.003,6.5,0.02576,325.4,18.0,73.0,80.0,80.0,2.0,321.63,329.08,96.19,96.4,D,D,0.56
86,1.31,6.5,0.02736,320.9,18.0,73.0,80.0,80.0,2.0,321.63,320.11,96.19,97.41,D,D,0.2
86,1.766,6.5,0.03086,308.4,18.0,73.0,80.0,80.0,2.0,321.63,295.17,96.19,97.89,D,D,0.33
86,2.33,6.5,0.02711,312.5,18.0,73.0,80.0,80.0,2.0,321.63,303.36,96.19,97.99,D,D,0.92
86,0.571,6.5,0.02611,310.9,18.0,73.0,80.0,80.0,2.0,321.63,300.22,96.61,97.0,D,D,0.26
86,1.028,6.5,0.02582,298.7,18.0,73.0,80.0,80.0,2.0,321.63,275.82,96.61,97.02,D,D,0.56
86,2.624,6.5,0.0283,303.4,18.0,73.0,80.0,80.0,2.0,321.63,285.09,96.61,96.67,D,D,1.51
86,2.889,6.5,0.03009,300.0,18.0,73.0,80.0,80.0,2.0,321.63,278.32,96.61,95.63,D,D,1.52
86,2.897,6.5,0.02746,304.9,18.0,73.0,80.0,80.0,2.0,321.63,288.24,96.61,94.76,D,D,1.2
86,2.832,6.5,0.02538,303.8,18.0,73.0,80.0,80.0,2.0,321.63,286.03,96.61,94.16,D,D,0.7
86,1.781,6.5,0.02784,339.5,18.0,73.0,80.0,80.0,2.0,321.63,357.43,96.61,95.34,D,D,0.77
86,1.31,6.5,0.02286,325.4,18.0,73.0,80.0,80.0,2.0,321.63,329.08,96.61,96.4,D,D,0.75
86,1.099,6.5,0.02446,320.9,18.0,73.0,80.0,80.0,2.0,321.63,320.11,96.61,97.41,D,D,0.39
86,1.29,6.5,0.02795,308.4,18.0,73.0,80.0,80.0,2.0,321.63,295.17,96.61,97.89,D,D,0.14
86,1.806,6.5,0.0242,312.5,18.0,73.0,80.0,80.0,2.0,321.63,303.36,96.61,97.99,D,D,0.73
86,0.524,6.5,0.02698,288.0,18.0,73.0,80.0,80.0,2.0,300.22,275.82,97.0,97.02,D,D,0.3
86,2.23,6.5,0.02946,292.7,18.0,73.0,80.0,80.0,2.0,300.22,285.09,97.0,96.67,D,D,1.25
86,2.678,6.5,0.03125,289.3,18.0,73.0,80.0,80.0,2.0,300.22,278.32,97.0,95.63,D,D,1.26
86,2.883,6.5,0.02862,294.2,18.0,73.0,80.0,80.0,2.0,300.22,288.24,97.0,94.76,D,D,0.94
86,3.014,6.5,0.02654,293.1,18.0,73.0,80.0,80.0,2.0,300.22,286.03,97.0,94.16,D,D,0.44
86,2.351,6.5,0.029,328.8,18.0,73.0,80.0,80.0,2.0,300.22,357.43,97.0,95.34,D,D,1.03
86,1.818,6.5,0.02402,314.6,18.0,73.0,80.0,80.0,2.0,300.22,329.08,97.0,96.4,D,D,1.01
86,1.243,6.5,0.02562,310.2,18.0,73.0,80.0,80.0,2.0,300.22,320.11,97.0,97.41,D,D,0.65
86,0.942,6.5,0.02911,297.7,18.0,73.0,80.0,80.0,2.0,300.22,295.17,97.0,97.89,D,D,0.12
86,1.242,6.5,0.02536,301.8,18.0,73.0,80.0,80.0,2.0,300.22,303.36,97.0,97.99,D,D,0.47
86,1.718,6.5,0.02917,280.5,18.0,73.0,80.0,80.0,2.0,275.82,285.09,97.02,96.67,D,D,0.95
86,2.259,6.5,0.03096,277.1,18.0,73.0,80.0,80.0,2.0,275.82,278.32,97.02,95.63,D,D,0.96
86,2.607,6.5,0.02832,282.0,18.0,73.0,80.0,80.0,2.0,275.82,288.24,97.02,94.76,D,D,0.64
86,2.907,6.5,0.02624,280.9,18.0,73.0,80.0,80.0,2.0,275.82,286.03,97.02,94.16,D,D,0.14
86,2.754,6.5,0.02871,316.6,18.0,73.0,80.0,80.0,2.0,275.82,357.43,97.02,95.34,D,D,1.33
86,2.323,6.5,0.02372,302.4,18.0,73.0,80.0,80.0,2.0,275.82,329.08,97.02,96.4,D,D,1.31
86,1.741,6.5,0.02533,298.0,18.0,73.0,80.0,80.0,2.0,275.82,320.11,97.02,97.41,D,D,0.95
86,1.196,6.5,0.02882,285.5,18.0,73.0,80.0,80.0,2.0,275.82,295.17,97.02,97.89,D,D,0.42
86,1.003,6.5,0.02507,289.6,18.0,73.0,80.0,80.0,2.0,275.82,303.36,97.02,97.99,D,D,0.17
86,1.052,6.5,0.03344,281.7,18.0,73.0,80.0,80.0,2.0,285.09,278.32,96.67,95.63,D,D,0.01
86,1.961,6.5,0.03081,286.7,18.0,73.0,80.0,80.0,2.0,285.09,288.24,96.67,94.76,D,D,0.31
86,2.797,6.5,0.02873,285.6,18.0,73.0,80.0,80.0,2.0,285.09,286.03,96.67,94.16,D,D,0.81
86,4.068,6.5,0.03119,321.3,18.0,73.0,80.0,80.0,2.0,285.09,357.43,96.67,95.34,D,D,2.28
86,3.922,6.5,0.02621,307.1,18.0,73.0,80.0,80.0,2.0,285.09,329.08,96.67,96.4,D,D,2.26
86,3.459,6.5,0.02781,302.6,18.0,73.0,80.0,80.0,2.0,285.09,320.11,96.67,97.41,D,D,1.9
86,2.783,6.5,0.0313,290.1,18.0,73.0,80.0,80.0,2.0,285.09,295.17,96.67,97.89,D,D,1.37
86,1.988,6.5,0.02755,294.2,18.0,73.0,80.0,80.0,2.0,285.09,303.36,96.67,97.99,D,D,0.78
86,1.001,6.5,0.03259,283.3,18.0,73.0,80.0,80.0,2.0,278.32,288.24,95.63,94.76,D,D,0.32
86,1.968,6.5,0.03051,282.2,18.0,73.0,80.0,80.0,2.0,278.32,286.03,95.63,94.16,D,D,0.82
86,3.935,6.5,0.03298,317.9,18.0,73.0,80.0,80.0,2.0,278.32,357.43,95.63,95.34,D,D,2.29
86,4.071,6.5,0.02799,303.7,18.0,73.0,80.0,80.0,2.0,278.32,329.08,95.63,96.4,D,D,2.27
86,3.903,6.5,0.02959,299.2,18.0,73.0,80.0,80.0,2.0,278.32,320.11,95.63,97.41,D,D,1.91
86,3.447,6.5,0.03309,286.7,18.0,73.0,80.0,80.0,2.0,278.32,295.17,95.63,97.89,D,D,1.38
86,2.85,6.5,0.02934,290.8,18.0,73.0,80.0,80.0,2.0,278.32,303.36,95.63,97.99,D,D,0.79
86,1.012,6.5,0.02788,287.1,18.0,73.0,80.0,80.0,2.0,288.24,286.03,94.76,94.16,D,D,0.5
86,3.472,6.5,0.03034,322.8,18.0,73.0,80.0,80.0,2.0,288.24,357.43,94.76,95.34,D,D,1.97
86,3.863,6.5,0.02536,308.7,18.0,73.0,80.0,80.0,2.0,288.24,329.08,94.76,96.4,D,D,1.95
86,3.991,6.5,0.02696,304.2,18.0,73.0,80.0,80.0,2.0,288.24,320.11,94.76,97.41,D,D,1.59
86,3.779,6.5,0.03045,291.7,18.0,73.0,80.0,80.0,2.0,288.24,295.17,94.76,97.89,D,D,1.06
86,3.425,6.5,0.02671,295.8,18.0,73.0,80.0,80.0,2.0,288.24,303.36,94.76,97.99,D,D,0.47
86,2.854,6.5,0.02826,321.7,18.0,73.0,80.0,80.0,2.0,286.03,357.43,94.16,95.34,D,D,1.47
86,3.488,6.5,0.02328,307.6,18.0,73.0,80.0,80.0,2.0,286.03,329.08,94.16,96.4,D,D,1.45
86,3.909,6.5,0.02488,303.1,18.0,73.0,80.0,80.0,2.0,286.03,320.11,94.16,97.41,D,D,1.09
86,3.956,6.5,0.02837,290.6,18.0,73.0,80.0,80.0,2.0,286.03,295.17,94.16,97.89,D,D,0.56
86,3.86,6.5,0.02463,294.7,18.0,73.0,80.0,80.0,2.0,286.03,303.36,94.16,97.99,D,D,0.03
86,1.071,6.5,0.02574,343.3,18.0,73.0,80.0,80.0,2.0,357.43,329.08,95.34,96.4,D,D,0.02
86,2.156,6.5,0.02734,338.8,18.0,73.0,80.0,80.0,2.0,357.43,320.11,95.34,97.41,D,D,0.38
86,2.916,6.5,0.03084,326.3,18.0,73.0,80.0,80.0,2.0,357.43,295.17,95.34,97.89,D,D,0.91
86,3.586,6.5,0.02709,330.4,18.0,73.0,80.0,80.0,2.0,357.43,303.36,95.34,97.99,D,D,1.5
86,1.169,6.5,0.02236,324.6,18.0,73.0,80.0,80.0,2.0,329.08,320.11,96.4,97.41,D,D,0.36
86,2.079,6.5,0.02585,312.1,18.0,73.0,80.0,80.0,2.0,329.08,295.17,96.4,97.89,D,D,0.89
86,2.935,6.5,0.02211,316.2,18.0,73.0,80.0,80.0,2.0,329.08,303.36,96.4,97.99,D,D,1.48
86,1.005,6.5,0.02746,307.6,18.0,73.0,80.0,80.0,2.0,320.11,295.17,97.41,97.89,D,D,0.53
86,1.996,6.5,0.02371,311.7,18.0,73.0,80.0,80.0,2.0,320.11,303.36,97.41,97.99,D,D,1.12
86,1.031,6.5,0.0272,299.3,18.0,73.0,80.0,80.0,2.0,295.17,303.36,97.89,97.99,D,D,0.59
87,0.0,6.88,0.04148,445.7,16.0,152.0,52.0,-70.0,1.0,445.66,445.66,100.22,100.22,C,C,0.0
87,0.678,6.88,0.05492,280.0,16.0,152.0,52.0,-70.0,1.0,279.97,279.97,82.6,83.0,D,D,0.38
87,3.01,6.88,0.03558,302.1,16.0,152.0,52.0,-70.0,1.0,279.97,324.2,82.6,79.59,D,D,0.14
87,2.615,6.88,0.0317,302.1,16.0,152.0,52.0,-70.0,1.0,279.97,324.2,82.6,80.0,D,D,0.02
87,4.972,6.88,0.05957,327.7,16.0,152.0,52.0,-70.0,1.0,279.97,375.38,83.0,87.69,D,C,0.69
87,3.426,6.88,0.04896,302.1,16.0,152.0,52.0,-70.0,1.0,279.97,324.2,83.0,79.59,D,D,0.52
87,3.01,6.88,0.04508,302.1,16.0,152.0,52.0,-70.0,1.0,279.97,324.2,83.0,80.0,D,D,0.4
87,0.426,6.88,0.02574,324.2,16.0,152.0,52.0,-70.0,1.0,324.2,324.2,79.59,80.0,D,D,0.12
90,0.355,6.19,0.09242,1078.9,8.5,148.0,90.0,180.0,0.0,729.65,1428.14,14.84,14.91,C,B,0.51
90,1.462,6.19,0.14087,500.2,8.5,148.0,90.0,180.0,0.0,729.65,270.84,14.84,13.69,C,D,1.97
90,3.241,6.19,0.15298,539.8,8.5,148.0,90.0,180.0,0.0,729.65,349.85,14.84,13.02,C,D,4.76
90,1.738,6.19,0.1255,849.5,8.5,148.0,90.0,180.0,0.0,1428.14,270.84,14.91,13.69,B,D,2.48
90,3.557,6.19,0.13761,889.0,8.5,148.0,90.0,180.0,0.0,1428.14,349.85,14.91,13.02,B,D,5.27
90,1.861,6.19,0.18606,310.3,8.5,148.0,90.0,180.0,0.0,270.84,349.85,13.69,13.02,D,D,2.79
90,3.685,6.19,0.23355,246.3,8.5,148.0,90.0,180.0,0.0,270.84,221.78,13.69,11.54,D,D,5.46
90,1.992,6.19,0.24566,285.8,8.5,148.0,90.0,180.0,0.0,349.85,221.78,13.02,11.54,D,D,2.67
90,4.372,6.19,0.28018,442.5,8.5,148.0,90.0,180.0,0.0,221.78,663.31,11.54,9.87,D,C,6.67
90,4.506,6.19,0.20443,498.6,8.5,148.0,90.0,180.0,0.0,663.31,333.85,9.87,12.07,C,D,4.43
90,4.381,6.19,0.07269,207.2,8.5,148.0,90.0,180.0,0.0,198.77,215.54,30.76,26.43,D,D,0.98
90,4.752,6.19,0.07297,371.2,8.5,148.0,90.0,180.0,0.0,198.77,543.63,30.76,31.88,D,C,4.71
90,4.752,6.19,0.06869,371.2,8.5,148.0,90.0,180.0,0.0,198.77,543.63,30.76,31.88,D,C,4.71
90,0.0,6.19,0.07153,543.6,8.5,148.0,90.0,180.0,0.0,543.63,543.63,31.88,31.88,C,C,0.0
91,0.0,5.8,0.06395,247.6,14.0,123.0,48.0,-96.0,1.0,266.41,228.85,51.29,51.29,D,D,0.0
91,1.892,5.8,0.0689,468.8,14.0,123.0,48.0,-96.0,1.0,460.31,477.35,31.23,30.06,C,C,2.94
95,0.193,5.8,0.0873,292.6,3.3,248.9,61.5,-90.0,1.0,309.41,275.82,41.73,41.74,D,D,0.24
95,0.204,5.8,0.05362,309.4,3.3,248.9,61.5,-90.0,1.0,309.41,309.41,41.73,41.71,D,D,0.26
95,0.956,5.8,0.05186,288.9,3.3,248.9,61.5,-90.0,1.0,309.41,268.37,41.73,41.82,D,D,1.22
95,1.024,5.8,0.06924,318.5,3.3,248.9,61.5,-90.0,1.0,309.41,327.61,41.73,41.7,D,D,1.31
95,2.086,5.8,0.05968,288.5,3.3,248.9,61.5,-90.0,1.0,309.41,267.67,41.73,41.99,D,D,2.65
95,1.984,5.8,0.06094,311.9,3.3,248.9,61.5,-90.0,1.0,309.41,314.33,41.73,41.44,D,D,2.53
95,0.202,5.8,0.0836,309.4,3.3,248.9,61.5,-90.0,1.0,309.41,309.41,41.73,41.62,D,D,0.21
95,0.222,5.8,0.06467,312.1,3.3,248.9,61.5,-90.0,1.0,309.41,314.88,41.73,41.55,D,D,0.15
95,0.227,5.8,0.08992,312.1,3.3,248.9,61.5,-90.0,1.0,309.41,314.88,41.73,41.5,D,D,0.01
95,0.218,5.8,0.06675,309.4,3.3,248.9,61.5,-90.0,1.0,309.41,309.41,41.73,41.52,D,D,0.11
95,0.199,5.8,0.059,309.4,3.3,248.9,61.5,-90.0,1.0,309.41,309.41,41.73,41.61,D,D,0.22
95,0.176,5.8,0.05506,309.4,3.3,248.9,61.5,-90.0,1.0,309.41,309.41,41.73,41.78,D,D,0.21
95,0.184,5.8,0.0576,309.4,3.3,248.9,61.5,-90.0,1.0,309.41,309.41,41.73,41.88,D,D,0.14
95,0.172,5.8,0.07408,309.4,3.3,248.9,61.5,-90.0,1.0,309.41,309.41,41.73,41.88,D,D,0.1
95,0.196,5.8,0.07039,292.6,3.3,248.9,61.5,-90.0,1.0,309.41,275.82,41.73,41.83,D,D,0.22
95,1.117,5.8,0.0693,308.1,3.3,248.9,61.5,-90.0,1.0,309.41,306.78,41.73,41.3,D,D,1.28
95,0.963,5.8,0.05492,308.1,3.3,248.9,61.5,-90.0,1.0,309.41,306.78,41.73,40.98,D,D,0.72
95,1.025,5.8,0.08933,307.9,3.3,248.9,61.5,-90.0,1.0,309.41,306.38,41.73,40.71,D,D,0.04
95,0.974,5.8,0.06394,307.9,3.3,248.9,61.5,-90.0,1.0,309.41,306.38,41.73,40.83,D,D,0.53
95,1.017,5.8,0.06102,308.9,3.3,248.9,61.5,-90.0,1.0,309.41,308.39,41.73,41.15,D,D,1.11
95,1.017,5.8,0.06054,315.5,3.3,248.9,61.5,-90.0,1.0,309.41,321.63,41.73,42.51,D,D,0.77
95,0.899,5.8,0.05675,315.5,3.3,248.9,61.5,-90.0,1.0,309.41,321.63,41.73,42.61,D,D,0.12
95,0.987,5.8,0.07168,304.8,3.3,248.9,61.5,-90.0,1.0,309.41,300.22,41.73,42.61,D,D,0.6
95,0.994,5.8,0.06381,292.6,3.3,248.9,61.5,-90.0,1.0,309.41,275.82,41.73,42.27,D,D,1.08
95,2.012,5.8,0.05432,297.2,3.3,248.9,61.5,-90.0,1.0,309.41,285.09,41.73,40.9,D,D,2.31
95,2.053,5.8,0.04811,293.9,3.3,248.9,61.5,-90.0,1.0,309.41,278.32,41.73,40.06,D,D,1.43
95,1.999,5.8,0.05759,298.8,3.3,248.9,61.5,-90.0,1.0,309.41,288.24,41.73,39.75,D,D,0.14
95,2.028,5.8,0.05192,297.7,3.3,248.9,61.5,-90.0,1.0,309.41,286.03,41.73,39.88,D,D,1.18
95,2.023,5.8,0.08049,301.4,3.3,248.9,61.5,-90.0,1.0,309.41,293.46,41.73,40.6,D,D,2.23
95,1.993,5.8,0.05417,314.8,3.3,248.9,61.5,-90.0,1.0,309.41,320.11,41.73,43.71,D,D,0.06
95,1.929,5.8,0.05086,302.3,3.3,248.9,61.5,-90.0,1.0,309.41,295.17,41.73,43.47,D,D,1.13
95,1.997,5.8,0.04547,306.4,3.3,248.9,61.5,-90.0,1.0,309.41,303.36,41.73,42.87,D,D,2.13
95,0.397,5.8,0.07719,292.6,3.3,248.9,61.5,-90.0,1.0,275.82,309.41,41.74,41.71,D,D,0.5
95,0.762,5.8,0.07542,272.1,3.3,248.9,61.5,-90.0,1.0,275.82,268.37,41.74,41.82,D,D,0.98
95,1.217,5.8,0.0928,301.7,3.3,248.9,61.5,-90.0,1.0,275.82,327.61,41.74,41.7,D,D,1.55
95,1.892,5.8,0.08324,271.7,3.3,248.9,61.5,-90.0,1.0,275.82,267.67,41.74,41.99,D,D,2.41
95,2.177,5.8,0.0845,295.1,3.3,248.9,61.5,-90.0,1.0,275.82,314.33,41.74,41.44,D,D,2.77
95,0.124,5.8,0.10717,292.6,3.3,248.9,61.5,-90.0,1.0,275.82,309.41,41.74,41.62,D,D,0.03
95,0.211,5.8,0.08824,295.4,3.3,248.9,61.5,-90.0,1.0,275.82,314.88,41.74,41.55,D,D,0.09
95,0.296,5.8,0.11349,295.4,3.3,248.9,61.5,-90.0,1.0,275.82,314.88,41.74,41.5,D,D,0.23
95,0.348,5.8,0.09031,292.6,3.3,248.9,61.5,-90.0,1.0,275.82,309.41,41.74,41.52,D,D,0.35
95,0.379,5.8,0.08256,292.6,3.3,248.9,61.5,-90.0,1.0,275.82,309.41,41.74,41.61,D,D,0.46
95,0.362,5.8,0.07862,292.6,3.3,248.9,61.5,-90.0,1.0,275.82,309.41,41.74,41.78,D,D,0.45
95,0.332,5.8,0.08117,292.6,3.3,248.9,61.5,-90.0,1.0,275.82,309.41,41.74,41.88,D,D,0.38
95,0.175,5.8,0.09764,292.6,3.3,248.9,61.5,-90.0,1.0,275.82,309.41,41.74,41.88,D,D,0.14
95,0.091,5.8,0.09396,275.8,3.3,248.9,61.5,-90.0,1.0,275.82,275.82,41.74,41.83,D,D,0.02
95,0.95,5.8,0.09286,291.3,3.3,248.9,61.5,-90.0,1.0,275.82,306.78,41.74,41.3,D,D,1.04
95,0.873,5.8,0.07848,291.3,3.3,248.9,61.5,-90.0,1.0,275.82,306.78,41.74,40.98,D,D,0.48
95,1.044,5.8,0.11289,291.1,3.3,248.9,61.5,-90.0,1.0,275.82,306.38,41.74,40.71,D,D,0.2
95,1.075,5.8,0.08751,291.1,3.3,248.9,61.5,-90.0,1.0,275.82,306.38,41.74,40.83,D,D,0.77
95,1.188,5.8,0.08458,292.1,3.3,248.9,61.5,-90.0,1.0,275.82,308.39,41.74,41.15,D,D,1.35
95,1.138,5.8,0.0841,298.7,3.3,248.9,61.5,-90.0,1.0,275.82,321.63,41.74,42.51,D,D,1.01
95,0.931,5.8,0.08032,298.7,3.3,248.9,61.5,-90.0,1.0,275.82,321.63,41.74,42.61,D,D,0.36
95,0.902,5.8,0.09524,288.0,3.3,248.9,61.5,-90.0,1.0,275.82,300.22,41.74,42.61,D,D,0.36
95,0.829,5.8,0.08737,275.8,3.3,248.9,61.5,-90.0,1.0,275.82,275.82,41.74,42.27,D,D,0.84
95,1.848,5.8,0.07789,280.5,3.3,248.9,61.5,-90.0,1.0,275.82,285.09,41.74,40.9,D,D,2.07
95,1.966,5.8,0.07167,277.1,3.3,248.9,61.5,-90.0,1.0,275.82,278.32,41.74,40.06,D,D,1.19
95,2.005,5.8,0.08116,282.0,3.3,248.9,61.5,-90.0,1.0,275.82,288.24,41.74,39.75,D,D,0.1
95,2.126,5.8,0.07548,280.9,3.3,248.9,61.5,-90.0,1.0,275.82,286.03,41.74,39.88,D,D,1.42
95,2.192,5.8,0.10405,284.6,3.3,248.9,61.5,-90.0,1.0,275.82,293.46,41.74,40.6,D,D,2.47
95,1.998,5.8,0.07773,298.0,3.3,248.9,61.5,-90.0,1.0,275.82,320.11,41.74,43.71,D,D,0.3
95,1.838,5.8,0.07443,285.5,3.3,248.9,61.5,-90.0,1.0,275.82,295.17,41.74,43.47,D,D,0.89
95,1.83,5.8,0.06904,289.6,3.3,248.9,61.5,-90.0,1.0,275.82,303.36,41.74,42.87,D,D,1.89
95,1.16,5.8,0.04175,288.9,3.3,248.9,61.5,-90.0,1.0,309.41,268.37,41.71,41.82,D,D,1.48
95,0.82,5.8,0.05913,318.5,3.3,248.9,61.5,-90.0,1.0,309.41,327.61,41.71,41.7,D,D,1.05
95,2.29,5.8,0.04957,288.5,3.3,248.9,61.5,-90.0,1.0,309.41,267.67,41.71,41.99,D,D,2.91
95,1.781,5.8,0.05083,311.9,3.3,248.9,61.5,-90.0,1.0,309.41,314.33,41.71,41.44,D,D,2.27
95,0.385,5.8,0.07349,309.4,3.3,248.9,61.5,-90.0,1.0,309.41,309.41,41.71,41.62,D,D,0.47
95,0.367,5.8,0.05456,312.1,3.3,248.9,61.5,-90.0,1.0,309.41,314.88,41.71,41.55,D,D,0.41
95,0.305,5.8,0.07981,312.1,3.3,248.9,61.5,-90.0,1.0,309.41,314.88,41.71,41.5,D,D,0.27
95,0.222,5.8,0.05664,309.4,3.3,248.9,61.5,-90.0,1.0,309.41,309.41,41.71,41.52,D,D,0.15
95,0.102,5.8,0.04889,309.4,3.3,248.9,61.5,-90.0,1.0,309.41,309.41,41.71,41.61,D,D,0.04
95,0.082,5.8,0.04495,309.4,3.3,248.9,61.5,-90.0,1.0,309.41,309.41,41.71,41.78,D,D,0.05
95,0.187,5.8,0.04749,309.4,3.3,248.9,61.5,-90.0,1.0,309.41,309.41,41.71,41.88,D,D,0.12
95,0.332,5.8,0.06397,309.4,3.3,248.9,61.5,-90.0,1.0,309.41,309.41,41.71,41.88,D,D,0.36
95,0.389,5.8,0.06028,292.6,3.3,248.9,61.5,-90.0,1.0,309.41,275.82,41.71,41.83,D,D,0.48
95,1.3,5.8,0.05919,308.1,3.3,248.9,61.5,-90.0,1.0,309.41,306.78,41.71,41.3,D,D,1.54
95,1.086,5.8,0.0448,308.1,3.3,248.9,61.5,-90.0,1.0,309.41,306.78,41.71,40.98,D,D,0.98
95,1.041,5.8,0.07922,307.9,3.3,248.9,61.5,-90.0,1.0,309.41,306.38,41.71,40.71,D,D,0.3
95,0.898,5.8,0.05383,307.9,3.3,248.9,61.5,-90.0,1.0,309.41,306.38,41.71,40.83,D,D,0.27
95,0.845,5.8,0.0509,308.9,3.3,248.9,61.5,-90.0,1.0,309.41,308.39,41.71,41.15,D,D,0.85
95,0.919,5.8,0.05043,315.5,3.3,248.9,61.5,-90.0,1.0,309.41,321.63,41.71,42.51,D,D,0.51
95,0.912,5.8,0.04664,315.5,3.3,248.9,61.5,-90.0,1.0,309.41,321.63,41.71,42.61,D,D,0.14
95,1.109,5.8,0.06157,304.8,3.3,248.9,61.5,-90.0,1.0,309.41,300.22,41.71,42.61,D,D,0.86
95,1.18,5.8,0.0537,292.6,3.3,248.9,61.5,-90.0,1.0,309.41,275.82,41.71,42.27,D,D,1.34
95,2.189,5.8,0.04421,297.2,3.3,248.9,61.5,-90.0,1.0,309.41,285.09,41.71,40.9,D,D,2.57
95,2.159,5.8,0.038,293.9,3.3,248.9,61.5,-90.0,1.0,309.41,278.32,41.71,40.06,D,D,1.69
95,2.01,5.8,0.04748,298.8,3.3,248.9,61.5,-90.0,1.0,309.41,288.24,41.71,39.75,D,D,0.4
95,1.937,5.8,0.04181,297.7,3.3,248.9,61.5,-90.0,1.0,309.41,286.03,41.71,39.88,D,D,0.92
95,1.848,5.8,0.07038,301.4,3.3,248.9,61.5,-90.0,1.0,309.41,293.46,41.71,40.6,D,D,1.97
95,2.01,5.8,0.04406,314.8,3.3,248.9,61.5,-90.0,1.0,309.41,320.11,41.71,43.71,D,D,0.2
95,2.043,5.8,0.04075,302.3,3.3,248.9,61.5,-90.0,1.0,309.41,295.17,41.71,43.47,D,D,1.39
95,2.18,5.8,0.03536,306.4,3.3,248.9,61.5,-90.0,1.0,309.41,303.36,41.71,42.87,D,D,2.39
95,1.979,5.8,0.05736,298.0,3.3,248.9,61.5,-90.0,1.0,268.37,327.61,41.82,41.7,D,D,2.53
95,1.13,5.8,0.04781,268.0,3.3,248.9,61.5,-90.0,1.0,268.37,267.67,41.82,41.99,D,D,1.43
95,2.938,5.8,0.04906,291.4,3.3,248.9,61.5,-90.0,1.0,268.37,314.33,41.82,41.44,D,D,3.75
95,0.802,5.8,0.07173,288.9,3.3,248.9,61.5,-90.0,1.0,268.37,309.41,41.82,41.62,D,D,1.01
95,0.867,5.8,0.0528,291.6,3.3,248.9,61.5,-90.0,1.0,268.37,314.88,41.82,41.55,D,D,1.07
95,0.979,5.8,0.07805,291.6,3.3,248.9,61.5,-90.0,1.0,268.37,314.88,41.82,41.5,D,D,1.21
95,1.068,5.8,0.05488,288.9,3.3,248.9,61.5,-90.0,1.0,268.37,309.41,41.82,41.52,D,D,1.33
95,1.132,5.8,0.04712,288.9,3.3,248.9,61.5,-90.0,1.0,268.37,309.41,41.82,41.61,D,D,1.44
95,1.12,5.8,0.04318,288.9,3.3,248.9,61.5,-90.0,1.0,268.37,309.41,41.82,41.78,D,D,1.43
95,1.068,5.8,0.04573,288.9,3.3,248.9,61.5,-90.0,1.0,268.37,309.41,41.82,41.88,D,D,1.36
95,0.874,5.8,0.0622,288.9,3.3,248.9,61.5,-90.0,1.0,268.37,309.41,41.82,41.88,D,D,1.12
95,0.787,5.8,0.05852,272.1,3.3,248.9,61.5,-90.0,1.0,268.37,275.82,41.82,41.83,D,D,1.0
95,0.521,5.8,0.05743,287.6,3.3,248.9,61.5,-90.0,1.0,268.37,306.78,41.82,41.3,D,D,0.06
95,0.913,5.8,0.04304,287.6,3.3,248.9,61.5,-90.0,1.0,268.37,306.78,41.82,40.98,D,D,0.5
95,1.405,5.8,0.07746,287.4,3.3,248.9,61.5,-90.0,1.0,268.37,306.38,41.82,40.71,D,D,1.18
95,1.642,5.8,0.05207,287.4,3.3,248.9,61.5,-90.0,1.0,268.37,306.38,41.82,40.83,D,D,1.75
95,1.905,5.8,0.04914,288.4,3.3,248.9,61.5,-90.0,1.0,268.37,308.39,41.82,41.15,D,D,2.33
95,1.748,5.8,0.04867,295.0,3.3,248.9,61.5,-90.0,1.0,268.37,321.63,41.82,42.51,D,D,1.99
95,1.353,5.8,0.04488,295.0,3.3,248.9,61.5,-90.0,1.0,268.37,321.63,41.82,42.61,D,D,1.34
95,0.954,5.8,0.05981,284.3,3.3,248.9,61.5,-90.0,1.0,268.37,300.22,41.82,42.61,D,D,0.62
95,0.475,5.8,0.05193,272.1,3.3,248.9,61.5,-90.0,1.0,268.37,275.82,41.82,42.27,D,D,0.14
95,1.283,5.8,0.04245,276.7,3.3,248.9,61.5,-90.0,1.0,268.37,285.09,41.82,40.9,D,D,1.09
95,1.787,5.8,0.03623,273.3,3.3,248.9,61.5,-90.0,1.0,268.37,278.32,41.82,40.06,D,D,0.21
95,2.2,5.8,0.04572,278.3,3.3,248.9,61.5,-90.0,1.0,268.37,288.24,41.82,39.75,D,D,1.08
95,2.617,5.8,0.04005,277.2,3.3,248.9,61.5,-90.0,1.0,268.37,286.03,41.82,39.88,D,D,2.4
95,2.889,5.8,0.06861,280.9,3.3,248.9,61.5,-90.0,1.0,268.37,293.46,41.82,40.6,D,D,3.45
95,2.195,5.8,0.0423,294.2,3.3,248.9,61.5,-90.0,1.0,268.37,320.11,41.82,43.71,D,D,1.28
95,1.66,5.8,0.03899,281.8,3.3,248.9,61.5,-90.0,1.0,268.37,295.17,41.82,43.47,D,D,0.09
95,1.25,5.8,0.0336,285.9,3.3,248.9,61.5,-90.0,1.0,268.37,303.36,41.82,42.87,D,D,0.91
95,3.108,5.8,0.06518,297.6,3.3,248.9,61.5,-90.0,1.0,327.61,267.67,41.7,41.99,D,D,3.96
95,0.979,5.8,0.06644,321.0,3.3,248.9,61.5,-90.0,1.0,327.61,314.33,41.7,41.44,D,D,1.22
95,1.197,5.8,0.08911,318.5,3.3,248.9,61.5,-90.0,1.0,327.61,309.41,41.7,41.62,D,D,1.52
95,1.158,5.8,0.07018,321.2,3.3,248.9,61.5,-90.0,1.0,327.61,314.88,41.7,41.55,D,D,1.46
95,1.062,5.8,0.09543,321.2,3.3,248.9,61.5,-90.0,1.0,327.61,314.88,41.7,41.5,D,D,1.32
95,0.96,5.8,0.07225,318.5,3.3,248.9,61.5,-90.0,1.0,327.61,309.41,41.7,41.52,D,D,1.2
95,0.863,5.8,0.0645,318.5,3.3,248.9,61.5,-90.0,1.0,327.61,309.41,41.7,41.61,D,D,1.09
95,0.86,5.8,0.06056,318.5,3.3,248.9,61.5,-90.0,1.0,327.61,309.41,41.7,41.78,D,D,1.1
95,0.927,5.8,0.06311,318.5,3.3,248.9,61.5,-90.0,1.0,327.61,309.41,41.7,41.88,D,D,1.17
95,1.121,5.8,0.07958,318.5,3.3,248.9,61.5,-90.0,1.0,327.61,309.41,41.7,41.88,D,D,1.41
95,1.198,5.8,0.0759,301.7,3.3,248.9,61.5,-90.0,1.0,327.61,275.82,41.7,41.83,D,D,1.53
95,2.09,5.8,0.0748,317.2,3.3,248.9,61.5,-90.0,1.0,327.61,306.78,41.7,41.3,D,D,2.59
95,1.769,5.8,0.06042,317.2,3.3,248.9,61.5,-90.0,1.0,327.61,306.78,41.7,40.98,D,D,2.03
95,1.478,5.8,0.09484,317.0,3.3,248.9,61.5,-90.0,1.0,327.61,306.38,41.7,40.71,D,D,1.35
95,1.088,5.8,0.06945,317.0,3.3,248.9,61.5,-90.0,1.0,327.61,306.38,41.7,40.83,D,D,0.78
95,0.576,5.8,0.06652,318.0,3.3,248.9,61.5,-90.0,1.0,327.61,308.39,41.7,41.15,D,D,0.2
95,0.905,5.8,0.06604,324.6,3.3,248.9,61.5,-90.0,1.0,327.61,321.63,41.7,42.51,D,D,0.54
95,1.286,5.8,0.06226,324.6,3.3,248.9,61.5,-90.0,1.0,327.61,321.63,41.7,42.61,D,D,1.19
95,1.729,5.8,0.07719,313.9,3.3,248.9,61.5,-90.0,1.0,327.61,300.22,41.7,42.61,D,D,1.91
95,1.946,5.8,0.06931,301.7,3.3,248.9,61.5,-90.0,1.0,327.61,275.82,41.7,42.27,D,D,2.39
95,2.956,5.8,0.05983,306.4,3.3,248.9,61.5,-90.0,1.0,327.61,285.09,41.7,40.9,D,D,3.62
95,2.74,5.8,0.05361,303.0,3.3,248.9,61.5,-90.0,1.0,327.61,278.32,41.7,40.06,D,D,2.74
95,2.303,5.8,0.0631,307.9,3.3,248.9,61.5,-90.0,1.0,327.61,288.24,41.7,39.75,D,D,1.45
95,1.837,5.8,0.05742,306.8,3.3,248.9,61.5,-90.0,1.0,327.61,286.03,41.7,39.88,D,D,0.13
95,1.29,5.8,0.08599,310.5,3.3,248.9,61.5,-90.0,1.0,327.61,293.46,41.7,40.6,D,D,0.92
95,2.214,5.8,0.05968,323.9,3.3,248.9,61.5,-90.0,1.0,327.61,320.11,41.7,43.71,D,D,1.25
95,2.574,5.8,0.05637,311.4,3.3,248.9,61.5,-90.0,1.0,327.61,295.17,41.7,43.47,D,D,2.44
95,2.919,5.8,0.05098,315.5,3.3,248.9,61.5,-90.0,1.0,327.61,303.36,41.7,42.87,D,D,3.44
95,4.068,5.8,0.05688,291.0,3.3,248.9,61.5,-90.0,1.0,267.67,314.33,41.99,41.44,D,D,5.18
95,1.929,5.8,0.07955,288.5,3.3,248.9,61.5,-90.0,1.0,267.67,309.41,41.99,41.62,D,D,2.44
95,1.989,5.8,0.06062,291.3,3.3,248.9,61.5,-90.0,1.0,267.67,314.88,41.99,41.55,D,D,2.5
95,2.098,5.8,0.08587,291.3,3.3,248.9,61.5,-90.0,1.0,267.67,314.88,41.99,41.5,D,D,2.64
95,2.192,5.8,0.0627,288.5,3.3,248.9,61.5,-90.0,1.0,267.67,309.41,41.99,41.52,D,D,2.76
95,2.261,5.8,0.05494,288.5,3.3,248.9,61.5,-90.0,1.0,267.67,309.41,41.99,41.61,D,D,2.87
95,2.248,5.8,0.051,288.5,3.3,248.9,61.5,-90.0,1.0,267.67,309.41,41.99,41.78,D,D,2.86
95,2.19,5.8,0.05355,288.5,3.3,248.9,61.5,-90.0,1.0,267.67,309.41,41.99,41.88,D,D,2.79
95,1.994,5.8,0.07002,288.5,3.3,248.9,61.5,-90.0,1.0,267.67,309.41,41.99,41.88,D,D,2.55
95,1.912,5.8,0.06634,271.7,3.3,248.9,61.5,-90.0,1.0,267.67,275.82,41.99,41.83,D,D,2.43
95,1.23,5.8,0.06524,287.2,3.3,248.9,61.5,-90.0,1.0,267.67,306.78,41.99,41.3,D,D,1.37
95,1.772,5.8,0.05086,287.2,3.3,248.9,61.5,-90.0,1.0,267.67,306.78,41.99,40.98,D,D,1.93
95,2.345,5.8,0.08528,287.0,3.3,248.9,61.5,-90.0,1.0,267.67,306.38,41.99,40.71,D,D,2.61
95,2.681,5.8,0.05989,287.0,3.3,248.9,61.5,-90.0,1.0,267.67,306.38,41.99,40.83,D,D,3.18
95,3.015,5.8,0.05696,288.0,3.3,248.9,61.5,-90.0,1.0,267.67,308.39,41.99,41.15,D,D,3.76
95,2.781,5.8,0.05649,294.6,3.3,248.9,61.5,-90.0,1.0,267.67,321.63,41.99,42.51,D,D,3.42
95,2.309,5.8,0.0527,294.6,3.3,248.9,61.5,-90.0,1.0,267.67,321.63,41.99,42.61,D,D,2.77
95,1.769,5.8,0.06763,283.9,3.3,248.9,61.5,-90.0,1.0,267.67,300.22,41.99,42.61,D,D,2.05
95,1.283,5.8,0.05975,271.7,3.3,248.9,61.5,-90.0,1.0,267.67,275.82,41.99,42.27,D,D,1.57
95,1.115,5.8,0.05027,276.4,3.3,248.9,61.5,-90.0,1.0,267.67,285.09,41.99,40.9,D,D,0.34
95,2.116,5.8,0.04405,273.0,3.3,248.9,61.5,-90.0,1.0,267.67,278.32,41.99,40.06,D,D,1.22
95,2.89,5.8,0.05354,278.0,3.3,248.9,61.5,-90.0,1.0,267.67,288.24,41.99,39.75,D,D,2.51
95,3.547,5.8,0.04787,276.9,3.3,248.9,61.5,-90.0,1.0,267.67,286.03,41.99,39.88,D,D,3.83
95,3.976,5.8,0.07643,280.6,3.3,248.9,61.5,-90.0,1.0,267.67,293.46,41.99,40.6,D,D,4.88
95,2.832,5.8,0.05012,293.9,3.3,248.9,61.5,-90.0,1.0,267.67,320.11,41.99,43.71,D,D,2.71
95,1.961,5.8,0.04681,281.4,3.3,248.9,61.5,-90.0,1.0,267.67,295.17,41.99,43.47,D,D,1.52
95,0.989,5.8,0.04142,285.5,3.3,248.9,61.5,-90.0,1.0,267.67,303.36,41.99,42.87,D,D,0.52
95,2.14,5.8,0.08081,311.9,3.3,248.9,61.5,-90.0,1.0,314.33,309.41,41.44,41.62,D,D,2.74
95,2.087,5.8,0.06188,314.6,3.3,248.9,61.5,-90.0,1.0,314.33,314.88,41.44,41.55,D,D,2.68
95,1.981,5.8,0.08713,314.6,3.3,248.9,61.5,-90.0,1.0,314.33,314.88,41.44,41.5,D,D,2.54
95,1.883,5.8,0.06395,311.9,3.3,248.9,61.5,-90.0,1.0,314.33,309.41,41.44,41.52,D,D,2.42
95,1.806,5.8,0.0562,311.9,3.3,248.9,61.5,-90.0,1.0,314.33,309.41,41.44,41.61,D,D,2.31
95,1.83,5.8,0.05226,311.9,3.3,248.9,61.5,-90.0,1.0,314.33,309.41,41.44,41.78,D,D,2.32
95,1.903,5.8,0.05481,311.9,3.3,248.9,61.5,-90.0,1.0,314.33,309.41,41.44,41.88,D,D,2.39
95,2.095,5.8,0.07128,311.9,3.3,248.9,61.5,-90.0,1.0,314.33,309.41,41.44,41.88,D,D,2.63
95,2.167,5.8,0.0676,295.1,3.3,248.9,61.5,-90.0,1.0,314.33,275.82,41.44,41.83,D,D,2.75
95,2.986,5.8,0.0665,310.6,3.3,248.9,61.5,-90.0,1.0,314.33,306.78,41.44,41.3,D,D,3.81
95,2.584,5.8,0.05212,310.6,3.3,248.9,61.5,-90.0,1.0,314.33,306.78,41.44,40.98,D,D,3.25
95,2.149,5.8,0.08654,310.4,3.3,248.9,61.5,-90.0,1.0,314.33,306.38,41.44,40.71,D,D,2.57
95,1.692,5.8,0.06115,310.4,3.3,248.9,61.5,-90.0,1.0,314.33,306.38,41.44,40.83,D,D,2.0
95,1.15,5.8,0.05822,311.4,3.3,248.9,61.5,-90.0,1.0,314.33,308.39,41.44,41.15,D,D,1.42
95,1.722,5.8,0.05774,318.0,3.3,248.9,61.5,-90.0,1.0,314.33,321.63,41.44,42.51,D,D,1.76
95,2.196,5.8,0.05396,318.0,3.3,248.9,61.5,-90.0,1.0,314.33,321.63,41.44,42.61,D,D,2.41
95,2.687,5.8,0.06889,307.3,3.3,248.9,61.5,-90.0,1.0,314.33,300.22,41.44,42.61,D,D,3.13
95,2.924,5.8,0.06101,295.1,3.3,248.9,61.5,-90.0,1.0,314.33,275.82,41.44,42.27,D,D,3.61
95,3.807,5.8,0.05153,299.7,3.3,248.9,61.5,-90.0,1.0,314.33,285.09,41.44,40.9,D,D,4.84
95,3.399,5.8,0.04531,296.3,3.3,248.9,61.5,-90.0,1.0,314.33,278.32,41.44,40.06,D,D,3.96
95,2.719,5.8,0.0548,301.3,3.3,248.9,61.5,-90.0,1.0,314.33,288.24,41.44,39.75,D,D,2.67
95,1.915,5.8,0.04912,300.2,3.3,248.9,61.5,-90.0,1.0,314.33,286.03,41.44,39.88,D,D,1.35
95,0.88,5.8,0.07769,303.9,3.3,248.9,61.5,-90.0,1.0,314.33,293.46,41.44,40.6,D,D,0.3
95,2.954,5.8,0.05138,317.2,3.3,248.9,61.5,-90.0,1.0,314.33,320.11,41.44,43.71,D,D,2.47
95,3.48,5.8,0.04807,304.8,3.3,248.9,61.5,-90.0,1.0,314.33,295.17,41.44,43.47,D,D,3.66
95,3.894,5.8,0.04268,308.8,3.3,248.9,61.5,-90.0,1.0,314.33,303.36,41.44,42.87,D,D,4.66
95,0.09,5.8,0.08454,312.1,3.3,248.9,61.5,-90.0,1.0,309.41,314.88,41.62,41.55,D,D,0.06
95,0.191,5.8,0.10979,312.1,3.3,248.9,61.5,-90.0,1.0,309.41,314.88,41.62,41.5,D,D,0.2
95,0.268,5.8,0.08662,309.4,3.3,248.9,61.5,-90.0,1.0,309.41,309.41,41.62,41.52,D,D,0.32
95,0.335,5.8,0.07887,309.4,3.3,248.9,61.5,-90.0,1.0,309.41,309.41,41.62,41.61,D,D,0.43
95,0.376,5.8,0.07493,309.4,3.3,248.9,61.5,-90.0,1.0,309.41,309.41,41.62,41.78,D,D,0.42
95,0.38,5.8,0.07747,309.4,3.3,248.9,61.5,-90.0,1.0,309.41,309.41,41.62,41.88,D,D,0.35
95,0.273,5.8,0.09395,309.4,3.3,248.9,61.5,-90.0,1.0,309.41,309.41,41.62,41.88,D,D,0.11
95,0.21,5.8,0.09026,292.6,3.3,248.9,61.5,-90.0,1.0,309.41,275.82,41.62,41.83,D,D,0.01
95,0.918,5.8,0.08917,308.1,3.3,248.9,61.5,-90.0,1.0,309.41,306.78,41.62,41.3,D,D,1.07
95,0.777,5.8,0.07478,308.1,3.3,248.9,61.5,-90.0,1.0,309.41,306.78,41.62,40.98,D,D,0.51
95,0.92,5.8,0.1092,307.9,3.3,248.9,61.5,-90.0,1.0,309.41,306.38,41.62,40.71,D,D,0.17
95,0.961,5.8,0.08381,307.9,3.3,248.9,61.5,-90.0,1.0,309.41,306.38,41.62,40.83,D,D,0.74
95,1.113,5.8,0.08088,308.9,3.3,248.9,61.5,-90.0,1.0,309.41,308.39,41.62,41.15,D,D,1.32
95,1.21,5.8,0.08041,315.5,3.3,248.9,61.5,-90.0,1.0,309.41,321.63,41.62,42.51,D,D,0.98
95,1.041,5.8,0.07662,315.5,3.3,248.9,61.5,-90.0,1.0,309.41,321.63,41.62,42.61,D,D,0.33
95,1.026,5.8,0.09155,304.8,3.3,248.9,61.5,-90.0,1.0,309.41,300.22,41.62,42.61,D,D,0.39
95,0.926,5.8,0.08367,292.6,3.3,248.9,61.5,-90.0,1.0,309.41,275.82,41.62,42.27,D,D,0.87
95,1.811,5.8,0.07419,297.2,3.3,248.9,61.5,-90.0,1.0,309.41,285.09,41.62,40.9,D,D,2.1
95,1.871,5.8,0.06798,293.9,3.3,248.9,61.5,-90.0,1.0,309.41,278.32,41.62,40.06,D,D,1.22
95,1.883,5.8,0.07746,298.8,3.3,248.9,61.5,-90.0,1.0,309.41,288.24,41.62,39.75,D,D,0.07
95,2.008,5.8,0.07179,297.7,3.3,248.9,61.5,-90.0,1.0,309.41,286.03,41.62,39.88,D,D,1.39
95,2.111,5.8,0.10036,301.4,3.3,248.9,61.5,-90.0,1.0,309.41,293.46,41.62,40.6,D,D,2.44
95,2.116,5.8,0.07404,314.8,3.3,248.9,61.5,-90.0,1.0,309.41,320.11,41.62,43.71,D,D,0.27
95,1.96,5.8,0.07073,302.3,3.3,248.9,61.5,-90.0,1.0,309.41,295.17,41.62,43.47,D,D,0.92
95,1.922,5.8,0.06534,306.4,3.3,248.9,61.5,-90.0,1.0,309.41,303.36,41.62,42.87,D,D,1.92
95,0.112,5.8,0.09086,314.9,3.3,248.9,61.5,-90.0,1.0,314.88,314.88,41.55,41.5,D,D,0.14
95,0.204,5.8,0.06769,312.1,3.3,248.9,61.5,-90.0,1.0,314.88,309.41,41.55,41.52,D,D,0.26
95,0.297,5.8,0.05994,312.1,3.3,248.9,61.5,-90.0,1.0,314.88,309.41,41.55,41.61,D,D,0.37
95,0.378,5.8,0.056,312.1,3.3,248.9,61.5,-90.0,1.0,314.88,309.41,41.55,41.78,D,D,0.36
95,0.406,5.8,0.05854,312.1,3.3,248.9,61.5,-90.0,1.0,314.88,309.41,41.55,41.88,D,D,0.29
95,0.338,5.8,0.07502,312.1,3.3,248.9,61.5,-90.0,1.0,314.88,309.41,41.55,41.88,D,D,0.05
95,0.29,5.8,0.07133,295.4,3.3,248.9,61.5,-90.0,1.0,314.88,275.82,41.55,41.83,D,D,0.07
95,0.937,5.8,0.07024,310.8,3.3,248.9,61.5,-90.0,1.0,314.88,306.78,41.55,41.3,D,D,1.13
95,0.741,5.8,0.05586,310.8,3.3,248.9,61.5,-90.0,1.0,314.88,306.78,41.55,40.98,D,D,0.57
95,0.839,5.8,0.09027,310.6,3.3,248.9,61.5,-90.0,1.0,314.88,306.38,41.55,40.71,D,D,0.11
95,0.871,5.8,0.06488,310.6,3.3,248.9,61.5,-90.0,1.0,314.88,306.38,41.55,40.83,D,D,0.68
95,1.039,5.8,0.06196,311.6,3.3,248.9,61.5,-90.0,1.0,314.88,308.39,41.55,41.15,D,D,1.26
95,1.239,5.8,0.06148,318.3,3.3,248.9,61.5,-90.0,1.0,314.88,321.63,41.55,42.51,D,D,0.92
95,1.103,5.8,0.05769,318.3,3.3,248.9,61.5,-90.0,1.0,314.88,321.63,41.55,42.61,D,D,0.27
95,1.113,5.8,0.07262,307.6,3.3,248.9,61.5,-90.0,1.0,314.88,300.22,41.55,42.61,D,D,0.45
95,1.013,5.8,0.06475,295.4,3.3,248.9,61.5,-90.0,1.0,314.88,275.82,41.55,42.27,D,D,0.93
95,1.822,5.8,0.05526,300.0,3.3,248.9,61.5,-90.0,1.0,314.88,285.09,41.55,40.9,D,D,2.16
95,1.831,5.8,0.04905,296.6,3.3,248.9,61.5,-90.0,1.0,314.88,278.32,41.55,40.06,D,D,1.28
95,1.807,5.8,0.05853,301.6,3.3,248.9,61.5,-90.0,1.0,314.88,288.24,41.55,39.75,D,D,0.01
95,1.918,5.8,0.05286,300.5,3.3,248.9,61.5,-90.0,1.0,314.88,286.03,41.55,39.88,D,D,1.33
95,2.033,5.8,0.08143,304.2,3.3,248.9,61.5,-90.0,1.0,314.88,293.46,41.55,40.6,D,D,2.38
95,2.187,5.8,0.05511,317.5,3.3,248.9,61.5,-90.0,1.0,314.88,320.11,41.55,43.71,D,D,0.21
95,2.049,5.8,0.0518,305.0,3.3,248.9,61.5,-90.0,1.0,314.88,295.17,41.55,43.47,D,D,0.98
95,2.007,5.8,0.04641,309.1,3.3,248.9,61.5,-90.0,1.0,314.88,303.36,41.55,42.87,D,D,1.98
95,0.102,5.8,0.09294,312.1,3.3,248.9,61.5,-90.0,1.0,314.88,309.41,41.5,41.52,D,D,0.12
95,0.217,5.8,0.08519,312.1,3.3,248.9,61.5,-90.0,1.0,314.88,309.41,41.5,41.61,D,D,0.23
95,0.338,5.8,0.08125,312.1,3.3,248.9,61.5,-90.0,1.0,314.88,309.41,41.5,41.78,D,D,0.22
95,0.395,5.8,0.08379,312.1,3.3,248.9,61.5,-90.0,1.0,314.88,309.41,41.5,41.88,D,D,0.15
95,0.382,5.8,0.10027,312.1,3.3,248.9,61.5,-90.0,1.0,314.88,309.41,41.5,41.88,D,D,0.09
95,0.359,5.8,0.09658,295.4,3.3,248.9,61.5,-90.0,1.0,314.88,275.82,41.5,41.83,D,D,0.21
95,1.028,5.8,0.09549,310.8,3.3,248.9,61.5,-90.0,1.0,314.88,306.78,41.5,41.3,D,D,1.27
95,0.781,5.8,0.0811,310.8,3.3,248.9,61.5,-90.0,1.0,314.88,306.78,41.5,40.98,D,D,0.71
95,0.798,5.8,0.11552,310.6,3.3,248.9,61.5,-90.0,1.0,314.88,306.38,41.5,40.71,D,D,0.03
95,0.78,5.8,0.09013,310.6,3.3,248.9,61.5,-90.0,1.0,314.88,306.38,41.5,40.83,D,D,0.54
95,0.927,5.8,0.0872,311.6,3.3,248.9,61.5,-90.0,1.0,314.88,308.39,41.5,41.15,D,D,1.12
95,1.212,5.8,0.08673,318.3,3.3,248.9,61.5,-90.0,1.0,314.88,321.63,41.5,42.51,D,D,0.78
95,1.126,5.8,0.08294,318.3,3.3,248.9,61.5,-90.0,1.0,314.88,321.63,41.5,42.61,D,D,0.13
95,1.185,5.8,0.09787,307.6,3.3,248.9,61.5,-90.0,1.0,314.88,300.22,41.5,42.61,D,D,0.59
95,1.117,5.8,0.09,295.4,3.3,248.9,61.5,-90.0,1.0,314.88,275.82,41.5,42.27,D,D,1.07
95,1.904,5.8,0.08051,300.0,3.3,248.9,61.5,-90.0,1.0,314.88,285.09,41.5,40.9,D,D,2.3
95,1.858,5.8,0.0743,296.6,3.3,248.9,61.5,-90.0,1.0,314.88,278.32,41.5,40.06,D,D,1.42
95,1.772,5.8,0.08378,301.6,3.3,248.9,61.5,-90.0,1.0,314.88,288.24,41.5,39.75,D,D,0.13
95,1.833,5.8,0.07811,300.5,3.3,248.9,61.5,-90.0,1.0,314.88,286.03,41.5,39.88,D,D,1.19
95,1.922,5.8,0.10668,304.2,3.3,248.9,61.5,-90.0,1.0,314.88,293.46,41.5,40.6,D,D,2.24
95,2.219,5.8,0.08036,317.5,3.3,248.9,61.5,-90.0,1.0,314.88,320.11,41.5,43.71,D,D,0.07
95,2.126,5.8,0.07705,305.0,3.3,248.9,61.5,-90.0,1.0,314.88,295.17,41.5,43.47,D,D,1.12
95,2.114,5.8,0.07166,309.1,3.3,248.9,61.5,-90.0,1.0,314.88,303.36,41.5,42.87,D,D,2.12
95,0.124,5.8,0.06202,309.4,3.3,248.9,61.5,-90.0,1.0,309.41,309.41,41.52,41.61,D,D,0.11
95,0.273,5.8,0.05808,309.4,3.3,248.9,61.5,-90.0,1.0,309.41,309.41,41.52,41.78,D,D,0.1
95,0.35,5.8,0.06062,309.4,3.3,248.9,61.5,-90.0,1.0,309.41,309.41,41.52,41.88,D,D,0.03
95,0.389,5.8,0.0771,309.4,3.3,248.9,61.5,-90.0,1.0,309.41,309.41,41.52,41.88,D,D,0.21
95,0.392,5.8,0.07341,292.6,3.3,248.9,61.5,-90.0,1.0,309.41,275.82,41.52,41.83,D,D,0.33
95,1.13,5.8,0.07232,308.1,3.3,248.9,61.5,-90.0,1.0,309.41,306.78,41.52,41.3,D,D,1.39
95,0.871,5.8,0.05793,308.1,3.3,248.9,61.5,-90.0,1.0,309.41,306.78,41.52,40.98,D,D,0.83
95,0.833,5.8,0.09235,307.9,3.3,248.9,61.5,-90.0,1.0,309.41,306.38,41.52,40.71,D,D,0.15
95,0.756,5.8,0.06696,307.9,3.3,248.9,61.5,-90.0,1.0,309.41,306.38,41.52,40.83,D,D,0.42
95,0.846,5.8,0.06403,308.9,3.3,248.9,61.5,-90.0,1.0,309.41,308.39,41.52,41.15,D,D,1.0
95,1.141,5.8,0.06356,315.5,3.3,248.9,61.5,-90.0,1.0,309.41,321.63,41.52,42.51,D,D,0.66
95,1.094,5.8,0.05977,315.5,3.3,248.9,61.5,-90.0,1.0,309.41,321.63,41.52,42.61,D,D,0.01
95,1.204,5.8,0.0747,304.8,3.3,248.9,61.5,-90.0,1.0,309.41,300.22,41.52,42.61,D,D,0.71
95,1.177,5.8,0.06682,292.6,3.3,248.9,61.5,-90.0,1.0,309.41,275.82,41.52,42.27,D,D,1.19
95,2.005,5.8,0.05734,297.2,3.3,248.9,61.5,-90.0,1.0,309.41,285.09,41.52,40.9,D,D,2.42
95,1.937,5.8,0.05112,293.9,3.3,248.9,61.5,-90.0,1.0,309.41,278.32,41.52,40.06,D,D,1.54
95,1.807,5.8,0.06061,298.8,3.3,248.9,61.5,-90.0,1.0,309.41,288.24,41.52,39.75,D,D,0.25
95,1.81,5.8,0.05494,297.7,3.3,248.9,61.5,-90.0,1.0,309.41,286.03,41.52,39.88,D,D,1.07
95,1.847,5.8,0.0835,301.4,3.3,248.9,61.5,-90.0,1.0,309.41,293.46,41.52,40.6,D,D,2.12
95,2.192,5.8,0.05719,314.8,3.3,248.9,61.5,-90.0,1.0,309.41,320.11,41.52,43.71,D,D,0.05
95,2.146,5.8,0.05388,302.3,3.3,248.9,61.5,-90.0,1.0,309.41,295.17,41.52,43.47,D,D,1.24
95,2.178,5.8,0.04849,306.4,3.3,248.9,61.5,-90.0,1.0,309.41,303.36,41.52,42.87,D,D,2.24
95,0.168,5.8,0.05032,309.4,3.3,248.9,61.5,-90.0,1.0,309.41,309.41,41.61,41.78,D,D,0.01
95,0.263,5.8,0.05287,309.4,3.3,248.9,61.5,-90.0,1.0,309.41,309.41,41.61,41.88,D,D,0.08
95,0.361,5.8,0.06934,309.4,3.3,248.9,61.5,-90.0,1.0,309.41,309.41,41.61,41.88,D,D,0.32
95,0.394,5.8,0.06566,292.6,3.3,248.9,61.5,-90.0,1.0,309.41,275.82,41.61,41.83,D,D,0.44
95,1.234,5.8,0.06456,308.1,3.3,248.9,61.5,-90.0,1.0,309.41,306.78,41.61,41.3,D,D,1.5
95,0.994,5.8,0.05018,308.1,3.3,248.9,61.5,-90.0,1.0,309.41,306.78,41.61,40.98,D,D,0.94
95,0.94,5.8,0.0846,307.9,3.3,248.9,61.5,-90.0,1.0,309.41,306.38,41.61,40.71,D,D,0.26
95,0.815,5.8,0.05921,307.9,3.3,248.9,61.5,-90.0,1.0,309.41,306.38,41.61,40.83,D,D,0.31
95,0.818,5.8,0.05628,308.9,3.3,248.9,61.5,-90.0,1.0,309.41,308.39,41.61,41.15,D,D,0.89
95,1.02,5.8,0.05581,315.5,3.3,248.9,61.5,-90.0,1.0,309.41,321.63,41.61,42.51,D,D,0.55
95,1.003,5.8,0.05202,315.5,3.3,248.9,61.5,-90.0,1.0,309.41,321.63,41.61,42.61,D,D,0.1
95,1.165,5.8,0.06695,304.8,3.3,248.9,61.5,-90.0,1.0,309.41,300.22,41.61,42.61,D,D,0.82
95,1.193,5.8,0.05907,292.6,3.3,248.9,61.5,-90.0,1.0,309.41,275.82,41.61,42.27,D,D,1.3
95,2.117,5.8,0.04959,297.2,3.3,248.9,61.5,-90.0,1.0,309.41,285.09,41.61,40.9,D,D,2.53
95,2.061,5.8,0.04337,293.9,3.3,248.9,61.5,-90.0,1.0,309.41,278.32,41.61,40.06,D,D,1.65
95,1.91,5.8,0.05286,298.8,3.3,248.9,61.5,-90.0,1.0,309.41,288.24,41.61,39.75,D,D,0.36
95,1.862,5.8,0.04719,297.7,3.3,248.9,61.5,-90.0,1.0,309.41,286.03,41.61,39.88,D,D,0.96
95,1.825,5.8,0.07575,301.4,3.3,248.9,61.5,-90.0,1.0,309.41,293.46,41.61,40.6,D,D,2.01
95,2.102,5.8,0.04944,314.8,3.3,248.9,61.5,-90.0,1.0,309.41,320.11,41.61,43.71,D,D,0.16
95,2.105,5.8,0.04613,302.3,3.3,248.9,61.5,-90.0,1.0,309.41,295.17,41.61,43.47,D,D,1.35
95,2.196,5.8,0.04074,306.4,3.3,248.9,61.5,-90.0,1.0,309.41,303.36,41.61,42.87,D,D,2.35
95,0.105,5.8,0.04893,309.4,3.3,248.9,61.5,-90.0,1.0,309.41,309.41,41.78,41.88,D,D,0.07
95,0.268,5.8,0.0654,309.4,3.3,248.9,61.5,-90.0,1.0,309.41,309.41,41.78,41.88,D,D,0.31
95,0.337,5.8,0.06172,292.6,3.3,248.9,61.5,-90.0,1.0,309.41,275.82,41.78,41.83,D,D,0.43
95,1.293,5.8,0.06062,308.1,3.3,248.9,61.5,-90.0,1.0,309.41,306.78,41.78,41.3,D,D,1.49
95,1.114,5.8,0.04624,308.1,3.3,248.9,61.5,-90.0,1.0,309.41,306.78,41.78,40.98,D,D,0.93
95,1.104,5.8,0.08066,307.9,3.3,248.9,61.5,-90.0,1.0,309.41,306.38,41.78,40.71,D,D,0.25
95,0.978,5.8,0.05527,307.9,3.3,248.9,61.5,-90.0,1.0,309.41,306.38,41.78,40.83,D,D,0.32
95,0.921,5.8,0.05234,308.9,3.3,248.9,61.5,-90.0,1.0,309.41,308.39,41.78,41.15,D,D,0.9
95,0.874,5.8,0.05187,315.5,3.3,248.9,61.5,-90.0,1.0,309.41,321.63,41.78,42.51,D,D,0.56
95,0.836,5.8,0.04808,315.5,3.3,248.9,61.5,-90.0,1.0,309.41,321.63,41.78,42.61,D,D,0.09
95,1.028,5.8,0.06301,304.8,3.3,248.9,61.5,-90.0,1.0,309.41,300.22,41.78,42.61,D,D,0.81
95,1.114,5.8,0.05513,292.6,3.3,248.9,61.5,-90.0,1.0,309.41,275.82,41.78,42.27,D,D,1.29
95,2.187,5.8,0.04565,297.2,3.3,248.9,61.5,-90.0,1.0,309.41,285.09,41.78,40.9,D,D,2.52
95,2.196,5.8,0.03943,293.9,3.3,248.9,61.5,-90.0,1.0,309.41,278.32,41.78,40.06,D,D,1.64
95,2.076,5.8,0.04892,298.8,3.3,248.9,61.5,-90.0,1.0,309.41,288.24,41.78,39.75,D,D,0.35
95,2.019,5.8,0.04325,297.7,3.3,248.9,61.5,-90.0,1.0,309.41,286.03,41.78,39.88,D,D,0.97
95,1.922,5.8,0.07181,301.4,3.3,248.9,61.5,-90.0,1.0,309.41,293.46,41.78,40.6,D,D,2.02
95,1.935,5.8,0.0455,314.8,3.3,248.9,61.5,-90.0,1.0,309.41,320.11,41.78,43.71,D,D,0.15
95,1.961,5.8,0.04219,302.3,3.3,248.9,61.5,-90.0,1.0,309.41,295.17,41.78,43.47,D,D,1.34
95,2.111,5.8,0.0368,306.4,3.3,248.9,61.5,-90.0,1.0,309.41,303.36,41.78,42.87,D,D,2.34
95,0.196,5.8,0.06795,309.4,3.3,248.9,61.5,-90.0,1.0,309.41,309.41,41.88,41.88,D,D,0.24
95,0.283,5.8,0.06426,292.6,3.3,248.9,61.5,-90.0,1.0,309.41,275.82,41.88,41.83,D,D,0.36
95,1.282,5.8,0.06317,308.1,3.3,248.9,61.5,-90.0,1.0,309.41,306.78,41.88,41.3,D,D,1.42
95,1.147,5.8,0.04879,308.1,3.3,248.9,61.5,-90.0,1.0,309.41,306.78,41.88,40.98,D,D,0.86
95,1.182,5.8,0.0832,307.9,3.3,248.9,61.5,-90.0,1.0,309.41,306.38,41.88,40.71,D,D,0.18
95,1.078,5.8,0.05781,307.9,3.3,248.9,61.5,-90.0,1.0,309.41,306.38,41.88,40.83,D,D,0.39
95,1.023,5.8,0.05489,308.9,3.3,248.9,61.5,-90.0,1.0,309.41,308.39,41.88,41.15,D,D,0.97
95,0.833,5.8,0.05441,315.5,3.3,248.9,61.5,-90.0,1.0,309.41,321.63,41.88,42.51,D,D,0.63
95,0.745,5.8,0.05062,315.5,3.3,248.9,61.5,-90.0,1.0,309.41,321.63,41.88,42.61,D,D,0.02
95,0.923,5.8,0.06555,304.8,3.3,248.9,61.5,-90.0,1.0,309.41,300.22,41.88,42.61,D,D,0.74
95,1.028,5.8,0.05768,292.6,3.3,248.9,61.5,-90.0,1.0,309.41,275.82,41.88,42.27,D,D,1.22
95,2.179,5.8,0.04819,297.2,3.3,248.9,61.5,-90.0,1.0,309.41,285.09,41.88,40.9,D,D,2.45
95,2.237,5.8,0.04198,293.9,3.3,248.9,61.5,-90.0,1.0,309.41,278.32,41.88,40.06,D,D,1.57
95,2.156,5.8,0.05146,298.8,3.3,248.9,61.5,-90.0,1.0,309.41,288.24,41.88,39.75,D,D,0.28
95,2.122,5.8,0.04579,297.7,3.3,248.9,61.5,-90.0,1.0,309.41,286.03,41.88,39.88,D,D,1.04
95,2.021,5.8,0.07436,301.4,3.3,248.9,61.5,-90.0,1.0,309.41,293.46,41.88,40.6,D,D,2.09
95,1.844,5.8,0.04804,314.8,3.3,248.9,61.5,-90.0,1.0,309.41,320.11,41.88,43.71,D,D,0.08
95,1.856,5.8,0.04473,302.3,3.3,248.9,61.5,-90.0,1.0,309.41,295.17,41.88,43.47,D,D,1.27
95,2.02,5.8,0.03934,306.4,3.3,248.9,61.5,-90.0,1.0,309.41,303.36,41.88,42.87,D,D,2.27
95,0.097,5.8,0.08074,292.6,3.3,248.9,61.5,-90.0,1.0,309.41,275.82,41.88,41.83,D,D,0.12
95,1.114,5.8,0.07964,308.1,3.3,248.9,61.5,-90.0,1.0,309.41,306.78,41.88,41.3,D,D,1.18
95,1.044,5.8,0.06526,308.1,3.3,248.9,61.5,-90.0,1.0,309.41,306.78,41.88,40.98,D,D,0.62
95,1.173,5.8,0.09968,307.9,3.3,248.9,61.5,-90.0,1.0,309.41,306.38,41.88,40.71,D,D,0.06
95,1.145,5.8,0.07429,307.9,3.3,248.9,61.5,-90.0,1.0,309.41,306.38,41.88,40.83,D,D,0.63
95,1.173,5.8,0.07136,308.9,3.3,248.9,61.5,-90.0,1.0,309.41,308.39,41.88,41.15,D,D,1.21
95,0.965,5.8,0.07089,315.5,3.3,248.9,61.5,-90.0,1.0,309.41,321.63,41.88,42.51,D,D,0.87
95,0.768,5.8,0.0671,315.5,3.3,248.9,61.5,-90.0,1.0,309.41,321.63,41.88,42.61,D,D,0.22
95,0.815,5.8,0.08203,304.8,3.3,248.9,61.5,-90.0,1.0,309.41,300.22,41.88,42.61,D,D,0.5
95,0.848,5.8,0.07415,292.6,3.3,248.9,61.5,-90.0,1.0,309.41,275.82,41.88,42.27,D,D,0.98
95,2.012,5.8,0.06467,297.2,3.3,248.9,61.5,-90.0,1.0,309.41,285.09,41.88,40.9,D,D,2.21
95,2.138,5.8,0.05845,293.9,3.3,248.9,61.5,-90.0,1.0,309.41,278.32,41.88,40.06,D,D,1.33
95,2.143,5.8,0.06794,298.8,3.3,248.9,61.5,-90.0,1.0,309.41,288.24,41.88,39.75,D,D,0.04
95,2.199,5.8,0.06227,297.7,3.3,248.9,61.5,-90.0,1.0,309.41,286.03,41.88,39.88,D,D,1.28
95,2.178,5.8,0.09083,301.4,3.3,248.9,61.5,-90.0,1.0,309.41,293.46,41.88,40.6,D,D,2.33
95,1.849,5.8,0.06452,314.8,3.3,248.9,61.5,-90.0,1.0,309.41,320.11,41.88,43.71,D,D,0.16
95,1.757,5.8,0.06121,302.3,3.3,248.9,61.5,-90.0,1.0,309.41,295.17,41.88,43.47,D,D,1.03
95,1.847,5.8,0.05582,306.4,3.3,248.9,61.5,-90.0,1.0,309.41,303.36,41.88,42.87,D,D,2.03
95,1.017,5.8,0.07596,291.3,3.3,248.9,61.5,-90.0,1.0,275.82,306.78,41.83,41.3,D,D,1.06
95,0.962,5.8,0.06157,291.3,3.3,248.9,61.5,-90.0,1.0,275.82,306.78,41.83,40.98,D,D,0.5
95,1.129,5.8,0.09599,291.1,3.3,248.9,61.5,-90.0,1.0,275.82,306.38,41.83,40.71,D,D,0.18
95,1.138,5.8,0.0706,291.1,3.3,248.9,61.5,-90.0,1.0,275.82,306.38,41.83,40.83,D,D,0.75
95,1.212,5.8,0.06767,292.1,3.3,248.9,61.5,-90.0,1.0,275.82,308.39,41.83,41.15,D,D,1.33
95,1.061,5.8,0.0672,298.7,3.3,248.9,61.5,-90.0,1.0,275.82,321.63,41.83,42.51,D,D,0.99
95,0.84,5.8,0.06341,298.7,3.3,248.9,61.5,-90.0,1.0,275.82,321.63,41.83,42.61,D,D,0.34
95,0.827,5.8,0.07834,288.0,3.3,248.9,61.5,-90.0,1.0,275.82,300.22,41.83,42.61,D,D,0.38
95,0.799,5.8,0.07047,275.8,3.3,248.9,61.5,-90.0,1.0,275.82,275.82,41.83,42.27,D,D,0.86
95,1.914,5.8,0.06098,280.5,3.3,248.9,61.5,-90.0,1.0,275.82,285.09,41.83,40.9,D,D,2.09
95,2.055,5.8,0.05477,277.1,3.3,248.9,61.5,-90.0,1.0,275.82,278.32,41.83,40.06,D,D,1.21
95,2.092,5.8,0.06425,282.0,3.3,248.9,61.5,-90.0,1.0,275.82,288.24,41.83,39.75,D,D,0.08
95,2.191,5.8,0.05858,280.9,3.3,248.9,61.5,-90.0,1.0,275.82,286.03,41.83,39.88,D,D,1.4
95,2.219,5.8,0.08715,284.6,3.3,248.9,61.5,-90.0,1.0,275.82,293.46,41.83,40.6,D,D,2.45
95,1.908,5.8,0.06083,298.0,3.3,248.9,61.5,-90.0,1.0,275.82,320.11,41.83,43.71,D,D,0.28
95,1.767,5.8,0.05752,285.5,3.3,248.9,61.5,-90.0,1.0,275.82,295.17,41.83,43.47,D,D,0.91
95,1.802,5.8,0.05213,289.6,3.3,248.9,61.5,-90.0,1.0,275.82,303.36,41.83,42.87,D,D,1.91
95,0.543,5.8,0.06048,306.8,3.3,248.9,61.5,-90.0,1.0,306.78,306.78,41.3,40.98,D,D,0.56
95,1.115,5.8,0.0949,306.6,3.3,248.9,61.5,-90.0,1.0,306.78,306.38,41.3,40.71,D,D,1.24
95,1.468,5.8,0.06951,306.6,3.3,248.9,61.5,-90.0,1.0,306.78,306.38,41.3,40.83,D,D,1.81
95,1.868,5.8,0.06658,307.6,3.3,248.9,61.5,-90.0,1.0,306.78,308.39,41.3,41.15,D,D,2.39
95,2.073,5.8,0.06611,314.2,3.3,248.9,61.5,-90.0,1.0,306.78,321.63,41.3,42.51,D,D,2.05
95,1.762,5.8,0.06232,314.2,3.3,248.9,61.5,-90.0,1.0,306.78,321.63,41.3,42.61,D,D,1.4
95,1.446,5.8,0.07725,303.5,3.3,248.9,61.5,-90.0,1.0,306.78,300.22,41.3,42.61,D,D,0.68
95,0.995,5.8,0.06937,291.3,3.3,248.9,61.5,-90.0,1.0,306.78,275.82,41.3,42.27,D,D,0.2
95,0.898,5.8,0.05989,295.9,3.3,248.9,61.5,-90.0,1.0,306.78,285.09,41.3,40.9,D,D,1.03
95,1.267,5.8,0.05367,292.5,3.3,248.9,61.5,-90.0,1.0,306.78,278.32,41.3,40.06,D,D,0.15
95,1.759,5.8,0.06316,297.5,3.3,248.9,61.5,-90.0,1.0,306.78,288.24,41.3,39.75,D,D,1.14
95,2.321,5.8,0.05749,296.4,3.3,248.9,61.5,-90.0,1.0,306.78,286.03,41.3,39.88,D,D,2.46
95,2.781,5.8,0.08605,300.1,3.3,248.9,61.5,-90.0,1.0,306.78,293.46,41.3,40.6,D,D,3.51
95,2.687,5.8,0.05974,313.4,3.3,248.9,61.5,-90.0,1.0,306.78,320.11,41.3,43.71,D,D,1.34
95,2.18,5.8,0.05643,301.0,3.3,248.9,61.5,-90.0,1.0,306.78,295.17,41.3,43.47,D,D,0.15
95,1.67,5.8,0.05104,305.1,3.3,248.9,61.5,-90.0,1.0,306.78,303.36,41.3,42.87,D,D,0.85
95,0.576,5.8,0.08051,306.6,3.3,248.9,61.5,-90.0,1.0,306.78,306.38,40.98,40.71,D,D,0.68
95,0.967,5.8,0.05513,306.6,3.3,248.9,61.5,-90.0,1.0,306.78,306.38,40.98,40.83,D,D,1.25
95,1.437,5.8,0.0522,307.6,3.3,248.9,61.5,-90.0,1.0,306.78,308.39,40.98,41.15,D,D,1.83
95,1.98,5.8,0.05172,314.2,3.3,248.9,61.5,-90.0,1.0,306.78,321.63,40.98,42.51,D,D,1.49
95,1.801,5.8,0.04794,314.2,3.3,248.9,61.5,-90.0,1.0,306.78,321.63,40.98,42.61,D,D,0.84
95,1.651,5.8,0.06286,303.5,3.3,248.9,61.5,-90.0,1.0,306.78,300.22,40.98,42.61,D,D,0.12
95,1.322,5.8,0.05499,291.3,3.3,248.9,61.5,-90.0,1.0,306.78,275.82,40.98,42.27,D,D,0.36
95,1.226,5.8,0.04551,295.9,3.3,248.9,61.5,-90.0,1.0,306.78,285.09,40.98,40.9,D,D,1.59
95,1.094,5.8,0.03929,292.5,3.3,248.9,61.5,-90.0,1.0,306.78,278.32,40.98,40.06,D,D,0.71
95,1.29,5.8,0.04878,297.5,3.3,248.9,61.5,-90.0,1.0,306.78,288.24,40.98,39.75,D,D,0.58
95,1.779,5.8,0.0431,296.4,3.3,248.9,61.5,-90.0,1.0,306.78,286.03,40.98,39.88,D,D,1.9
95,2.285,5.8,0.07167,300.1,3.3,248.9,61.5,-90.0,1.0,306.78,293.46,40.98,40.6,D,D,2.95
95,2.841,5.8,0.04535,313.4,3.3,248.9,61.5,-90.0,1.0,306.78,320.11,40.98,43.71,D,D,0.78
95,2.508,5.8,0.04205,301.0,3.3,248.9,61.5,-90.0,1.0,306.78,295.17,40.98,43.47,D,D,0.41
95,2.153,5.8,0.03666,305.1,3.3,248.9,61.5,-90.0,1.0,306.78,303.36,40.98,42.87,D,D,1.41
95,0.459,5.8,0.08954,306.4,3.3,248.9,61.5,-90.0,1.0,306.38,306.38,40.71,40.83,D,D,0.57
95,1.013,5.8,0.08661,307.4,3.3,248.9,61.5,-90.0,1.0,306.38,308.39,40.71,41.15,D,D,1.15
95,1.947,5.8,0.08614,314.0,3.3,248.9,61.5,-90.0,1.0,306.38,321.63,40.71,42.51,D,D,0.81
95,1.923,5.8,0.08235,314.0,3.3,248.9,61.5,-90.0,1.0,306.38,321.63,40.71,42.61,D,D,0.16
95,1.94,5.8,0.09728,303.3,3.3,248.9,61.5,-90.0,1.0,306.38,300.22,40.71,42.61,D,D,0.56
95,1.735,5.8,0.08941,291.1,3.3,248.9,61.5,-90.0,1.0,306.38,275.82,40.71,42.27,D,D,1.04
95,1.74,5.8,0.07992,295.7,3.3,248.9,61.5,-90.0,1.0,306.38,285.09,40.71,40.9,D,D,2.27
95,1.272,5.8,0.07371,292.4,3.3,248.9,61.5,-90.0,1.0,306.38,278.32,40.71,40.06,D,D,1.39
95,0.974,5.8,0.08319,297.3,3.3,248.9,61.5,-90.0,1.0,306.38,288.24,40.71,39.75,D,D,0.1
95,1.219,5.8,0.07752,296.2,3.3,248.9,61.5,-90.0,1.0,306.38,286.03,40.71,39.88,D,D,1.22
95,1.742,5.8,0.10609,299.9,3.3,248.9,61.5,-90.0,1.0,306.38,293.46,40.71,40.6,D,D,2.27
95,3.018,5.8,0.07977,313.2,3.3,248.9,61.5,-90.0,1.0,306.38,320.11,40.71,43.71,D,D,0.1
95,2.861,5.8,0.07646,300.8,3.3,248.9,61.5,-90.0,1.0,306.38,295.17,40.71,43.47,D,D,1.09
95,2.654,5.8,0.07107,304.9,3.3,248.9,61.5,-90.0,1.0,306.38,303.36,40.71,42.87,D,D,2.09
95,0.569,5.8,0.06123,307.4,3.3,248.9,61.5,-90.0,1.0,306.38,308.39,40.83,41.15,D,D,0.58
95,1.712,5.8,0.06075,314.0,3.3,248.9,61.5,-90.0,1.0,306.38,321.63,40.83,42.51,D,D,0.24
95,1.808,5.8,0.05696,314.0,3.3,248.9,61.5,-90.0,1.0,306.38,321.63,40.83,42.61,D,D,0.41
95,1.96,5.8,0.07189,303.3,3.3,248.9,61.5,-90.0,1.0,306.38,300.22,40.83,42.61,D,D,1.13
95,1.876,5.8,0.06402,291.1,3.3,248.9,61.5,-90.0,1.0,306.38,275.82,40.83,42.27,D,D,1.61
95,2.177,5.8,0.05453,295.7,3.3,248.9,61.5,-90.0,1.0,306.38,285.09,40.83,40.9,D,D,2.84
95,1.715,5.8,0.04832,292.4,3.3,248.9,61.5,-90.0,1.0,306.38,278.32,40.83,40.06,D,D,1.96
95,1.223,5.8,0.0578,297.3,3.3,248.9,61.5,-90.0,1.0,306.38,288.24,40.83,39.75,D,D,0.67
95,1.055,5.8,0.05213,296.2,3.3,248.9,61.5,-90.0,1.0,306.38,286.03,40.83,39.88,D,D,0.65
95,1.319,5.8,0.0807,299.9,3.3,248.9,61.5,-90.0,1.0,306.38,293.46,40.83,40.6,D,D,1.7
95,2.901,5.8,0.05438,313.2,3.3,248.9,61.5,-90.0,1.0,306.38,320.11,40.83,43.71,D,D,0.47
95,2.902,5.8,0.05107,300.8,3.3,248.9,61.5,-90.0,1.0,306.38,295.17,40.83,43.47,D,D,1.66
95,2.855,5.8,0.04568,304.9,3.3,248.9,61.5,-90.0,1.0,306.38,303.36,40.83,42.87,D,D,2.66
95,1.38,5.8,0.05782,315.0,3.3,248.9,61.5,-90.0,1.0,308.39,321.63,41.15,42.51,D,D,0.34
95,1.63,5.8,0.05404,315.0,3.3,248.9,61.5,-90.0,1.0,308.39,321.63,41.15,42.61,D,D,0.99
95,1.942,5.8,0.06896,304.3,3.3,248.9,61.5,-90.0,1.0,308.39,300.22,41.15,42.61,D,D,1.71
95,2.011,5.8,0.06109,292.1,3.3,248.9,61.5,-90.0,1.0,308.39,275.82,41.15,42.27,D,D,2.19
95,2.662,5.8,0.05161,296.7,3.3,248.9,61.5,-90.0,1.0,308.39,285.09,41.15,40.9,D,D,3.42
95,2.282,5.8,0.04539,293.4,3.3,248.9,61.5,-90.0,1.0,308.39,278.32,41.15,40.06,D,D,2.54
95,1.746,5.8,0.05488,298.3,3.3,248.9,61.5,-90.0,1.0,308.39,288.24,41.15,39.75,D,D,1.25
95,1.28,5.8,0.0492,297.2,3.3,248.9,61.5,-90.0,1.0,308.39,286.03,41.15,39.88,D,D,0.07
95,1.006,5.8,0.07777,300.9,3.3,248.9,61.5,-90.0,1.0,308.39,293.46,41.15,40.6,D,D,1.12
95,2.665,5.8,0.05145,314.2,3.3,248.9,61.5,-90.0,1.0,308.39,320.11,41.15,43.71,D,D,1.05
95,2.86,5.8,0.04815,301.8,3.3,248.9,61.5,-90.0,1.0,308.39,295.17,41.15,43.47,D,D,2.24
95,3.014,5.8,0.04276,305.9,3.3,248.9,61.5,-90.0,1.0,308.39,303.36,41.15,42.87,D,D,3.24
95,0.525,5.8,0.05356,321.6,3.3,248.9,61.5,-90.0,1.0,321.63,321.63,42.51,42.61,D,D,0.65
95,1.09,5.8,0.06849,310.9,3.3,248.9,61.5,-90.0,1.0,321.63,300.22,42.51,42.61,D,D,1.37
95,1.502,5.8,0.06061,298.7,3.3,248.9,61.5,-90.0,1.0,321.63,275.82,42.51,42.27,D,D,1.85
95,2.966,5.8,0.05113,303.4,3.3,248.9,61.5,-90.0,1.0,321.63,285.09,42.51,40.9,D,D,3.08
95,3.068,5.8,0.04491,300.0,3.3,248.9,61.5,-90.0,1.0,321.63,278.32,42.51,40.06,D,D,2.2
95,2.9,5.8,0.0544,304.9,3.3,248.9,61.5,-90.0,1.0,321.63,288.24,42.51,39.75,D,D,0.91
95,2.652,5.8,0.04873,303.8,3.3,248.9,61.5,-90.0,1.0,321.63,286.03,42.51,39.88,D,D,0.41
95,2.193,5.8,0.07729,307.5,3.3,248.9,61.5,-90.0,1.0,321.63,293.46,42.51,40.6,D,D,1.46
95,1.31,5.8,0.05098,320.9,3.3,248.9,61.5,-90.0,1.0,321.63,320.11,42.51,43.71,D,D,0.71
95,1.766,5.8,0.04767,308.4,3.3,248.9,61.5,-90.0,1.0,321.63,295.17,42.51,43.47,D,D,1.9
95,2.33,5.8,0.04228,312.5,3.3,248.9,61.5,-90.0,1.0,321.63,303.36,42.51,42.87,D,D,2.9
95,0.571,5.8,0.0647,310.9,3.3,248.9,61.5,-90.0,1.0,321.63,300.22,42.61,42.61,D,D,0.72
95,1.028,5.8,0.05683,298.7,3.3,248.9,61.5,-90.0,1.0,321.63,275.82,42.61,42.27,D,D,1.2
95,2.624,5.8,0.04734,303.4,3.3,248.9,61.5,-90.0,1.0,321.63,285.09,42.61,40.9,D,D,2.43
95,2.889,5.8,0.04113,300.0,3.3,248.9,61.5,-90.0,1.0,321.63,278.32,42.61,40.06,D,D,1.55
95,2.897,5.8,0.05061,304.9,3.3,248.9,61.5,-90.0,1.0,321.63,288.24,42.61,39.75,D,D,0.26
95,2.832,5.8,0.04494,303.8,3.3,248.9,61.5,-90.0,1.0,321.63,286.03,42.61,39.88,D,D,1.06
95,2.555,5.8,0.07351,307.5,3.3,248.9,61.5,-90.0,1.0,321.63,293.46,42.61,40.6,D,D,2.11
95,1.099,5.8,0.04719,320.9,3.3,248.9,61.5,-90.0,1.0,321.63,320.11,42.61,43.71,D,D,0.06
95,1.29,5.8,0.04388,308.4,3.3,248.9,61.5,-90.0,1.0,321.63,295.17,42.61,43.47,D,D,1.25
95,1.806,5.8,0.03849,312.5,3.3,248.9,61.5,-90.0,1.0,321.63,303.36,42.61,42.87,D,D,2.25
95,0.524,5.8,0.07175,288.0,3.3,248.9,61.5,-90.0,1.0,300.22,275.82,42.61,42.27,D,D,0.48
95,2.23,5.8,0.06227,292.7,3.3,248.9,61.5,-90.0,1.0,300.22,285.09,42.61,40.9,D,D,1.71
95,2.678,5.8,0.05606,289.3,3.3,248.9,61.5,-90.0,1.0,300.22,278.32,42.61,40.06,D,D,0.83
95,2.883,5.8,0.06554,294.2,3.3,248.9,61.5,-90.0,1.0,300.22,288.24,42.61,39.75,D,D,0.46
95,3.014,5.8,0.05987,293.1,3.3,248.9,61.5,-90.0,1.0,300.22,286.03,42.61,39.88,D,D,1.78
95,2.929,5.8,0.08843,296.8,3.3,248.9,61.5,-90.0,1.0,300.22,293.46,42.61,40.6,D,D,2.83
95,1.243,5.8,0.06212,310.2,3.3,248.9,61.5,-90.0,1.0,300.22,320.11,42.61,43.71,D,D,0.66
95,0.942,5.8,0.05881,297.7,3.3,248.9,61.5,-90.0,1.0,300.22,295.17,42.61,43.47,D,D,0.53
95,1.242,5.8,0.05342,301.8,3.3,248.9,61.5,-90.0,1.0,300.22,303.36,42.61,42.87,D,D,1.53
95,1.718,5.8,0.0544,280.5,3.3,248.9,61.5,-90.0,1.0,275.82,285.09,42.27,40.9,D,D,1.23
95,2.259,5.8,0.04818,277.1,3.3,248.9,61.5,-90.0,1.0,275.82,278.32,42.27,40.06,D,D,0.35
95,2.607,5.8,0.05767,282.0,3.3,248.9,61.5,-90.0,1.0,275.82,288.24,42.27,39.75,D,D,0.94
95,2.907,5.8,0.05199,280.9,3.3,248.9,61.5,-90.0,1.0,275.82,286.03,42.27,39.88,D,D,2.26
95,3.017,5.8,0.08056,284.6,3.3,248.9,61.5,-90.0,1.0,275.82,293.46,42.27,40.6,D,D,3.31
95,1.741,5.8,0.05425,298.0,3.3,248.9,61.5,-90.0,1.0,275.82,320.11,42.27,43.71,D,D,1.14
95,1.196,5.8,0.05094,285.5,3.3,248.9,61.5,-90.0,1.0,275.82,295.17,42.27,43.47,D,D,0.05
95,1.003,5.8,0.04555,289.6,3.3,248.9,61.5,-90.0,1.0,275.82,303.36,42.27,42.87,D,D,1.05
95,1.052,5.8,0.0387,281.7,3.3,248.9,61.5,-90.0,1.0,285.09,278.32,40.9,40.06,D,D,0.88
95,1.961,5.8,0.04818,286.7,3.3,248.9,61.5,-90.0,1.0,285.09,288.24,40.9,39.75,D,D,2.17
95,2.797,5.8,0.04251,285.6,3.3,248.9,61.5,-90.0,1.0,285.09,286.03,40.9,39.88,D,D,3.49
95,3.482,5.8,0.07108,289.3,3.3,248.9,61.5,-90.0,1.0,285.09,293.46,40.9,40.6,D,D,4.54
95,3.459,5.8,0.04476,302.6,3.3,248.9,61.5,-90.0,1.0,285.09,320.11,40.9,43.71,D,D,2.37
95,2.783,5.8,0.04145,290.1,3.3,248.9,61.5,-90.0,1.0,285.09,295.17,40.9,43.47,D,D,1.18
95,1.988,5.8,0.03606,294.2,3.3,248.9,61.5,-90.0,1.0,285.09,303.36,40.9,42.87,D,D,0.18
95,1.001,5.8,0.04197,283.3,3.3,248.9,61.5,-90.0,1.0,278.32,288.24,40.06,39.75,D,D,1.29
95,1.968,5.8,0.03629,282.2,3.3,248.9,61.5,-90.0,1.0,278.32,286.03,40.06,39.88,D,D,2.61
95,2.865,5.8,0.06486,285.9,3.3,248.9,61.5,-90.0,1.0,278.32,293.46,40.06,40.6,D,D,3.66
95,3.903,5.8,0.03855,299.2,3.3,248.9,61.5,-90.0,1.0,278.32,320.11,40.06,43.71,D,D,1.49
95,3.447,5.8,0.03524,286.7,3.3,248.9,61.5,-90.0,1.0,278.32,295.17,40.06,43.47,D,D,0.3
95,2.85,5.8,0.02985,290.8,3.3,248.9,61.5,-90.0,1.0,278.32,303.36,40.06,42.87,D,D,0.7
95,1.012,5.8,0.04578,287.1,3.3,248.9,61.5,-90.0,1.0,288.24,286.03,39.75,39.88,D,D,1.32
95,2.033,5.8,0.07435,290.9,3.3,248.9,61.5,-90.0,1.0,288.24,293.46,39.75,40.6,D,D,2.37
95,3.991,5.8,0.04803,304.2,3.3,248.9,61.5,-90.0,1.0,288.24,320.11,39.75,43.71,D,D,0.2
95,3.779,5.8,0.04472,291.7,3.3,248.9,61.5,-90.0,1.0,288.24,295.17,39.75,43.47,D,D,0.99
95,3.425,5.8,0.03933,295.8,3.3,248.9,61.5,-90.0,1.0,288.24,303.36,39.75,42.87,D,D,1.99
95,1.104,5.8,0.06867,289.7,3.3,248.9,61.5,-90.0,1.0,286.03,293.46,39.88,40.6,D,D,1.05
95,3.909,5.8,0.04236,303.1,3.3,248.9,61.5,-90.0,1.0,286.03,320.11,39.88,43.71,D,D,1.12
95,3.956,5.8,0.03905,290.6,3.3,248.9,61.5,-90.0,1.0,286.03,295.17,39.88,43.47,D,D,2.31
95,3.86,5.8,0.03366,294.7,3.3,248.9,61.5,-90.0,1.0,286.03,303.36,39.88,42.87,D,D,3.31
95,3.5,5.8,0.07093,306.8,3.3,248.9,61.5,-90.0,1.0,293.46,320.11,40.6,43.71,D,D,2.17
95,3.826,5.8,0.06762,294.3,3.3,248.9,61.5,-90.0,1.0,293.46,295.17,40.6,43.47,D,D,3.36
95,4.02,5.8,0.06223,298.4,3.3,248.9,61.5,-90.0,1.0,293.46,303.36,40.6,42.87,D,D,4.36
95,1.005,5.8,0.0413,307.6,3.3,248.9,61.5,-90.0,1.0,320.11,295.17,43.71,43.47,D,D,1.19
95,1.996,5.8,0.03591,311.7,3.3,248.9,61.5,-90.0,1.0,320.11,303.36,43.71,42.87,D,D,2.19
95,1.031,5.8,0.0326,299.3,3.3,248.9,61.5,-90.0,1.0,295.17,303.36,43.47,42.87,D,D,1.0
100,2.791,6.32,0.19556,308.9,15.8,43.0,57.0,100.0,2.0,309.41,308.39,59.92,57.25,D,D,0.61
100,0.193,6.32,0.18984,292.6,15.8,43.0,57.0,100.0,2.0,309.41,275.82,59.92,60.11,D,D,0.01
100,0.204,6.32,0.17884,309.4,15.8,43.0,57.0,100.0,2.0,309.41,309.41,59.92,59.72,D,D,0.01
100,0.956,6.32,0.17808,288.9,15.8,43.0,57.0,100.0,2.0,309.41,268.37,59.92,60.86,D,D,0.04
100,1.024,6.32,0.20727,318.5,15.8,43.0,57.0,100.0,2.0,309.41,327.61,59.92,58.92,D,D,0.0
100,2.086,6.32,0.16554,288.5,15.8,43.0,57.0,100.0,2.0,309.41,267.67,59.92,61.97,D,D,0.12
100,1.984,6.32,0.17664,311.9,15.8,43.0,57.0,100.0,2.0,309.41,314.33,59.92,57.99,D,D,0.22
100,0.202,6.32,0.19993,309.4,15.8,43.0,57.0,100.0,2.0,309.41,309.41,59.92,60.08,D,D,0.09
100,0.222,6.32,0.19431,312.1,15.8,43.0,57.0,100.0,2.0,309.41,314.88,59.92,60.03,D,D,0.15
100,0.227,6.32,0.1932,312.1,15.8,43.0,57.0,100.0,2.0,309.41,314.88,59.92,59.93,D,D,0.19
100,0.218,6.32,0.17876,309.4,15.8,43.0,57.0,100.0,2.0,309.41,309.41,59.92,59.83,D,D,0.16
100,0.199,6.32,0.1788,309.4,15.8,43.0,57.0,100.0,2.0,309.41,309.41,59.92,59.75,D,D,0.09
100,0.176,6.32,0.18786,309.4,15.8,43.0,57.0,100.0,2.0,309.41,309.41,59.92,59.76,D,D,0.06
100,0.184,6.32,0.18049,309.4,15.8,43.0,57.0,100.0,2.0,309.41,309.41,59.92,59.82,D,D,0.14
100,0.172,6.32,0.17156,309.4,15.8,43.0,57.0,100.0,2.0,309.41,309.41,59.92,60.0,D,D,0.13
100,0.196,6.32,0.18446,292.6,15.8,43.0,57.0,100.0,2.0,309.41,275.82,59.92,60.09,D,D,0.09
100,1.117,6.32,0.20543,308.1,15.8,43.0,57.0,100.0,2.0,309.41,306.78,59.92,60.89,D,D,0.39
100,0.963,6.32,0.19363,308.1,15.8,43.0,57.0,100.0,2.0,309.41,306.78,59.92,60.45,D,D,0.65
100,1.025,6.32,0.1894,307.9,15.8,43.0,57.0,100.0,2.0,309.41,306.38,59.92,59.93,D,D,0.86
100,0.974,6.32,0.19532,307.9,15.8,43.0,57.0,100.0,2.0,309.41,306.38,59.92,59.5,D,D,0.75
100,1.017,6.32,0.1926,308.9,15.8,43.0,57.0,100.0,2.0,309.41,308.39,59.92,59.07,D,D,0.47
100,0.976,6.32,0.18589,305.2,15.8,43.0,57.0,100.0,2.0,309.41,301.05,59.92,59.07,D,D,0.35
100,1.017,6.32,0.17851,315.5,15.8,43.0,57.0,100.0,2.0,309.41,321.63,59.92,59.35,D,D,0.69
100,0.899,6.32,0.1778,315.5,15.8,43.0,57.0,100.0,2.0,309.41,321.63,59.92,59.86,D,D,0.76
100,0.987,6.32,0.17651,304.8,15.8,43.0,57.0,100.0,2.0,309.41,300.22,59.92,60.42,D,D,0.73
100,0.994,6.32,0.17245,292.6,15.8,43.0,57.0,100.0,2.0,309.41,275.82,59.92,60.78,D,D,0.43
100,2.012,6.32,0.18505,297.2,15.8,43.0,57.0,100.0,2.0,309.41,285.09,59.92,61.64,D,D,0.76
100,2.053,6.32,0.19753,293.9,15.8,43.0,57.0,100.0,2.0,309.41,278.32,59.92,60.95,D,D,1.43
100,1.999,6.32,0.20496,298.8,15.8,43.0,57.0,100.0,2.0,309.41,288.24,59.92,60.0,D,D,1.67
100,2.028,6.32,0.18973,297.7,15.8,43.0,57.0,100.0,2.0,309.41,286.03,59.92,59.02,D,D,1.56
100,2.023,6.32,0.19067,301.4,15.8,43.0,57.0,100.0,2.0,309.41,293.46,59.92,58.23,D,D,0.95
100,2.058,6.32,0.19926,333.4,15.8,43.0,57.0,100.0,2.0,309.41,357.43,59.92,58.12,D,D,0.73
100,1.993,6.32,0.18261,314.8,15.8,43.0,57.0,100.0,2.0,309.41,320.11,59.92,59.96,D,D,1.68
100,1.929,6.32,0.18278,302.3,15.8,43.0,57.0,100.0,2.0,309.41,295.17,59.92,60.9,D,D,1.42
100,1.997,6.32,0.15627,306.4,15.8,43.0,57.0,100.0,2.0,309.41,303.36,59.92,61.64,D,D,0.87
100,2.981,6.32,0.1889,292.1,15.8,43.0,57.0,100.0,2.0,308.39,275.82,57.25,60.11,D,D,0.62
100,2.591,6.32,0.1779,308.9,15.8,43.0,57.0,100.0,2.0,308.39,309.41,57.25,59.72,D,D,0.6
100,3.732,6.32,0.17714,288.4,15.8,43.0,57.0,100.0,2.0,308.39,268.37,57.25,60.86,D,D,0.65
100,1.818,6.32,0.20634,318.0,15.8,43.0,57.0,100.0,2.0,308.39,327.61,57.25,58.92,D,D,0.61
100,4.856,6.32,0.16461,288.0,15.8,43.0,57.0,100.0,2.0,308.39,267.67,57.25,61.97,D,D,0.73
100,0.855,6.32,0.17571,311.4,15.8,43.0,57.0,100.0,2.0,308.39,314.33,57.25,57.99,D,D,0.39
100,2.929,6.32,0.199,308.9,15.8,43.0,57.0,100.0,2.0,308.39,309.41,57.25,60.08,D,D,0.52
100,2.867,6.32,0.19337,311.6,15.8,43.0,57.0,100.0,2.0,308.39,314.88,57.25,60.03,D,D,0.46
100,2.757,6.32,0.19226,311.6,15.8,43.0,57.0,100.0,2.0,308.39,314.88,57.25,59.93,D,D,0.42
100,2.664,6.32,0.17783,308.9,15.8,43.0,57.0,100.0,2.0,308.39,309.41,57.25,59.83,D,D,0.45
100,2.603,6.32,0.17786,308.9,15.8,43.0,57.0,100.0,2.0,308.39,309.41,57.25,59.75,D,D,0.52
100,2.648,6.32,0.18693,308.9,15.8,43.0,57.0,100.0,2.0,308.39,309.41,57.25,59.76,D,D,0.67
100,2.728,6.32,0.17955,308.9,15.8,43.0,57.0,100.0,2.0,308.39,309.41,57.25,59.82,D,D,0.75
100,2.915,6.32,0.17062,308.9,15.8,43.0,57.0,100.0,2.0,308.39,309.41,57.25,60.0,D,D,0.74
100,2.98,6.32,0.18352,292.1,15.8,43.0,57.0,100.0,2.0,308.39,275.82,57.25,60.09,D,D,0.7
100,3.721,6.32,0.20449,307.6,15.8,43.0,57.0,100.0,2.0,308.39,306.78,57.25,60.89,D,D,0.22
100,3.268,6.32,0.1927,307.6,15.8,43.0,57.0,100.0,2.0,308.39,306.78,57.25,60.45,D,D,0.04
100,2.764,6.32,0.18847,307.4,15.8,43.0,57.0,100.0,2.0,308.39,306.38,57.25,59.93,D,D,0.25
100,2.314,6.32,0.19438,307.4,15.8,43.0,57.0,100.0,2.0,308.39,306.38,57.25,59.5,D,D,0.14
100,1.854,6.32,0.19166,308.4,15.8,43.0,57.0,100.0,2.0,308.39,308.39,57.25,59.07,D,D,0.14
100,2.12,6.32,0.18495,304.7,15.8,43.0,57.0,100.0,2.0,308.39,301.05,57.25,59.07,D,D,0.96
100,2.572,6.32,0.17757,315.0,15.8,43.0,57.0,100.0,2.0,308.39,321.63,57.25,59.35,D,D,1.3
100,3.051,6.32,0.17686,315.0,15.8,43.0,57.0,100.0,2.0,308.39,321.63,57.25,59.86,D,D,1.37
100,3.539,6.32,0.17557,304.3,15.8,43.0,57.0,100.0,2.0,308.39,300.22,57.25,60.42,D,D,1.34
100,3.756,6.32,0.17151,292.1,15.8,43.0,57.0,100.0,2.0,308.39,275.82,57.25,60.78,D,D,1.04
100,4.489,6.32,0.18412,296.7,15.8,43.0,57.0,100.0,2.0,308.39,285.09,57.25,61.64,D,D,0.15
100,3.937,6.32,0.19659,293.4,15.8,43.0,57.0,100.0,2.0,308.39,278.32,57.25,60.95,D,D,0.82
100,3.113,6.32,0.20403,298.3,15.8,43.0,57.0,100.0,2.0,308.39,288.24,57.25,60.0,D,D,1.06
100,2.154,6.32,0.18879,297.2,15.8,43.0,57.0,100.0,2.0,308.39,286.03,57.25,59.02,D,D,0.95
100,1.082,6.32,0.18973,300.9,15.8,43.0,57.0,100.0,2.0,308.39,293.46,57.25,58.23,D,D,0.34
100,1.743,6.32,0.19832,332.9,15.8,43.0,57.0,100.0,2.0,308.39,357.43,57.25,58.12,D,D,1.34
100,3.772,6.32,0.18168,314.2,15.8,43.0,57.0,100.0,2.0,308.39,320.11,57.25,59.96,D,D,2.29
100,4.334,6.32,0.18184,301.8,15.8,43.0,57.0,100.0,2.0,308.39,295.17,57.25,60.9,D,D,2.03
100,4.736,6.32,0.15534,305.9,15.8,43.0,57.0,100.0,2.0,308.39,303.36,57.25,61.64,D,D,1.48
100,0.397,6.32,0.17217,292.6,15.8,43.0,57.0,100.0,2.0,275.82,309.41,60.11,59.72,D,D,0.02
100,0.762,6.32,0.17141,272.1,15.8,43.0,57.0,100.0,2.0,275.82,268.37,60.11,60.86,D,D,0.03
100,1.217,6.32,0.20061,301.7,15.8,43.0,57.0,100.0,2.0,275.82,327.61,60.11,58.92,D,D,0.01
100,1.892,6.32,0.15887,271.7,15.8,43.0,57.0,100.0,2.0,275.82,267.67,60.11,61.97,D,D,0.11
100,2.177,6.32,0.16997,295.1,15.8,43.0,57.0,100.0,2.0,275.82,314.33,60.11,57.99,D,D,0.23
100,0.124,6.32,0.19327,292.6,15.8,43.0,57.0,100.0,2.0,275.82,309.41,60.11,60.08,D,D,0.1
100,0.211,6.32,0.18764,295.4,15.8,43.0,57.0,100.0,2.0,275.82,314.88,60.11,60.03,D,D,0.16
100,0.296,6.32,0.18653,295.4,15.8,43.0,57.0,100.0,2.0,275.82,314.88,60.11,59.93,D,D,0.2
100,0.348,6.32,0.17209,292.6,15.8,43.0,57.0,100.0,2.0,275.82,309.41,60.11,59.83,D,D,0.17
100,0.379,6.32,0.17213,292.6,15.8,43.0,57.0,100.0,2.0,275.82,309.41,60.11,59.75,D,D,0.1
100,0.362,6.32,0.18119,292.6,15.8,43.0,57.0,100.0,2.0,275.82,309.41,60.11,59.76,D,D,0.05
100,0.332,6.32,0.17383,292.6,15.8,43.0,57.0,100.0,2.0,275.82,309.41,60.11,59.82,D,D,0.13
100,0.175,6.32,0.16489,292.6,15.8,43.0,57.0,100.0,2.0,275.82,309.41,60.11,60.0,D,D,0.12
100,0.091,6.32,0.17779,275.8,15.8,43.0,57.0,100.0,2.0,275.82,275.82,60.11,60.09,D,D,0.08
100,0.95,6.32,0.19876,291.3,15.8,43.0,57.0,100.0,2.0,275.82,306.78,60.11,60.89,D,D,0.4
100,0.873,6.32,0.18696,291.3,15.8,43.0,57.0,100.0,2.0,275.82,306.78,60.11,60.45,D,D,0.66
100,1.044,6.32,0.18274,291.1,15.8,43.0,57.0,100.0,2.0,275.82,306.38,60.11,59.93,D,D,0.87
100,1.075,6.32,0.18865,291.1,15.8,43.0,57.0,100.0,2.0,275.82,306.38,60.11,59.5,D,D,0.76
100,1.188,6.32,0.18593,292.1,15.8,43.0,57.0,100.0,2.0,275.82,308.39,60.11,59.07,D,D,0.48
100,1.151,6.32,0.17922,288.4,15.8,43.0,57.0,100.0,2.0,275.82,301.05,60.11,59.07,D,D,0.34
100,1.138,6.32,0.17184,298.7,15.8,43.0,57.0,100.0,2.0,275.82,321.63,60.11,59.35,D,D,0.68
100,0.931,6.32,0.17113,298.7,15.8,43.0,57.0,100.0,2.0,275.82,321.63,60.11,59.86,D,D,0.75
100,0.902,6.32,0.16984,288.0,15.8,43.0,57.0,100.0,2.0,275.82,300.22,60.11,60.42,D,D,0.72
100,0.829,6.32,0.16578,275.8,15.8,43.0,57.0,100.0,2.0,275.82,275.82,60.11,60.78,D,D,0.42
100,1.848,6.32,0.17839,280.5,15.8,43.0,57.0,100.0,2.0,275.82,285.09,60.11,61.64,D,D,0.77
100,1.966,6.32,0.19087,277.1,15.8,43.0,57.0,100.0,2.0,275.82,278.32,60.11,60.95,D,D,1.44
100,2.005,6.32,0.19829,282.0,15.8,43.0,57.0,100.0,2.0,275.82,288.24,60.11,60.0,D,D,1.68
100,2.126,6.32,0.18307,280.9,15.8,43.0,57.0,100.0,2.0,275.82,286.03,60.11,59.02,D,D,1.57
100,2.192,6.32,0.18401,284.6,15.8,43.0,57.0,100.0,2.0,275.82,293.46,60.11,58.23,D,D,0.96
100,2.233,6.32,0.19259,316.6,15.8,43.0,57.0,100.0,2.0,275.82,357.43,60.11,58.12,D,D,0.72
100,1.998,6.32,0.17595,298.0,15.8,43.0,57.0,100.0,2.0,275.82,320.11,60.11,59.96,D,D,1.67
100,1.838,6.32,0.17611,285.5,15.8,43.0,57.0,100.0,2.0,275.82,295.17,60.11,60.9,D,D,1.41
100,1.83,6.32,0.1496,289.6,15.8,43.0,57.0,100.0,2.0,275.82,303.36,60.11,61.64,D,D,0.86
100,1.16,6.32,0.16042,288.9,15.8,43.0,57.0,100.0,2.0,309.41,268.37,59.72,60.86,D,D,0.05
100,0.82,6.32,0.18961,318.5,15.8,43.0,57.0,100.0,2.0,309.41,327.61,59.72,58.92,D,D,0.01
100,2.29,6.32,0.14788,288.5,15.8,43.0,57.0,100.0,2.0,309.41,267.67,59.72,61.97,D,D,0.13
100,1.781,6.32,0.15898,311.9,15.8,43.0,57.0,100.0,2.0,309.41,314.33,59.72,57.99,D,D,0.21
100,0.385,6.32,0.18227,309.4,15.8,43.0,57.0,100.0,2.0,309.41,309.41,59.72,60.08,D,D,0.08
100,0.367,6.32,0.17664,312.1,15.8,43.0,57.0,100.0,2.0,309.41,314.88,59.72,60.03,D,D,0.14
100,0.305,6.32,0.17553,312.1,15.8,43.0,57.0,100.0,2.0,309.41,314.88,59.72,59.93,D,D,0.18
100,0.222,6.32,0.1611,309.4,15.8,43.0,57.0,100.0,2.0,309.41,309.41,59.72,59.83,D,D,0.15
100,0.102,6.32,0.16114,309.4,15.8,43.0,57.0,100.0,2.0,309.41,309.41,59.72,59.75,D,D,0.08
100,0.082,6.32,0.1702,309.4,15.8,43.0,57.0,100.0,2.0,309.41,309.41,59.72,59.76,D,D,0.07
100,0.187,6.32,0.16283,309.4,15.8,43.0,57.0,100.0,2.0,309.41,309.41,59.72,59.82,D,D,0.15
100,0.332,6.32,0.1539,309.4,15.8,43.0,57.0,100.0,2.0,309.41,309.41,59.72,60.0,D,D,0.14
100,0.389,6.32,0.16679,292.6,15.8,43.0,57.0,100.0,2.0,309.41,275.82,59.72,60.09,D,D,0.1
100,1.3,6.32,0.18777,308.1,15.8,43.0,57.0,100.0,2.0,309.41,306.78,59.72,60.89,D,D,0.38
100,1.086,6.32,0.17597,308.1,15.8,43.0,57.0,100.0,2.0,309.41,306.78,59.72,60.45,D,D,0.64
100,1.041,6.32,0.17174,307.9,15.8,43.0,57.0,100.0,2.0,309.41,306.38,59.72,59.93,D,D,0.85
100,0.898,6.32,0.17766,307.9,15.8,43.0,57.0,100.0,2.0,309.41,306.38,59.72,59.5,D,D,0.74
100,0.845,6.32,0.17494,308.9,15.8,43.0,57.0,100.0,2.0,309.41,308.39,59.72,59.07,D,D,0.46
100,0.801,6.32,0.16823,305.2,15.8,43.0,57.0,100.0,2.0,309.41,301.05,59.72,59.07,D,D,0.36
100,0.919,6.32,0.16085,315.5,15.8,43.0,57.0,100.0,2.0,309.41,321.63,59.72,59.35,D,D,0.7
100,0.912,6.32,0.16014,315.5,15.8,43.0,57.0,100.0,2.0,309.41,321.63,59.72,59.86,D,D,0.77
100,1.109,6.32,0.15885,304.8,15.8,43.0,57.0,100.0,2.0,309.41,300.22,59.72,60.42,D,D,0.74
100,1.18,6.32,0.15479,292.6,15.8,43.0,57.0,100.0,2.0,309.41,275.82,59.72,60.78,D,D,0.44
100,2.189,6.32,0.16739,297.2,15.8,43.0,57.0,100.0,2.0,309.41,285.09,59.72,61.64,D,D,0.75
100,2.159,6.32,0.17987,293.9,15.8,43.0,57.0,100.0,2.0,309.41,278.32,59.72,60.95,D,D,1.42
100,2.01,6.32,0.1873,298.8,15.8,43.0,57.0,100.0,2.0,309.41,288.24,59.72,60.0,D,D,1.66
100,1.937,6.32,0.17207,297.7,15.8,43.0,57.0,100.0,2.0,309.41,286.03,59.72,59.02,D,D,1.55
100,1.848,6.32,0.17301,301.4,15.8,43.0,57.0,100.0,2.0,309.41,293.46,59.72,58.23,D,D,0.94
100,1.88,6.32,0.1816,333.4,15.8,43.0,57.0,100.0,2.0,309.41,357.43,59.72,58.12,D,D,0.74
100,2.01,6.32,0.16495,314.8,15.8,43.0,57.0,100.0,2.0,309.41,320.11,59.72,59.96,D,D,1.69
100,2.043,6.32,0.16512,302.3,15.8,43.0,57.0,100.0,2.0,309.41,295.17,59.72,60.9,D,D,1.43
100,2.18,6.32,0.13861,306.4,15.8,43.0,57.0,100.0,2.0,309.41,303.36,59.72,61.64,D,D,0.88
100,1.979,6.32,0.18885,298.0,15.8,43.0,57.0,100.0,2.0,268.37,327.61,60.86,58.92,D,D,0.04
100,1.13,6.32,0.14712,268.0,15.8,43.0,57.0,100.0,2.0,268.37,267.67,60.86,61.97,D,D,0.08
100,2.938,6.32,0.15822,291.4,15.8,43.0,57.0,100.0,2.0,268.37,314.33,60.86,57.99,D,D,0.26
100,0.802,6.32,0.18151,288.9,15.8,43.0,57.0,100.0,2.0,268.37,309.41,60.86,60.08,D,D,0.13
100,0.867,6.32,0.17589,291.6,15.8,43.0,57.0,100.0,2.0,268.37,314.88,60.86,60.03,D,D,0.19
100,0.979,6.32,0.17478,291.6,15.8,43.0,57.0,100.0,2.0,268.37,314.88,60.86,59.93,D,D,0.23
100,1.068,6.32,0.16034,288.9,15.8,43.0,57.0,100.0,2.0,268.37,309.41,60.86,59.83,D,D,0.2
100,1.132,6.32,0.16037,288.9,15.8,43.0,57.0,100.0,2.0,268.37,309.41,60.86,59.75,D,D,0.13
100,1.12,6.32,0.16944,288.9,15.8,43.0,57.0,100.0,2.0,268.37,309.41,60.86,59.76,D,D,0.02
100,1.068,6.32,0.16207,288.9,15.8,43.0,57.0,100.0,2.0,268.37,309.41,60.86,59.82,D,D,0.1
100,0.874,6.32,0.15313,288.9,15.8,43.0,57.0,100.0,2.0,268.37,309.41,60.86,60.0,D,D,0.09
100,0.787,6.32,0.16603,272.1,15.8,43.0,57.0,100.0,2.0,268.37,275.82,60.86,60.09,D,D,0.05
100,0.521,6.32,0.18701,287.6,15.8,43.0,57.0,100.0,2.0,268.37,306.78,60.86,60.89,D,D,0.43
100,0.913,6.32,0.17521,287.6,15.8,43.0,57.0,100.0,2.0,268.37,306.78,60.86,60.45,D,D,0.69
100,1.405,6.32,0.17098,287.4,15.8,43.0,57.0,100.0,2.0,268.37,306.38,60.86,59.93,D,D,0.9
100,1.642,6.32,0.17689,287.4,15.8,43.0,57.0,100.0,2.0,268.37,306.38,60.86,59.5,D,D,0.79
100,1.905,6.32,0.17417,288.4,15.8,43.0,57.0,100.0,2.0,268.37,308.39,60.86,59.07,D,D,0.51
100,1.878,6.32,0.16747,284.7,15.8,43.0,57.0,100.0,2.0,268.37,301.05,60.86,59.07,D,D,0.31
100,1.748,6.32,0.16009,295.0,15.8,43.0,57.0,100.0,2.0,268.37,321.63,60.86,59.35,D,D,0.65
100,1.353,6.32,0.15938,295.0,15.8,43.0,57.0,100.0,2.0,268.37,321.63,60.86,59.86,D,D,0.72
100,0.954,6.32,0.15809,284.3,15.8,43.0,57.0,100.0,2.0,268.37,300.22,60.86,60.42,D,D,0.69
100,0.475,6.32,0.15402,272.1,15.8,43.0,57.0,100.0,2.0,268.37,275.82,60.86,60.78,D,D,0.39
100,1.283,6.32,0.16663,276.7,15.8,43.0,57.0,100.0,2.0,268.37,285.09,60.86,61.64,D,D,0.8
100,1.787,6.32,0.17911,273.3,15.8,43.0,57.0,100.0,2.0,268.37,278.32,60.86,60.95,D,D,1.47
100,2.2,6.32,0.18654,278.3,15.8,43.0,57.0,100.0,2.0,268.37,288.24,60.86,60.0,D,D,1.71
100,2.617,6.32,0.17131,277.2,15.8,43.0,57.0,100.0,2.0,268.37,286.03,60.86,59.02,D,D,1.6
100,2.889,6.32,0.17225,280.9,15.8,43.0,57.0,100.0,2.0,268.37,293.46,60.86,58.23,D,D,0.99
100,2.943,6.32,0.18083,312.9,15.8,43.0,57.0,100.0,2.0,268.37,357.43,60.86,58.12,D,D,0.69
100,2.195,6.32,0.16419,294.2,15.8,43.0,57.0,100.0,2.0,268.37,320.11,60.86,59.96,D,D,1.64
100,1.66,6.32,0.16436,281.8,15.8,43.0,57.0,100.0,2.0,268.37,295.17,60.86,60.9,D,D,1.38
100,1.25,6.32,0.13785,285.9,15.8,43.0,57.0,100.0,2.0,268.37,303.36,60.86,61.64,D,D,0.83
100,3.108,6.32,0.17631,297.6,15.8,43.0,57.0,100.0,2.0,327.61,267.67,58.92,61.97,D,D,0.12
100,0.979,6.32,0.18741,321.0,15.8,43.0,57.0,100.0,2.0,327.61,314.33,58.92,57.99,D,D,0.22
100,1.197,6.32,0.21071,318.5,15.8,43.0,57.0,100.0,2.0,327.61,309.41,58.92,60.08,D,D,0.09
100,1.158,6.32,0.20508,321.2,15.8,43.0,57.0,100.0,2.0,327.61,314.88,58.92,60.03,D,D,0.15
100,1.062,6.32,0.20397,321.2,15.8,43.0,57.0,100.0,2.0,327.61,314.88,58.92,59.93,D,D,0.19
100,0.96,6.32,0.18954,318.5,15.8,43.0,57.0,100.0,2.0,327.61,309.41,58.92,59.83,D,D,0.16
100,0.863,6.32,0.18957,318.5,15.8,43.0,57.0,100.0,2.0,327.61,309.41,58.92,59.75,D,D,0.09
100,0.86,6.32,0.19864,318.5,15.8,43.0,57.0,100.0,2.0,327.61,309.41,58.92,59.76,D,D,0.06
100,0.927,6.32,0.19126,318.5,15.8,43.0,57.0,100.0,2.0,327.61,309.41,58.92,59.82,D,D,0.14
100,1.121,6.32,0.18233,318.5,15.8,43.0,57.0,100.0,2.0,327.61,309.41,58.92,60.0,D,D,0.13
100,1.198,6.32,0.19523,301.7,15.8,43.0,57.0,100.0,2.0,327.61,275.82,58.92,60.09,D,D,0.09
100,2.09,6.32,0.2162,317.2,15.8,43.0,57.0,100.0,2.0,327.61,306.78,58.92,60.89,D,D,0.39
100,1.769,6.32,0.20441,317.2,15.8,43.0,57.0,100.0,2.0,327.61,306.78,58.92,60.45,D,D,0.65
100,1.478,6.32,0.20018,317.0,15.8,43.0,57.0,100.0,2.0,327.61,306.38,58.92,59.93,D,D,0.86
100,1.088,6.32,0.20609,317.0,15.8,43.0,57.0,100.0,2.0,327.61,306.38,58.92,59.5,D,D,0.75
100,0.576,6.32,0.20337,318.0,15.8,43.0,57.0,100.0,2.0,327.61,308.39,58.92,59.07,D,D,0.47
100,0.424,6.32,0.19666,314.3,15.8,43.0,57.0,100.0,2.0,327.61,301.05,58.92,59.07,D,D,0.35
100,0.905,6.32,0.18928,324.6,15.8,43.0,57.0,100.0,2.0,327.61,321.63,58.92,59.35,D,D,0.69
100,1.286,6.32,0.18857,324.6,15.8,43.0,57.0,100.0,2.0,327.61,321.63,58.92,59.86,D,D,0.76
100,1.729,6.32,0.18728,313.9,15.8,43.0,57.0,100.0,2.0,327.61,300.22,58.92,60.42,D,D,0.73
100,1.946,6.32,0.18322,301.7,15.8,43.0,57.0,100.0,2.0,327.61,275.82,58.92,60.78,D,D,0.43
100,2.956,6.32,0.19583,306.4,15.8,43.0,57.0,100.0,2.0,327.61,285.09,58.92,61.64,D,D,0.76
100,2.74,6.32,0.2083,303.0,15.8,43.0,57.0,100.0,2.0,327.61,278.32,58.92,60.95,D,D,1.43
100,2.303,6.32,0.21574,307.9,15.8,43.0,57.0,100.0,2.0,327.61,288.24,58.92,60.0,D,D,1.67
100,1.837,6.32,0.2005,306.8,15.8,43.0,57.0,100.0,2.0,327.61,286.03,58.92,59.02,D,D,1.56
100,1.29,6.32,0.20144,310.5,15.8,43.0,57.0,100.0,2.0,327.61,293.46,58.92,58.23,D,D,0.95
100,1.199,6.32,0.21003,342.5,15.8,43.0,57.0,100.0,2.0,327.61,357.43,58.92,58.12,D,D,0.73
100,2.214,6.32,0.19339,323.9,15.8,43.0,57.0,100.0,2.0,327.61,320.11,58.92,59.96,D,D,1.68
100,2.574,6.32,0.19355,311.4,15.8,43.0,57.0,100.0,2.0,327.61,295.17,58.92,60.9,D,D,1.42
100,2.919,6.32,0.16704,315.5,15.8,43.0,57.0,100.0,2.0,327.61,303.36,58.92,61.64,D,D,0.87
100,4.068,6.32,0.14568,291.0,15.8,43.0,57.0,100.0,2.0,267.67,314.33,61.97,57.99,D,D,0.34
100,1.929,6.32,0.16897,288.5,15.8,43.0,57.0,100.0,2.0,267.67,309.41,61.97,60.08,D,D,0.21
100,1.989,6.32,0.16335,291.3,15.8,43.0,57.0,100.0,2.0,267.67,314.88,61.97,60.03,D,D,0.27
100,2.098,6.32,0.16224,291.3,15.8,43.0,57.0,100.0,2.0,267.67,314.88,61.97,59.93,D,D,0.31
100,2.192,6.32,0.1478,288.5,15.8,43.0,57.0,100.0,2.0,267.67,309.41,61.97,59.83,D,D,0.28
100,2.261,6.32,0.14783,288.5,15.8,43.0,57.0,100.0,2.0,267.67,309.41,61.97,59.75,D,D,0.21
100,2.248,6.32,0.1569,288.5,15.8,43.0,57.0,100.0,2.0,267.67,309.41,61.97,59.76,D,D,0.06
100,2.19,6.32,0.14953,288.5,15.8,43.0,57.0,100.0,2.0,267.67,309.41,61.97,59.82,D,D,0.02
100,1.994,6.32,0.14059,288.5,15.8,43.0,57.0,100.0,2.0,267.67,309.41,61.97,60.0,D,D,0.01
100,1.912,6.32,0.15349,271.7,15.8,43.0,57.0,100.0,2.0,267.67,275.82,61.97,60.09,D,D,0.03
100,1.23,6.32,0.17447,287.2,15.8,43.0,57.0,100.0,2.0,267.67,306.78,61.97,60.89,D,D,0.51
100,1.772,6.32,0.16267,287.2,15.8,43.0,57.0,100.0,2.0,267.67,306.78,61.97,60.45,D,D,0.77
100,2.345,6.32,0.15845,287.0,15.8,43.0,57.0,100.0,2.0,267.67,306.38,61.97,59.93,D,D,0.98
100,2.681,6.32,0.16436,287.0,15.8,43.0,57.0,100.0,2.0,267.67,306.38,61.97,59.5,D,D,0.87
100,3.015,6.32,0.16164,288.0,15.8,43.0,57.0,100.0,2.0,267.67,308.39,61.97,59.07,D,D,0.59
100,2.982,6.32,0.15493,284.4,15.8,43.0,57.0,100.0,2.0,267.67,301.05,61.97,59.07,D,D,0.23
100,2.781,6.32,0.14755,294.6,15.8,43.0,57.0,100.0,2.0,267.67,321.63,61.97,59.35,D,D,0.57
100,2.309,6.32,0.14684,294.6,15.8,43.0,57.0,100.0,2.0,267.67,321.63,61.97,59.86,D,D,0.64
100,1.769,6.32,0.14555,283.9,15.8,43.0,57.0,100.0,2.0,267.67,300.22,61.97,60.42,D,D,0.61
100,1.283,6.32,0.14148,271.7,15.8,43.0,57.0,100.0,2.0,267.67,275.82,61.97,60.78,D,D,0.31
100,1.115,6.32,0.15409,276.4,15.8,43.0,57.0,100.0,2.0,267.67,285.09,61.97,61.64,D,D,0.88
100,2.116,6.32,0.16657,273.0,15.8,43.0,57.0,100.0,2.0,267.67,278.32,61.97,60.95,D,D,1.55
100,2.89,6.32,0.174,278.0,15.8,43.0,57.0,100.0,2.0,267.67,288.24,61.97,60.0,D,D,1.79
100,3.547,6.32,0.15877,276.9,15.8,43.0,57.0,100.0,2.0,267.67,286.03,61.97,59.02,D,D,1.68
100,3.976,6.32,0.15971,280.6,15.8,43.0,57.0,100.0,2.0,267.67,293.46,61.97,58.23,D,D,1.07
100,4.023,6.32,0.1683,312.6,15.8,43.0,57.0,100.0,2.0,267.67,357.43,61.97,58.12,D,D,0.61
100,2.832,6.32,0.15165,293.9,15.8,43.0,57.0,100.0,2.0,267.67,320.11,61.97,59.96,D,D,1.56
100,1.961,6.32,0.15182,281.4,15.8,43.0,57.0,100.0,2.0,267.67,295.17,61.97,60.9,D,D,1.3
100,0.989,6.32,0.12531,285.5,15.8,43.0,57.0,100.0,2.0,267.67,303.36,61.97,61.64,D,D,0.75
100,2.14,6.32,0.18007,311.9,15.8,43.0,57.0,100.0,2.0,314.33,309.41,57.99,60.08,D,D,0.13
100,2.087,6.32,0.17445,314.6,15.8,43.0,57.0,100.0,2.0,314.33,314.88,57.99,60.03,D,D,0.07
100,1.981,6.32,0.17334,314.6,15.8,43.0,57.0,100.0,2.0,314.33,314.88,57.99,59.93,D,D,0.03
100,1.883,6.32,0.1589,311.9,15.8,43.0,57.0,100.0,2.0,314.33,309.41,57.99,59.83,D,D,0.06
100,1.806,6.32,0.15893,311.9,15.8,43.0,57.0,100.0,2.0,314.33,309.41,57.99,59.75,D,D,0.13
100,1.83,6.32,0.168,311.9,15.8,43.0,57.0,100.0,2.0,314.33,309.41,57.99,59.76,D,D,0.28
100,1.903,6.32,0.16063,311.9,15.8,43.0,57.0,100.0,2.0,314.33,309.41,57.99,59.82,D,D,0.36
100,2.095,6.32,0.15169,311.9,15.8,43.0,57.0,100.0,2.0,314.33,309.41,57.99,60.0,D,D,0.35
100,2.167,6.32,0.16459,295.1,15.8,43.0,57.0,100.0,2.0,314.33,275.82,57.99,60.09,D,D,0.31
100,2.986,6.32,0.18557,310.6,15.8,43.0,57.0,100.0,2.0,314.33,306.78,57.99,60.89,D,D,0.17
100,2.584,6.32,0.17377,310.6,15.8,43.0,57.0,100.0,2.0,314.33,306.78,57.99,60.45,D,D,0.43
100,2.149,6.32,0.16955,310.4,15.8,43.0,57.0,100.0,2.0,314.33,306.38,57.99,59.93,D,D,0.64
100,1.692,6.32,0.17545,310.4,15.8,43.0,57.0,100.0,2.0,314.33,306.38,57.99,59.5,D,D,0.53
100,1.15,6.32,0.17273,311.4,15.8,43.0,57.0,100.0,2.0,314.33,308.39,57.99,59.07,D,D,0.25
100,1.265,6.32,0.16603,307.7,15.8,43.0,57.0,100.0,2.0,314.33,301.05,57.99,59.07,D,D,0.57
100,1.722,6.32,0.15865,318.0,15.8,43.0,57.0,100.0,2.0,314.33,321.63,57.99,59.35,D,D,0.91
100,2.196,6.32,0.15794,318.0,15.8,43.0,57.0,100.0,2.0,314.33,321.63,57.99,59.86,D,D,0.98
100,2.687,6.32,0.15665,307.3,15.8,43.0,57.0,100.0,2.0,314.33,300.22,57.99,60.42,D,D,0.95
100,2.924,6.32,0.15258,295.1,15.8,43.0,57.0,100.0,2.0,314.33,275.82,57.99,60.78,D,D,0.65
100,3.807,6.32,0.16519,299.7,15.8,43.0,57.0,100.0,2.0,314.33,285.09,57.99,61.64,D,D,0.54
100,3.399,6.32,0.17767,296.3,15.8,43.0,57.0,100.0,2.0,314.33,278.32,57.99,60.95,D,D,1.21
100,2.719,6.32,0.1851,301.3,15.8,43.0,57.0,100.0,2.0,314.33,288.24,57.99,60.0,D,D,1.45
100,1.915,6.32,0.16987,300.2,15.8,43.0,57.0,100.0,2.0,314.33,286.03,57.99,59.02,D,D,1.34
100,0.88,6.32,0.17081,303.9,15.8,43.0,57.0,100.0,2.0,314.33,293.46,57.99,58.23,D,D,0.73
100,1.104,6.32,0.17939,335.9,15.8,43.0,57.0,100.0,2.0,314.33,357.43,57.99,58.12,D,D,0.95
100,2.954,6.32,0.16275,317.2,15.8,43.0,57.0,100.0,2.0,314.33,320.11,57.99,59.96,D,D,1.9
100,3.48,6.32,0.16292,304.8,15.8,43.0,57.0,100.0,2.0,314.33,295.17,57.99,60.9,D,D,1.64
100,3.894,6.32,0.13641,308.8,15.8,43.0,57.0,100.0,2.0,314.33,303.36,57.99,61.64,D,D,1.09
100,0.09,6.32,0.19773,312.1,15.8,43.0,57.0,100.0,2.0,309.41,314.88,60.08,60.03,D,D,0.06
100,0.191,6.32,0.19662,312.1,15.8,43.0,57.0,100.0,2.0,309.41,314.88,60.08,59.93,D,D,0.1
100,0.268,6.32,0.18219,309.4,15.8,43.0,57.0,100.0,2.0,309.41,309.41,60.08,59.83,D,D,0.07
100,0.335,6.32,0.18223,309.4,15.8,43.0,57.0,100.0,2.0,309.41,309.41,60.08,59.75,D,D,0.0
100,0.376,6.32,0.19129,309.4,15.8,43.0,57.0,100.0,2.0,309.41,309.41,60.08,59.76,D,D,0.15
100,0.38,6.32,0.18392,309.4,15.8,43.0,57.0,100.0,2.0,309.41,309.41,60.08,59.82,D,D,0.23
100,0.273,6.32,0.17499,309.4,15.8,43.0,57.0,100.0,2.0,309.41,309.41,60.08,60.0,D,D,0.22
100,0.21,6.32,0.18789,292.6,15.8,43.0,57.0,100.0,2.0,309.41,275.82,60.08,60.09,D,D,0.18
100,0.918,6.32,0.20886,308.1,15.8,43.0,57.0,100.0,2.0,309.41,306.78,60.08,60.89,D,D,0.3
100,0.777,6.32,0.19706,308.1,15.8,43.0,57.0,100.0,2.0,309.41,306.78,60.08,60.45,D,D,0.56
100,0.92,6.32,0.19284,307.9,15.8,43.0,57.0,100.0,2.0,309.41,306.38,60.08,59.93,D,D,0.77
100,0.961,6.32,0.19875,307.9,15.8,43.0,57.0,100.0,2.0,309.41,306.38,60.08,59.5,D,D,0.66
100,1.113,6.32,0.19603,308.9,15.8,43.0,57.0,100.0,2.0,309.41,308.39,60.08,59.07,D,D,0.38
100,1.175,6.32,0.18932,305.2,15.8,43.0,57.0,100.0,2.0,309.41,301.05,60.08,59.07,D,D,0.44
100,1.21,6.32,0.18194,315.5,15.8,43.0,57.0,100.0,2.0,309.41,321.63,60.08,59.35,D,D,0.78
100,1.041,6.32,0.18123,315.5,15.8,43.0,57.0,100.0,2.0,309.41,321.63,60.08,59.86,D,D,0.85
100,1.026,6.32,0.17994,304.8,15.8,43.0,57.0,100.0,2.0,309.41,300.22,60.08,60.42,D,D,0.82
100,0.926,6.32,0.17588,292.6,15.8,43.0,57.0,100.0,2.0,309.41,275.82,60.08,60.78,D,D,0.52
100,1.811,6.32,0.18849,297.2,15.8,43.0,57.0,100.0,2.0,309.41,285.09,60.08,61.64,D,D,0.67
100,1.871,6.32,0.20096,293.9,15.8,43.0,57.0,100.0,2.0,309.41,278.32,60.08,60.95,D,D,1.34
100,1.883,6.32,0.20839,298.8,15.8,43.0,57.0,100.0,2.0,309.41,288.24,60.08,60.0,D,D,1.58
100,2.008,6.32,0.19316,297.7,15.8,43.0,57.0,100.0,2.0,309.41,286.03,60.08,59.02,D,D,1.47
100,2.111,6.32,0.1941,301.4,15.8,43.0,57.0,100.0,2.0,309.41,293.46,60.08,58.23,D,D,0.86
100,2.258,6.32,0.20269,333.4,15.8,43.0,57.0,100.0,2.0,309.41,357.43,60.08,58.12,D,D,0.82
100,2.116,6.32,0.18604,314.8,15.8,43.0,57.0,100.0,2.0,309.41,320.11,60.08,59.96,D,D,1.77
100,1.96,6.32,0.18621,302.3,15.8,43.0,57.0,100.0,2.0,309.41,295.17,60.08,60.9,D,D,1.51
100,1.922,6.32,0.1597,306.4,15.8,43.0,57.0,100.0,2.0,309.41,303.36,60.08,61.64,D,D,0.96
100,0.112,6.32,0.191,314.9,15.8,43.0,57.0,100.0,2.0,314.88,314.88,60.03,59.93,D,D,0.04
100,0.204,6.32,0.17656,312.1,15.8,43.0,57.0,100.0,2.0,314.88,309.41,60.03,59.83,D,D,0.01
100,0.297,6.32,0.1766,312.1,15.8,43.0,57.0,100.0,2.0,314.88,309.41,60.03,59.75,D,D,0.06
100,0.378,6.32,0.18566,312.1,15.8,43.0,57.0,100.0,2.0,314.88,309.41,60.03,59.76,D,D,0.21
100,0.406,6.32,0.17829,312.1,15.8,43.0,57.0,100.0,2.0,314.88,309.41,60.03,59.82,D,D,0.29
100,0.338,6.32,0.16936,312.1,15.8,43.0,57.0,100.0,2.0,314.88,309.41,60.03,60.0,D,D,0.28
100,0.29,6.32,0.18226,295.4,15.8,43.0,57.0,100.0,2.0,314.88,275.82,60.03,60.09,D,D,0.24
100,0.937,6.32,0.20323,310.8,15.8,43.0,57.0,100.0,2.0,314.88,306.78,60.03,60.89,D,D,0.24
100,0.741,6.32,0.19144,310.8,15.8,43.0,57.0,100.0,2.0,314.88,306.78,60.03,60.45,D,D,0.5
100,0.839,6.32,0.18721,310.6,15.8,43.0,57.0,100.0,2.0,314.88,306.38,60.03,59.93,D,D,0.71
100,0.871,6.32,0.19312,310.6,15.8,43.0,57.0,100.0,2.0,314.88,306.38,60.03,59.5,D,D,0.6
100,1.039,6.32,0.1904,311.6,15.8,43.0,57.0,100.0,2.0,314.88,308.39,60.03,59.07,D,D,0.32
100,1.168,6.32,0.18369,308.0,15.8,43.0,57.0,100.0,2.0,314.88,301.05,60.03,59.07,D,D,0.5
100,1.239,6.32,0.17631,318.3,15.8,43.0,57.0,100.0,2.0,314.88,321.63,60.03,59.35,D,D,0.84
100,1.103,6.32,0.17561,318.3,15.8,43.0,57.0,100.0,2.0,314.88,321.63,60.03,59.86,D,D,0.91
100,1.113,6.32,0.17431,307.6,15.8,43.0,57.0,100.0,2.0,314.88,300.22,60.03,60.42,D,D,0.88
100,1.013,6.32,0.17025,295.4,15.8,43.0,57.0,100.0,2.0,314.88,275.82,60.03,60.78,D,D,0.58
100,1.822,6.32,0.18286,300.0,15.8,43.0,57.0,100.0,2.0,314.88,285.09,60.03,61.64,D,D,0.61
100,1.831,6.32,0.19533,296.6,15.8,43.0,57.0,100.0,2.0,314.88,278.32,60.03,60.95,D,D,1.28
100,1.807,6.32,0.20277,301.6,15.8,43.0,57.0,100.0,2.0,314.88,288.24,60.03,60.0,D,D,1.52
100,1.918,6.32,0.18754,300.5,15.8,43.0,57.0,100.0,2.0,314.88,286.03,60.03,59.02,D,D,1.41
100,2.033,6.32,0.18848,304.2,15.8,43.0,57.0,100.0,2.0,314.88,293.46,60.03,58.23,D,D,0.8
100,2.247,6.32,0.19706,336.2,15.8,43.0,57.0,100.0,2.0,314.88,357.43,60.03,58.12,D,D,0.88
100,2.187,6.32,0.18041,317.5,15.8,43.0,57.0,100.0,2.0,314.88,320.11,60.03,59.96,D,D,1.83
100,2.049,6.32,0.18058,305.0,15.8,43.0,57.0,100.0,2.0,314.88,295.17,60.03,60.9,D,D,1.57
100,2.007,6.32,0.15408,309.1,15.8,43.0,57.0,100.0,2.0,314.88,303.36,60.03,61.64,D,D,1.02
100,0.102,6.32,0.17545,312.1,15.8,43.0,57.0,100.0,2.0,314.88,309.41,59.93,59.83,D,D,0.03
100,0.217,6.32,0.17549,312.1,15.8,43.0,57.0,100.0,2.0,314.88,309.41,59.93,59.75,D,D,0.1
100,0.338,6.32,0.18455,312.1,15.8,43.0,57.0,100.0,2.0,314.88,309.41,59.93,59.76,D,D,0.25
100,0.395,6.32,0.17718,312.1,15.8,43.0,57.0,100.0,2.0,314.88,309.41,59.93,59.82,D,D,0.33
100,0.382,6.32,0.16825,312.1,15.8,43.0,57.0,100.0,2.0,314.88,309.41,59.93,60.0,D,D,0.32
100,0.359,6.32,0.18115,295.4,15.8,43.0,57.0,100.0,2.0,314.88,275.82,59.93,60.09,D,D,0.28
100,1.028,6.32,0.20212,310.8,15.8,43.0,57.0,100.0,2.0,314.88,306.78,59.93,60.89,D,D,0.2
100,0.781,6.32,0.19033,310.8,15.8,43.0,57.0,100.0,2.0,314.88,306.78,59.93,60.45,D,D,0.46
100,0.798,6.32,0.1861,310.6,15.8,43.0,57.0,100.0,2.0,314.88,306.38,59.93,59.93,D,D,0.67
100,0.78,6.32,0.19201,310.6,15.8,43.0,57.0,100.0,2.0,314.88,306.38,59.93,59.5,D,D,0.56
100,0.927,6.32,0.18929,311.6,15.8,43.0,57.0,100.0,2.0,314.88,308.39,59.93,59.07,D,D,0.28
100,1.1,6.32,0.18258,308.0,15.8,43.0,57.0,100.0,2.0,314.88,301.05,59.93,59.07,D,D,0.54
100,1.212,6.32,0.1752,318.3,15.8,43.0,57.0,100.0,2.0,314.88,321.63,59.93,59.35,D,D,0.88
100,1.126,6.32,0.1745,318.3,15.8,43.0,57.0,100.0,2.0,314.88,321.63,59.93,59.86,D,D,0.95
100,1.185,6.32,0.1732,307.6,15.8,43.0,57.0,100.0,2.0,314.88,300.22,59.93,60.42,D,D,0.92
100,1.117,6.32,0.16914,295.4,15.8,43.0,57.0,100.0,2.0,314.88,275.82,59.93,60.78,D,D,0.62
100,1.904,6.32,0.18175,300.0,15.8,43.0,57.0,100.0,2.0,314.88,285.09,59.93,61.64,D,D,0.57
100,1.858,6.32,0.19422,296.6,15.8,43.0,57.0,100.0,2.0,314.88,278.32,59.93,60.95,D,D,1.24
100,1.772,6.32,0.20166,301.6,15.8,43.0,57.0,100.0,2.0,314.88,288.24,59.93,60.0,D,D,1.48
100,1.833,6.32,0.18643,300.5,15.8,43.0,57.0,100.0,2.0,314.88,286.03,59.93,59.02,D,D,1.37
100,1.922,6.32,0.18737,304.2,15.8,43.0,57.0,100.0,2.0,314.88,293.46,59.93,58.23,D,D,0.76
100,2.173,6.32,0.19595,336.2,15.8,43.0,57.0,100.0,2.0,314.88,357.43,59.93,58.12,D,D,0.92
100,2.219,6.32,0.1793,317.5,15.8,43.0,57.0,100.0,2.0,314.88,320.11,59.93,59.96,D,D,1.87
100,2.126,6.32,0.17947,305.0,15.8,43.0,57.0,100.0,2.0,314.88,295.17,59.93,60.9,D,D,1.61
100,2.114,6.32,0.15297,309.1,15.8,43.0,57.0,100.0,2.0,314.88,303.36,59.93,61.64,D,D,1.06
100,0.124,6.32,0.16106,309.4,15.8,43.0,57.0,100.0,2.0,309.41,309.41,59.83,59.75,D,D,0.07
100,0.273,6.32,0.17012,309.4,15.8,43.0,57.0,100.0,2.0,309.41,309.41,59.83,59.76,D,D,0.22
100,0.35,6.32,0.16275,309.4,15.8,43.0,57.0,100.0,2.0,309.41,309.41,59.83,59.82,D,D,0.3
100,0.389,6.32,0.15381,309.4,15.8,43.0,57.0,100.0,2.0,309.41,309.41,59.83,60.0,D,D,0.29
100,0.392,6.32,0.16672,292.6,15.8,43.0,57.0,100.0,2.0,309.41,275.82,59.83,60.09,D,D,0.25
100,1.13,6.32,0.18769,308.1,15.8,43.0,57.0,100.0,2.0,309.41,306.78,59.83,60.89,D,D,0.23
100,0.871,6.32,0.17589,308.1,15.8,43.0,57.0,100.0,2.0,309.41,306.78,59.83,60.45,D,D,0.49
100,0.833,6.32,0.17167,307.9,15.8,43.0,57.0,100.0,2.0,309.41,306.38,59.83,59.93,D,D,0.7
100,0.756,6.32,0.17757,307.9,15.8,43.0,57.0,100.0,2.0,309.41,306.38,59.83,59.5,D,D,0.59
100,0.846,6.32,0.17485,308.9,15.8,43.0,57.0,100.0,2.0,309.41,308.39,59.83,59.07,D,D,0.31
100,1.004,6.32,0.16814,305.2,15.8,43.0,57.0,100.0,2.0,309.41,301.05,59.83,59.07,D,D,0.51
100,1.141,6.32,0.16077,315.5,15.8,43.0,57.0,100.0,2.0,309.41,321.63,59.83,59.35,D,D,0.85
100,1.094,6.32,0.16006,315.5,15.8,43.0,57.0,100.0,2.0,309.41,321.63,59.83,59.86,D,D,0.92
100,1.204,6.32,0.15877,304.8,15.8,43.0,57.0,100.0,2.0,309.41,300.22,59.83,60.42,D,D,0.89
100,1.177,6.32,0.1547,292.6,15.8,43.0,57.0,100.0,2.0,309.41,275.82,59.83,60.78,D,D,0.59
100,2.005,6.32,0.16731,297.2,15.8,43.0,57.0,100.0,2.0,309.41,285.09,59.83,61.64,D,D,0.6
100,1.937,6.32,0.17979,293.9,15.8,43.0,57.0,100.0,2.0,309.41,278.32,59.83,60.95,D,D,1.27
100,1.807,6.32,0.18722,298.8,15.8,43.0,57.0,100.0,2.0,309.41,288.24,59.83,60.0,D,D,1.51
100,1.81,6.32,0.17199,297.7,15.8,43.0,57.0,100.0,2.0,309.41,286.03,59.83,59.02,D,D,1.4
100,1.847,6.32,0.17293,301.4,15.8,43.0,57.0,100.0,2.0,309.41,293.46,59.83,58.23,D,D,0.79
100,2.074,6.32,0.18151,333.4,15.8,43.0,57.0,100.0,2.0,309.41,357.43,59.83,58.12,D,D,0.89
100,2.192,6.32,0.16487,314.8,15.8,43.0,57.0,100.0,2.0,309.41,320.11,59.83,59.96,D,D,1.84
100,2.146,6.32,0.16504,302.3,15.8,43.0,57.0,100.0,2.0,309.41,295.17,59.83,60.9,D,D,1.58
100,2.178,6.32,0.13853,306.4,15.8,43.0,57.0,100.0,2.0,309.41,303.36,59.83,61.64,D,D,1.03
100,0.168,6.32,0.17016,309.4,15.8,43.0,57.0,100.0,2.0,309.41,309.41,59.75,59.76,D,D,0.15
100,0.263,6.32,0.16279,309.4,15.8,43.0,57.0,100.0,2.0,309.41,309.41,59.75,59.82,D,D,0.23
100,0.361,6.32,0.15385,309.4,15.8,43.0,57.0,100.0,2.0,309.41,309.41,59.75,60.0,D,D,0.22
100,0.394,6.32,0.16675,292.6,15.8,43.0,57.0,100.0,2.0,309.41,275.82,59.75,60.09,D,D,0.18
100,1.234,6.32,0.18773,308.1,15.8,43.0,57.0,100.0,2.0,309.41,306.78,59.75,60.89,D,D,0.3
100,0.994,6.32,0.17592,308.1,15.8,43.0,57.0,100.0,2.0,309.41,306.78,59.75,60.45,D,D,0.56
100,0.94,6.32,0.1717,307.9,15.8,43.0,57.0,100.0,2.0,309.41,306.38,59.75,59.93,D,D,0.77
100,0.815,6.32,0.17761,307.9,15.8,43.0,57.0,100.0,2.0,309.41,306.38,59.75,59.5,D,D,0.66
100,0.818,6.32,0.17489,308.9,15.8,43.0,57.0,100.0,2.0,309.41,308.39,59.75,59.07,D,D,0.38
100,0.883,6.32,0.16818,305.2,15.8,43.0,57.0,100.0,2.0,309.41,301.05,59.75,59.07,D,D,0.44
100,1.02,6.32,0.16081,315.5,15.8,43.0,57.0,100.0,2.0,309.41,321.63,59.75,59.35,D,D,0.78
100,1.003,6.32,0.16009,315.5,15.8,43.0,57.0,100.0,2.0,309.41,321.63,59.75,59.86,D,D,0.85
100,1.165,6.32,0.15881,304.8,15.8,43.0,57.0,100.0,2.0,309.41,300.22,59.75,60.42,D,D,0.82
100,1.193,6.32,0.15474,292.6,15.8,43.0,57.0,100.0,2.0,309.41,275.82,59.75,60.78,D,D,0.52
100,2.117,6.32,0.16735,297.2,15.8,43.0,57.0,100.0,2.0,309.41,285.09,59.75,61.64,D,D,0.67
100,2.061,6.32,0.17983,293.9,15.8,43.0,57.0,100.0,2.0,309.41,278.32,59.75,60.95,D,D,1.34
100,1.91,6.32,0.18726,298.8,15.8,43.0,57.0,100.0,2.0,309.41,288.24,59.75,60.0,D,D,1.58
100,1.862,6.32,0.17203,297.7,15.8,43.0,57.0,100.0,2.0,309.41,286.03,59.75,59.02,D,D,1.47
100,1.825,6.32,0.17297,301.4,15.8,43.0,57.0,100.0,2.0,309.41,293.46,59.75,58.23,D,D,0.86
100,1.956,6.32,0.18155,333.4,15.8,43.0,57.0,100.0,2.0,309.41,357.43,59.75,58.12,D,D,0.82
100,2.102,6.32,0.16491,314.8,15.8,43.0,57.0,100.0,2.0,309.41,320.11,59.75,59.96,D,D,1.77
100,2.105,6.32,0.16507,302.3,15.8,43.0,57.0,100.0,2.0,309.41,295.17,59.75,60.9,D,D,1.51
100,2.196,6.32,0.13856,306.4,15.8,43.0,57.0,100.0,2.0,309.41,303.36,59.75,61.64,D,D,0.96
100,0.105,6.32,0.17185,309.4,15.8,43.0,57.0,100.0,2.0,309.41,309.41,59.76,59.82,D,D,0.08
100,0.268,6.32,0.16291,309.4,15.8,43.0,57.0,100.0,2.0,309.41,309.41,59.76,60.0,D,D,0.07
100,0.337,6.32,0.17581,292.6,15.8,43.0,57.0,100.0,2.0,309.41,275.82,59.76,60.09,D,D,0.03
100,1.293,6.32,0.19679,308.1,15.8,43.0,57.0,100.0,2.0,309.41,306.78,59.76,60.89,D,D,0.45
100,1.114,6.32,0.18499,308.1,15.8,43.0,57.0,100.0,2.0,309.41,306.78,59.76,60.45,D,D,0.71
100,1.104,6.32,0.18077,307.9,15.8,43.0,57.0,100.0,2.0,309.41,306.38,59.76,59.93,D,D,0.92
100,0.978,6.32,0.18667,307.9,15.8,43.0,57.0,100.0,2.0,309.41,306.38,59.76,59.5,D,D,0.81
100,0.921,6.32,0.18395,308.9,15.8,43.0,57.0,100.0,2.0,309.41,308.39,59.76,59.07,D,D,0.53
100,0.8,6.32,0.17724,305.2,15.8,43.0,57.0,100.0,2.0,309.41,301.05,59.76,59.07,D,D,0.29
100,0.874,6.32,0.16987,315.5,15.8,43.0,57.0,100.0,2.0,309.41,321.63,59.76,59.35,D,D,0.63
100,0.836,6.32,0.16916,315.5,15.8,43.0,57.0,100.0,2.0,309.41,321.63,59.76,59.86,D,D,0.7
100,1.028,6.32,0.16787,304.8,15.8,43.0,57.0,100.0,2.0,309.41,300.22,59.76,60.42,D,D,0.67
100,1.114,6.32,0.1638,292.6,15.8,43.0,57.0,100.0,2.0,309.41,275.82,59.76,60.78,D,D,0.37
100,2.187,6.32,0.17641,297.2,15.8,43.0,57.0,100.0,2.0,309.41,285.09,59.76,61.64,D,D,0.82
100,2.196,6.32,0.18889,293.9,15.8,43.0,57.0,100.0,2.0,309.41,278.32,59.76,60.95,D,D,1.49
100,2.076,6.32,0.19632,298.8,15.8,43.0,57.0,100.0,2.0,309.41,288.24,59.76,60.0,D,D,1.73
100,2.019,6.32,0.18109,297.7,15.8,43.0,57.0,100.0,2.0,309.41,286.03,59.76,59.02,D,D,1.62
100,1.922,6.32,0.18203,301.4,15.8,43.0,57.0,100.0,2.0,309.41,293.46,59.76,58.23,D,D,1.01
100,1.882,6.32,0.19061,333.4,15.8,43.0,57.0,100.0,2.0,309.41,357.43,59.76,58.12,D,D,0.67
100,1.935,6.32,0.17397,314.8,15.8,43.0,57.0,100.0,2.0,309.41,320.11,59.76,59.96,D,D,1.62
100,1.961,6.32,0.17414,302.3,15.8,43.0,57.0,100.0,2.0,309.41,295.17,59.76,60.9,D,D,1.36
100,2.111,6.32,0.14763,306.4,15.8,43.0,57.0,100.0,2.0,309.41,303.36,59.76,61.64,D,D,0.81
100,0.196,6.32,0.15554,309.4,15.8,43.0,57.0,100.0,2.0,309.41,309.41,59.82,60.0,D,D,0.01
100,0.283,6.32,0.16845,292.6,15.8,43.0,57.0,100.0,2.0,309.41,275.82,59.82,60.09,D,D,0.05
100,1.282,6.32,0.18942,308.1,15.8,43.0,57.0,100.0,2.0,309.41,306.78,59.82,60.89,D,D,0.53
100,1.147,6.32,0.17762,308.1,15.8,43.0,57.0,100.0,2.0,309.41,306.78,59.82,60.45,D,D,0.79
100,1.182,6.32,0.17339,307.9,15.8,43.0,57.0,100.0,2.0,309.41,306.38,59.82,59.93,D,D,1.0
100,1.078,6.32,0.1793,307.9,15.8,43.0,57.0,100.0,2.0,309.41,306.38,59.82,59.5,D,D,0.89
100,1.023,6.32,0.17658,308.9,15.8,43.0,57.0,100.0,2.0,309.41,308.39,59.82,59.07,D,D,0.61
100,0.82,6.32,0.16987,305.2,15.8,43.0,57.0,100.0,2.0,309.41,301.05,59.82,59.07,D,D,0.21
100,0.833,6.32,0.1625,315.5,15.8,43.0,57.0,100.0,2.0,309.41,321.63,59.82,59.35,D,D,0.55
100,0.745,6.32,0.16179,315.5,15.8,43.0,57.0,100.0,2.0,309.41,321.63,59.82,59.86,D,D,0.62
100,0.923,6.32,0.1605,304.8,15.8,43.0,57.0,100.0,2.0,309.41,300.22,59.82,60.42,D,D,0.59
100,1.028,6.32,0.15643,292.6,15.8,43.0,57.0,100.0,2.0,309.41,275.82,59.82,60.78,D,D,0.29
100,2.179,6.32,0.16905,297.2,15.8,43.0,57.0,100.0,2.0,309.41,285.09,59.82,61.64,D,D,0.9
100,2.237,6.32,0.18152,293.9,15.8,43.0,57.0,100.0,2.0,309.41,278.32,59.82,60.95,D,D,1.57
100,2.156,6.32,0.18895,298.8,15.8,43.0,57.0,100.0,2.0,309.41,288.24,59.82,60.0,D,D,1.81
100,2.122,6.32,0.17372,297.7,15.8,43.0,57.0,100.0,2.0,309.41,286.03,59.82,59.02,D,D,1.7
100,2.021,6.32,0.17466,301.4,15.8,43.0,57.0,100.0,2.0,309.41,293.46,59.82,58.23,D,D,1.09
100,1.901,6.32,0.18324,333.4,15.8,43.0,57.0,100.0,2.0,309.41,357.43,59.82,58.12,D,D,0.59
100,1.844,6.32,0.1666,314.8,15.8,43.0,57.0,100.0,2.0,309.41,320.11,59.82,59.96,D,D,1.54
100,1.856,6.32,0.16677,302.3,15.8,43.0,57.0,100.0,2.0,309.41,295.17,59.82,60.9,D,D,1.28
100,2.02,6.32,0.14026,306.4,15.8,43.0,57.0,100.0,2.0,309.41,303.36,59.82,61.64,D,D,0.73
100,0.097,6.32,0.15951,292.6,15.8,43.0,57.0,100.0,2.0,309.41,275.82,60.0,60.09,D,D,0.04
100,1.114,6.32,0.18049,308.1,15.8,43.0,57.0,100.0,2.0,309.41,306.78,60.0,60.89,D,D,0.52
100,1.044,6.32,0.16869,308.1,15.8,43.0,57.0,100.0,2.0,309.41,306.78,60.0,60.45,D,D,0.78
100,1.173,6.32,0.16446,307.9,15.8,43.0,57.0,100.0,2.0,309.41,306.38,60.0,59.93,D,D,0.99
100,1.145,6.32,0.17037,307.9,15.8,43.0,57.0,100.0,2.0,309.41,306.38,60.0,59.5,D,D,0.88
100,1.173,6.32,0.16765,308.9,15.8,43.0,57.0,100.0,2.0,309.41,308.39,60.0,59.07,D,D,0.6
100,1.008,6.32,0.16094,305.2,15.8,43.0,57.0,100.0,2.0,309.41,301.05,60.0,59.07,D,D,0.22
100,0.965,6.32,0.15357,315.5,15.8,43.0,57.0,100.0,2.0,309.41,321.63,60.0,59.35,D,D,0.56
100,0.768,6.32,0.15285,315.5,15.8,43.0,57.0,100.0,2.0,309.41,321.63,60.0,59.86,D,D,0.63
100,0.815,6.32,0.15157,304.8,15.8,43.0,57.0,100.0,2.0,309.41,300.22,60.0,60.42,D,D,0.6
100,0.848,6.32,0.1475,292.6,15.8,43.0,57.0,100.0,2.0,309.41,275.82,60.0,60.78,D,D,0.3
100,2.012,6.32,0.16011,297.2,15.8,43.0,57.0,100.0,2.0,309.41,285.09,60.0,61.64,D,D,0.89
100,2.138,6.32,0.17258,293.9,15.8,43.0,57.0,100.0,2.0,309.41,278.32,60.0,60.95,D,D,1.56
100,2.143,6.32,0.18001,298.8,15.8,43.0,57.0,100.0,2.0,309.41,288.24,60.0,60.0,D,D,1.8
100,2.199,6.32,0.16479,297.7,15.8,43.0,57.0,100.0,2.0,309.41,286.03,60.0,59.02,D,D,1.69
100,2.178,6.32,0.16573,301.4,15.8,43.0,57.0,100.0,2.0,309.41,293.46,60.0,58.23,D,D,1.08
100,2.084,6.32,0.17431,333.4,15.8,43.0,57.0,100.0,2.0,309.41,357.43,60.0,58.12,D,D,0.6
100,1.849,6.32,0.15766,314.8,15.8,43.0,57.0,100.0,2.0,309.41,320.11,60.0,59.96,D,D,1.55
100,1.757,6.32,0.15784,302.3,15.8,43.0,57.0,100.0,2.0,309.41,295.17,60.0,60.9,D,D,1.29
100,1.847,6.32,0.13132,306.4,15.8,43.0,57.0,100.0,2.0,309.41,303.36,60.0,61.64,D,D,0.74
100,1.017,6.32,0.19339,291.3,15.8,43.0,57.0,100.0,2.0,275.82,306.78,60.09,60.89,D,D,0.48
100,0.962,6.32,0.18158,291.3,15.8,43.0,57.0,100.0,2.0,275.82,306.78,60.09,60.45,D,D,0.74
100,1.129,6.32,0.17736,291.1,15.8,43.0,57.0,100.0,2.0,275.82,306.38,60.09,59.93,D,D,0.95
100,1.138,6.32,0.18327,291.1,15.8,43.0,57.0,100.0,2.0,275.82,306.38,60.09,59.5,D,D,0.84
100,1.212,6.32,0.18055,292.1,15.8,43.0,57.0,100.0,2.0,275.82,308.39,60.09,59.07,D,D,0.56
100,1.102,6.32,0.17384,288.4,15.8,43.0,57.0,100.0,2.0,275.82,301.05,60.09,59.07,D,D,0.26
100,1.061,6.32,0.16647,298.7,15.8,43.0,57.0,100.0,2.0,275.82,321.63,60.09,59.35,D,D,0.6
100,0.84,6.32,0.16575,298.7,15.8,43.0,57.0,100.0,2.0,275.82,321.63,60.09,59.86,D,D,0.67
100,0.827,6.32,0.16447,288.0,15.8,43.0,57.0,100.0,2.0,275.82,300.22,60.09,60.42,D,D,0.64
100,0.799,6.32,0.1604,275.8,15.8,43.0,57.0,100.0,2.0,275.82,275.82,60.09,60.78,D,D,0.34
100,1.914,6.32,0.17301,280.5,15.8,43.0,57.0,100.0,2.0,275.82,285.09,60.09,61.64,D,D,0.85
100,2.055,6.32,0.18549,277.1,15.8,43.0,57.0,100.0,2.0,275.82,278.32,60.09,60.95,D,D,1.52
100,2.092,6.32,0.19292,282.0,15.8,43.0,57.0,100.0,2.0,275.82,288.24,60.09,60.0,D,D,1.76
100,2.191,6.32,0.17769,280.9,15.8,43.0,57.0,100.0,2.0,275.82,286.03,60.09,59.02,D,D,1.65
100,2.219,6.32,0.17863,284.6,15.8,43.0,57.0,100.0,2.0,275.82,293.46,60.09,58.23,D,D,1.04
100,2.179,6.32,0.18721,316.6,15.8,43.0,57.0,100.0,2.0,275.82,357.43,60.09,58.12,D,D,0.64
100,1.908,6.32,0.17057,298.0,15.8,43.0,57.0,100.0,2.0,275.82,320.11,60.09,59.96,D,D,1.59
100,1.767,6.32,0.17073,285.5,15.8,43.0,57.0,100.0,2.0,275.82,295.17,60.09,60.9,D,D,1.33
100,1.802,6.32,0.14422,289.6,15.8,43.0,57.0,100.0,2.0,275.82,303.36,60.09,61.64,D,D,0.78
100,0.543,6.32,0.20256,306.8,15.8,43.0,57.0,100.0,2.0,306.78,306.78,60.89,60.45,D,D,0.26
100,1.115,6.32,0.19833,306.6,15.8,43.0,57.0,100.0,2.0,306.78,306.38,60.89,59.93,D,D,0.47
100,1.468,6.32,0.20425,306.6,15.8,43.0,57.0,100.0,2.0,306.78,306.38,60.89,59.5,D,D,0.36
100,1.868,6.32,0.20153,307.6,15.8,43.0,57.0,100.0,2.0,306.78,308.39,60.89,59.07,D,D,0.08
100,2.092,6.32,0.19482,303.9,15.8,43.0,57.0,100.0,2.0,306.78,301.05,60.89,59.07,D,D,0.74
100,2.073,6.32,0.18744,314.2,15.8,43.0,57.0,100.0,2.0,306.78,321.63,60.89,59.35,D,D,1.08
100,1.762,6.32,0.18673,314.2,15.8,43.0,57.0,100.0,2.0,306.78,321.63,60.89,59.86,D,D,1.15
100,1.446,6.32,0.18544,303.5,15.8,43.0,57.0,100.0,2.0,306.78,300.22,60.89,60.42,D,D,1.12
100,0.995,6.32,0.18138,291.3,15.8,43.0,57.0,100.0,2.0,306.78,275.82,60.89,60.78,D,D,0.82
100,0.898,6.32,0.19398,295.9,15.8,43.0,57.0,100.0,2.0,306.78,285.09,60.89,61.64,D,D,0.37
100,1.267,6.32,0.20646,292.5,15.8,43.0,57.0,100.0,2.0,306.78,278.32,60.89,60.95,D,D,1.04
100,1.759,6.32,0.21389,297.5,15.8,43.0,57.0,100.0,2.0,306.78,288.24,60.89,60.0,D,D,1.28
100,2.321,6.32,0.19866,296.4,15.8,43.0,57.0,100.0,2.0,306.78,286.03,60.89,59.02,D,D,1.17
100,2.781,6.32,0.1996,300.1,15.8,43.0,57.0,100.0,2.0,306.78,293.46,60.89,58.23,D,D,0.56
100,3.175,6.32,0.20819,332.1,15.8,43.0,57.0,100.0,2.0,306.78,357.43,60.89,58.12,D,D,1.12
100,2.687,6.32,0.19154,313.4,15.8,43.0,57.0,100.0,2.0,306.78,320.11,60.89,59.96,D,D,2.07
100,2.18,6.32,0.19171,301.0,15.8,43.0,57.0,100.0,2.0,306.78,295.17,60.89,60.9,D,D,1.81
100,1.67,6.32,0.1652,305.1,15.8,43.0,57.0,100.0,2.0,306.78,303.36,60.89,61.64,D,D,1.26
100,0.576,6.32,0.18654,306.6,15.8,43.0,57.0,100.0,2.0,306.78,306.38,60.45,59.93,D,D,0.21
100,0.967,6.32,0.19245,306.6,15.8,43.0,57.0,100.0,2.0,306.78,306.38,60.45,59.5,D,D,0.1
100,1.437,6.32,0.18973,307.6,15.8,43.0,57.0,100.0,2.0,306.78,308.39,60.45,59.07,D,D,0.18
100,1.873,6.32,0.18302,303.9,15.8,43.0,57.0,100.0,2.0,306.78,301.05,60.45,59.07,D,D,1.0
100,1.98,6.32,0.17564,314.2,15.8,43.0,57.0,100.0,2.0,306.78,321.63,60.45,59.35,D,D,1.34
100,1.801,6.32,0.17493,314.2,15.8,43.0,57.0,100.0,2.0,306.78,321.63,60.45,59.86,D,D,1.41
100,1.651,6.32,0.17364,303.5,15.8,43.0,57.0,100.0,2.0,306.78,300.22,60.45,60.42,D,D,1.38
100,1.322,6.32,0.16958,291.3,15.8,43.0,57.0,100.0,2.0,306.78,275.82,60.45,60.78,D,D,1.08
100,1.226,6.32,0.18218,295.9,15.8,43.0,57.0,100.0,2.0,306.78,285.09,60.45,61.64,D,D,0.11
100,1.094,6.32,0.19466,292.5,15.8,43.0,57.0,100.0,2.0,306.78,278.32,60.45,60.95,D,D,0.78
100,1.29,6.32,0.20209,297.5,15.8,43.0,57.0,100.0,2.0,306.78,288.24,60.45,60.0,D,D,1.02
100,1.779,6.32,0.18686,296.4,15.8,43.0,57.0,100.0,2.0,306.78,286.03,60.45,59.02,D,D,0.91
100,2.285,6.32,0.1878,300.1,15.8,43.0,57.0,100.0,2.0,306.78,293.46,60.45,58.23,D,D,0.3
100,2.932,6.32,0.19639,332.1,15.8,43.0,57.0,100.0,2.0,306.78,357.43,60.45,58.12,D,D,1.38
100,2.841,6.32,0.17974,313.4,15.8,43.0,57.0,100.0,2.0,306.78,320.11,60.45,59.96,D,D,2.33
100,2.508,6.32,0.17991,301.0,15.8,43.0,57.0,100.0,2.0,306.78,295.17,60.45,60.9,D,D,2.07
100,2.153,6.32,0.1534,305.1,15.8,43.0,57.0,100.0,2.0,306.78,303.36,60.45,61.64,D,D,1.52
100,0.459,6.32,0.18822,306.4,15.8,43.0,57.0,100.0,2.0,306.38,306.38,59.93,59.5,D,D,0.11
100,1.013,6.32,0.1855,307.4,15.8,43.0,57.0,100.0,2.0,306.38,308.39,59.93,59.07,D,D,0.39
100,1.703,6.32,0.17879,303.7,15.8,43.0,57.0,100.0,2.0,306.38,301.05,59.93,59.07,D,D,1.21
100,1.947,6.32,0.17141,314.0,15.8,43.0,57.0,100.0,2.0,306.38,321.63,59.93,59.35,D,D,1.55
100,1.923,6.32,0.1707,314.0,15.8,43.0,57.0,100.0,2.0,306.38,321.63,59.93,59.86,D,D,1.62
100,1.94,6.32,0.16941,303.3,15.8,43.0,57.0,100.0,2.0,306.38,300.22,59.93,60.42,D,D,1.59
100,1.735,6.32,0.16535,291.1,15.8,43.0,57.0,100.0,2.0,306.38,275.82,59.93,60.78,D,D,1.29
100,1.74,6.32,0.17796,295.7,15.8,43.0,57.0,100.0,2.0,306.38,285.09,59.93,61.64,D,D,0.1
100,1.272,6.32,0.19043,292.4,15.8,43.0,57.0,100.0,2.0,306.38,278.32,59.93,60.95,D,D,0.57
100,0.974,6.32,0.19787,297.3,15.8,43.0,57.0,100.0,2.0,306.38,288.24,59.93,60.0,D,D,0.81
100,1.219,6.32,0.18263,296.2,15.8,43.0,57.0,100.0,2.0,306.38,286.03,59.93,59.02,D,D,0.7
100,1.742,6.32,0.18357,299.9,15.8,43.0,57.0,100.0,2.0,306.38,293.46,59.93,58.23,D,D,0.09
100,2.676,6.32,0.19216,331.9,15.8,43.0,57.0,100.0,2.0,306.38,357.43,59.93,58.12,D,D,1.59
100,3.018,6.32,0.17552,313.2,15.8,43.0,57.0,100.0,2.0,306.38,320.11,59.93,59.96,D,D,2.54
100,2.861,6.32,0.17568,300.8,15.8,43.0,57.0,100.0,2.0,306.38,295.17,59.93,60.9,D,D,2.28
100,2.654,6.32,0.14918,304.9,15.8,43.0,57.0,100.0,2.0,306.38,303.36,59.93,61.64,D,D,1.73
100,0.569,6.32,0.19141,307.4,15.8,43.0,57.0,100.0,2.0,306.38,308.39,59.5,59.07,D,D,0.28
100,1.382,6.32,0.1847,303.7,15.8,43.0,57.0,100.0,2.0,306.38,301.05,59.5,59.07,D,D,1.1
100,1.712,6.32,0.17733,314.0,15.8,43.0,57.0,100.0,2.0,306.38,321.63,59.5,59.35,D,D,1.44
100,1.808,6.32,0.17661,314.0,15.8,43.0,57.0,100.0,2.0,306.38,321.63,59.5,59.86,D,D,1.51
100,1.96,6.32,0.17533,303.3,15.8,43.0,57.0,100.0,2.0,306.38,300.22,59.5,60.42,D,D,1.48
100,1.876,6.32,0.17126,291.1,15.8,43.0,57.0,100.0,2.0,306.38,275.82,59.5,60.78,D,D,1.18
100,2.177,6.32,0.18387,295.7,15.8,43.0,57.0,100.0,2.0,306.38,285.09,59.5,61.64,D,D,0.01
100,1.715,6.32,0.19634,292.4,15.8,43.0,57.0,100.0,2.0,306.38,278.32,59.5,60.95,D,D,0.68
100,1.223,6.32,0.20377,297.3,15.8,43.0,57.0,100.0,2.0,306.38,288.24,59.5,60.0,D,D,0.92
100,1.055,6.32,0.18855,296.2,15.8,43.0,57.0,100.0,2.0,306.38,286.03,59.5,59.02,D,D,0.81
100,1.319,6.32,0.18949,299.9,15.8,43.0,57.0,100.0,2.0,306.38,293.46,59.5,58.23,D,D,0.2
100,2.278,6.32,0.19807,331.9,15.8,43.0,57.0,100.0,2.0,306.38,357.43,59.5,58.12,D,D,1.48
100,2.901,6.32,0.18143,313.2,15.8,43.0,57.0,100.0,2.0,306.38,320.11,59.5,59.96,D,D,2.43
100,2.902,6.32,0.1816,300.8,15.8,43.0,57.0,100.0,2.0,306.38,295.17,59.5,60.9,D,D,2.17
100,2.855,6.32,0.15509,304.9,15.8,43.0,57.0,100.0,2.0,306.38,303.36,59.5,61.64,D,D,1.62
100,0.953,6.32,0.18198,304.7,15.8,43.0,57.0,100.0,2.0,308.39,301.05,59.07,59.07,D,D,0.82
100,1.38,6.32,0.17461,315.0,15.8,43.0,57.0,100.0,2.0,308.39,321.63,59.07,59.35,D,D,1.16
100,1.63,6.32,0.17389,315.0,15.8,43.0,57.0,100.0,2.0,308.39,321.63,59.07,59.86,D,D,1.23
100,1.942,6.32,0.17261,304.3,15.8,43.0,57.0,100.0,2.0,308.39,300.22,59.07,60.42,D,D,1.2
100,2.011,6.32,0.16854,292.1,15.8,43.0,57.0,100.0,2.0,308.39,275.82,59.07,60.78,D,D,0.9
100,2.662,6.32,0.18115,296.7,15.8,43.0,57.0,100.0,2.0,308.39,285.09,59.07,61.64,D,D,0.29
100,2.282,6.32,0.19362,293.4,15.8,43.0,57.0,100.0,2.0,308.39,278.32,59.07,60.95,D,D,0.96
100,1.746,6.32,0.20105,298.3,15.8,43.0,57.0,100.0,2.0,308.39,288.24,59.07,60.0,D,D,1.2
100,1.28,6.32,0.18583,297.2,15.8,43.0,57.0,100.0,2.0,308.39,286.03,59.07,59.02,D,D,1.09
100,1.006,6.32,0.18677,300.9,15.8,43.0,57.0,100.0,2.0,308.39,293.46,59.07,58.23,D,D,0.48
100,1.727,6.32,0.19535,332.9,15.8,43.0,57.0,100.0,2.0,308.39,357.43,59.07,58.12,D,D,1.2
100,2.665,6.32,0.17871,314.2,15.8,43.0,57.0,100.0,2.0,308.39,320.11,59.07,59.96,D,D,2.15
100,2.86,6.32,0.17888,301.8,15.8,43.0,57.0,100.0,2.0,308.39,295.17,59.07,60.9,D,D,1.89
100,3.014,6.32,0.15237,305.9,15.8,43.0,57.0,100.0,2.0,308.39,303.36,59.07,61.64,D,D,1.34
100,0.489,6.32,0.1679,311.3,15.8,43.0,57.0,100.0,2.0,301.05,321.63,59.07,59.35,D,D,0.34
100,0.93,6.32,0.16719,311.3,15.8,43.0,57.0,100.0,2.0,301.05,321.63,59.07,59.86,D,D,0.41
100,1.438,6.32,0.1659,300.6,15.8,43.0,57.0,100.0,2.0,301.05,300.22,59.07,60.42,D,D,0.38
100,1.747,6.32,0.16183,288.4,15.8,43.0,57.0,100.0,2.0,301.05,275.82,59.07,60.78,D,D,0.08
100,2.986,6.32,0.17444,293.1,15.8,43.0,57.0,100.0,2.0,301.05,285.09,59.07,61.64,D,D,1.11
100,2.917,6.32,0.18691,289.7,15.8,43.0,57.0,100.0,2.0,301.05,278.32,59.07,60.95,D,D,1.78
100,2.603,6.32,0.19434,294.6,15.8,43.0,57.0,100.0,2.0,301.05,288.24,59.07,60.0,D,D,2.02
100,2.233,6.32,0.17912,293.5,15.8,43.0,57.0,100.0,2.0,301.05,286.03,59.07,59.02,D,D,1.91
100,1.705,6.32,0.18006,297.3,15.8,43.0,57.0,100.0,2.0,301.05,293.46,59.07,58.23,D,D,1.3
100,1.083,6.32,0.18864,329.2,15.8,43.0,57.0,100.0,2.0,301.05,357.43,59.07,58.12,D,D,0.38
100,1.795,6.32,0.172,310.6,15.8,43.0,57.0,100.0,2.0,301.05,320.11,59.07,59.96,D,D,1.33
100,2.217,6.32,0.17217,298.1,15.8,43.0,57.0,100.0,2.0,301.05,295.17,59.07,60.9,D,D,1.07
100,2.669,6.32,0.14566,302.2,15.8,43.0,57.0,100.0,2.0,301.05,303.36,59.07,61.64,D,D,0.52
100,0.525,6.32,0.15981,321.6,15.8,43.0,57.0,100.0,2.0,321.63,321.63,59.35,59.86,D,D,0.07
100,1.09,6.32,0.15852,310.9,15.8,43.0,57.0,100.0,2.0,321.63,300.22,59.35,60.42,D,D,0.04
100,1.502,6.32,0.15446,298.7,15.8,43.0,57.0,100.0,2.0,321.63,275.82,59.35,60.78,D,D,0.26
100,2.966,6.32,0.16706,303.4,15.8,43.0,57.0,100.0,2.0,321.63,285.09,59.35,61.64,D,D,1.45
100,3.068,6.32,0.17954,300.0,15.8,43.0,57.0,100.0,2.0,321.63,278.32,59.35,60.95,D,D,2.12
100,2.9,6.32,0.18697,304.9,15.8,43.0,57.0,100.0,2.0,321.63,288.24,59.35,60.0,D,D,2.36
100,2.652,6.32,0.17174,303.8,15.8,43.0,57.0,100.0,2.0,321.63,286.03,59.35,59.02,D,D,2.25
100,2.193,6.32,0.17268,307.5,15.8,43.0,57.0,100.0,2.0,321.63,293.46,59.35,58.23,D,D,1.64
100,1.263,6.32,0.18127,339.5,15.8,43.0,57.0,100.0,2.0,321.63,357.43,59.35,58.12,D,D,0.04
100,1.31,6.32,0.16462,320.9,15.8,43.0,57.0,100.0,2.0,321.63,320.11,59.35,59.96,D,D,0.99
100,1.766,6.32,0.16479,308.4,15.8,43.0,57.0,100.0,2.0,321.63,295.17,59.35,60.9,D,D,0.73
100,2.33,6.32,0.13828,312.5,15.8,43.0,57.0,100.0,2.0,321.63,303.36,59.35,61.64,D,D,0.18
100,0.571,6.32,0.15781,310.9,15.8,43.0,57.0,100.0,2.0,321.63,300.22,59.86,60.42,D,D,0.03
100,1.028,6.32,0.15374,298.7,15.8,43.0,57.0,100.0,2.0,321.63,275.82,59.86,60.78,D,D,0.33
100,2.624,6.32,0.16635,303.4,15.8,43.0,57.0,100.0,2.0,321.63,285.09,59.86,61.64,D,D,1.52
100,2.889,6.32,0.17883,300.0,15.8,43.0,57.0,100.0,2.0,321.63,278.32,59.86,60.95,D,D,2.19
100,2.897,6.32,0.18626,304.9,15.8,43.0,57.0,100.0,2.0,321.63,288.24,59.86,60.0,D,D,2.43
100,2.832,6.32,0.17103,303.8,15.8,43.0,57.0,100.0,2.0,321.63,286.03,59.86,59.02,D,D,2.32
100,2.555,6.32,0.17197,307.5,15.8,43.0,57.0,100.0,2.0,321.63,293.46,59.86,58.23,D,D,1.71
100,1.781,6.32,0.18055,339.5,15.8,43.0,57.0,100.0,2.0,321.63,357.43,59.86,58.12,D,D,0.03
100,1.099,6.32,0.16391,320.9,15.8,43.0,57.0,100.0,2.0,321.63,320.11,59.86,59.96,D,D,0.92
100,1.29,6.32,0.16408,308.4,15.8,43.0,57.0,100.0,2.0,321.63,295.17,59.86,60.9,D,D,0.66
100,1.806,6.32,0.13757,312.5,15.8,43.0,57.0,100.0,2.0,321.63,303.36,59.86,61.64,D,D,0.11
100,0.524,6.32,0.15246,288.0,15.8,43.0,57.0,100.0,2.0,300.22,275.82,60.42,60.78,D,D,0.3
100,2.23,6.32,0.16506,292.7,15.8,43.0,57.0,100.0,2.0,300.22,285.09,60.42,61.64,D,D,1.49
100,2.678,6.32,0.17754,289.3,15.8,43.0,57.0,100.0,2.0,300.22,278.32,60.42,60.95,D,D,2.16
100,2.883,6.32,0.18497,294.2,15.8,43.0,57.0,100.0,2.0,300.22,288.24,60.42,60.0,D,D,2.4
100,3.014,6.32,0.16974,293.1,15.8,43.0,57.0,100.0,2.0,300.22,286.03,60.42,59.02,D,D,2.29
100,2.929,6.32,0.17068,296.8,15.8,43.0,57.0,100.0,2.0,300.22,293.46,60.42,58.23,D,D,1.68
100,2.351,6.32,0.17927,328.8,15.8,43.0,57.0,100.0,2.0,300.22,357.43,60.42,58.12,D,D,0.0
100,1.243,6.32,0.16262,310.2,15.8,43.0,57.0,100.0,2.0,300.22,320.11,60.42,59.96,D,D,0.95
100,0.942,6.32,0.16279,297.7,15.8,43.0,57.0,100.0,2.0,300.22,295.17,60.42,60.9,D,D,0.69
100,1.242,6.32,0.13628,301.8,15.8,43.0,57.0,100.0,2.0,300.22,303.36,60.42,61.64,D,D,0.14
100,1.718,6.32,0.161,280.5,15.8,43.0,57.0,100.0,2.0,275.82,285.09,60.78,61.64,D,D,1.19
100,2.259,6.32,0.17347,277.1,15.8,43.0,57.0,100.0,2.0,275.82,278.32,60.78,60.95,D,D,1.86
100,2.607,6.32,0.1809,282.0,15.8,43.0,57.0,100.0,2.0,275.82,288.24,60.78,60.0,D,D,2.1
100,2.907,6.32,0.16568,280.9,15.8,43.0,57.0,100.0,2.0,275.82,286.03,60.78,59.02,D,D,1.99
100,3.017,6.32,0.16662,284.6,15.8,43.0,57.0,100.0,2.0,275.82,293.46,60.78,58.23,D,D,1.38
100,2.754,6.32,0.1752,316.6,15.8,43.0,57.0,100.0,2.0,275.82,357.43,60.78,58.12,D,D,0.3
100,1.741,6.32,0.15856,298.0,15.8,43.0,57.0,100.0,2.0,275.82,320.11,60.78,59.96,D,D,1.25
100,1.196,6.32,0.15873,285.5,15.8,43.0,57.0,100.0,2.0,275.82,295.17,60.78,60.9,D,D,0.99
100,1.003,6.32,0.13221,289.6,15.8,43.0,57.0,100.0,2.0,275.82,303.36,60.78,61.64,D,D,0.44
100,1.052,6.32,0.18609,281.7,15.8,43.0,57.0,100.0,2.0,285.09,278.32,61.64,60.95,D,D,0.67
100,1.961,6.32,0.19351,286.7,15.8,43.0,57.0,100.0,2.0,285.09,288.24,61.64,60.0,D,D,0.91
100,2.797,6.32,0.17828,285.6,15.8,43.0,57.0,100.0,2.0,285.09,286.03,61.64,59.02,D,D,0.8
100,3.482,6.32,0.17922,289.3,15.8,43.0,57.0,100.0,2.0,285.09,293.46,61.64,58.23,D,D,0.19
100,4.068,6.32,0.18781,321.3,15.8,43.0,57.0,100.0,2.0,285.09,357.43,61.64,58.12,D,D,1.49
100,3.459,6.32,0.17117,302.6,15.8,43.0,57.0,100.0,2.0,285.09,320.11,61.64,59.96,D,D,2.44
100,2.783,6.32,0.17133,290.1,15.8,43.0,57.0,100.0,2.0,285.09,295.17,61.64,60.9,D,D,2.18
100,1.988,6.32,0.14482,294.2,15.8,43.0,57.0,100.0,2.0,285.09,303.36,61.64,61.64,D,D,1.63
100,1.001,6.32,0.20599,283.3,15.8,43.0,57.0,100.0,2.0,278.32,288.24,60.95,60.0,D,D,0.24
100,1.968,6.32,0.19076,282.2,15.8,43.0,57.0,100.0,2.0,278.32,286.03,60.95,59.02,D,D,0.13
100,2.865,6.32,0.1917,285.9,15.8,43.0,57.0,100.0,2.0,278.32,293.46,60.95,58.23,D,D,0.48
100,3.935,6.32,0.20028,317.9,15.8,43.0,57.0,100.0,2.0,278.32,357.43,60.95,58.12,D,D,2.16
100,3.903,6.32,0.18364,299.2,15.8,43.0,57.0,100.0,2.0,278.32,320.11,60.95,59.96,D,D,3.11
100,3.447,6.32,0.18381,286.7,15.8,43.0,57.0,100.0,2.0,278.32,295.17,60.95,60.9,D,D,2.85
100,2.85,6.32,0.1573,290.8,15.8,43.0,57.0,100.0,2.0,278.32,303.36,60.95,61.64,D,D,2.3
100,1.012,6.32,0.19819,287.1,15.8,43.0,57.0,100.0,2.0,288.24,286.03,60.0,59.02,D,D,0.11
100,2.033,6.32,0.19913,290.9,15.8,43.0,57.0,100.0,2.0,288.24,293.46,60.0,58.23,D,D,0.72
100,3.472,6.32,0.20771,322.8,15.8,43.0,57.0,100.0,2.0,288.24,357.43,60.0,58.12,D,D,2.4
100,3.991,6.32,0.19107,304.2,15.8,43.0,57.0,100.0,2.0,288.24,320.11,60.0,59.96,D,D,3.35
100,3.779,6.32,0.19124,291.7,15.8,43.0,57.0,100.0,2.0,288.24,295.17,60.0,60.9,D,D,3.09
100,3.425,6.32,0.16473,295.8,15.8,43.0,57.0,100.0,2.0,288.24,303.36,60.0,61.64,D,D,2.54
100,1.104,6.32,0.1839,289.7,15.8,43.0,57.0,100.0,2.0,286.03,293.46,59.02,58.23,D,D,0.61
100,2.854,6.32,0.19249,321.7,15.8,43.0,57.0,100.0,2.0,286.03,357.43,59.02,58.12,D,D,2.29
100,3.909,6.32,0.17584,303.1,15.8,43.0,57.0,100.0,2.0,286.03,320.11,59.02,59.96,D,D,3.24
100,3.956,6.32,0.17601,290.6,15.8,43.0,57.0,100.0,2.0,286.03,295.17,59.02,60.9,D,D,2.98
100,3.86,6.32,0.1495,294.7,15.8,43.0,57.0,100.0,2.0,286.03,303.36,59.02,61.64,D,D,2.43
100,1.947,6.32,0.19343,325.4,15.8,43.0,57.0,100.0,2.0,293.46,357.43,58.23,58.12,D,D,1.68
100,3.5,6.32,0.17678,306.8,15.8,43.0,57.0,100.0,2.0,293.46,320.11,58.23,59.96,D,D,2.63
100,3.826,6.32,0.17695,294.3,15.8,43.0,57.0,100.0,2.0,293.46,295.17,58.23,60.9,D,D,2.37
100,4.02,6.32,0.15044,298.4,15.8,43.0,57.0,100.0,2.0,293.46,303.36,58.23,61.64,D,D,1.82
100,2.156,6.32,0.18537,338.8,15.8,43.0,57.0,100.0,2.0,357.43,320.11,58.12,59.96,D,D,0.95
100,2.916,6.32,0.18554,326.3,15.8,43.0,57.0,100.0,2.0,357.43,295.17,58.12,60.9,D,D,0.69
100,3.586,6.32,0.15902,330.4,15.8,43.0,57.0,100.0,2.0,357.43,303.36,58.12,61.64,D,D,0.14
100,1.005,6.32,0.16889,307.6,15.8,43.0,57.0,100.0,2.0,320.11,295.17,59.96,60.9,D,D,0.26
100,1.996,6.32,0.14238,311.7,15.8,43.0,57.0,100.0,2.0,320.11,303.36,59.96,61.64,D,D,0.81
100,1.031,6.32,0.14255,299.3,15.8,43.0,57.0,100.0,2.0,295.17,303.36,60.9,61.64,D,D,0.55
101,3.869,6.06,0.10052,329.4,11.0,287.0,46.0,150.0,3.0,328.09,330.74,34.71,30.97,D,D,1.92
101,4.161,6.06,0.12085,308.0,11.0,287.0,46.0,150.0,3.0,328.09,287.87,34.71,38.22,D,D,2.02
103,4.498,6.19,0.10125,497.0,10.0,148.0,55.0,-163.0,0.0,456.83,537.16,24.47,21.12,C,C,8.0
103,4.498,6.19,0.09963,497.0,10.0,148.0,55.0,-163.0,0.0,456.83,537.16,24.47,21.12,C,C,8.0
103,0.0,6.19,0.07682,537.2,10.0,148.0,55.0,-163.0,0.0,537.16,537.16,21.12,21.12,C,C,0.0
107,0.0,5.4,0.19787,382.2,5.0,332.3,55.0,-90.0,1.0,382.21,382.21,5.6,5.6,C,C,0.0
108,1.616,5.8,0.53543,472.6,10.9,32.0,85.0,0.0,0.0,489.34,455.93,6.3,6.99,C,C,0.75
109,2.791,7.3,0.15098,308.9,15.0,43.0,57.0,100.0,2.0,309.41,308.39,56.01,53.31,D,D,0.22
109,4.928,7.3,0.1412,490.5,15.0,43.0,57.0,100.0,2.0,309.41,671.52,56.01,51.35,D,C,0.66
109,0.193,7.3,0.13885,292.6,15.0,43.0,57.0,100.0,2.0,309.41,275.82,56.01,56.18,D,D,0.04
109,0.204,7.3,0.13112,309.4,15.0,43.0,57.0,100.0,2.0,309.41,309.41,56.01,55.82,D,D,0.05
109,0.956,7.3,0.13888,288.9,15.0,43.0,57.0,100.0,2.0,309.41,268.37,56.01,56.87,D,D,0.21
109,1.024,7.3,0.14794,318.5,15.0,43.0,57.0,100.0,2.0,309.41,327.61,56.01,55.11,D,D,0.27
109,2.086,7.3,0.14902,288.5,15.0,43.0,57.0,100.0,2.0,309.41,267.67,56.01,57.9,D,D,0.43
109,2.012,7.3,0.17112,297.2,15.0,43.0,57.0,100.0,2.0,309.41,285.09,56.01,57.13,D,D,1.1
109,1.999,7.3,0.1446,298.8,15.0,43.0,57.0,100.0,2.0,309.41,288.24,56.01,55.18,D,D,1.45
109,2.023,7.3,0.1561,301.4,15.0,43.0,57.0,100.0,2.0,309.41,293.46,56.01,53.99,D,D,0.34
109,1.984,7.3,0.14767,311.9,15.0,43.0,57.0,100.0,2.0,309.41,314.33,56.01,54.17,D,D,0.34
109,2.058,7.3,0.14758,333.4,15.0,43.0,57.0,100.0,2.0,309.41,357.43,56.01,54.8,D,D,1.11
109,1.993,7.3,0.12863,314.8,15.0,43.0,57.0,100.0,2.0,309.41,320.11,56.01,56.94,D,D,1.42
109,1.997,7.3,0.14108,306.4,15.0,43.0,57.0,100.0,2.0,309.41,303.36,56.01,58.0,D,D,0.3
109,0.202,7.3,0.1446,309.4,15.0,43.0,57.0,100.0,2.0,309.41,309.41,56.01,56.1,D,D,0.12
109,0.222,7.3,0.14231,312.1,15.0,43.0,57.0,100.0,2.0,309.41,314.88,56.01,56.02,D,D,0.16
109,0.227,7.3,0.13931,312.1,15.0,43.0,57.0,100.0,2.0,309.41,314.88,56.01,55.91,D,D,0.16
109,0.218,7.3,0.13021,309.4,15.0,43.0,57.0,100.0,2.0,309.41,309.41,56.01,55.84,D,D,0.12
109,0.199,7.3,0.12746,309.4,15.0,43.0,57.0,100.0,2.0,309.41,309.41,56.01,55.81,D,D,0.03
109,0.176,7.3,0.12985,309.4,15.0,43.0,57.0,100.0,2.0,309.41,309.41,56.01,55.89,D,D,0.09
109,0.184,7.3,0.12962,309.4,15.0,43.0,57.0,100.0,2.0,309.41,309.41,56.01,55.99,D,D,0.15
109,0.172,7.3,0.12518,309.4,15.0,43.0,57.0,100.0,2.0,309.41,309.41,56.01,56.15,D,D,0.09
109,0.196,7.3,0.13403,292.6,15.0,43.0,57.0,100.0,2.0,309.41,275.82,56.01,56.2,D,D,0.03
109,1.117,7.3,0.15798,308.1,15.0,43.0,57.0,100.0,2.0,309.41,306.78,56.01,56.66,D,D,0.59
109,0.963,7.3,0.1291,308.1,15.0,43.0,57.0,100.0,2.0,309.41,306.78,56.01,56.13,D,D,0.69
109,1.025,7.3,0.14571,307.9,15.0,43.0,57.0,100.0,2.0,309.41,306.38,56.01,55.55,D,D,0.73
109,0.974,7.3,0.1442,307.9,15.0,43.0,57.0,100.0,2.0,309.41,306.38,56.01,55.23,D,D,0.53
109,1.017,7.3,0.14503,308.9,15.0,43.0,57.0,100.0,2.0,309.41,308.39,56.01,54.99,D,D,0.17
109,1.017,7.3,0.1245,315.5,15.0,43.0,57.0,100.0,2.0,309.41,321.63,56.01,55.87,D,D,0.74
109,0.899,7.3,0.12588,315.5,15.0,43.0,57.0,100.0,2.0,309.41,321.63,56.01,56.36,D,D,0.66
109,0.987,7.3,0.13195,304.8,15.0,43.0,57.0,100.0,2.0,309.41,300.22,56.01,56.84,D,D,0.49
109,0.994,7.3,0.14122,292.6,15.0,43.0,57.0,100.0,2.0,309.41,275.82,56.01,57.0,D,D,0.14
109,2.053,7.3,0.14491,293.9,15.0,43.0,57.0,100.0,2.0,309.41,278.32,56.01,56.16,D,D,1.5
109,2.019,7.3,0.11982,319.2,15.0,43.0,57.0,100.0,2.0,309.41,329.08,56.01,55.82,D,D,1.48
109,1.929,7.3,0.13571,302.3,15.0,43.0,57.0,100.0,2.0,309.41,295.17,56.01,57.64,D,D,0.96
109,2.151,7.3,0.15318,490.0,15.0,43.0,57.0,100.0,2.0,308.39,671.52,53.31,51.35,D,C,0.44
109,2.981,7.3,0.15082,292.1,15.0,43.0,57.0,100.0,2.0,308.39,275.82,53.31,56.18,D,D,0.26
109,2.591,7.3,0.14309,308.9,15.0,43.0,57.0,100.0,2.0,308.39,309.41,53.31,55.82,D,D,0.17
109,3.732,7.3,0.15086,288.4,15.0,43.0,57.0,100.0,2.0,308.39,268.37,53.31,56.87,D,D,0.43
109,1.818,7.3,0.15992,318.0,15.0,43.0,57.0,100.0,2.0,308.39,327.61,53.31,55.11,D,D,0.05
109,4.856,7.3,0.16099,288.0,15.0,43.0,57.0,100.0,2.0,308.39,267.67,53.31,57.9,D,D,0.65
109,4.489,7.3,0.1831,296.7,15.0,43.0,57.0,100.0,2.0,308.39,285.09,53.31,57.13,D,D,1.32
109,3.113,7.3,0.15657,298.3,15.0,43.0,57.0,100.0,2.0,308.39,288.24,53.31,55.18,D,D,1.67
109,1.082,7.3,0.16808,300.9,15.0,43.0,57.0,100.0,2.0,308.39,293.46,53.31,53.99,D,D,0.56
109,0.855,7.3,0.15965,311.4,15.0,43.0,57.0,100.0,2.0,308.39,314.33,53.31,54.17,D,D,0.12
109,1.743,7.3,0.15955,332.9,15.0,43.0,57.0,100.0,2.0,308.39,357.43,53.31,54.8,D,D,0.89
109,3.772,7.3,0.14061,314.2,15.0,43.0,57.0,100.0,2.0,308.39,320.11,53.31,56.94,D,D,1.2
109,4.736,7.3,0.15305,305.9,15.0,43.0,57.0,100.0,2.0,308.39,303.36,53.31,58.0,D,D,0.08
109,2.929,7.3,0.15658,308.9,15.0,43.0,57.0,100.0,2.0,308.39,309.41,53.31,56.1,D,D,0.34
109,2.867,7.3,0.15429,311.6,15.0,43.0,57.0,100.0,2.0,308.39,314.88,53.31,56.02,D,D,0.38
109,2.757,7.3,0.15129,311.6,15.0,43.0,57.0,100.0,2.0,308.39,314.88,53.31,55.91,D,D,0.38
109,2.664,7.3,0.14218,308.9,15.0,43.0,57.0,100.0,2.0,308.39,309.41,53.31,55.84,D,D,0.34
109,2.603,7.3,0.13944,308.9,15.0,43.0,57.0,100.0,2.0,308.39,309.41,53.31,55.81,D,D,0.25
109,2.648,7.3,0.14182,308.9,15.0,43.0,57.0,100.0,2.0,308.39,309.41,53.31,55.89,D,D,0.13
109,2.728,7.3,0.14159,308.9,15.0,43.0,57.0,100.0,2.0,308.39,309.41,53.31,55.99,D,D,0.07
109,2.915,7.3,0.13715,308.9,15.0,43.0,57.0,100.0,2.0,308.39,309.41,53.31,56.15,D,D,0.13
109,2.98,7.3,0.146,292.1,15.0,43.0,57.0,100.0,2.0,308.39,275.82,53.31,56.2,D,D,0.19
109,3.721,7.3,0.16996,307.6,15.0,43.0,57.0,100.0,2.0,308.39,306.78,53.31,56.66,D,D,0.81
109,3.268,7.3,0.14108,307.6,15.0,43.0,57.0,100.0,2.0,308.39,306.78,53.31,56.13,D,D,0.91
109,2.764,7.3,0.15768,307.4,15.0,43.0,57.0,100.0,2.0,308.39,306.38,53.31,55.55,D,D,0.95
109,2.314,7.3,0.15618,307.4,15.0,43.0,57.0,100.0,2.0,308.39,306.38,53.31,55.23,D,D,0.75
109,1.854,7.3,0.15701,308.4,15.0,43.0,57.0,100.0,2.0,308.39,308.39,53.31,54.99,D,D,0.39
109,2.572,7.3,0.13647,315.0,15.0,43.0,57.0,100.0,2.0,308.39,321.63,53.31,55.87,D,D,0.52
109,3.051,7.3,0.13786,315.0,15.0,43.0,57.0,100.0,2.0,308.39,321.63,53.31,56.36,D,D,0.44
109,3.539,7.3,0.14392,304.3,15.0,43.0,57.0,100.0,2.0,308.39,300.22,53.31,56.84,D,D,0.27
109,3.756,7.3,0.15319,292.1,15.0,43.0,57.0,100.0,2.0,308.39,275.82,53.31,57.0,D,D,0.08
109,3.937,7.3,0.15688,293.4,15.0,43.0,57.0,100.0,2.0,308.39,278.32,53.31,56.16,D,D,1.72
109,2.796,7.3,0.13179,318.7,15.0,43.0,57.0,100.0,2.0,308.39,329.08,53.31,55.82,D,D,1.26
109,4.334,7.3,0.14768,301.8,15.0,43.0,57.0,100.0,2.0,308.39,295.17,53.31,57.64,D,D,0.74
109,4.726,7.3,0.13332,490.5,15.0,43.0,57.0,100.0,2.0,671.52,309.41,51.35,55.82,C,D,0.61
109,3.926,7.3,0.15014,499.6,15.0,43.0,57.0,100.0,2.0,671.52,327.61,51.35,55.11,C,D,0.39
109,3.151,7.3,0.15831,482.5,15.0,43.0,57.0,100.0,2.0,671.52,293.46,51.35,53.99,C,D,1.0
109,2.949,7.3,0.14987,492.9,15.0,43.0,57.0,100.0,2.0,671.52,314.33,51.35,54.17,C,D,0.32
109,3.442,7.3,0.14977,514.5,15.0,43.0,57.0,100.0,2.0,671.52,357.43,51.35,54.8,C,D,0.45
109,4.905,7.3,0.14151,493.2,15.0,43.0,57.0,100.0,2.0,671.52,314.88,51.35,55.91,C,D,0.82
109,4.811,7.3,0.1324,490.5,15.0,43.0,57.0,100.0,2.0,671.52,309.41,51.35,55.84,C,D,0.78
109,4.745,7.3,0.12967,490.5,15.0,43.0,57.0,100.0,2.0,671.52,309.41,51.35,55.81,C,D,0.69
109,4.777,7.3,0.13204,490.5,15.0,43.0,57.0,100.0,2.0,671.52,309.41,51.35,55.89,C,D,0.57
109,4.852,7.3,0.13182,490.5,15.0,43.0,57.0,100.0,2.0,671.52,309.41,51.35,55.99,C,D,0.51
109,4.887,7.3,0.14791,488.9,15.0,43.0,57.0,100.0,2.0,671.52,306.38,51.35,55.55,C,D,1.39
109,4.447,7.3,0.14641,488.9,15.0,43.0,57.0,100.0,2.0,671.52,306.38,51.35,55.23,C,D,1.19
109,4.005,7.3,0.14723,490.0,15.0,43.0,57.0,100.0,2.0,671.52,308.39,51.35,54.99,C,D,0.83
109,4.562,7.3,0.1267,496.6,15.0,43.0,57.0,100.0,2.0,671.52,321.63,51.35,55.87,C,D,0.08
109,4.472,7.3,0.12201,500.3,15.0,43.0,57.0,100.0,2.0,671.52,329.08,51.35,55.82,C,D,0.82
109,0.397,7.3,0.13096,292.6,15.0,43.0,57.0,100.0,2.0,275.82,309.41,56.18,55.82,D,D,0.09
109,0.762,7.3,0.13873,272.1,15.0,43.0,57.0,100.0,2.0,275.82,268.37,56.18,56.87,D,D,0.17
109,1.217,7.3,0.14779,301.7,15.0,43.0,57.0,100.0,2.0,275.82,327.61,56.18,55.11,D,D,0.31
109,1.892,7.3,0.14886,271.7,15.0,43.0,57.0,100.0,2.0,275.82,267.67,56.18,57.9,D,D,0.39
109,1.848,7.3,0.17097,280.5,15.0,43.0,57.0,100.0,2.0,275.82,285.09,56.18,57.13,D,D,1.06
109,2.005,7.3,0.14444,282.0,15.0,43.0,57.0,100.0,2.0,275.82,288.24,56.18,55.18,D,D,1.41
109,2.192,7.3,0.15596,284.6,15.0,43.0,57.0,100.0,2.0,275.82,293.46,56.18,53.99,D,D,0.3
109,2.177,7.3,0.14752,295.1,15.0,43.0,57.0,100.0,2.0,275.82,314.33,56.18,54.17,D,D,0.38
109,2.233,7.3,0.14743,316.6,15.0,43.0,57.0,100.0,2.0,275.82,357.43,56.18,54.8,D,D,1.15
109,1.998,7.3,0.12848,298.0,15.0,43.0,57.0,100.0,2.0,275.82,320.11,56.18,56.94,D,D,1.46
109,1.83,7.3,0.14092,289.6,15.0,43.0,57.0,100.0,2.0,275.82,303.36,56.18,58.0,D,D,0.34
109,0.124,7.3,0.14445,292.6,15.0,43.0,57.0,100.0,2.0,275.82,309.41,56.18,56.1,D,D,0.08
109,0.211,7.3,0.14216,295.4,15.0,43.0,57.0,100.0,2.0,275.82,314.88,56.18,56.02,D,D,0.12
109,0.296,7.3,0.13916,295.4,15.0,43.0,57.0,100.0,2.0,275.82,314.88,56.18,55.91,D,D,0.12
109,0.348,7.3,0.13006,292.6,15.0,43.0,57.0,100.0,2.0,275.82,309.41,56.18,55.84,D,D,0.08
109,0.379,7.3,0.12732,292.6,15.0,43.0,57.0,100.0,2.0,275.82,309.41,56.18,55.81,D,D,0.01
109,0.362,7.3,0.1297,292.6,15.0,43.0,57.0,100.0,2.0,275.82,309.41,56.18,55.89,D,D,0.13
109,0.332,7.3,0.12946,292.6,15.0,43.0,57.0,100.0,2.0,275.82,309.41,56.18,55.99,D,D,0.19
109,0.175,7.3,0.12502,292.6,15.0,43.0,57.0,100.0,2.0,275.82,309.41,56.18,56.15,D,D,0.13
109,0.091,7.3,0.13387,275.8,15.0,43.0,57.0,100.0,2.0,275.82,275.82,56.18,56.2,D,D,0.07
109,0.95,7.3,0.15783,291.3,15.0,43.0,57.0,100.0,2.0,275.82,306.78,56.18,56.66,D,D,0.55
109,0.873,7.3,0.12895,291.3,15.0,43.0,57.0,100.0,2.0,275.82,306.78,56.18,56.13,D,D,0.65
109,1.044,7.3,0.14555,291.1,15.0,43.0,57.0,100.0,2.0,275.82,306.38,56.18,55.55,D,D,0.69
109,1.075,7.3,0.14405,291.1,15.0,43.0,57.0,100.0,2.0,275.82,306.38,56.18,55.23,D,D,0.49
109,1.188,7.3,0.14488,292.1,15.0,43.0,57.0,100.0,2.0,275.82,308.39,56.18,54.99,D,D,0.13
109,1.138,7.3,0.12434,298.7,15.0,43.0,57.0,100.0,2.0,275.82,321.63,56.18,55.87,D,D,0.78
109,0.931,7.3,0.12573,298.7,15.0,43.0,57.0,100.0,2.0,275.82,321.63,56.18,56.36,D,D,0.7
109,0.902,7.3,0.1318,288.0,15.0,43.0,57.0,100.0,2.0,275.82,300.22,56.18,56.84,D,D,0.53
109,0.829,7.3,0.14106,275.8,15.0,43.0,57.0,100.0,2.0,275.82,275.82,56.18,57.0,D,D,0.18
109,1.966,7.3,0.14475,277.1,15.0,43.0,57.0,100.0,2.0,275.82,278.32,56.18,56.16,D,D,1.46
109,2.13,7.3,0.11966,302.4,15.0,43.0,57.0,100.0,2.0,275.82,329.08,56.18,55.82,D,D,1.52
109,1.838,7.3,0.13555,285.5,15.0,43.0,57.0,100.0,2.0,275.82,295.17,56.18,57.64,D,D,1.0
109,1.16,7.3,0.131,288.9,15.0,43.0,57.0,100.0,2.0,309.41,268.37,55.82,56.87,D,D,0.26
109,0.82,7.3,0.14005,318.5,15.0,43.0,57.0,100.0,2.0,309.41,327.61,55.82,55.11,D,D,0.22
109,2.29,7.3,0.14113,288.5,15.0,43.0,57.0,100.0,2.0,309.41,267.67,55.82,57.9,D,D,0.48
109,2.189,7.3,0.16324,297.2,15.0,43.0,57.0,100.0,2.0,309.41,285.09,55.82,57.13,D,D,1.15
109,2.01,7.3,0.13671,298.8,15.0,43.0,57.0,100.0,2.0,309.41,288.24,55.82,55.18,D,D,1.5
109,1.848,7.3,0.14822,301.4,15.0,43.0,57.0,100.0,2.0,309.41,293.46,55.82,53.99,D,D,0.39
109,1.781,7.3,0.13978,311.9,15.0,43.0,57.0,100.0,2.0,309.41,314.33,55.82,54.17,D,D,0.29
109,1.88,7.3,0.13969,333.4,15.0,43.0,57.0,100.0,2.0,309.41,357.43,55.82,54.8,D,D,1.06
109,2.01,7.3,0.12075,314.8,15.0,43.0,57.0,100.0,2.0,309.41,320.11,55.82,56.94,D,D,1.37
109,2.18,7.3,0.13319,306.4,15.0,43.0,57.0,100.0,2.0,309.41,303.36,55.82,58.0,D,D,0.25
109,0.385,7.3,0.13672,309.4,15.0,43.0,57.0,100.0,2.0,309.41,309.41,55.82,56.1,D,D,0.17
109,0.367,7.3,0.13443,312.1,15.0,43.0,57.0,100.0,2.0,309.41,314.88,55.82,56.02,D,D,0.21
109,0.305,7.3,0.13143,312.1,15.0,43.0,57.0,100.0,2.0,309.41,314.88,55.82,55.91,D,D,0.21
109,0.222,7.3,0.12232,309.4,15.0,43.0,57.0,100.0,2.0,309.41,309.41,55.82,55.84,D,D,0.17
109,0.102,7.3,0.11958,309.4,15.0,43.0,57.0,100.0,2.0,309.41,309.41,55.82,55.81,D,D,0.08
109,0.082,7.3,0.12196,309.4,15.0,43.0,57.0,100.0,2.0,309.41,309.41,55.82,55.89,D,D,0.04
109,0.187,7.3,0.12173,309.4,15.0,43.0,57.0,100.0,2.0,309.41,309.41,55.82,55.99,D,D,0.1
109,0.332,7.3,0.11729,309.4,15.0,43.0,57.0,100.0,2.0,309.41,309.41,55.82,56.15,D,D,0.04
109,0.389,7.3,0.12614,292.6,15.0,43.0,57.0,100.0,2.0,309.41,275.82,55.82,56.2,D,D,0.02
109,1.3,7.3,0.1501,308.1,15.0,43.0,57.0,100.0,2.0,309.41,306.78,55.82,56.66,D,D,0.64
109,1.086,7.3,0.12122,308.1,15.0,43.0,57.0,100.0,2.0,309.41,306.78,55.82,56.13,D,D,0.74
109,1.041,7.3,0.13782,307.9,15.0,43.0,57.0,100.0,2.0,309.41,306.38,55.82,55.55,D,D,0.78
109,0.898,7.3,0.13632,307.9,15.0,43.0,57.0,100.0,2.0,309.41,306.38,55.82,55.23,D,D,0.58
109,0.845,7.3,0.13715,308.9,15.0,43.0,57.0,100.0,2.0,309.41,308.39,55.82,54.99,D,D,0.22
109,0.919,7.3,0.11661,315.5,15.0,43.0,57.0,100.0,2.0,309.41,321.63,55.82,55.87,D,D,0.69
109,0.912,7.3,0.118,315.5,15.0,43.0,57.0,100.0,2.0,309.41,321.63,55.82,56.36,D,D,0.61
109,1.109,7.3,0.12407,304.8,15.0,43.0,57.0,100.0,2.0,309.41,300.22,55.82,56.84,D,D,0.44
109,1.18,7.3,0.13333,292.6,15.0,43.0,57.0,100.0,2.0,309.41,275.82,55.82,57.0,D,D,0.09
109,2.159,7.3,0.13702,293.9,15.0,43.0,57.0,100.0,2.0,309.41,278.32,55.82,56.16,D,D,1.55
109,1.919,7.3,0.11193,319.2,15.0,43.0,57.0,100.0,2.0,309.41,329.08,55.82,55.82,D,D,1.43
109,2.043,7.3,0.12782,302.3,15.0,43.0,57.0,100.0,2.0,309.41,295.17,55.82,57.64,D,D,0.91
109,1.979,7.3,0.14782,298.0,15.0,43.0,57.0,100.0,2.0,268.37,327.61,56.87,55.11,D,D,0.48
109,1.13,7.3,0.14889,268.0,15.0,43.0,57.0,100.0,2.0,268.37,267.67,56.87,57.9,D,D,0.22
109,1.283,7.3,0.171,276.7,15.0,43.0,57.0,100.0,2.0,268.37,285.09,56.87,57.13,D,D,0.89
109,2.2,7.3,0.14447,278.3,15.0,43.0,57.0,100.0,2.0,268.37,288.24,56.87,55.18,D,D,1.24
109,2.889,7.3,0.15598,280.9,15.0,43.0,57.0,100.0,2.0,268.37,293.46,56.87,53.99,D,D,0.13
109,2.938,7.3,0.14755,291.4,15.0,43.0,57.0,100.0,2.0,268.37,314.33,56.87,54.17,D,D,0.55
109,2.943,7.3,0.14746,312.9,15.0,43.0,57.0,100.0,2.0,268.37,357.43,56.87,54.8,D,D,1.32
109,2.195,7.3,0.12851,294.2,15.0,43.0,57.0,100.0,2.0,268.37,320.11,56.87,56.94,D,D,1.63
109,1.25,7.3,0.14095,285.9,15.0,43.0,57.0,100.0,2.0,268.37,303.36,56.87,58.0,D,D,0.51
109,0.802,7.3,0.14448,288.9,15.0,43.0,57.0,100.0,2.0,268.37,309.41,56.87,56.1,D,D,0.09
109,0.867,7.3,0.14219,291.6,15.0,43.0,57.0,100.0,2.0,268.37,314.88,56.87,56.02,D,D,0.05
109,0.979,7.3,0.13919,291.6,15.0,43.0,57.0,100.0,2.0,268.37,314.88,56.87,55.91,D,D,0.05
109,1.068,7.3,0.13009,288.9,15.0,43.0,57.0,100.0,2.0,268.37,309.41,56.87,55.84,D,D,0.09
109,1.132,7.3,0.12734,288.9,15.0,43.0,57.0,100.0,2.0,268.37,309.41,56.87,55.81,D,D,0.18
109,1.12,7.3,0.12973,288.9,15.0,43.0,57.0,100.0,2.0,268.37,309.41,56.87,55.89,D,D,0.3
109,1.068,7.3,0.12949,288.9,15.0,43.0,57.0,100.0,2.0,268.37,309.41,56.87,55.99,D,D,0.36
109,0.874,7.3,0.12505,288.9,15.0,43.0,57.0,100.0,2.0,268.37,309.41,56.87,56.15,D,D,0.3
109,0.787,7.3,0.1339,272.1,15.0,43.0,57.0,100.0,2.0,268.37,275.82,56.87,56.2,D,D,0.24
109,0.521,7.3,0.15786,287.6,15.0,43.0,57.0,100.0,2.0,268.37,306.78,56.87,56.66,D,D,0.38
109,0.913,7.3,0.12898,287.6,15.0,43.0,57.0,100.0,2.0,268.37,306.78,56.87,56.13,D,D,0.48
109,1.405,7.3,0.14558,287.4,15.0,43.0,57.0,100.0,2.0,268.37,306.38,56.87,55.55,D,D,0.52
109,1.642,7.3,0.14408,287.4,15.0,43.0,57.0,100.0,2.0,268.37,306.38,56.87,55.23,D,D,0.32
109,1.905,7.3,0.14491,288.4,15.0,43.0,57.0,100.0,2.0,268.37,308.39,56.87,54.99,D,D,0.04
109,1.748,7.3,0.12437,295.0,15.0,43.0,57.0,100.0,2.0,268.37,321.63,56.87,55.87,D,D,0.95
109,1.353,7.3,0.12576,295.0,15.0,43.0,57.0,100.0,2.0,268.37,321.63,56.87,56.36,D,D,0.87
109,0.954,7.3,0.13183,284.3,15.0,43.0,57.0,100.0,2.0,268.37,300.22,56.87,56.84,D,D,0.7
109,0.475,7.3,0.14109,272.1,15.0,43.0,57.0,100.0,2.0,268.37,275.82,56.87,57.0,D,D,0.35
109,1.787,7.3,0.14478,273.3,15.0,43.0,57.0,100.0,2.0,268.37,278.32,56.87,56.16,D,D,1.29
109,2.661,7.3,0.11969,298.7,15.0,43.0,57.0,100.0,2.0,268.37,329.08,56.87,55.82,D,D,1.69
109,1.66,7.3,0.13559,281.8,15.0,43.0,57.0,100.0,2.0,268.37,295.17,56.87,57.64,D,D,1.17
109,3.108,7.3,0.15796,297.6,15.0,43.0,57.0,100.0,2.0,327.61,267.67,55.11,57.9,D,D,0.7
109,2.956,7.3,0.18006,306.4,15.0,43.0,57.0,100.0,2.0,327.61,285.09,55.11,57.13,D,D,1.37
109,2.303,7.3,0.15353,307.9,15.0,43.0,57.0,100.0,2.0,327.61,288.24,55.11,55.18,D,D,1.72
109,1.29,7.3,0.16504,310.5,15.0,43.0,57.0,100.0,2.0,327.61,293.46,55.11,53.99,D,D,0.61
109,0.979,7.3,0.15661,321.0,15.0,43.0,57.0,100.0,2.0,327.61,314.33,55.11,54.17,D,D,0.07
109,1.199,7.3,0.15652,342.5,15.0,43.0,57.0,100.0,2.0,327.61,357.43,55.11,54.8,D,D,0.84
109,2.214,7.3,0.13757,323.9,15.0,43.0,57.0,100.0,2.0,327.61,320.11,55.11,56.94,D,D,1.15
109,2.919,7.3,0.15002,315.5,15.0,43.0,57.0,100.0,2.0,327.61,303.36,55.11,58.0,D,D,0.03
109,1.197,7.3,0.15354,318.5,15.0,43.0,57.0,100.0,2.0,327.61,309.41,55.11,56.1,D,D,0.39
109,1.158,7.3,0.15125,321.2,15.0,43.0,57.0,100.0,2.0,327.61,314.88,55.11,56.02,D,D,0.43
109,1.062,7.3,0.14825,321.2,15.0,43.0,57.0,100.0,2.0,327.61,314.88,55.11,55.91,D,D,0.43
109,0.96,7.3,0.13914,318.5,15.0,43.0,57.0,100.0,2.0,327.61,309.41,55.11,55.84,D,D,0.39
109,0.863,7.3,0.1364,318.5,15.0,43.0,57.0,100.0,2.0,327.61,309.41,55.11,55.81,D,D,0.3
109,0.86,7.3,0.13878,318.5,15.0,43.0,57.0,100.0,2.0,327.61,309.41,55.11,55.89,D,D,0.18
109,0.927,7.3,0.13855,318.5,15.0,43.0,57.0,100.0,2.0,327.61,309.41,55.11,55.99,D,D,0.12
109,1.121,7.3,0.13411,318.5,15.0,43.0,57.0,100.0,2.0,327.61,309.41,55.11,56.15,D,D,0.18
109,1.198,7.3,0.14297,301.7,15.0,43.0,57.0,100.0,2.0,327.61,275.82,55.11,56.2,D,D,0.24
109,2.09,7.3,0.16692,317.2,15.0,43.0,57.0,100.0,2.0,327.61,306.78,55.11,56.66,D,D,0.86
109,1.769,7.3,0.13804,317.2,15.0,43.0,57.0,100.0,2.0,327.61,306.78,55.11,56.13,D,D,0.96
109,1.478,7.3,0.15464,317.0,15.0,43.0,57.0,100.0,2.0,327.61,306.38,55.11,55.55,D,D,1.0
109,1.088,7.3,0.15314,317.0,15.0,43.0,57.0,100.0,2.0,327.61,306.38,55.11,55.23,D,D,0.8
109,0.576,7.3,0.15397,318.0,15.0,43.0,57.0,100.0,2.0,327.61,308.39,55.11,54.99,D,D,0.44
109,0.905,7.3,0.13343,324.6,15.0,43.0,57.0,100.0,2.0,327.61,321.63,55.11,55.87,D,D,0.47
109,1.286,7.3,0.13482,324.6,15.0,43.0,57.0,100.0,2.0,327.61,321.63,55.11,56.36,D,D,0.39
109,1.729,7.3,0.14089,313.9,15.0,43.0,57.0,100.0,2.0,327.61,300.22,55.11,56.84,D,D,0.22
109,1.946,7.3,0.15015,301.7,15.0,43.0,57.0,100.0,2.0,327.61,275.82,55.11,57.0,D,D,0.13
109,2.74,7.3,0.15385,303.0,15.0,43.0,57.0,100.0,2.0,327.61,278.32,55.11,56.16,D,D,1.77
109,1.65,7.3,0.12876,328.3,15.0,43.0,57.0,100.0,2.0,327.61,329.08,55.11,55.82,D,D,1.21
109,2.574,7.3,0.14464,311.4,15.0,43.0,57.0,100.0,2.0,327.61,295.17,55.11,57.64,D,D,0.69
109,1.115,7.3,0.18113,276.4,15.0,43.0,57.0,100.0,2.0,267.67,285.09,57.9,57.13,D,D,0.67
109,2.89,7.3,0.15461,278.0,15.0,43.0,57.0,100.0,2.0,267.67,288.24,57.9,55.18,D,D,1.02
109,3.976,7.3,0.16612,280.6,15.0,43.0,57.0,100.0,2.0,267.67,293.46,57.9,53.99,D,D,0.09
109,4.068,7.3,0.15769,291.0,15.0,43.0,57.0,100.0,2.0,267.67,314.33,57.9,54.17,D,D,0.77
109,4.023,7.3,0.15759,312.6,15.0,43.0,57.0,100.0,2.0,267.67,357.43,57.9,54.8,D,D,1.54
109,2.832,7.3,0.13865,293.9,15.0,43.0,57.0,100.0,2.0,267.67,320.11,57.9,56.94,D,D,1.85
109,0.989,7.3,0.15109,285.5,15.0,43.0,57.0,100.0,2.0,267.67,303.36,57.9,58.0,D,D,0.73
109,1.929,7.3,0.15462,288.5,15.0,43.0,57.0,100.0,2.0,267.67,309.41,57.9,56.1,D,D,0.31
109,1.989,7.3,0.15232,291.3,15.0,43.0,57.0,100.0,2.0,267.67,314.88,57.9,56.02,D,D,0.27
109,2.098,7.3,0.14932,291.3,15.0,43.0,57.0,100.0,2.0,267.67,314.88,57.9,55.91,D,D,0.27
109,2.192,7.3,0.14022,288.5,15.0,43.0,57.0,100.0,2.0,267.67,309.41,57.9,55.84,D,D,0.31
109,2.261,7.3,0.13748,288.5,15.0,43.0,57.0,100.0,2.0,267.67,309.41,57.9,55.81,D,D,0.4
109,2.248,7.3,0.13986,288.5,15.0,43.0,57.0,100.0,2.0,267.67,309.41,57.9,55.89,D,D,0.52
109,2.19,7.3,0.13963,288.5,15.0,43.0,57.0,100.0,2.0,267.67,309.41,57.9,55.99,D,D,0.58
109,1.994,7.3,0.13519,288.5,15.0,43.0,57.0,100.0,2.0,267.67,309.41,57.9,56.15,D,D,0.52
109,1.912,7.3,0.14404,271.7,15.0,43.0,57.0,100.0,2.0,267.67,275.82,57.9,56.2,D,D,0.46
109,1.23,7.3,0.168,287.2,15.0,43.0,57.0,100.0,2.0,267.67,306.78,57.9,56.66,D,D,0.16
109,1.772,7.3,0.13911,287.2,15.0,43.0,57.0,100.0,2.0,267.67,306.78,57.9,56.13,D,D,0.26
109,2.345,7.3,0.15572,287.0,15.0,43.0,57.0,100.0,2.0,267.67,306.38,57.9,55.55,D,D,0.3
109,2.681,7.3,0.15422,287.0,15.0,43.0,57.0,100.0,2.0,267.67,306.38,57.9,55.23,D,D,0.1
109,3.015,7.3,0.15504,288.0,15.0,43.0,57.0,100.0,2.0,267.67,308.39,57.9,54.99,D,D,0.26
109,2.781,7.3,0.13451,294.6,15.0,43.0,57.0,100.0,2.0,267.67,321.63,57.9,55.87,D,D,1.17
109,2.309,7.3,0.13589,294.6,15.0,43.0,57.0,100.0,2.0,267.67,321.63,57.9,56.36,D,D,1.09
109,1.769,7.3,0.14197,283.9,15.0,43.0,57.0,100.0,2.0,267.67,300.22,57.9,56.84,D,D,0.92
109,1.283,7.3,0.15123,271.7,15.0,43.0,57.0,100.0,2.0,267.67,275.82,57.9,57.0,D,D,0.57
109,2.116,7.3,0.15492,273.0,15.0,43.0,57.0,100.0,2.0,267.67,278.32,57.9,56.16,D,D,1.07
109,3.587,7.3,0.12983,298.4,15.0,43.0,57.0,100.0,2.0,267.67,329.08,57.9,55.82,D,D,1.91
109,1.961,7.3,0.14572,281.4,15.0,43.0,57.0,100.0,2.0,267.67,295.17,57.9,57.64,D,D,1.39
109,1.961,7.3,0.17672,286.7,15.0,43.0,57.0,100.0,2.0,285.09,288.24,57.13,55.18,D,D,0.35
109,3.482,7.3,0.18823,289.3,15.0,43.0,57.0,100.0,2.0,285.09,293.46,57.13,53.99,D,D,0.76
109,3.807,7.3,0.17979,299.7,15.0,43.0,57.0,100.0,2.0,285.09,314.33,57.13,54.17,D,D,1.44
109,4.068,7.3,0.17969,321.3,15.0,43.0,57.0,100.0,2.0,285.09,357.43,57.13,54.8,D,D,2.21
109,3.459,7.3,0.16075,302.6,15.0,43.0,57.0,100.0,2.0,285.09,320.11,57.13,56.94,D,D,2.52
109,1.988,7.3,0.17319,294.2,15.0,43.0,57.0,100.0,2.0,285.09,303.36,57.13,58.0,D,D,1.4
109,1.811,7.3,0.17672,297.2,15.0,43.0,57.0,100.0,2.0,285.09,309.41,57.13,56.1,D,D,0.98
109,1.822,7.3,0.17443,300.0,15.0,43.0,57.0,100.0,2.0,285.09,314.88,57.13,56.02,D,D,0.94
109,1.904,7.3,0.17143,300.0,15.0,43.0,57.0,100.0,2.0,285.09,314.88,57.13,55.91,D,D,0.94
109,2.005,7.3,0.16232,297.2,15.0,43.0,57.0,100.0,2.0,285.09,309.41,57.13,55.84,D,D,0.98
109,2.117,7.3,0.15959,297.2,15.0,43.0,57.0,100.0,2.0,285.09,309.41,57.13,55.81,D,D,1.07
109,2.187,7.3,0.16196,297.2,15.0,43.0,57.0,100.0,2.0,285.09,309.41,57.13,55.89,D,D,1.19
109,2.179,7.3,0.16174,297.2,15.0,43.0,57.0,100.0,2.0,285.09,309.41,57.13,55.99,D,D,1.25
109,2.012,7.3,0.1573,297.2,15.0,43.0,57.0,100.0,2.0,285.09,309.41,57.13,56.15,D,D,1.19
109,1.914,7.3,0.16614,280.5,15.0,43.0,57.0,100.0,2.0,285.09,275.82,57.13,56.2,D,D,1.13
109,0.898,7.3,0.1901,295.9,15.0,43.0,57.0,100.0,2.0,285.09,306.78,57.13,56.66,D,D,0.51
109,1.226,7.3,0.16122,295.9,15.0,43.0,57.0,100.0,2.0,285.09,306.78,57.13,56.13,D,D,0.41
109,1.74,7.3,0.17783,295.7,15.0,43.0,57.0,100.0,2.0,285.09,306.38,57.13,55.55,D,D,0.37
109,2.177,7.3,0.17633,295.7,15.0,43.0,57.0,100.0,2.0,285.09,306.38,57.13,55.23,D,D,0.57
109,2.662,7.3,0.17715,296.7,15.0,43.0,57.0,100.0,2.0,285.09,308.39,57.13,54.99,D,D,0.93
109,2.966,7.3,0.15662,303.4,15.0,43.0,57.0,100.0,2.0,285.09,321.63,57.13,55.87,D,D,1.84
109,2.624,7.3,0.158,303.4,15.0,43.0,57.0,100.0,2.0,285.09,321.63,57.13,56.36,D,D,1.76
109,2.23,7.3,0.16407,292.7,15.0,43.0,57.0,100.0,2.0,285.09,300.22,57.13,56.84,D,D,1.59
109,1.718,7.3,0.17334,280.5,15.0,43.0,57.0,100.0,2.0,285.09,275.82,57.13,57.0,D,D,1.24
109,1.052,7.3,0.17702,281.7,15.0,43.0,57.0,100.0,2.0,285.09,278.32,57.13,56.16,D,D,0.4
109,3.922,7.3,0.15193,307.1,15.0,43.0,57.0,100.0,2.0,285.09,329.08,57.13,55.82,D,D,2.58
109,2.783,7.3,0.16783,290.1,15.0,43.0,57.0,100.0,2.0,285.09,295.17,57.13,57.64,D,D,2.06
109,2.033,7.3,0.1617,290.9,15.0,43.0,57.0,100.0,2.0,288.24,293.46,55.18,53.99,D,D,1.11
109,2.719,7.3,0.15326,301.3,15.0,43.0,57.0,100.0,2.0,288.24,314.33,55.18,54.17,D,D,1.79
109,3.472,7.3,0.15317,322.8,15.0,43.0,57.0,100.0,2.0,288.24,357.43,55.18,54.8,D,D,2.56
109,3.991,7.3,0.13422,304.2,15.0,43.0,57.0,100.0,2.0,288.24,320.11,55.18,56.94,D,D,2.87
109,3.425,7.3,0.14667,295.8,15.0,43.0,57.0,100.0,2.0,288.24,303.36,55.18,58.0,D,D,1.75
109,1.883,7.3,0.15019,298.8,15.0,43.0,57.0,100.0,2.0,288.24,309.41,55.18,56.1,D,D,1.33
109,1.807,7.3,0.14791,301.6,15.0,43.0,57.0,100.0,2.0,288.24,314.88,55.18,56.02,D,D,1.29
109,1.772,7.3,0.14491,301.6,15.0,43.0,57.0,100.0,2.0,288.24,314.88,55.18,55.91,D,D,1.29
109,1.807,7.3,0.1358,298.8,15.0,43.0,57.0,100.0,2.0,288.24,309.41,55.18,55.84,D,D,1.33
109,1.91,7.3,0.13306,298.8,15.0,43.0,57.0,100.0,2.0,288.24,309.41,55.18,55.81,D,D,1.42
109,2.076,7.3,0.13544,298.8,15.0,43.0,57.0,100.0,2.0,288.24,309.41,55.18,55.89,D,D,1.54
109,2.156,7.3,0.13521,298.8,15.0,43.0,57.0,100.0,2.0,288.24,309.41,55.18,55.99,D,D,1.6
109,2.143,7.3,0.13077,298.8,15.0,43.0,57.0,100.0,2.0,288.24,309.41,55.18,56.15,D,D,1.54
109,2.092,7.3,0.13962,282.0,15.0,43.0,57.0,100.0,2.0,288.24,275.82,55.18,56.2,D,D,1.48
109,1.759,7.3,0.16357,297.5,15.0,43.0,57.0,100.0,2.0,288.24,306.78,55.18,56.66,D,D,0.86
109,1.29,7.3,0.1347,297.5,15.0,43.0,57.0,100.0,2.0,288.24,306.78,55.18,56.13,D,D,0.76
109,0.974,7.3,0.1513,297.3,15.0,43.0,57.0,100.0,2.0,288.24,306.38,55.18,55.55,D,D,0.72
109,1.223,7.3,0.1498,297.3,15.0,43.0,57.0,100.0,2.0,288.24,306.38,55.18,55.23,D,D,0.92
109,1.746,7.3,0.15063,298.3,15.0,43.0,57.0,100.0,2.0,288.24,308.39,55.18,54.99,D,D,1.28
109,2.9,7.3,0.13009,304.9,15.0,43.0,57.0,100.0,2.0,288.24,321.63,55.18,55.87,D,D,2.19
109,2.897,7.3,0.13148,304.9,15.0,43.0,57.0,100.0,2.0,288.24,321.63,55.18,56.36,D,D,2.11
109,2.883,7.3,0.13755,294.2,15.0,43.0,57.0,100.0,2.0,288.24,300.22,55.18,56.84,D,D,1.94
109,2.607,7.3,0.14681,282.0,15.0,43.0,57.0,100.0,2.0,288.24,275.82,55.18,57.0,D,D,1.59
109,1.001,7.3,0.1505,283.3,15.0,43.0,57.0,100.0,2.0,288.24,278.32,55.18,56.16,D,D,0.05
109,3.863,7.3,0.12541,308.7,15.0,43.0,57.0,100.0,2.0,288.24,329.08,55.18,55.82,D,D,2.93
109,3.779,7.3,0.1413,291.7,15.0,43.0,57.0,100.0,2.0,288.24,295.17,55.18,57.64,D,D,2.41
109,0.88,7.3,0.16478,303.9,15.0,43.0,57.0,100.0,2.0,293.46,314.33,53.99,54.17,D,D,0.68
109,1.947,7.3,0.16468,325.4,15.0,43.0,57.0,100.0,2.0,293.46,357.43,53.99,54.8,D,D,1.45
109,3.5,7.3,0.14574,306.8,15.0,43.0,57.0,100.0,2.0,293.46,320.11,53.99,56.94,D,D,1.76
109,4.02,7.3,0.15818,298.4,15.0,43.0,57.0,100.0,2.0,293.46,303.36,53.99,58.0,D,D,0.64
109,2.111,7.3,0.1617,301.4,15.0,43.0,57.0,100.0,2.0,293.46,309.41,53.99,56.1,D,D,0.22
109,2.033,7.3,0.15942,304.2,15.0,43.0,57.0,100.0,2.0,293.46,314.88,53.99,56.02,D,D,0.18
109,1.922,7.3,0.15641,304.2,15.0,43.0,57.0,100.0,2.0,293.46,314.88,53.99,55.91,D,D,0.18
109,1.847,7.3,0.14731,301.4,15.0,43.0,57.0,100.0,2.0,293.46,309.41,53.99,55.84,D,D,0.22
109,1.825,7.3,0.14457,301.4,15.0,43.0,57.0,100.0,2.0,293.46,309.41,53.99,55.81,D,D,0.31
109,1.922,7.3,0.14695,301.4,15.0,43.0,57.0,100.0,2.0,293.46,309.41,53.99,55.89,D,D,0.43
109,2.021,7.3,0.14672,301.4,15.0,43.0,57.0,100.0,2.0,293.46,309.41,53.99,55.99,D,D,0.49
109,2.178,7.3,0.14228,301.4,15.0,43.0,57.0,100.0,2.0,293.46,309.41,53.99,56.15,D,D,0.43
109,2.219,7.3,0.15113,284.6,15.0,43.0,57.0,100.0,2.0,293.46,275.82,53.99,56.2,D,D,0.37
109,2.781,7.3,0.17508,300.1,15.0,43.0,57.0,100.0,2.0,293.46,306.78,53.99,56.66,D,D,0.25
109,2.285,7.3,0.14621,300.1,15.0,43.0,57.0,100.0,2.0,293.46,306.78,53.99,56.13,D,D,0.35
109,1.742,7.3,0.16281,299.9,15.0,43.0,57.0,100.0,2.0,293.46,306.38,53.99,55.55,D,D,0.39
109,1.319,7.3,0.16131,299.9,15.0,43.0,57.0,100.0,2.0,293.46,306.38,53.99,55.23,D,D,0.19
109,1.006,7.3,0.16214,300.9,15.0,43.0,57.0,100.0,2.0,293.46,308.39,53.99,54.99,D,D,0.17
109,2.193,7.3,0.1416,307.5,15.0,43.0,57.0,100.0,2.0,293.46,321.63,53.99,55.87,D,D,1.08
109,2.555,7.3,0.14299,307.5,15.0,43.0,57.0,100.0,2.0,293.46,321.63,53.99,56.36,D,D,1.0
109,2.929,7.3,0.14905,296.8,15.0,43.0,57.0,100.0,2.0,293.46,300.22,53.99,56.84,D,D,0.83
109,3.017,7.3,0.15832,284.6,15.0,43.0,57.0,100.0,2.0,293.46,275.82,53.99,57.0,D,D,0.48
109,2.865,7.3,0.16201,285.9,15.0,43.0,57.0,100.0,2.0,293.46,278.32,53.99,56.16,D,D,1.16
109,2.793,7.3,0.13692,311.3,15.0,43.0,57.0,100.0,2.0,293.46,329.08,53.99,55.82,D,D,1.82
109,3.826,7.3,0.15281,294.3,15.0,43.0,57.0,100.0,2.0,293.46,295.17,53.99,57.64,D,D,1.3
109,1.104,7.3,0.15625,335.9,15.0,43.0,57.0,100.0,2.0,314.33,357.43,54.17,54.8,D,D,0.77
109,2.954,7.3,0.1373,317.2,15.0,43.0,57.0,100.0,2.0,314.33,320.11,54.17,56.94,D,D,1.08
109,3.894,7.3,0.14975,308.8,15.0,43.0,57.0,100.0,2.0,314.33,303.36,54.17,58.0,D,D,0.04
109,2.14,7.3,0.15327,311.9,15.0,43.0,57.0,100.0,2.0,314.33,309.41,54.17,56.1,D,D,0.46
109,2.087,7.3,0.15098,314.6,15.0,43.0,57.0,100.0,2.0,314.33,314.88,54.17,56.02,D,D,0.5
109,1.981,7.3,0.14798,314.6,15.0,43.0,57.0,100.0,2.0,314.33,314.88,54.17,55.91,D,D,0.5
109,1.883,7.3,0.13887,311.9,15.0,43.0,57.0,100.0,2.0,314.33,309.41,54.17,55.84,D,D,0.46
109,1.806,7.3,0.13614,311.9,15.0,43.0,57.0,100.0,2.0,314.33,309.41,54.17,55.81,D,D,0.37
109,1.83,7.3,0.13851,311.9,15.0,43.0,57.0,100.0,2.0,314.33,309.41,54.17,55.89,D,D,0.25
109,1.903,7.3,0.13828,311.9,15.0,43.0,57.0,100.0,2.0,314.33,309.41,54.17,55.99,D,D,0.19
109,2.095,7.3,0.13384,311.9,15.0,43.0,57.0,100.0,2.0,314.33,309.41,54.17,56.15,D,D,0.25
109,2.167,7.3,0.1427,295.1,15.0,43.0,57.0,100.0,2.0,314.33,275.82,54.17,56.2,D,D,0.31
109,2.986,7.3,0.16665,310.6,15.0,43.0,57.0,100.0,2.0,314.33,306.78,54.17,56.66,D,D,0.93
109,2.584,7.3,0.13777,310.6,15.0,43.0,57.0,100.0,2.0,314.33,306.78,54.17,56.13,D,D,1.03
109,2.149,7.3,0.15437,310.4,15.0,43.0,57.0,100.0,2.0,314.33,306.38,54.17,55.55,D,D,1.07
109,1.692,7.3,0.15287,310.4,15.0,43.0,57.0,100.0,2.0,314.33,306.38,54.17,55.23,D,D,0.87
109,1.15,7.3,0.1537,311.4,15.0,43.0,57.0,100.0,2.0,314.33,308.39,54.17,54.99,D,D,0.51
109,1.722,7.3,0.13317,318.0,15.0,43.0,57.0,100.0,2.0,314.33,321.63,54.17,55.87,D,D,0.4
109,2.196,7.3,0.13455,318.0,15.0,43.0,57.0,100.0,2.0,314.33,321.63,54.17,56.36,D,D,0.32
109,2.687,7.3,0.14062,307.3,15.0,43.0,57.0,100.0,2.0,314.33,300.22,54.17,56.84,D,D,0.15
109,2.924,7.3,0.14988,295.1,15.0,43.0,57.0,100.0,2.0,314.33,275.82,54.17,57.0,D,D,0.2
109,3.399,7.3,0.15358,296.3,15.0,43.0,57.0,100.0,2.0,314.33,278.32,54.17,56.16,D,D,1.84
109,2.064,7.3,0.12849,321.7,15.0,43.0,57.0,100.0,2.0,314.33,329.08,54.17,55.82,D,D,1.14
109,3.48,7.3,0.14438,304.8,15.0,43.0,57.0,100.0,2.0,314.33,295.17,54.17,57.64,D,D,0.62
109,2.156,7.3,0.13721,338.8,15.0,43.0,57.0,100.0,2.0,357.43,320.11,54.8,56.94,D,D,0.31
109,3.586,7.3,0.14965,330.4,15.0,43.0,57.0,100.0,2.0,357.43,303.36,54.8,58.0,D,D,0.81
109,2.258,7.3,0.15318,333.4,15.0,43.0,57.0,100.0,2.0,357.43,309.41,54.8,56.1,D,D,1.23
109,2.247,7.3,0.15088,336.2,15.0,43.0,57.0,100.0,2.0,357.43,314.88,54.8,56.02,D,D,1.27
109,2.173,7.3,0.14788,336.2,15.0,43.0,57.0,100.0,2.0,357.43,314.88,54.8,55.91,D,D,1.27
109,2.074,7.3,0.13878,333.4,15.0,43.0,57.0,100.0,2.0,357.43,309.41,54.8,55.84,D,D,1.23
109,1.956,7.3,0.13604,333.4,15.0,43.0,57.0,100.0,2.0,357.43,309.41,54.8,55.81,D,D,1.14
109,1.882,7.3,0.13842,333.4,15.0,43.0,57.0,100.0,2.0,357.43,309.41,54.8,55.89,D,D,1.02
109,1.901,7.3,0.13819,333.4,15.0,43.0,57.0,100.0,2.0,357.43,309.41,54.8,55.99,D,D,0.96
109,2.084,7.3,0.13375,333.4,15.0,43.0,57.0,100.0,2.0,357.43,309.41,54.8,56.15,D,D,1.02
109,2.179,7.3,0.1426,316.6,15.0,43.0,57.0,100.0,2.0,357.43,275.82,54.8,56.2,D,D,1.08
109,3.175,7.3,0.16656,332.1,15.0,43.0,57.0,100.0,2.0,357.43,306.78,54.8,56.66,D,D,1.7
109,2.932,7.3,0.13767,332.1,15.0,43.0,57.0,100.0,2.0,357.43,306.78,54.8,56.13,D,D,1.8
109,2.676,7.3,0.15428,331.9,15.0,43.0,57.0,100.0,2.0,357.43,306.38,54.8,55.55,D,D,1.84
109,2.278,7.3,0.15278,331.9,15.0,43.0,57.0,100.0,2.0,357.43,306.38,54.8,55.23,D,D,1.64
109,1.727,7.3,0.1536,332.9,15.0,43.0,57.0,100.0,2.0,357.43,308.39,54.8,54.99,D,D,1.28
109,1.263,7.3,0.13307,339.5,15.0,43.0,57.0,100.0,2.0,357.43,321.63,54.8,55.87,D,D,0.37
109,1.781,7.3,0.13445,339.5,15.0,43.0,57.0,100.0,2.0,357.43,321.63,54.8,56.36,D,D,0.45
109,2.351,7.3,0.14053,328.8,15.0,43.0,57.0,100.0,2.0,357.43,300.22,54.8,56.84,D,D,0.62
109,2.754,7.3,0.14979,316.6,15.0,43.0,57.0,100.0,2.0,357.43,275.82,54.8,57.0,D,D,0.97
109,3.935,7.3,0.15348,317.9,15.0,43.0,57.0,100.0,2.0,357.43,278.32,54.8,56.16,D,D,2.61
109,1.071,7.3,0.12839,343.3,15.0,43.0,57.0,100.0,2.0,357.43,329.08,54.8,55.82,D,D,0.37
109,2.916,7.3,0.14428,326.3,15.0,43.0,57.0,100.0,2.0,357.43,295.17,54.8,57.64,D,D,0.15
109,1.996,7.3,0.13071,311.7,15.0,43.0,57.0,100.0,2.0,320.11,303.36,56.94,58.0,D,D,1.12
109,2.116,7.3,0.13423,314.8,15.0,43.0,57.0,100.0,2.0,320.11,309.41,56.94,56.1,D,D,1.54
109,2.187,7.3,0.13194,317.5,15.0,43.0,57.0,100.0,2.0,320.11,314.88,56.94,56.02,D,D,1.58
109,2.219,7.3,0.12894,317.5,15.0,43.0,57.0,100.0,2.0,320.11,314.88,56.94,55.91,D,D,1.58
109,2.192,7.3,0.11983,314.8,15.0,43.0,57.0,100.0,2.0,320.11,309.41,56.94,55.84,D,D,1.54
109,2.102,7.3,0.1171,314.8,15.0,43.0,57.0,100.0,2.0,320.11,309.41,56.94,55.81,D,D,1.45
109,1.935,7.3,0.11947,314.8,15.0,43.0,57.0,100.0,2.0,320.11,309.41,56.94,55.89,D,D,1.33
109,1.844,7.3,0.11925,314.8,15.0,43.0,57.0,100.0,2.0,320.11,309.41,56.94,55.99,D,D,1.27
109,1.849,7.3,0.11481,314.8,15.0,43.0,57.0,100.0,2.0,320.11,309.41,56.94,56.15,D,D,1.33
109,1.908,7.3,0.12366,298.0,15.0,43.0,57.0,100.0,2.0,320.11,275.82,56.94,56.2,D,D,1.39
109,2.687,7.3,0.14761,313.4,15.0,43.0,57.0,100.0,2.0,320.11,306.78,56.94,56.66,D,D,2.01
109,2.841,7.3,0.11873,313.4,15.0,43.0,57.0,100.0,2.0,320.11,306.78,56.94,56.13,D,D,2.11
109,3.018,7.3,0.13533,313.2,15.0,43.0,57.0,100.0,2.0,320.11,306.38,56.94,55.55,D,D,2.15
109,2.901,7.3,0.13383,313.2,15.0,43.0,57.0,100.0,2.0,320.11,306.38,56.94,55.23,D,D,1.95
109,2.665,7.3,0.13466,314.2,15.0,43.0,57.0,100.0,2.0,320.11,308.39,56.94,54.99,D,D,1.59
109,1.31,7.3,0.11413,320.9,15.0,43.0,57.0,100.0,2.0,320.11,321.63,56.94,55.87,D,D,0.68
109,1.099,7.3,0.11551,320.9,15.0,43.0,57.0,100.0,2.0,320.11,321.63,56.94,56.36,D,D,0.76
109,1.243,7.3,0.12158,310.2,15.0,43.0,57.0,100.0,2.0,320.11,300.22,56.94,56.84,D,D,0.93
109,1.741,7.3,0.13084,298.0,15.0,43.0,57.0,100.0,2.0,320.11,275.82,56.94,57.0,D,D,1.28
109,3.903,7.3,0.13454,299.2,15.0,43.0,57.0,100.0,2.0,320.11,278.32,56.94,56.16,D,D,2.92
109,1.169,7.3,0.10945,324.6,15.0,43.0,57.0,100.0,2.0,320.11,329.08,56.94,55.82,D,D,0.06
109,1.005,7.3,0.12534,307.6,15.0,43.0,57.0,100.0,2.0,320.11,295.17,56.94,57.64,D,D,0.46
109,1.922,7.3,0.14667,306.4,15.0,43.0,57.0,100.0,2.0,303.36,309.41,58.0,56.1,D,D,0.42
109,2.007,7.3,0.14438,309.1,15.0,43.0,57.0,100.0,2.0,303.36,314.88,58.0,56.02,D,D,0.46
109,2.114,7.3,0.14138,309.1,15.0,43.0,57.0,100.0,2.0,303.36,314.88,58.0,55.91,D,D,0.46
109,2.178,7.3,0.13228,306.4,15.0,43.0,57.0,100.0,2.0,303.36,309.41,58.0,55.84,D,D,0.42
109,2.196,7.3,0.12954,306.4,15.0,43.0,57.0,100.0,2.0,303.36,309.41,58.0,55.81,D,D,0.33
109,2.111,7.3,0.13192,306.4,15.0,43.0,57.0,100.0,2.0,303.36,309.41,58.0,55.89,D,D,0.21
109,2.02,7.3,0.13169,306.4,15.0,43.0,57.0,100.0,2.0,303.36,309.41,58.0,55.99,D,D,0.15
109,1.847,7.3,0.12725,306.4,15.0,43.0,57.0,100.0,2.0,303.36,309.41,58.0,56.15,D,D,0.21
109,1.802,7.3,0.1361,289.6,15.0,43.0,57.0,100.0,2.0,303.36,275.82,58.0,56.2,D,D,0.27
109,1.67,7.3,0.16006,305.1,15.0,43.0,57.0,100.0,2.0,303.36,306.78,58.0,56.66,D,D,0.89
109,2.153,7.3,0.13117,305.1,15.0,43.0,57.0,100.0,2.0,303.36,306.78,58.0,56.13,D,D,0.99
109,2.654,7.3,0.14778,304.9,15.0,43.0,57.0,100.0,2.0,303.36,306.38,58.0,55.55,D,D,1.03
109,2.855,7.3,0.14628,304.9,15.0,43.0,57.0,100.0,2.0,303.36,306.38,58.0,55.23,D,D,0.83
109,3.014,7.3,0.1471,305.9,15.0,43.0,57.0,100.0,2.0,303.36,308.39,58.0,54.99,D,D,0.47
109,2.33,7.3,0.12657,312.5,15.0,43.0,57.0,100.0,2.0,303.36,321.63,58.0,55.87,D,D,0.44
109,1.806,7.3,0.12795,312.5,15.0,43.0,57.0,100.0,2.0,303.36,321.63,58.0,56.36,D,D,0.36
109,1.242,7.3,0.13403,301.8,15.0,43.0,57.0,100.0,2.0,303.36,300.22,58.0,56.84,D,D,0.19
109,1.003,7.3,0.14329,289.6,15.0,43.0,57.0,100.0,2.0,303.36,275.82,58.0,57.0,D,D,0.16
109,2.85,7.3,0.14698,290.8,15.0,43.0,57.0,100.0,2.0,303.36,278.32,58.0,56.16,D,D,1.8
109,2.935,7.3,0.12189,316.2,15.0,43.0,57.0,100.0,2.0,303.36,329.08,58.0,55.82,D,D,1.18
109,1.031,7.3,0.13778,299.3,15.0,43.0,57.0,100.0,2.0,303.36,295.17,58.0,57.64,D,D,0.66
109,0.09,7.3,0.14791,312.1,15.0,43.0,57.0,100.0,2.0,309.41,314.88,56.1,56.02,D,D,0.04
109,0.191,7.3,0.14491,312.1,15.0,43.0,57.0,100.0,2.0,309.41,314.88,56.1,55.91,D,D,0.04
109,0.268,7.3,0.13581,309.4,15.0,43.0,57.0,100.0,2.0,309.41,309.41,56.1,55.84,D,D,0.0
109,0.335,7.3,0.13306,309.4,15.0,43.0,57.0,100.0,2.0,309.41,309.41,56.1,55.81,D,D,0.09
109,0.376,7.3,0.13545,309.4,15.0,43.0,57.0,100.0,2.0,309.41,309.41,56.1,55.89,D,D,0.21
109,0.38,7.3,0.13522,309.4,15.0,43.0,57.0,100.0,2.0,309.41,309.41,56.1,55.99,D,D,0.27
109,0.273,7.3,0.13078,309.4,15.0,43.0,57.0,100.0,2.0,309.41,309.41,56.1,56.15,D,D,0.21
109,0.21,7.3,0.13962,292.6,15.0,43.0,57.0,100.0,2.0,309.41,275.82,56.1,56.2,D,D,0.15
109,0.918,7.3,0.16358,308.1,15.0,43.0,57.0,100.0,2.0,309.41,306.78,56.1,56.66,D,D,0.47
109,0.777,7.3,0.1347,308.1,15.0,43.0,57.0,100.0,2.0,309.41,306.78,56.1,56.13,D,D,0.57
109,0.92,7.3,0.1513,307.9,15.0,43.0,57.0,100.0,2.0,309.41,306.38,56.1,55.55,D,D,0.61
109,0.961,7.3,0.1498,307.9,15.0,43.0,57.0,100.0,2.0,309.41,306.38,56.1,55.23,D,D,0.41
109,1.113,7.3,0.15063,308.9,15.0,43.0,57.0,100.0,2.0,309.41,308.39,56.1,54.99,D,D,0.05
109,1.21,7.3,0.1301,315.5,15.0,43.0,57.0,100.0,2.0,309.41,321.63,56.1,55.87,D,D,0.86
109,1.041,7.3,0.13148,315.5,15.0,43.0,57.0,100.0,2.0,309.41,321.63,56.1,56.36,D,D,0.78
109,1.026,7.3,0.13755,304.8,15.0,43.0,57.0,100.0,2.0,309.41,300.22,56.1,56.84,D,D,0.61
109,0.926,7.3,0.14682,292.6,15.0,43.0,57.0,100.0,2.0,309.41,275.82,56.1,57.0,D,D,0.26
109,1.871,7.3,0.1505,293.9,15.0,43.0,57.0,100.0,2.0,309.41,278.32,56.1,56.16,D,D,1.38
109,2.209,7.3,0.12541,319.2,15.0,43.0,57.0,100.0,2.0,309.41,329.08,56.1,55.82,D,D,1.6
109,1.96,7.3,0.14131,302.3,15.0,43.0,57.0,100.0,2.0,309.41,295.17,56.1,57.64,D,D,1.08
109,0.112,7.3,0.14262,314.9,15.0,43.0,57.0,100.0,2.0,314.88,314.88,56.02,55.91,D,D,0.0
109,0.204,7.3,0.13351,312.1,15.0,43.0,57.0,100.0,2.0,314.88,309.41,56.02,55.84,D,D,0.04
109,0.297,7.3,0.13078,312.1,15.0,43.0,57.0,100.0,2.0,314.88,309.41,56.02,55.81,D,D,0.13
109,0.378,7.3,0.13315,312.1,15.0,43.0,57.0,100.0,2.0,314.88,309.41,56.02,55.89,D,D,0.25
109,0.406,7.3,0.13293,312.1,15.0,43.0,57.0,100.0,2.0,314.88,309.41,56.02,55.99,D,D,0.31
109,0.338,7.3,0.12849,312.1,15.0,43.0,57.0,100.0,2.0,314.88,309.41,56.02,56.15,D,D,0.25
109,0.29,7.3,0.13733,295.4,15.0,43.0,57.0,100.0,2.0,314.88,275.82,56.02,56.2,D,D,0.19
109,0.937,7.3,0.16129,310.8,15.0,43.0,57.0,100.0,2.0,314.88,306.78,56.02,56.66,D,D,0.43
109,0.741,7.3,0.13241,310.8,15.0,43.0,57.0,100.0,2.0,314.88,306.78,56.02,56.13,D,D,0.53
109,0.839,7.3,0.14902,310.6,15.0,43.0,57.0,100.0,2.0,314.88,306.38,56.02,55.55,D,D,0.57
109,0.871,7.3,0.14752,310.6,15.0,43.0,57.0,100.0,2.0,314.88,306.38,56.02,55.23,D,D,0.37
109,1.039,7.3,0.14834,311.6,15.0,43.0,57.0,100.0,2.0,314.88,308.39,56.02,54.99,D,D,0.01
109,1.239,7.3,0.12781,318.3,15.0,43.0,57.0,100.0,2.0,314.88,321.63,56.02,55.87,D,D,0.9
109,1.103,7.3,0.12919,318.3,15.0,43.0,57.0,100.0,2.0,314.88,321.63,56.02,56.36,D,D,0.82
109,1.113,7.3,0.13526,307.6,15.0,43.0,57.0,100.0,2.0,314.88,300.22,56.02,56.84,D,D,0.65
109,1.013,7.3,0.14453,295.4,15.0,43.0,57.0,100.0,2.0,314.88,275.82,56.02,57.0,D,D,0.3
109,1.831,7.3,0.14821,296.6,15.0,43.0,57.0,100.0,2.0,314.88,278.32,56.02,56.16,D,D,1.34
109,2.241,7.3,0.12312,322.0,15.0,43.0,57.0,100.0,2.0,314.88,329.08,56.02,55.82,D,D,1.64
109,2.049,7.3,0.13901,305.0,15.0,43.0,57.0,100.0,2.0,314.88,295.17,56.02,57.64,D,D,1.12
109,0.102,7.3,0.13051,312.1,15.0,43.0,57.0,100.0,2.0,314.88,309.41,55.91,55.84,D,D,0.04
109,0.217,7.3,0.12777,312.1,15.0,43.0,57.0,100.0,2.0,314.88,309.41,55.91,55.81,D,D,0.13
109,0.338,7.3,0.13015,312.1,15.0,43.0,57.0,100.0,2.0,314.88,309.41,55.91,55.89,D,D,0.25
109,0.395,7.3,0.12993,312.1,15.0,43.0,57.0,100.0,2.0,314.88,309.41,55.91,55.99,D,D,0.31
109,0.382,7.3,0.12549,312.1,15.0,43.0,57.0,100.0,2.0,314.88,309.41,55.91,56.15,D,D,0.25
109,0.359,7.3,0.13433,295.4,15.0,43.0,57.0,100.0,2.0,314.88,275.82,55.91,56.2,D,D,0.19
109,1.028,7.3,0.15829,310.8,15.0,43.0,57.0,100.0,2.0,314.88,306.78,55.91,56.66,D,D,0.43
109,0.781,7.3,0.12941,310.8,15.0,43.0,57.0,100.0,2.0,314.88,306.78,55.91,56.13,D,D,0.53
109,0.798,7.3,0.14602,310.6,15.0,43.0,57.0,100.0,2.0,314.88,306.38,55.91,55.55,D,D,0.57
109,0.78,7.3,0.14452,310.6,15.0,43.0,57.0,100.0,2.0,314.88,306.38,55.91,55.23,D,D,0.37
109,0.927,7.3,0.14534,311.6,15.0,43.0,57.0,100.0,2.0,314.88,308.39,55.91,54.99,D,D,0.01
109,1.212,7.3,0.1248,318.3,15.0,43.0,57.0,100.0,2.0,314.88,321.63,55.91,55.87,D,D,0.9
109,1.126,7.3,0.12619,318.3,15.0,43.0,57.0,100.0,2.0,314.88,321.63,55.91,56.36,D,D,0.82
109,1.185,7.3,0.13226,307.6,15.0,43.0,57.0,100.0,2.0,314.88,300.22,55.91,56.84,D,D,0.65
109,1.117,7.3,0.14153,295.4,15.0,43.0,57.0,100.0,2.0,314.88,275.82,55.91,57.0,D,D,0.3
109,1.858,7.3,0.14521,296.6,15.0,43.0,57.0,100.0,2.0,314.88,278.32,55.91,56.16,D,D,1.34
109,2.215,7.3,0.12012,322.0,15.0,43.0,57.0,100.0,2.0,314.88,329.08,55.91,55.82,D,D,1.64
109,2.126,7.3,0.13601,305.0,15.0,43.0,57.0,100.0,2.0,314.88,295.17,55.91,57.64,D,D,1.12
109,0.124,7.3,0.11867,309.4,15.0,43.0,57.0,100.0,2.0,309.41,309.41,55.84,55.81,D,D,0.09
109,0.273,7.3,0.12105,309.4,15.0,43.0,57.0,100.0,2.0,309.41,309.41,55.84,55.89,D,D,0.21
109,0.35,7.3,0.12082,309.4,15.0,43.0,57.0,100.0,2.0,309.41,309.41,55.84,55.99,D,D,0.27
109,0.389,7.3,0.11638,309.4,15.0,43.0,57.0,100.0,2.0,309.41,309.41,55.84,56.15,D,D,0.21
109,0.392,7.3,0.12523,292.6,15.0,43.0,57.0,100.0,2.0,309.41,275.82,55.84,56.2,D,D,0.15
109,1.13,7.3,0.14919,308.1,15.0,43.0,57.0,100.0,2.0,309.41,306.78,55.84,56.66,D,D,0.47
109,0.871,7.3,0.1203,308.1,15.0,43.0,57.0,100.0,2.0,309.41,306.78,55.84,56.13,D,D,0.57
109,0.833,7.3,0.13691,307.9,15.0,43.0,57.0,100.0,2.0,309.41,306.38,55.84,55.55,D,D,0.61
109,0.756,7.3,0.13541,307.9,15.0,43.0,57.0,100.0,2.0,309.41,306.38,55.84,55.23,D,D,0.41
109,0.846,7.3,0.13623,308.9,15.0,43.0,57.0,100.0,2.0,309.41,308.39,55.84,54.99,D,D,0.05
109,1.141,7.3,0.1157,315.5,15.0,43.0,57.0,100.0,2.0,309.41,321.63,55.84,55.87,D,D,0.86
109,1.094,7.3,0.11708,315.5,15.0,43.0,57.0,100.0,2.0,309.41,321.63,55.84,56.36,D,D,0.78
109,1.204,7.3,0.12316,304.8,15.0,43.0,57.0,100.0,2.0,309.41,300.22,55.84,56.84,D,D,0.61
109,1.177,7.3,0.13242,292.6,15.0,43.0,57.0,100.0,2.0,309.41,275.82,55.84,57.0,D,D,0.26
109,1.937,7.3,0.13611,293.9,15.0,43.0,57.0,100.0,2.0,309.41,278.32,55.84,56.16,D,D,1.38
109,2.141,7.3,0.11102,319.2,15.0,43.0,57.0,100.0,2.0,309.41,329.08,55.84,55.82,D,D,1.6
109,2.146,7.3,0.12691,302.3,15.0,43.0,57.0,100.0,2.0,309.41,295.17,55.84,57.64,D,D,1.08
109,0.168,7.3,0.11831,309.4,15.0,43.0,57.0,100.0,2.0,309.41,309.41,55.81,55.89,D,D,0.12
109,0.263,7.3,0.11808,309.4,15.0,43.0,57.0,100.0,2.0,309.41,309.41,55.81,55.99,D,D,0.18
109,0.361,7.3,0.11364,309.4,15.0,43.0,57.0,100.0,2.0,309.41,309.41,55.81,56.15,D,D,0.12
109,0.394,7.3,0.12249,292.6,15.0,43.0,57.0,100.0,2.0,309.41,275.82,55.81,56.2,D,D,0.06
109,1.234,7.3,0.14644,308.1,15.0,43.0,57.0,100.0,2.0,309.41,306.78,55.81,56.66,D,D,0.56
109,0.994,7.3,0.11757,308.1,15.0,43.0,57.0,100.0,2.0,309.41,306.78,55.81,56.13,D,D,0.66
109,0.94,7.3,0.13417,307.9,15.0,43.0,57.0,100.0,2.0,309.41,306.38,55.81,55.55,D,D,0.7
109,0.815,7.3,0.13267,307.9,15.0,43.0,57.0,100.0,2.0,309.41,306.38,55.81,55.23,D,D,0.5
109,0.818,7.3,0.1335,308.9,15.0,43.0,57.0,100.0,2.0,309.41,308.39,55.81,54.99,D,D,0.14
109,1.02,7.3,0.11296,315.5,15.0,43.0,57.0,100.0,2.0,309.41,321.63,55.81,55.87,D,D,0.77
109,1.003,7.3,0.11435,315.5,15.0,43.0,57.0,100.0,2.0,309.41,321.63,55.81,56.36,D,D,0.69
109,1.165,7.3,0.12041,304.8,15.0,43.0,57.0,100.0,2.0,309.41,300.22,55.81,56.84,D,D,0.52
109,1.193,7.3,0.12968,292.6,15.0,43.0,57.0,100.0,2.0,309.41,275.82,55.81,57.0,D,D,0.17
109,2.061,7.3,0.13337,293.9,15.0,43.0,57.0,100.0,2.0,309.41,278.32,55.81,56.16,D,D,1.47
109,2.019,7.3,0.10828,319.2,15.0,43.0,57.0,100.0,2.0,309.41,329.08,55.81,55.82,D,D,1.51
109,2.105,7.3,0.12417,302.3,15.0,43.0,57.0,100.0,2.0,309.41,295.17,55.81,57.64,D,D,0.99
109,0.105,7.3,0.12046,309.4,15.0,43.0,57.0,100.0,2.0,309.41,309.41,55.89,55.99,D,D,0.06
109,0.268,7.3,0.11602,309.4,15.0,43.0,57.0,100.0,2.0,309.41,309.41,55.89,56.15,D,D,0.0
109,0.337,7.3,0.12487,292.6,15.0,43.0,57.0,100.0,2.0,309.41,275.82,55.89,56.2,D,D,0.06
109,1.293,7.3,0.14883,308.1,15.0,43.0,57.0,100.0,2.0,309.41,306.78,55.89,56.66,D,D,0.68
109,1.114,7.3,0.11994,308.1,15.0,43.0,57.0,100.0,2.0,309.41,306.78,55.89,56.13,D,D,0.78
109,1.104,7.3,0.13655,307.9,15.0,43.0,57.0,100.0,2.0,309.41,306.38,55.89,55.55,D,D,0.82
109,0.978,7.3,0.13505,307.9,15.0,43.0,57.0,100.0,2.0,309.41,306.38,55.89,55.23,D,D,0.62
109,0.921,7.3,0.13587,308.9,15.0,43.0,57.0,100.0,2.0,309.41,308.39,55.89,54.99,D,D,0.26
109,0.874,7.3,0.11534,315.5,15.0,43.0,57.0,100.0,2.0,309.41,321.63,55.89,55.87,D,D,0.65
109,0.836,7.3,0.11672,315.5,15.0,43.0,57.0,100.0,2.0,309.41,321.63,55.89,56.36,D,D,0.57
109,1.028,7.3,0.1228,304.8,15.0,43.0,57.0,100.0,2.0,309.41,300.22,55.89,56.84,D,D,0.4
109,1.114,7.3,0.13206,292.6,15.0,43.0,57.0,100.0,2.0,309.41,275.82,55.89,57.0,D,D,0.05
109,2.196,7.3,0.13575,293.9,15.0,43.0,57.0,100.0,2.0,309.41,278.32,55.89,56.16,D,D,1.59
109,1.876,7.3,0.11066,319.2,15.0,43.0,57.0,100.0,2.0,309.41,329.08,55.89,55.82,D,D,1.39
109,1.961,7.3,0.12655,302.3,15.0,43.0,57.0,100.0,2.0,309.41,295.17,55.89,57.64,D,D,0.87
109,0.196,7.3,0.11579,309.4,15.0,43.0,57.0,100.0,2.0,309.41,309.41,55.99,56.15,D,D,0.06
109,0.283,7.3,0.12464,292.6,15.0,43.0,57.0,100.0,2.0,309.41,275.82,55.99,56.2,D,D,0.12
109,1.282,7.3,0.1486,308.1,15.0,43.0,57.0,100.0,2.0,309.41,306.78,55.99,56.66,D,D,0.74
109,1.147,7.3,0.11972,308.1,15.0,43.0,57.0,100.0,2.0,309.41,306.78,55.99,56.13,D,D,0.84
109,1.182,7.3,0.13632,307.9,15.0,43.0,57.0,100.0,2.0,309.41,306.38,55.99,55.55,D,D,0.88
109,1.078,7.3,0.13482,307.9,15.0,43.0,57.0,100.0,2.0,309.41,306.38,55.99,55.23,D,D,0.68
109,1.023,7.3,0.13565,308.9,15.0,43.0,57.0,100.0,2.0,309.41,308.39,55.99,54.99,D,D,0.32
109,0.833,7.3,0.11511,315.5,15.0,43.0,57.0,100.0,2.0,309.41,321.63,55.99,55.87,D,D,0.59
109,0.745,7.3,0.1165,315.5,15.0,43.0,57.0,100.0,2.0,309.41,321.63,55.99,56.36,D,D,0.51
109,0.923,7.3,0.12257,304.8,15.0,43.0,57.0,100.0,2.0,309.41,300.22,55.99,56.84,D,D,0.34
109,1.028,7.3,0.13183,292.6,15.0,43.0,57.0,100.0,2.0,309.41,275.82,55.99,57.0,D,D,0.01
109,2.237,7.3,0.13552,293.9,15.0,43.0,57.0,100.0,2.0,309.41,278.32,55.99,56.16,D,D,1.65
109,1.835,7.3,0.11043,319.2,15.0,43.0,57.0,100.0,2.0,309.41,329.08,55.99,55.82,D,D,1.33
109,1.856,7.3,0.12632,302.3,15.0,43.0,57.0,100.0,2.0,309.41,295.17,55.99,57.64,D,D,0.81
109,0.097,7.3,0.1202,292.6,15.0,43.0,57.0,100.0,2.0,309.41,275.82,56.15,56.2,D,D,0.06
109,1.114,7.3,0.14416,308.1,15.0,43.0,57.0,100.0,2.0,309.41,306.78,56.15,56.66,D,D,0.68
109,1.044,7.3,0.11528,308.1,15.0,43.0,57.0,100.0,2.0,309.41,306.78,56.15,56.13,D,D,0.78
109,1.173,7.3,0.13188,307.9,15.0,43.0,57.0,100.0,2.0,309.41,306.38,56.15,55.55,D,D,0.82
109,1.145,7.3,0.13038,307.9,15.0,43.0,57.0,100.0,2.0,309.41,306.38,56.15,55.23,D,D,0.62
109,1.173,7.3,0.13121,308.9,15.0,43.0,57.0,100.0,2.0,309.41,308.39,56.15,54.99,D,D,0.26
109,0.965,7.3,0.11067,315.5,15.0,43.0,57.0,100.0,2.0,309.41,321.63,56.15,55.87,D,D,0.65
109,0.768,7.3,0.11206,315.5,15.0,43.0,57.0,100.0,2.0,309.41,321.63,56.15,56.36,D,D,0.57
109,0.815,7.3,0.11813,304.8,15.0,43.0,57.0,100.0,2.0,309.41,300.22,56.15,56.84,D,D,0.4
109,0.848,7.3,0.12739,292.6,15.0,43.0,57.0,100.0,2.0,309.41,275.82,56.15,57.0,D,D,0.05
109,2.138,7.3,0.13108,293.9,15.0,43.0,57.0,100.0,2.0,309.41,278.32,56.15,56.16,D,D,1.59
109,1.955,7.3,0.10599,319.2,15.0,43.0,57.0,100.0,2.0,309.41,329.08,56.15,55.82,D,D,1.39
109,1.757,7.3,0.12188,302.3,15.0,43.0,57.0,100.0,2.0,309.41,295.17,56.15,57.64,D,D,0.87
109,1.017,7.3,0.15301,291.3,15.0,43.0,57.0,100.0,2.0,275.82,306.78,56.2,56.66,D,D,0.62
109,0.962,7.3,0.12412,291.3,15.0,43.0,57.0,100.0,2.0,275.82,306.78,56.2,56.13,D,D,0.72
109,1.129,7.3,0.14073,291.1,15.0,43.0,57.0,100.0,2.0,275.82,306.38,56.2,55.55,D,D,0.76
109,1.138,7.3,0.13923,291.1,15.0,43.0,57.0,100.0,2.0,275.82,306.38,56.2,55.23,D,D,0.56
109,1.212,7.3,0.14005,292.1,15.0,43.0,57.0,100.0,2.0,275.82,308.39,56.2,54.99,D,D,0.2
109,1.061,7.3,0.11952,298.7,15.0,43.0,57.0,100.0,2.0,275.82,321.63,56.2,55.87,D,D,0.71
109,0.84,7.3,0.1209,298.7,15.0,43.0,57.0,100.0,2.0,275.82,321.63,56.2,56.36,D,D,0.63
109,0.827,7.3,0.12698,288.0,15.0,43.0,57.0,100.0,2.0,275.82,300.22,56.2,56.84,D,D,0.46
109,0.799,7.3,0.13624,275.8,15.0,43.0,57.0,100.0,2.0,275.82,275.82,56.2,57.0,D,D,0.11
109,2.055,7.3,0.13993,277.1,15.0,43.0,57.0,100.0,2.0,275.82,278.32,56.2,56.16,D,D,1.53
109,2.048,7.3,0.11484,302.4,15.0,43.0,57.0,100.0,2.0,275.82,329.08,56.2,55.82,D,D,1.45
109,1.767,7.3,0.13073,285.5,15.0,43.0,57.0,100.0,2.0,275.82,295.17,56.2,57.64,D,D,0.93
109,0.543,7.3,0.14808,306.8,15.0,43.0,57.0,100.0,2.0,306.78,306.78,56.66,56.13,D,D,0.1
109,1.115,7.3,0.16468,306.6,15.0,43.0,57.0,100.0,2.0,306.78,306.38,56.66,55.55,D,D,0.14
109,1.468,7.3,0.16318,306.6,15.0,43.0,57.0,100.0,2.0,306.78,306.38,56.66,55.23,D,D,0.06
109,1.868,7.3,0.16401,307.6,15.0,43.0,57.0,100.0,2.0,306.78,308.39,56.66,54.99,D,D,0.42
109,2.073,7.3,0.14348,314.2,15.0,43.0,57.0,100.0,2.0,306.78,321.63,56.66,55.87,D,D,1.33
109,1.762,7.3,0.14486,314.2,15.0,43.0,57.0,100.0,2.0,306.78,321.63,56.66,56.36,D,D,1.25
109,1.446,7.3,0.15093,303.5,15.0,43.0,57.0,100.0,2.0,306.78,300.22,56.66,56.84,D,D,1.08
109,0.995,7.3,0.1602,291.3,15.0,43.0,57.0,100.0,2.0,306.78,275.82,56.66,57.0,D,D,0.73
109,1.267,7.3,0.16389,292.5,15.0,43.0,57.0,100.0,2.0,306.78,278.32,56.66,56.16,D,D,0.91
109,3.042,7.3,0.1388,317.9,15.0,43.0,57.0,100.0,2.0,306.78,329.08,56.66,55.82,D,D,2.07
109,2.18,7.3,0.15469,301.0,15.0,43.0,57.0,100.0,2.0,306.78,295.17,56.66,57.64,D,D,1.55
109,0.576,7.3,0.13581,306.6,15.0,43.0,57.0,100.0,2.0,306.78,306.38,56.13,55.55,D,D,0.04
109,0.967,7.3,0.13431,306.6,15.0,43.0,57.0,100.0,2.0,306.78,306.38,56.13,55.23,D,D,0.16
109,1.437,7.3,0.13513,307.6,15.0,43.0,57.0,100.0,2.0,306.78,308.39,56.13,54.99,D,D,0.52
109,1.98,7.3,0.1146,314.2,15.0,43.0,57.0,100.0,2.0,306.78,321.63,56.13,55.87,D,D,1.43
109,1.801,7.3,0.11598,314.2,15.0,43.0,57.0,100.0,2.0,306.78,321.63,56.13,56.36,D,D,1.35
109,1.651,7.3,0.12205,303.5,15.0,43.0,57.0,100.0,2.0,306.78,300.22,56.13,56.84,D,D,1.18
109,1.322,7.3,0.13132,291.3,15.0,43.0,57.0,100.0,2.0,306.78,275.82,56.13,57.0,D,D,0.83
109,1.094,7.3,0.135,292.5,15.0,43.0,57.0,100.0,2.0,306.78,278.32,56.13,56.16,D,D,0.81
109,2.982,7.3,0.10991,317.9,15.0,43.0,57.0,100.0,2.0,306.78,329.08,56.13,55.82,D,D,2.17
109,2.508,7.3,0.12581,301.0,15.0,43.0,57.0,100.0,2.0,306.78,295.17,56.13,57.64,D,D,1.65
109,0.459,7.3,0.15091,306.4,15.0,43.0,57.0,100.0,2.0,306.38,306.38,55.55,55.23,D,D,0.2
109,1.013,7.3,0.15174,307.4,15.0,43.0,57.0,100.0,2.0,306.38,308.39,55.55,54.99,D,D,0.56
109,1.947,7.3,0.1312,314.0,15.0,43.0,57.0,100.0,2.0,306.38,321.63,55.55,55.87,D,D,1.47
109,1.923,7.3,0.13259,314.0,15.0,43.0,57.0,100.0,2.0,306.38,321.63,55.55,56.36,D,D,1.39
109,1.94,7.3,0.13866,303.3,15.0,43.0,57.0,100.0,2.0,306.38,300.22,55.55,56.84,D,D,1.22
109,1.735,7.3,0.14792,291.1,15.0,43.0,57.0,100.0,2.0,306.38,275.82,55.55,57.0,D,D,0.87
109,1.272,7.3,0.15161,292.4,15.0,43.0,57.0,100.0,2.0,306.38,278.32,55.55,56.16,D,D,0.77
109,2.931,7.3,0.12652,317.7,15.0,43.0,57.0,100.0,2.0,306.38,329.08,55.55,55.82,D,D,2.21
109,2.861,7.3,0.14241,300.8,15.0,43.0,57.0,100.0,2.0,306.38,295.17,55.55,57.64,D,D,1.69
109,0.569,7.3,0.15024,307.4,15.0,43.0,57.0,100.0,2.0,306.38,308.39,55.23,54.99,D,D,0.36
109,1.712,7.3,0.1297,314.0,15.0,43.0,57.0,100.0,2.0,306.38,321.63,55.23,55.87,D,D,1.27
109,1.808,7.3,0.13109,314.0,15.0,43.0,57.0,100.0,2.0,306.38,321.63,55.23,56.36,D,D,1.19
109,1.96,7.3,0.13715,303.3,15.0,43.0,57.0,100.0,2.0,306.38,300.22,55.23,56.84,D,D,1.02
109,1.876,7.3,0.14642,291.1,15.0,43.0,57.0,100.0,2.0,306.38,275.82,55.23,57.0,D,D,0.67
109,1.715,7.3,0.15011,292.4,15.0,43.0,57.0,100.0,2.0,306.38,278.32,55.23,56.16,D,D,0.97
109,2.649,7.3,0.12502,317.7,15.0,43.0,57.0,100.0,2.0,306.38,329.08,55.23,55.82,D,D,2.01
109,2.902,7.3,0.14091,300.8,15.0,43.0,57.0,100.0,2.0,306.38,295.17,55.23,57.64,D,D,1.49
109,1.38,7.3,0.13053,315.0,15.0,43.0,57.0,100.0,2.0,308.39,321.63,54.99,55.87,D,D,0.91
109,1.63,7.3,0.13191,315.0,15.0,43.0,57.0,100.0,2.0,308.39,321.63,54.99,56.36,D,D,0.83
109,1.942,7.3,0.13798,304.3,15.0,43.0,57.0,100.0,2.0,308.39,300.22,54.99,56.84,D,D,0.66
109,2.011,7.3,0.14725,292.1,15.0,43.0,57.0,100.0,2.0,308.39,275.82,54.99,57.0,D,D,0.31
109,2.282,7.3,0.15093,293.4,15.0,43.0,57.0,100.0,2.0,308.39,278.32,54.99,56.16,D,D,1.33
109,2.218,7.3,0.12584,318.7,15.0,43.0,57.0,100.0,2.0,308.39,329.08,54.99,55.82,D,D,1.65
109,2.86,7.3,0.14173,301.8,15.0,43.0,57.0,100.0,2.0,308.39,295.17,54.99,57.64,D,D,1.13
109,0.525,7.3,0.11138,321.6,15.0,43.0,57.0,100.0,2.0,321.63,321.63,55.87,56.36,D,D,0.08
109,1.09,7.3,0.11744,310.9,15.0,43.0,57.0,100.0,2.0,321.63,300.22,55.87,56.84,D,D,0.25
109,1.502,7.3,0.12671,298.7,15.0,43.0,57.0,100.0,2.0,321.63,275.82,55.87,57.0,D,D,0.6
109,3.068,7.3,0.1304,300.0,15.0,43.0,57.0,100.0,2.0,321.63,278.32,55.87,56.16,D,D,2.24
109,1.003,7.3,0.10531,325.4,15.0,43.0,57.0,100.0,2.0,321.63,329.08,55.87,55.82,D,D,0.74
109,1.766,7.3,0.1212,308.4,15.0,43.0,57.0,100.0,2.0,321.63,295.17,55.87,57.64,D,D,0.22
109,0.571,7.3,0.11883,310.9,15.0,43.0,57.0,100.0,2.0,321.63,300.22,56.36,56.84,D,D,0.17
109,1.028,7.3,0.1281,298.7,15.0,43.0,57.0,100.0,2.0,321.63,275.82,56.36,57.0,D,D,0.52
109,2.889,7.3,0.13178,300.0,15.0,43.0,57.0,100.0,2.0,321.63,278.32,56.36,56.16,D,D,2.16
109,1.31,7.3,0.10669,325.4,15.0,43.0,57.0,100.0,2.0,321.63,329.08,56.36,55.82,D,D,0.82
109,1.29,7.3,0.12258,308.4,15.0,43.0,57.0,100.0,2.0,321.63,295.17,56.36,57.64,D,D,0.3
109,0.524,7.3,0.13417,288.0,15.0,43.0,57.0,100.0,2.0,300.22,275.82,56.84,57.0,D,D,0.35
109,2.678,7.3,0.13786,289.3,15.0,43.0,57.0,100.0,2.0,300.22,278.32,56.84,56.16,D,D,1.99
109,1.818,7.3,0.11277,314.6,15.0,43.0,57.0,100.0,2.0,300.22,329.08,56.84,55.82,D,D,0.99
109,0.942,7.3,0.12865,297.7,15.0,43.0,57.0,100.0,2.0,300.22,295.17,56.84,57.64,D,D,0.47
109,2.259,7.3,0.14712,277.1,15.0,43.0,57.0,100.0,2.0,275.82,278.32,57.0,56.16,D,D,1.64
109,2.323,7.3,0.12203,302.4,15.0,43.0,57.0,100.0,2.0,275.82,329.08,57.0,55.82,D,D,1.34
109,1.196,7.3,0.13792,285.5,15.0,43.0,57.0,100.0,2.0,275.82,295.17,57.0,57.64,D,D,0.82
109,4.071,7.3,0.12572,303.7,15.0,43.0,57.0,100.0,2.0,278.32,329.08,56.16,55.82,D,D,2.98
109,3.447,7.3,0.14161,286.7,15.0,43.0,57.0,100.0,2.0,278.32,295.17,56.16,57.64,D,D,2.46
109,2.079,7.3,0.11652,312.1,15.0,43.0,57.0,100.0,2.0,329.08,295.17,55.82,57.64,D,D,0.52
113,4.208,5.99,0.37362,509.0,14.6,280.0,30.0,150.0,3.0,549.75,468.18,14.66,14.5,C,C,0.73
113,4.485,5.99,0.35863,449.6,14.6,280.0,30.0,150.0,3.0,549.75,349.43,14.66,15.18,C,D,8.74
113,4.669,5.99,0.18388,358.1,14.6,280.0,30.0,150.0,3.0,375.16,341.14,19.52,17.3,C,D,14.04
113,4.811,5.99,0.18429,395.1,14.6,280.0,30.0,150.0,3.0,375.16,415.13,19.52,17.24,C,C,14.7
113,4.669,5.99,0.19845,358.1,14.6,280.0,30.0,150.0,3.0,375.16,341.14,19.52,17.3,C,D,14.04
113,4.669,5.99,0.22434,358.1,14.6,280.0,30.0,150.0,3.0,375.16,341.14,19.52,17.3,C,D,14.04
113,4.669,5.99,0.23407,358.1,14.6,280.0,30.0,150.0,3.0,375.16,341.14,19.52,17.3,C,D,14.04
113,4.669,5.99,0.19277,358.1,14.6,280.0,30.0,150.0,3.0,375.16,341.14,19.52,17.3,C,D,14.04
113,4.669,5.99,0.2882,358.1,14.6,280.0,30.0,150.0,3.0,375.16,341.14,19.52,17.3,C,D,14.04
113,4.669,5.99,0.19426,358.1,14.6,280.0,30.0,150.0,3.0,375.16,341.14,19.52,17.3,C,D,14.04
113,1.935,5.99,0.2525,386.2,14.6,280.0,30.0,150.0,3.0,375.16,397.27,19.52,19.17,C,C,6.75
113,4.402,5.99,0.24584,329.1,14.6,280.0,30.0,150.0,3.0,367.53,290.63,17.42,15.67,C,D,24.81
113,2.34,5.99,0.11061,310.7,14.6,280.0,30.0,150.0,3.0,297.71,323.76,36.97,36.29,D,D,3.36
113,1.581,5.99,0.09794,307.9,14.6,280.0,30.0,150.0,3.0,297.71,318.16,36.97,36.55,D,D,2.19
113,2.35,5.99,0.14496,309.3,14.6,280.0,30.0,150.0,3.0,297.71,320.93,36.97,34.99,D,D,0.83
113,4.216,5.99,0.16135,417.7,14.6,280.0,30.0,150.0,3.0,544.68,290.63,16.72,15.67,C,D,10.61
113,4.487,5.99,0.13252,439.7,14.6,280.0,30.0,150.0,3.0,544.68,334.69,16.72,16.32,C,D,21.94
113,4.634,5.99,0.20761,269.5,14.6,280.0,30.0,150.0,3.0,267.13,271.9,17.79,20.82,D,D,7.49
113,3.178,5.99,0.11416,450.7,14.6,280.0,30.0,150.0,3.0,545.66,355.81,29.9,32.7,C,D,0.55
113,2.718,5.99,0.08004,884.1,14.6,280.0,30.0,150.0,3.0,545.66,1222.52,29.9,27.64,C,B,1.51
113,2.209,5.99,0.16847,473.0,14.6,280.0,30.0,150.0,3.0,545.66,400.44,29.9,31.06,C,C,3.29
113,4.796,5.99,0.08526,305.4,14.6,280.0,30.0,150.0,3.0,355.81,255.0,32.7,31.48,D,D,3.5
113,2.932,5.99,0.169,378.1,14.6,280.0,30.0,150.0,3.0,355.81,400.44,32.7,31.06,D,C,3.84
113,4.067,5.99,0.18318,380.1,14.6,280.0,30.0,150.0,3.0,322.75,437.5,23.42,23.99,D,C,10.3
113,3.958,5.99,0.11947,380.1,14.6,280.0,30.0,150.0,3.0,322.75,437.5,23.42,24.0,D,C,10.01
113,2.425,5.99,0.15027,369.2,14.6,280.0,30.0,150.0,3.0,322.75,415.69,23.42,22.84,D,C,6.1
113,0.119,5.99,0.19479,437.5,14.6,280.0,30.0,150.0,3.0,437.5,437.5,23.99,24.0,C,C,0.29
113,4.973,5.99,0.18609,325.3,14.6,280.0,30.0,150.0,3.0,235.0,415.69,26.82,22.84,D,C,0.65
113,3.847,5.99,0.08008,232.9,14.6,280.0,30.0,150.0,3.0,305.14,160.58,33.19,30.03,D,E,1.73
113,4.272,5.99,0.14499,231.7,14.6,280.0,30.0,150.0,3.0,160.58,302.73,30.03,28.56,E,D,7.62
113,3.859,5.99,0.25235,269.4,14.6,280.0,30.0,150.0,3.0,266.9,271.9,23.37,20.82,D,D,2.76
113,2.723,5.99,0.26788,305.8,14.6,280.0,30.0,150.0,3.0,266.9,344.72,23.37,24.54,D,D,7.31
113,4.174,5.99,0.08505,335.7,14.6,280.0,30.0,150.0,3.0,346.62,324.79,20.91,18.59,D,D,5.96
113,4.261,5.99,0.12901,329.7,14.6,280.0,30.0,150.0,3.0,324.79,334.69,18.59,16.32,D,D,7.52
113,2.804,5.99,0.25123,258.5,14.6,280.0,30.0,150.0,3.0,245.06,271.9,20.79,20.82,D,D,9.9
113,4.853,5.99,0.19919,308.3,14.6,280.0,30.0,150.0,3.0,271.9,344.72,20.82,24.54,D,D,4.55
113,4.987,5.99,0.34781,434.8,14.6,280.0,30.0,150.0,3.0,468.18,401.37,14.5,15.2,C,C,55.94
113,4.725,5.99,0.1927,391.3,14.6,280.0,30.0,150.0,3.0,371.07,411.55,22.82,26.04,C,C,2.3
113,4.619,5.99,0.1663,338.3,14.6,280.0,30.0,150.0,3.0,337.0,339.52,17.39,17.75,D,D,17.11
113,3.193,5.99,0.27606,308.5,14.6,280.0,30.0,150.0,3.0,316.02,301.0,25.86,23.29,D,D,2.28
113,4.151,5.99,0.14632,302.9,14.6,280.0,30.0,150.0,3.0,297.07,308.71,25.94,24.99,D,D,9.02
113,4.56,5.99,0.04372,333.8,14.6,280.0,30.0,150.0,3.0,321.91,345.72,31.53,32.8,D,D,7.61
113,4.998,5.99,0.04721,353.9,14.6,280.0,30.0,150.0,3.0,321.91,385.87,31.53,35.86,D,C,1.93
113,0.215,5.99,0.07762,278.0,14.6,280.0,30.0,150.0,3.0,277.98,277.98,29.89,29.73,D,D,0.19
113,3.288,5.99,0.07385,266.5,14.6,280.0,30.0,150.0,3.0,277.98,255.0,29.89,31.48,D,D,4.9
113,3.475,5.99,0.0596,266.5,14.6,280.0,30.0,150.0,3.0,277.98,255.0,29.73,31.48,D,D,5.09
113,4.249,5.99,0.04258,497.5,14.6,280.0,30.0,150.0,3.0,740.05,255.0,35.23,31.48,C,D,1.37
113,3.622,5.99,0.17275,347.9,14.6,280.0,30.0,150.0,3.0,366.71,329.06,16.97,18.86,C,D,7.63
113,3.972,5.99,0.15,365.8,14.6,280.0,30.0,150.0,3.0,366.71,364.91,16.97,16.53,C,C,16.26
113,4.518,5.99,0.1741,284.2,14.6,280.0,30.0,150.0,3.0,283.14,285.28,17.91,20.48,D,D,5.05
113,3.879,5.99,0.18272,315.8,14.6,280.0,30.0,150.0,3.0,316.46,315.06,24.08,21.11,D,D,0.49
113,4.623,5.99,0.09927,769.5,14.6,280.0,30.0,150.0,3.0,316.46,1222.52,24.08,27.64,D,B,3.87
113,4.539,5.99,0.13041,667.0,14.6,280.0,30.0,150.0,3.0,364.91,969.07,16.53,18.12,C,B,18.62
113,3.354,5.99,0.17425,263.3,14.6,280.0,30.0,150.0,3.0,285.28,241.41,20.48,22.17,D,D,7.92
113,4.619,5.99,0.13488,811.5,14.6,280.0,30.0,150.0,3.0,1222.52,400.44,27.64,31.06,B,C,4.8
113,4.853,5.99,0.19601,323.7,14.6,280.0,30.0,150.0,3.0,344.72,302.73,24.54,28.56,D,D,0.96
113,0.523,5.99,0.0453,351.3,14.6,280.0,30.0,150.0,3.0,375.22,327.44,59.13,59.6,C,D,0.15
113,1.649,5.99,0.0417,393.0,14.6,280.0,30.0,150.0,3.0,349.54,436.53,63.23,62.07,D,C,1.01
113,4.16,5.99,0.14195,322.3,14.6,280.0,30.0,150.0,3.0,326.47,318.16,33.11,36.55,D,D,2.2
113,3.114,5.99,0.18898,323.7,14.6,280.0,30.0,150.0,3.0,326.47,320.93,33.11,34.99,D,D,3.56
113,3.586,5.99,0.32109,309.3,14.6,280.0,30.0,150.0,3.0,279.46,339.06,20.42,18.49,D,D,6.6
113,3.713,5.99,0.11915,321.0,14.6,280.0,30.0,150.0,3.0,323.76,318.16,36.29,36.55,D,D,5.55
113,3.226,5.99,0.16617,322.3,14.6,280.0,30.0,150.0,3.0,323.76,320.93,36.29,34.99,D,D,4.19
113,1.934,5.99,0.1535,319.5,14.6,280.0,30.0,150.0,3.0,318.16,320.93,36.55,34.99,D,D,1.36
113,0.144,5.99,0.14105,378.1,14.6,280.0,30.0,150.0,3.0,341.14,415.13,17.3,17.24,D,C,0.66
113,0.0,5.99,0.15521,341.1,14.6,280.0,30.0,150.0,3.0,341.14,341.14,17.3,17.3,D,D,0.0
113,0.0,5.99,0.1811,341.1,14.6,280.0,30.0,150.0,3.0,341.14,341.14,17.3,17.3,D,D,0.0
113,0.0,5.99,0.19083,341.1,14.6,280.0,30.0,150.0,3.0,341.14,341.14,17.3,17.3,D,D,0.0
113,0.0,5.99,0.14953,341.1,14.6,280.0,30.0,150.0,3.0,341.14,341.14,17.3,17.3,D,D,0.0
113,4.799,5.99,0.12201,655.1,14.6,280.0,30.0,150.0,3.0,341.14,969.07,17.3,18.12,D,B,17.16
113,0.0,5.99,0.24496,341.1,14.6,280.0,30.0,150.0,3.0,341.14,341.14,17.3,17.3,D,D,0.0
113,0.0,5.99,0.15102,341.1,14.6,280.0,30.0,150.0,3.0,341.14,341.14,17.3,17.3,D,D,0.0
113,4.963,5.99,0.20927,369.2,14.6,280.0,30.0,150.0,3.0,341.14,397.27,17.3,19.17,D,C,20.79
113,2.928,5.99,0.15703,360.3,14.6,280.0,30.0,150.0,3.0,341.14,379.43,17.3,15.94,D,C,12.1
113,0.144,5.99,0.15563,378.1,14.6,280.0,30.0,150.0,3.0,415.13,341.14,17.24,17.3,C,D,0.66
113,0.144,5.99,0.18151,378.1,14.6,280.0,30.0,150.0,3.0,415.13,341.14,17.24,17.3,C,D,0.66
113,0.144,5.99,0.19124,378.1,14.6,280.0,30.0,150.0,3.0,415.13,341.14,17.24,17.3,C,D,0.66
113,0.144,5.99,0.14994,378.1,14.6,280.0,30.0,150.0,3.0,415.13,341.14,17.24,17.3,C,D,0.66
113,4.734,5.99,0.12242,692.1,14.6,280.0,30.0,150.0,3.0,415.13,969.07,17.24,18.12,C,B,16.5
113,0.144,5.99,0.24538,378.1,14.6,280.0,30.0,150.0,3.0,415.13,341.14,17.24,17.3,C,D,0.66
113,0.144,5.99,0.15143,378.1,14.6,280.0,30.0,150.0,3.0,415.13,341.14,17.24,17.3,C,D,0.66
113,2.794,5.99,0.15745,397.3,14.6,280.0,30.0,150.0,3.0,415.13,379.43,17.24,15.94,C,C,11.44
113,0.0,5.99,0.19567,341.1,14.6,280.0,30.0,150.0,3.0,341.14,341.14,17.3,17.3,D,D,0.0
113,0.0,5.99,0.20541,341.1,14.6,280.0,30.0,150.0,3.0,341.14,341.14,17.3,17.3,D,D,0.0
113,0.0,5.99,0.16411,341.1,14.6,280.0,30.0,150.0,3.0,341.14,341.14,17.3,17.3,D,D,0.0
113,4.799,5.99,0.13658,655.1,14.6,280.0,30.0,150.0,3.0,341.14,969.07,17.3,18.12,D,B,17.16
113,0.0,5.99,0.25954,341.1,14.6,280.0,30.0,150.0,3.0,341.14,341.14,17.3,17.3,D,D,0.0
113,0.0,5.99,0.16559,341.1,14.6,280.0,30.0,150.0,3.0,341.14,341.14,17.3,17.3,D,D,0.0
113,4.963,5.99,0.22384,369.2,14.6,280.0,30.0,150.0,3.0,341.14,397.27,17.3,19.17,D,C,20.79
113,2.928,5.99,0.17161,360.3,14.6,280.0,30.0,150.0,3.0,341.14,379.43,17.3,15.94,D,C,12.1
113,0.0,5.99,0.23129,341.1,14.6,280.0,30.0,150.0,3.0,341.14,341.14,17.3,17.3,D,D,0.0
113,0.0,5.99,0.18999,341.1,14.6,280.0,30.0,150.0,3.0,341.14,341.14,17.3,17.3,D,D,0.0
113,4.799,5.99,0.16246,655.1,14.6,280.0,30.0,150.0,3.0,341.14,969.07,17.3,18.12,D,B,17.16
113,0.0,5.99,0.28542,341.1,14.6,280.0,30.0,150.0,3.0,341.14,341.14,17.3,17.3,D,D,0.0
113,0.0,5.99,0.19147,341.1,14.6,280.0,30.0,150.0,3.0,341.14,341.14,17.3,17.3,D,D,0.0
113,4.963,5.99,0.24972,369.2,14.6,280.0,30.0,150.0,3.0,341.14,397.27,17.3,19.17,D,C,20.79
113,2.928,5.99,0.19748,360.3,14.6,280.0,30.0,150.0,3.0,341.14,379.43,17.3,15.94,D,C,12.1
113,0.0,5.99,0.19972,341.1,14.6,280.0,30.0,150.0,3.0,341.14,341.14,17.3,17.3,D,D,0.0
113,4.799,5.99,0.1722,655.1,14.6,280.0,30.0,150.0,3.0,341.14,969.07,17.3,18.12,D,B,17.16
113,0.0,5.99,0.29516,341.1,14.6,280.0,30.0,150.0,3.0,341.14,341.14,17.3,17.3,D,D,0.0
113,0.0,5.99,0.20121,341.1,14.6,280.0,30.0,150.0,3.0,341.14,341.14,17.3,17.3,D,D,0.0
113,4.963,5.99,0.25945,369.2,14.6,280.0,30.0,150.0,3.0,341.14,397.27,17.3,19.17,D,C,20.79
113,2.928,5.99,0.20722,360.3,14.6,280.0,30.0,150.0,3.0,341.14,379.43,17.3,15.94,D,C,12.1
113,4.799,5.99,0.1309,655.1,14.6,280.0,30.0,150.0,3.0,341.14,969.07,17.3,18.12,D,B,17.16
113,0.0,5.99,0.25385,341.1,14.6,280.0,30.0,150.0,3.0,341.14,341.14,17.3,17.3,D,D,0.0
113,0.0,5.99,0.15991,341.1,14.6,280.0,30.0,150.0,3.0,341.14,341.14,17.3,17.3,D,D,0.0
113,4.963,5.99,0.21816,369.2,14.6,280.0,30.0,150.0,3.0,341.14,397.27,17.3,19.17,D,C,20.79
113,2.928,5.99,0.16592,360.3,14.6,280.0,30.0,150.0,3.0,341.14,379.43,17.3,15.94,D,C,12.1
113,4.799,5.99,0.22633,655.1,14.6,280.0,30.0,150.0,3.0,969.07,341.14,18.12,17.3,B,D,17.16
113,4.799,5.99,0.13238,655.1,14.6,280.0,30.0,150.0,3.0,969.07,341.14,18.12,17.3,B,D,17.16
113,0.0,5.99,0.25534,341.1,14.6,280.0,30.0,150.0,3.0,341.14,341.14,17.3,17.3,D,D,0.0
113,4.963,5.99,0.31359,369.2,14.6,280.0,30.0,150.0,3.0,341.14,397.27,17.3,19.17,D,C,20.79
113,2.928,5.99,0.26136,360.3,14.6,280.0,30.0,150.0,3.0,341.14,379.43,17.3,15.94,D,C,12.1
113,4.963,5.99,0.21964,369.2,14.6,280.0,30.0,150.0,3.0,341.14,397.27,17.3,19.17,D,C,20.79
113,2.928,5.99,0.1674,360.3,14.6,280.0,30.0,150.0,3.0,341.14,379.43,17.3,15.94,D,C,12.1
113,4.328,5.99,0.21629,390.4,14.6,280.0,30.0,150.0,3.0,401.37,379.43,15.2,15.94,C,C,18.29
113,2.315,5.99,0.05127,394.7,14.6,280.0,30.0,150.0,3.0,440.54,348.87,42.34,40.61,C,D,1.59
114,4.485,5.27,0.25829,449.6,13.3,170.0,70.0,140.0,3.0,549.75,349.43,12.01,13.62,C,D,14.14
114,1.935,5.27,0.30375,386.2,13.3,170.0,70.0,140.0,3.0,375.16,397.27,15.38,14.82,C,C,8.02
114,4.634,5.27,0.0905,269.5,13.3,170.0,70.0,140.0,3.0,271.9,267.13,18.66,15.37,D,D,4.27
114,3.859,5.27,0.0745,269.4,13.3,170.0,70.0,140.0,3.0,271.9,266.9,18.66,21.8,D,D,4.32
114,2.804,5.27,0.10293,258.5,13.3,170.0,70.0,140.0,3.0,271.9,245.06,18.66,18.14,D,D,9.95
114,4.853,5.27,0.05688,308.3,13.3,170.0,70.0,140.0,3.0,271.9,344.72,18.66,22.61,D,D,2.59
114,3.193,5.27,0.12733,308.5,13.3,170.0,70.0,140.0,3.0,316.02,301.0,25.72,22.98,D,D,1.53
114,4.151,5.27,0.08893,302.9,13.3,170.0,70.0,140.0,3.0,297.07,308.71,27.5,26.35,D,D,2.86
114,3.879,5.27,0.06949,315.8,13.3,170.0,70.0,140.0,3.0,316.46,315.06,24.76,21.42,D,D,0.98
114,4.623,5.27,0.04537,769.5,13.3,170.0,70.0,140.0,3.0,316.46,1222.52,24.76,28.42,D,B,4.53
114,4.328,5.27,0.15482,390.4,13.3,170.0,70.0,140.0,3.0,379.43,401.37,12.0,11.06,C,C,13.92
114,4.402,5.27,0.16217,329.1,13.3,170.0,70.0,140.0,3.0,367.53,290.63,13.58,13.28,C,D,26.14
114,4.216,5.27,0.10378,417.7,13.3,170.0,70.0,140.0,3.0,544.68,290.63,16.03,13.28,C,D,4.78
114,4.487,5.27,0.06191,439.7,13.3,170.0,70.0,140.0,3.0,544.68,334.69,16.03,17.01,C,D,2.36
114,2.718,5.27,0.02655,884.1,13.3,170.0,70.0,140.0,3.0,545.66,1222.52,30.74,28.42,C,B,1.76
114,2.209,5.27,0.05206,473.0,13.3,170.0,70.0,140.0,3.0,545.66,400.44,30.74,31.76,C,C,3.59
114,3.847,5.27,0.03186,232.9,13.3,170.0,70.0,140.0,3.0,305.14,160.58,32.57,29.09,D,E,2.31
114,2.723,5.27,0.0717,305.8,13.3,170.0,70.0,140.0,3.0,266.9,344.72,21.8,22.61,D,D,6.91
114,4.174,5.27,0.0471,335.7,13.3,170.0,70.0,140.0,3.0,346.62,324.79,23.35,20.06,D,D,4.45
114,4.261,5.27,0.06902,329.7,13.3,170.0,70.0,140.0,3.0,324.79,334.69,20.06,17.01,D,D,7.99
114,4.725,5.27,0.14619,391.3,13.3,170.0,70.0,140.0,3.0,371.07,411.55,21.15,25.18,C,C,2.04
114,4.619,5.27,0.08374,338.3,13.3,170.0,70.0,140.0,3.0,337.0,339.52,18.51,19.46,D,D,15.29
114,3.622,5.27,0.09091,347.9,13.3,170.0,70.0,140.0,3.0,366.71,329.06,15.84,17.76,C,D,9.39
114,3.972,5.27,0.08046,365.8,13.3,170.0,70.0,140.0,3.0,366.71,364.91,15.84,14.21,C,C,19.83
114,4.518,5.27,0.11935,284.2,13.3,170.0,70.0,140.0,3.0,283.14,285.28,17.47,20.99,D,D,7.41
114,3.354,5.27,0.12995,263.3,13.3,170.0,70.0,140.0,3.0,285.28,241.41,20.99,22.63,D,D,7.93
114,4.619,5.27,0.04389,811.5,13.3,170.0,70.0,140.0,3.0,1222.52,400.44,28.42,31.76,B,C,5.35
114,4.153,5.27,0.03594,331.7,13.3,170.0,70.0,140.0,3.0,311.86,351.57,30.71,34.45,D,D,2.73
114,4.16,5.27,0.03585,322.3,13.3,170.0,70.0,140.0,3.0,326.47,318.16,33.39,37.02,D,D,2.36
114,3.114,5.27,0.05963,323.7,13.3,170.0,70.0,140.0,3.0,326.47,320.93,33.39,35.33,D,D,3.81
114,3.713,5.27,0.04119,321.0,13.3,170.0,70.0,140.0,3.0,323.76,318.16,36.79,37.02,D,D,5.92
114,3.226,5.27,0.06497,322.3,13.3,170.0,70.0,140.0,3.0,323.76,320.93,36.79,35.33,D,D,4.47
114,1.934,5.27,0.05664,319.5,13.3,170.0,70.0,140.0,3.0,318.16,320.93,37.02,35.33,D,D,1.45
116,3.5,6.54,0.21965,192.4,9.0,127.0,90.0,180.0,0.0,205.78,179.0,27.0,23.85,D,E,4.44
118,3.319,6.93,0.10692,403.6,17.48,128.0,70.0,140.0,3.0,391.91,415.27,41.88,41.86,C,C,3.06
118,2.02,6.93,0.10267,420.8,17.48,128.0,70.0,140.0,3.0,391.91,449.64,41.88,41.03,C,C,1.71
118,4.919,6.93,0.17652,380.4,17.48,128.0,70.0,140.0,3.0,133.11,627.59,43.23,44.11,E,C,4.3
118,2.904,6.93,0.26332,124.7,17.48,128.0,70.0,140.0,3.0,133.11,116.35,43.23,43.94,E,E,2.57
118,3.084,6.93,0.17685,129.8,17.48,128.0,70.0,140.0,3.0,133.11,126.4,43.23,45.58,E,E,1.9
118,1.849,6.93,0.11935,394.1,17.48,128.0,70.0,140.0,3.0,271.06,517.06,52.68,52.53,D,C,1.46
118,1.488,6.93,0.15788,304.5,17.48,128.0,70.0,140.0,3.0,271.06,337.88,52.68,54.15,D,D,0.01
118,2.446,6.93,0.10506,503.2,17.48,128.0,70.0,140.0,3.0,271.06,735.44,52.68,55.11,D,C,0.48
118,2.633,6.93,0.1198,427.5,17.48,128.0,70.0,140.0,3.0,517.06,337.88,52.53,54.15,C,D,1.45
118,3.066,6.93,0.06698,626.2,17.48,128.0,70.0,140.0,3.0,517.06,735.44,52.53,55.11,C,C,0.98
118,1.675,6.93,0.11564,432.5,17.48,128.0,70.0,140.0,3.0,415.27,449.64,41.86,41.03,C,C,1.35
118,3.145,6.93,0.11471,521.4,17.48,128.0,70.0,140.0,3.0,415.27,627.59,41.86,44.11,C,C,2.0
118,4.789,6.93,0.11047,538.6,17.48,128.0,70.0,140.0,3.0,449.64,627.59,41.03,44.11,C,C,3.35
118,3.26,6.93,0.25615,219.3,17.48,128.0,70.0,140.0,3.0,190.0,248.62,71.0,74.26,D,D,0.24
118,3.932,6.93,0.2207,248.2,17.48,128.0,70.0,140.0,3.0,190.0,306.3,71.0,72.2,D,D,2.41
118,0.0,6.93,0.15465,488.8,17.48,128.0,70.0,140.0,3.0,488.77,488.77,20.26,20.26,C,C,0.0
118,1.034,6.93,0.07327,567.9,17.48,128.0,70.0,140.0,3.0,512.27,623.52,78.41,79.25,C,C,0.31
118,3.733,6.93,0.50276,338.5,17.48,128.0,70.0,140.0,3.0,288.62,388.33,15.23,17.47,D,C,12.92
118,0.673,6.93,0.2529,428.2,17.48,128.0,70.0,140.0,3.0,295.01,561.43,20.8,20.34,D,C,1.23
118,4.826,6.93,0.16481,224.0,17.48,128.0,70.0,140.0,3.0,238.06,209.87,35.52,30.81,D,D,0.19
118,3.83,6.93,0.25987,223.7,17.48,128.0,70.0,140.0,3.0,198.74,248.62,76.97,74.26,D,D,1.74
118,4.889,6.93,0.22442,252.5,17.48,128.0,70.0,140.0,3.0,198.74,306.3,76.97,72.2,D,D,0.43
118,1.866,6.93,0.19667,121.4,17.48,128.0,70.0,140.0,3.0,116.35,126.4,43.94,45.58,E,E,0.67
118,1.042,6.93,0.1408,326.2,17.48,128.0,70.0,140.0,3.0,284.79,367.57,39.85,39.51,D,C,0.88
118,4.004,6.93,0.30645,519.1,17.48,128.0,70.0,140.0,3.0,729.65,308.55,9.96,10.97,C,D,7.86
118,0.355,6.93,0.38497,1078.9,17.48,128.0,70.0,140.0,3.0,729.65,1428.14,9.96,9.64,C,B,0.19
118,1.462,6.93,0.34679,500.2,17.48,128.0,70.0,140.0,3.0,729.65,270.84,9.96,11.07,C,D,2.39
118,3.241,6.93,0.41748,539.8,17.48,128.0,70.0,140.0,3.0,729.65,349.85,9.96,12.82,C,D,4.1
118,4.012,6.93,0.3547,868.3,17.48,128.0,70.0,140.0,3.0,308.55,1428.14,10.97,9.64,D,B,8.05
118,3.217,6.93,0.31651,289.7,17.48,128.0,70.0,140.0,3.0,308.55,270.84,10.97,11.07,D,D,5.47
118,3.817,6.93,0.38721,329.2,17.48,128.0,70.0,140.0,3.0,308.55,349.85,10.97,12.82,D,D,3.76
118,4.267,6.93,0.29337,265.2,17.48,128.0,70.0,140.0,3.0,308.55,221.78,10.97,14.34,D,D,0.63
118,1.738,6.93,0.39504,849.5,17.48,128.0,70.0,140.0,3.0,1428.14,270.84,9.64,11.07,B,D,2.58
118,3.557,6.93,0.46573,889.0,17.48,128.0,70.0,140.0,3.0,1428.14,349.85,9.64,12.82,B,D,4.29
118,1.861,6.93,0.42754,310.3,17.48,128.0,70.0,140.0,3.0,270.84,349.85,11.07,12.82,D,D,1.71
118,3.685,6.93,0.33371,246.3,17.48,128.0,70.0,140.0,3.0,270.84,221.78,11.07,14.34,D,D,4.84
118,1.992,6.93,0.4044,285.8,17.48,128.0,70.0,140.0,3.0,349.85,221.78,12.82,14.34,D,D,3.13
118,4.372,6.93,0.23716,442.5,17.48,128.0,70.0,140.0,3.0,221.78,663.31,14.34,18.33,D,C,5.22
118,4.506,6.93,0.23798,498.6,17.48,128.0,70.0,140.0,3.0,663.31,333.85,18.33,22.68,C,D,1.42
118,4.743,6.93,0.11914,950.0,17.48,128.0,70.0,140.0,3.0,584.17,1315.92,79.81,83.45,C,B,1.65
118,4.658,6.93,0.12747,599.4,17.48,128.0,70.0,140.0,3.0,584.17,614.57,79.81,78.68,C,C,2.62
118,4.589,6.93,0.10963,917.0,17.48,128.0,70.0,140.0,3.0,584.17,1249.86,79.81,76.05,C,B,1.46
118,2.44,6.93,0.15621,589.3,17.48,128.0,70.0,140.0,3.0,584.17,594.47,79.81,77.43,C,C,0.28
118,1.061,6.93,0.10551,536.7,17.48,128.0,70.0,140.0,3.0,337.88,735.44,54.15,55.11,D,C,0.47
118,4.735,6.93,0.06043,614.9,17.48,128.0,70.0,140.0,3.0,621.2,608.67,30.24,34.32,C,C,1.59
118,0.347,6.93,0.26025,240.5,17.48,128.0,70.0,140.0,3.0,282.14,198.77,27.93,27.6,D,D,0.1
118,4.67,6.93,0.28364,248.8,17.48,128.0,70.0,140.0,3.0,282.14,215.54,27.93,24.82,D,D,4.26
118,4.381,6.93,0.25711,207.2,17.48,128.0,70.0,140.0,3.0,198.77,215.54,27.6,24.82,D,D,4.16
118,3.736,6.93,0.51696,832.6,17.48,128.0,70.0,140.0,3.0,594.83,1070.34,3.88,5.02,C,B,9.54
118,4.202,6.93,0.24744,277.5,17.48,128.0,70.0,140.0,3.0,248.62,306.3,74.26,72.2,D,D,2.17
118,4.182,6.93,0.17006,454.2,17.48,128.0,70.0,140.0,3.0,248.62,659.81,74.26,75.17,D,C,2.43
118,3.344,6.93,0.14397,600.8,17.48,128.0,70.0,140.0,3.0,306.3,895.36,72.2,73.0,D,B,2.06
118,4.355,6.93,0.15834,439.6,17.48,128.0,70.0,140.0,3.0,425.3,453.98,30.86,34.09,C,C,3.07
118,4.343,6.93,0.09666,472.6,17.48,128.0,70.0,140.0,3.0,362.4,582.9,68.16,71.33,C,C,1.81
118,2.47,6.93,0.10109,922.2,17.48,128.0,70.0,140.0,3.0,1249.86,594.47,76.05,77.43,B,C,1.18
118,3.369,6.93,0.06655,1061.5,17.48,128.0,70.0,140.0,3.0,1249.86,873.1,76.05,74.14,B,B,1.62
118,2.344,6.93,0.05736,917.5,17.48,128.0,70.0,140.0,3.0,1249.86,585.23,76.05,76.5,B,C,1.38
118,4.476,6.93,0.10394,589.9,17.48,128.0,70.0,140.0,3.0,594.47,585.23,77.43,76.5,C,C,2.56
118,2.409,6.93,0.06941,729.2,17.48,128.0,70.0,140.0,3.0,873.1,585.23,74.14,76.5,B,C,0.24
118,4.616,6.93,0.1074,514.1,17.48,128.0,70.0,140.0,3.0,873.1,155.11,74.14,77.42,B,E,2.04
118,3.521,6.93,0.06791,766.5,17.48,128.0,70.0,140.0,3.0,873.1,659.81,74.14,75.17,B,C,2.07
118,3.929,6.93,0.09821,370.2,17.48,128.0,70.0,140.0,3.0,585.23,155.11,76.5,77.42,C,E,2.28
118,4.153,6.93,0.05872,622.5,17.48,128.0,70.0,140.0,3.0,585.23,659.81,76.5,75.17,C,C,2.31
118,2.097,6.93,0.33292,364.4,17.48,128.0,70.0,140.0,3.0,380.89,347.9,8.5,9.31,C,D,4.41
118,2.262,6.93,0.09671,407.5,17.48,128.0,70.0,140.0,3.0,155.11,659.81,77.42,75.17,E,C,0.03
118,0.178,6.93,0.41483,713.6,17.48,128.0,70.0,140.0,3.0,713.59,713.59,18.51,18.41,C,C,0.17
120,1.163,6.2,0.04889,434.6,6.0,325.0,30.0,90.0,2.0,476.62,392.67,42.18,42.26,C,C,1.31
123,0.618,7.01,0.21426,406.1,9.5,350.0,14.0,105.0,2.0,457.06,355.18,19.95,20.41,C,D,0.73
123,3.999,7.01,0.16878,475.9,9.5,350.0,14.0,105.0,2.0,492.74,459.04,31.46,35.22,C,C,1.04
125,2.143,7.28,0.03885,349.0,7.0,336.0,90.0,180.0,0.0,330.5,367.53,137.25,135.22,D,C,0.14
125,4.402,7.28,0.04558,329.1,7.0,336.0,90.0,180.0,0.0,367.53,290.63,135.22,135.88,C,D,0.88
125,4.216,7.28,0.03501,417.7,7.0,336.0,90.0,180.0,0.0,544.68,290.63,131.92,135.88,C,D,0.05
125,4.487,7.28,0.03742,439.7,7.0,336.0,90.0,180.0,0.0,544.68,334.69,131.92,132.32,C,D,2.83
125,4.634,7.28,0.04181,269.5,7.0,336.0,90.0,180.0,0.0,267.13,271.9,154.26,157.46,D,D,1.04
125,3.859,7.28,0.05529,269.4,7.0,336.0,90.0,180.0,0.0,266.9,271.9,161.23,157.46,D,D,0.36
125,2.723,7.28,0.06146,305.8,7.0,336.0,90.0,180.0,0.0,266.9,344.72,161.23,160.85,D,D,0.39
125,4.261,7.28,0.04863,329.7,7.0,336.0,90.0,180.0,0.0,324.79,334.69,128.06,132.32,D,D,1.03
125,4.853,7.28,0.05219,308.3,7.0,336.0,90.0,180.0,0.0,271.9,344.72,157.46,160.85,D,D,0.75
125,4.725,7.28,0.03825,391.3,7.0,336.0,90.0,180.0,0.0,371.07,411.55,148.07,148.47,C,C,1.55
125,4.619,7.28,0.04472,338.3,7.0,336.0,90.0,180.0,0.0,337.0,339.52,136.29,132.08,D,D,0.86
125,3.193,7.28,0.04054,308.5,7.0,336.0,90.0,180.0,0.0,316.02,301.0,167.27,164.36,D,D,0.46
125,4.518,7.28,0.0371,284.2,7.0,336.0,90.0,180.0,0.0,283.14,285.28,157.69,161.56,D,D,0.43
125,4.114,7.28,0.03262,322.3,7.0,336.0,90.0,180.0,0.0,315.06,329.52,159.13,160.99,D,D,2.66
125,4.78,7.28,0.03313,307.4,7.0,336.0,90.0,180.0,0.0,285.28,329.52,161.56,160.99,D,D,1.76
125,3.354,7.28,0.04801,263.3,7.0,336.0,90.0,180.0,0.0,285.28,241.41,161.56,163.96,D,D,0.69
125,3.551,7.28,0.16683,372.0,7.0,336.0,90.0,180.0,0.0,355.42,388.63,26.96,25.02,D,C,3.09
125,0.459,7.28,0.13216,356.3,7.0,336.0,90.0,180.0,0.0,344.67,367.84,26.84,26.95,D,C,0.81
126,3.869,6.46,0.07165,329.4,13.0,55.0,85.0,-10.0,0.0,328.09,330.74,48.39,44.82,D,D,0.94
126,2.681,6.46,0.04879,348.8,13.0,55.0,85.0,-10.0,0.0,365.22,332.28,115.01,117.38,C,D,0.61
126,4.434,6.46,0.03607,392.2,13.0,55.0,85.0,-10.0,0.0,452.15,332.28,121.82,117.38,C,D,0.12
126,4.241,6.46,0.09852,311.4,13.0,55.0,85.0,-10.0,0.0,325.83,296.97,33.79,35.2,D,D,5.0
127,2.705,6.69,0.17859,457.5,17.5,122.0,40.0,103.0,2.0,549.75,365.22,36.77,36.62,C,C,3.64
127,4.485,6.69,0.28644,449.6,17.5,122.0,40.0,103.0,2.0,549.75,349.43,36.77,37.36,C,D,6.38
127,4.51,6.69,0.21867,441.0,17.5,122.0,40.0,103.0,2.0,549.75,332.28,36.77,34.2,C,D,3.92
127,4.233,6.69,0.06371,424.5,17.5,122.0,40.0,103.0,2.0,349.6,499.31,38.0,37.19,D,C,4.49
127,4.36,6.69,0.06201,392.6,17.5,122.0,40.0,103.0,2.0,349.6,435.64,38.0,37.24,D,C,4.64
127,4.403,6.69,0.06726,424.5,17.5,122.0,40.0,103.0,2.0,349.6,499.31,38.0,37.33,D,C,4.71
127,4.416,6.69,0.0614,385.5,17.5,122.0,40.0,103.0,2.0,349.6,421.46,38.0,37.57,D,C,4.76
127,4.442,6.69,0.08744,362.4,17.5,122.0,40.0,103.0,2.0,349.6,375.22,38.0,37.8,D,C,4.81
127,4.908,6.69,0.09548,338.5,17.5,122.0,40.0,103.0,2.0,349.6,327.44,38.0,38.03,D,D,5.33
127,2.143,6.69,0.10026,349.0,17.5,122.0,40.0,103.0,2.0,330.5,367.53,39.73,41.41,D,C,0.87
127,4.883,6.69,0.16123,363.9,17.5,122.0,40.0,103.0,2.0,330.5,397.27,39.73,36.12,D,C,5.4
127,4.402,6.69,0.12869,329.1,17.5,122.0,40.0,103.0,2.0,367.53,290.63,41.41,44.79,C,D,4.26
127,3.938,6.69,0.54123,338.9,17.5,122.0,40.0,103.0,2.0,297.71,380.06,8.66,8.44,D,C,16.91
127,2.35,6.69,0.3373,309.3,17.5,122.0,40.0,103.0,2.0,297.71,320.93,8.66,10.05,D,D,9.76
127,4.216,6.69,0.13667,417.7,17.5,122.0,40.0,103.0,2.0,544.68,290.63,47.98,44.79,C,D,1.87
127,4.487,6.69,0.09441,439.7,17.5,122.0,40.0,103.0,2.0,544.68,334.69,47.98,51.7,C,D,3.45
127,4.634,6.69,0.14852,269.5,17.5,122.0,40.0,103.0,2.0,267.13,271.9,44.1,46.74,D,D,5.04
127,4.918,6.69,0.12221,291.6,17.5,122.0,40.0,103.0,2.0,267.13,316.01,44.1,45.03,D,D,2.68
127,3.178,6.69,0.48751,450.7,17.5,122.0,40.0,103.0,2.0,545.66,355.81,18.36,17.15,C,D,5.22
127,2.718,6.69,0.33805,884.1,17.5,122.0,40.0,103.0,2.0,545.66,1222.52,18.36,20.29,C,B,0.07
127,4.796,6.69,0.35494,305.4,17.5,122.0,40.0,103.0,2.0,355.81,255.0,17.15,20.81,D,D,12.08
127,3.204,6.69,0.39232,531.0,17.5,122.0,40.0,103.0,2.0,355.81,706.22,17.15,19.07,D,C,12.56
127,3.847,6.69,0.08806,232.9,17.5,122.0,40.0,103.0,2.0,305.14,160.58,50.38,49.81,D,E,4.27
127,4.272,6.69,0.0784,231.7,17.5,122.0,40.0,103.0,2.0,160.58,302.73,49.81,51.89,E,D,4.08
127,3.859,6.69,0.15874,269.4,17.5,122.0,40.0,103.0,2.0,266.9,271.9,47.04,46.74,D,D,4.66
127,4.174,6.69,0.0799,335.7,17.5,122.0,40.0,103.0,2.0,346.62,324.79,57.51,53.45,D,D,0.07
127,4.261,6.69,0.07844,329.7,17.5,122.0,40.0,103.0,2.0,324.79,334.69,53.45,51.7,D,D,3.24
127,2.804,6.69,0.18149,258.5,17.5,122.0,40.0,103.0,2.0,245.06,271.9,48.87,46.74,D,D,1.73
127,4.153,6.69,0.10952,375.8,17.5,122.0,40.0,103.0,2.0,326.19,425.34,36.55,35.81,D,C,4.46
127,4.725,6.69,0.22172,391.3,17.5,122.0,40.0,103.0,2.0,371.07,411.55,22.21,18.5,C,C,8.63
127,4.619,6.69,0.08592,338.3,17.5,122.0,40.0,103.0,2.0,337.0,339.52,57.02,56.59,D,D,4.25
127,2.405,6.69,0.26678,332.1,17.5,122.0,40.0,103.0,2.0,347.7,316.46,23.07,24.03,D,D,3.93
127,4.76,6.69,0.32354,328.2,17.5,122.0,40.0,103.0,2.0,347.7,308.71,23.07,27.01,D,D,7.15
127,3.204,6.69,0.17251,785.1,17.5,122.0,40.0,103.0,2.0,347.7,1222.52,23.07,20.29,D,B,4.46
127,4.981,6.69,0.08141,283.6,17.5,122.0,40.0,103.0,2.0,270.54,296.62,69.5,64.76,D,D,0.5
127,3.193,6.69,0.13339,308.5,17.5,122.0,40.0,103.0,2.0,316.02,301.0,42.2,41.17,D,D,4.2
127,0.215,6.69,0.64235,449.4,17.5,122.0,40.0,103.0,2.0,373.07,525.79,5.43,5.43,C,C,0.94
127,2.331,6.69,0.4394,501.0,17.5,122.0,40.0,103.0,2.0,373.07,628.99,5.43,5.92,C,C,6.23
127,3.823,6.69,0.61605,327.7,17.5,122.0,40.0,103.0,2.0,373.07,282.25,5.43,6.5,C,D,0.0
127,0.562,6.69,0.61089,312.2,17.5,122.0,40.0,103.0,2.0,373.07,251.24,5.43,5.35,C,D,2.4
127,1.378,6.69,0.60518,371.8,17.5,122.0,40.0,103.0,2.0,373.07,370.52,5.43,5.19,C,C,5.31
127,2.522,6.69,0.5575,577.4,17.5,122.0,40.0,103.0,2.0,525.79,628.99,5.43,5.92,C,C,7.17
127,4.005,6.69,0.73415,404.0,17.5,122.0,40.0,103.0,2.0,525.79,282.25,5.43,6.5,C,D,0.94
127,0.768,6.69,0.72899,388.5,17.5,122.0,40.0,103.0,2.0,525.79,251.24,5.43,5.35,C,D,3.34
127,1.565,6.69,0.72328,448.2,17.5,122.0,40.0,103.0,2.0,525.79,370.52,5.43,5.19,C,C,6.25
127,4.151,6.69,0.31517,302.9,17.5,122.0,40.0,103.0,2.0,297.07,308.71,29.88,27.01,D,D,6.8
127,4.145,6.69,0.20531,347.3,17.5,122.0,40.0,103.0,2.0,416.58,277.98,22.5,23.41,C,D,10.45
127,3.048,6.69,0.18995,578.3,17.5,122.0,40.0,103.0,2.0,416.58,740.05,22.5,20.45,C,C,1.06
127,3.874,6.69,0.2243,335.8,17.5,122.0,40.0,103.0,2.0,416.58,255.0,22.5,20.81,C,D,12.34
127,2.28,6.69,0.28572,407.5,17.5,122.0,40.0,103.0,2.0,416.58,398.42,22.5,22.49,C,C,6.83
127,4.853,6.69,0.26169,561.4,17.5,122.0,40.0,103.0,2.0,416.58,706.22,22.5,19.07,C,C,11.86
127,4.56,6.69,0.21405,333.8,17.5,122.0,40.0,103.0,2.0,321.91,345.72,28.3,31.74,D,D,4.1
127,3.288,6.69,0.25115,266.5,17.5,122.0,40.0,103.0,2.0,277.98,255.0,23.41,20.81,D,D,1.89
127,2.013,6.69,0.31256,338.2,17.5,122.0,40.0,103.0,2.0,277.98,398.42,23.41,22.49,D,C,3.62
127,4.249,6.69,0.23578,497.5,17.5,122.0,40.0,103.0,2.0,740.05,255.0,20.45,20.81,C,D,13.4
127,4.355,6.69,0.2972,569.2,17.5,122.0,40.0,103.0,2.0,740.05,398.42,20.45,22.49,C,C,7.89
127,3.336,6.69,0.27316,723.1,17.5,122.0,40.0,103.0,2.0,740.05,706.22,20.45,19.07,C,C,12.92
127,1.892,6.69,0.37729,357.3,17.5,122.0,40.0,103.0,2.0,365.22,349.43,36.62,37.36,C,D,2.74
127,2.681,6.69,0.30952,348.8,17.5,122.0,40.0,103.0,2.0,365.22,332.28,36.62,34.2,C,D,0.28
127,3.622,6.69,0.21582,347.9,17.5,122.0,40.0,103.0,2.0,366.71,329.06,30.7,27.26,C,D,3.71
127,3.972,6.69,0.18771,365.8,17.5,122.0,40.0,103.0,2.0,366.71,364.91,30.7,31.16,C,C,5.79
127,3.91,6.69,0.19367,409.4,17.5,122.0,40.0,103.0,2.0,366.71,452.15,30.7,31.48,C,C,6.74
127,3.639,6.69,0.28267,349.5,17.5,122.0,40.0,103.0,2.0,366.71,332.28,30.7,34.2,C,D,2.8
127,4.518,6.69,0.20288,284.2,17.5,122.0,40.0,103.0,2.0,283.14,285.28,36.75,33.99,D,D,4.47
127,3.879,6.69,0.34003,315.8,17.5,122.0,40.0,103.0,2.0,316.46,315.06,24.03,26.73,D,D,0.79
127,4.623,6.69,0.23509,769.5,17.5,122.0,40.0,103.0,2.0,316.46,1222.52,24.03,20.29,D,B,0.53
127,2.364,6.69,0.33155,326.7,17.5,122.0,40.0,103.0,2.0,255.0,398.42,20.81,22.49,D,C,5.51
127,2.576,6.69,0.30751,480.6,17.5,122.0,40.0,103.0,2.0,255.0,706.22,20.81,19.07,D,C,0.48
127,4.999,6.69,0.24528,309.9,17.5,122.0,40.0,103.0,2.0,315.06,304.68,26.73,31.33,D,D,0.93
127,4.114,6.69,0.24449,322.3,17.5,122.0,40.0,103.0,2.0,315.06,329.52,26.73,29.74,D,D,3.33
127,3.335,6.69,0.41737,340.9,17.5,122.0,40.0,103.0,2.0,349.43,332.28,37.36,34.2,D,D,2.46
127,4.289,6.69,0.19962,295.0,17.5,122.0,40.0,103.0,2.0,304.68,285.28,31.33,33.99,D,D,6.62
127,2.856,6.69,0.12248,303.3,17.5,122.0,40.0,103.0,2.0,304.68,301.93,31.33,32.27,D,D,5.11
127,2.91,6.69,0.15575,378.4,17.5,122.0,40.0,103.0,2.0,304.68,452.15,31.33,31.48,D,C,0.55
127,2.498,6.69,0.13909,317.1,17.5,122.0,40.0,103.0,2.0,304.68,329.52,31.33,29.74,D,D,2.4
127,1.926,6.69,0.18221,293.6,17.5,122.0,40.0,103.0,2.0,285.28,301.93,33.99,32.27,D,D,1.51
127,4.78,6.69,0.19882,307.4,17.5,122.0,40.0,103.0,2.0,285.28,329.52,33.99,29.74,D,D,4.22
127,2.855,6.69,0.12168,315.7,17.5,122.0,40.0,103.0,2.0,301.93,329.52,32.27,29.74,D,D,2.71
127,3.57,6.69,0.73054,331.2,17.5,122.0,40.0,103.0,2.0,380.06,282.25,8.44,6.5,C,D,15.59
127,4.434,6.69,0.26061,392.2,17.5,122.0,40.0,103.0,2.0,452.15,332.28,31.48,34.2,C,D,3.94
127,4.445,6.69,0.36894,552.3,17.5,122.0,40.0,103.0,2.0,398.42,706.22,22.49,19.07,C,C,5.03
127,1.517,6.69,0.5312,455.6,17.5,122.0,40.0,103.0,2.0,628.99,282.25,5.92,6.5,C,D,6.23
127,1.997,6.69,0.52604,440.1,17.5,122.0,40.0,103.0,2.0,628.99,251.24,5.92,5.35,C,D,3.83
127,2.01,6.69,0.52033,499.8,17.5,122.0,40.0,103.0,2.0,628.99,370.52,5.92,5.19,C,C,0.92
127,4.118,6.69,0.20582,636.5,17.5,122.0,40.0,103.0,2.0,602.1,670.84,21.36,25.36,C,C,0.31
127,0.091,6.69,0.06149,561.8,17.5,122.0,40.0,103.0,2.0,600.06,523.54,31.66,31.69,C,C,0.1
127,4.153,6.69,0.13171,331.7,17.5,122.0,40.0,103.0,2.0,311.86,351.57,39.91,39.29,D,D,6.03
127,0.144,6.69,0.07704,467.5,17.5,122.0,40.0,103.0,2.0,499.31,435.64,37.19,37.24,C,C,0.15
127,0.24,6.69,0.08229,499.3,17.5,122.0,40.0,103.0,2.0,499.31,499.31,37.19,37.33,C,C,0.22
127,0.445,6.69,0.07643,460.4,17.5,122.0,40.0,103.0,2.0,499.31,421.46,37.19,37.57,C,C,0.27
127,0.673,6.69,0.10247,437.3,17.5,122.0,40.0,103.0,2.0,499.31,375.22,37.19,37.8,C,C,0.32
127,1.127,6.69,0.11051,413.4,17.5,122.0,40.0,103.0,2.0,499.31,327.44,37.19,38.03,C,D,0.84
127,0.111,6.69,0.0806,467.5,17.5,122.0,40.0,103.0,2.0,435.64,499.31,37.24,37.33,C,C,0.07
127,0.346,6.69,0.07473,428.5,17.5,122.0,40.0,103.0,2.0,435.64,421.46,37.24,37.57,C,C,0.12
127,0.585,6.69,0.10077,405.4,17.5,122.0,40.0,103.0,2.0,435.64,375.22,37.24,37.8,C,C,0.17
127,1.005,6.69,0.10882,381.5,17.5,122.0,40.0,103.0,2.0,435.64,327.44,37.24,38.03,C,D,0.69
127,0.24,6.69,0.07998,460.4,17.5,122.0,40.0,103.0,2.0,499.31,421.46,37.33,37.57,C,C,0.05
127,0.481,6.69,0.10602,437.3,17.5,122.0,40.0,103.0,2.0,499.31,375.22,37.33,37.8,C,C,0.1
127,0.894,6.69,0.11407,413.4,17.5,122.0,40.0,103.0,2.0,499.31,327.44,37.33,38.03,C,D,0.62
127,0.24,6.69,0.10016,398.3,17.5,122.0,40.0,103.0,2.0,421.46,375.22,37.57,37.8,C,C,0.05
127,0.692,6.69,0.1082,374.4,17.5,122.0,40.0,103.0,2.0,421.46,327.44,37.57,38.03,C,D,0.57
127,0.523,6.69,0.13425,351.3,17.5,122.0,40.0,103.0,2.0,375.22,327.44,37.8,38.03,C,D,0.52
127,3.114,6.69,0.3069,323.7,17.5,122.0,40.0,103.0,2.0,326.47,320.93,12.51,10.05,D,D,13.61
127,2.95,6.69,0.07031,340.1,17.5,122.0,40.0,103.0,2.0,339.6,340.65,85.49,84.54,D,D,1.85
127,0.0,6.69,0.90631,2016.1,17.5,122.0,40.0,103.0,2.0,2016.13,2016.13,7.01,7.01,A,A,0.0
127,4.645,6.69,0.39831,1262.1,17.5,122.0,40.0,103.0,2.0,2016.13,508.08,7.01,7.26,A,C,13.1
127,4.496,6.69,0.53188,1228.3,17.5,122.0,40.0,103.0,2.0,2016.13,440.54,7.01,5.3,A,C,8.42
127,4.645,6.69,0.88091,1262.1,17.5,122.0,40.0,103.0,2.0,2016.13,508.08,7.01,7.26,A,C,13.1
127,4.496,6.69,1.01448,1228.3,17.5,122.0,40.0,103.0,2.0,2016.13,440.54,7.01,5.3,A,C,8.42
127,3.128,6.69,0.11829,493.4,17.5,122.0,40.0,103.0,2.0,508.83,477.92,54.45,57.03,C,C,1.49
127,3.513,6.69,0.70269,266.7,17.5,122.0,40.0,103.0,2.0,282.25,251.24,6.5,5.35,D,D,2.4
127,3.458,6.69,0.69698,326.4,17.5,122.0,40.0,103.0,2.0,282.25,370.52,6.5,5.19,D,C,5.31
127,4.328,6.69,0.17062,390.4,17.5,122.0,40.0,103.0,2.0,401.37,379.43,39.31,35.02,C,C,2.23
127,4.013,6.69,0.13246,369.3,17.5,122.0,40.0,103.0,2.0,477.92,260.6,57.03,57.2,C,D,3.93
127,0.834,6.69,0.69182,310.9,17.5,122.0,40.0,103.0,2.0,251.24,370.52,5.35,5.19,D,C,2.91
127,4.542,6.69,0.66879,345.9,17.5,122.0,40.0,103.0,2.0,251.24,440.54,5.35,5.3,D,C,0.36
127,3.738,6.69,0.66308,405.5,17.5,122.0,40.0,103.0,2.0,370.52,440.54,5.19,5.3,C,C,2.55
129,4.704,6.9,0.14438,256.0,17.9,230.0,85.0,180.0,0.0,256.0,256.0,24.85,21.35,D,D,5.65
129,4.316,6.9,0.13176,256.0,17.9,230.0,85.0,180.0,0.0,256.0,256.0,17.85,21.35,D,D,2.31
129,2.4,6.9,0.20715,256.0,17.9,230.0,85.0,180.0,0.0,256.0,256.0,17.85,19.15,D,D,0.28
129,2.424,6.9,0.54544,255.0,17.9,230.0,85.0,180.0,0.0,312.0,198.0,0.96,3.31,D,D,6.79
129,4.759,6.9,0.12306,256.0,17.9,230.0,85.0,180.0,0.0,256.0,256.0,24.78,21.35,D,D,0.79
129,3.658,6.9,0.1579,256.0,17.9,230.0,85.0,180.0,0.0,256.0,256.0,24.78,27.77,D,D,0.66
129,2.244,6.9,0.15364,256.0,17.9,230.0,85.0,180.0,0.0,256.0,256.0,21.35,19.15,D,D,2.03
134,0.0,6.4,0.00228,585.0,5.0,130.0,45.0,-94.0,1.0,585.04,585.04,250.49,250.49,C,C,0.0
136,2.542,7.51,0.10548,332.2,16.0,271.0,80.0,180.0,0.0,310.01,354.37,58.28,60.05,D,D,0.84
136,4.963,7.51,0.115,325.8,16.0,271.0,80.0,180.0,0.0,310.01,341.56,58.28,53.88,D,D,0.82
136,4.136,7.51,0.11409,385.8,16.0,271.0,80.0,180.0,0.0,386.75,384.86,55.48,53.43,C,C,2.04
136,1.551,7.51,0.04851,490.0,16.0,271.0,80.0,180.0,0.0,595.2,384.86,51.95,53.43,C,C,0.01
136,4.712,7.51,0.04741,415.3,16.0,271.0,80.0,180.0,0.0,445.66,384.86,55.3,53.43,C,C,3.31
137,4.306,7.62,0.31324,491.5,8.0,20.0,33.0,55.0,3.0,438.19,544.74,9.76,10.96,C,C,6.71
137,2.648,7.62,0.17221,273.6,8.0,20.0,33.0,55.0,3.0,228.66,318.52,38.13,37.48,D,D,2.1
137,3.834,7.62,0.12525,265.6,8.0,20.0,33.0,55.0,3.0,277.5,253.72,19.07,22.69,D,D,0.91
137,4.05,7.62,0.28212,475.9,8.0,20.0,33.0,55.0,3.0,378.75,573.04,14.82,12.65,C,C,4.2
137,1.296,7.62,0.12413,665.2,8.0,20.0,33.0,55.0,3.0,665.2,665.2,28.17,28.42,C,C,0.99
137,2.549,7.62,0.172,305.8,8.0,20.0,33.0,55.0,3.0,442.15,169.52,24.1,24.13,C,E,2.83
137,2.667,7.62,0.07937,573.0,8.0,20.0,33.0,55.0,3.0,573.04,573.04,39.02,41.67,C,C,0.04
137,4.959,7.62,0.08004,573.0,8.0,20.0,33.0,55.0,3.0,573.04,573.04,39.02,41.03,C,C,2.94
137,4.959,7.62,0.06952,573.0,8.0,20.0,33.0,55.0,3.0,573.04,573.04,39.02,41.03,C,C,2.94
137,2.27,7.62,0.0962,173.9,8.0,20.0,33.0,55.0,3.0,172.1,175.68,48.49,50.61,E,E,0.55
137,3.774,7.62,0.09792,200.7,8.0,20.0,33.0,55.0,3.0,225.77,175.68,54.3,50.61,D,E,0.57
137,4.435,7.62,0.05189,228.9,8.0,20.0,33.0,55.0,3.0,228.92,228.84,68.86,65.28,D,D,1.34
137,3.935,7.62,0.08393,383.1,8.0,20.0,33.0,55.0,3.0,250.0,516.18,83.43,84.61,D,C,1.17
137,3.24,7.62,0.07688,255.4,8.0,20.0,33.0,55.0,3.0,250.0,260.75,83.43,86.54,D,D,0.42
137,3.926,7.62,0.04493,219.6,8.0,20.0,33.0,55.0,3.0,211.97,227.24,89.48,92.83,D,D,0.84
137,2.822,7.62,0.04954,226.2,8.0,20.0,33.0,55.0,3.0,227.97,224.42,83.56,86.02,D,D,0.63
137,4.831,7.62,0.0409,244.9,8.0,20.0,33.0,55.0,3.0,224.42,265.45,86.02,83.61,D,D,1.81
137,1.399,7.62,0.04069,279.5,8.0,20.0,33.0,55.0,3.0,265.45,293.61,83.61,82.26,D,D,0.15
137,4.568,7.62,0.04773,573.0,8.0,20.0,33.0,55.0,3.0,573.04,573.04,41.67,41.03,C,C,2.98
137,4.568,7.62,0.03721,573.0,8.0,20.0,33.0,55.0,3.0,573.04,573.04,41.67,41.03,C,C,2.98
137,4.945,7.62,0.09184,238.4,8.0,20.0,33.0,55.0,3.0,253.72,223.04,22.69,24.19,D,D,0.84
137,0.0,7.62,0.03789,573.0,8.0,20.0,33.0,55.0,3.0,573.04,573.04,41.03,41.03,C,C,0.0
137,1.419,7.62,0.11688,509.2,8.0,20.0,33.0,55.0,3.0,459.32,559.11,47.58,47.86,C,C,0.33
137,4.216,7.62,0.11122,566.1,8.0,20.0,33.0,55.0,3.0,559.11,573.04,47.86,47.31,C,C,0.49
137,0.54,7.62,0.07833,366.0,8.0,20.0,33.0,55.0,3.0,358.72,373.23,56.3,56.06,D,C,0.33
137,3.337,7.62,0.08333,357.2,8.0,20.0,33.0,55.0,3.0,358.72,355.76,56.3,53.19,D,D,0.54
137,0.848,7.62,0.06872,386.6,8.0,20.0,33.0,55.0,3.0,358.72,414.42,56.3,56.65,D,C,0.38
137,2.881,7.62,0.09646,344.6,8.0,20.0,33.0,55.0,3.0,358.72,330.55,56.3,54.32,D,D,0.78
137,2.438,7.62,0.08515,318.0,8.0,20.0,33.0,55.0,3.0,358.72,277.28,56.3,55.23,D,D,1.09
137,1.725,7.62,0.09866,426.8,8.0,20.0,33.0,55.0,3.0,358.72,494.82,56.3,55.59,D,C,0.8
137,3.661,7.62,0.07995,382.7,8.0,20.0,33.0,55.0,3.0,358.72,406.7,56.3,53.84,D,C,1.6
137,3.39,7.62,0.08196,336.3,8.0,20.0,33.0,55.0,3.0,358.72,313.9,56.3,53.27,D,D,0.06
137,3.146,7.62,0.09288,364.5,8.0,20.0,33.0,55.0,3.0,373.23,355.76,56.06,53.19,C,D,0.21
137,0.693,7.62,0.07827,393.8,8.0,20.0,33.0,55.0,3.0,373.23,414.42,56.06,56.65,C,C,0.05
137,3.051,7.62,0.106,351.9,8.0,20.0,33.0,55.0,3.0,373.23,330.55,56.06,54.32,C,D,1.11
137,2.768,7.62,0.0947,325.3,8.0,20.0,33.0,55.0,3.0,373.23,277.28,56.06,55.23,C,D,1.42
137,2.082,7.62,0.10821,434.0,8.0,20.0,33.0,55.0,3.0,373.23,494.82,56.06,55.59,C,C,1.13
137,3.151,7.62,0.08949,390.0,8.0,20.0,33.0,55.0,3.0,373.23,406.7,56.06,53.84,C,C,1.27
137,3.316,7.62,0.09151,343.6,8.0,20.0,33.0,55.0,3.0,373.23,313.9,56.06,53.27,C,D,0.27
137,3.826,7.62,0.08327,385.1,8.0,20.0,33.0,55.0,3.0,355.76,414.42,53.19,56.65,D,C,0.16
137,2.092,7.62,0.111,343.2,8.0,20.0,33.0,55.0,3.0,355.76,330.55,53.19,54.32,D,D,1.32
137,2.902,7.62,0.0997,316.5,8.0,20.0,33.0,55.0,3.0,355.76,277.28,53.19,55.23,D,D,1.63
137,4.037,7.62,0.09061,404.4,8.0,20.0,33.0,55.0,3.0,355.76,453.05,53.19,51.12,D,C,1.64
137,4.366,7.62,0.09095,466.2,8.0,20.0,33.0,55.0,3.0,355.76,576.55,53.19,52.18,D,C,2.43
137,2.892,7.62,0.11321,425.3,8.0,20.0,33.0,55.0,3.0,355.76,494.82,53.19,55.59,D,C,1.34
137,2.816,7.62,0.0945,381.2,8.0,20.0,33.0,55.0,3.0,355.76,406.7,53.19,53.84,D,C,1.06
137,2.22,7.62,0.11736,350.8,8.0,20.0,33.0,55.0,3.0,355.76,345.89,53.19,51.4,D,D,1.09
137,2.857,7.62,0.0961,432.2,8.0,20.0,33.0,55.0,3.0,355.76,508.61,53.19,50.76,D,C,0.14
137,0.746,7.62,0.09651,334.8,8.0,20.0,33.0,55.0,3.0,355.76,313.9,53.19,53.27,D,D,0.48
137,3.681,7.62,0.0964,372.5,8.0,20.0,33.0,55.0,3.0,414.42,330.55,56.65,54.32,C,D,1.16
137,3.285,7.62,0.08509,345.9,8.0,20.0,33.0,55.0,3.0,414.42,277.28,56.65,55.23,C,D,1.47
137,2.573,7.62,0.0986,454.6,8.0,20.0,33.0,55.0,3.0,414.42,494.82,56.65,55.59,C,C,1.18
137,3.498,7.62,0.07989,410.6,8.0,20.0,33.0,55.0,3.0,414.42,406.7,56.65,53.84,C,C,1.22
137,4.009,7.62,0.0819,364.2,8.0,20.0,33.0,55.0,3.0,414.42,313.9,56.65,53.27,C,D,0.32
137,0.998,7.62,0.11283,303.9,8.0,20.0,33.0,55.0,3.0,330.55,277.28,54.32,55.23,D,D,0.31
137,3.869,7.62,0.10374,391.8,8.0,20.0,33.0,55.0,3.0,330.55,453.05,54.32,51.12,D,C,0.32
137,3.475,7.62,0.10408,453.5,8.0,20.0,33.0,55.0,3.0,330.55,576.55,54.32,52.18,D,C,1.11
137,1.427,7.62,0.12634,412.7,8.0,20.0,33.0,55.0,3.0,330.55,494.82,54.32,55.59,D,C,0.02
137,4.483,7.62,0.10762,368.6,8.0,20.0,33.0,55.0,3.0,330.55,406.7,54.32,53.84,D,C,2.38
137,4.995,7.62,0.10398,472.3,8.0,20.0,33.0,55.0,3.0,330.55,614.05,54.32,54.29,D,C,3.11
137,4.199,7.62,0.13049,338.2,8.0,20.0,33.0,55.0,3.0,330.55,345.89,54.32,51.4,D,D,2.41
137,3.886,7.62,0.10922,419.6,8.0,20.0,33.0,55.0,3.0,330.55,508.61,54.32,50.76,D,C,1.18
137,1.483,7.62,0.10964,322.2,8.0,20.0,33.0,55.0,3.0,330.55,313.9,54.32,53.27,D,D,0.84
137,4.712,7.62,0.09243,365.2,8.0,20.0,33.0,55.0,3.0,277.28,453.05,55.23,51.12,D,C,0.01
137,4.101,7.62,0.09277,426.9,8.0,20.0,33.0,55.0,3.0,277.28,576.55,55.23,52.18,D,C,0.8
137,0.717,7.62,0.11503,386.0,8.0,20.0,33.0,55.0,3.0,277.28,494.82,55.23,55.59,D,C,0.29
137,4.897,7.62,0.09632,342.0,8.0,20.0,33.0,55.0,3.0,277.28,406.7,55.23,53.84,D,C,2.69
137,4.968,7.62,0.09267,445.7,8.0,20.0,33.0,55.0,3.0,277.28,614.05,55.23,54.29,D,C,2.8
137,4.883,7.62,0.09792,392.9,8.0,20.0,33.0,55.0,3.0,277.28,508.61,55.23,50.76,D,C,1.49
137,2.405,7.62,0.09833,295.6,8.0,20.0,33.0,55.0,3.0,277.28,313.9,55.23,53.27,D,D,1.15
137,1.405,7.62,0.08368,514.8,8.0,20.0,33.0,55.0,3.0,453.05,576.55,51.12,52.18,C,C,0.79
137,3.213,7.62,0.08212,515.6,8.0,20.0,33.0,55.0,3.0,453.05,578.11,51.12,51.11,C,C,2.08
137,4.614,7.62,0.08358,533.5,8.0,20.0,33.0,55.0,3.0,453.05,614.05,51.12,54.29,C,C,2.79
137,4.382,7.62,0.1101,399.5,8.0,20.0,33.0,55.0,3.0,453.05,345.89,51.12,51.4,C,D,2.73
137,2.22,7.62,0.08883,480.8,8.0,20.0,33.0,55.0,3.0,453.05,508.61,51.12,50.76,C,C,1.5
137,3.513,7.62,0.08925,383.5,8.0,20.0,33.0,55.0,3.0,453.05,313.9,51.12,53.27,C,D,1.16
137,2.699,7.62,0.08245,577.3,8.0,20.0,33.0,55.0,3.0,576.55,578.11,52.18,51.11,C,C,1.29
137,4.769,7.62,0.10628,535.7,8.0,20.0,33.0,55.0,3.0,576.55,494.82,52.18,55.59,C,C,1.09
137,3.229,7.62,0.08392,595.3,8.0,20.0,33.0,55.0,3.0,576.55,614.05,52.18,54.29,C,C,2.0
137,3.388,7.62,0.08917,542.6,8.0,20.0,33.0,55.0,3.0,576.55,508.61,52.18,50.76,C,C,2.29
137,3.689,7.62,0.08958,445.2,8.0,20.0,33.0,55.0,3.0,576.55,313.9,52.18,53.27,C,D,1.95
137,3.439,7.62,0.08235,596.1,8.0,20.0,33.0,55.0,3.0,578.11,614.05,51.11,54.29,C,C,0.71
137,4.486,7.62,0.10983,450.8,8.0,20.0,33.0,55.0,3.0,494.82,406.7,55.59,53.84,C,C,2.4
137,2.559,7.62,0.11184,404.4,8.0,20.0,33.0,55.0,3.0,494.82,313.9,55.59,53.27,C,D,0.86
137,3.563,7.62,0.06896,609.3,8.0,20.0,33.0,55.0,3.0,626.43,592.18,44.54,46.95,C,C,4.88
137,4.74,7.62,0.12888,526.0,8.0,20.0,33.0,55.0,3.0,567.64,484.45,62.07,63.43,C,C,2.29
137,4.782,7.62,0.04846,564.5,8.0,20.0,33.0,55.0,3.0,671.52,457.49,51.15,51.96,C,C,0.92
137,2.817,7.62,0.07391,554.7,8.0,20.0,33.0,55.0,3.0,671.52,437.8,51.15,51.62,C,C,0.74
137,4.836,7.62,0.05615,520.6,8.0,20.0,33.0,55.0,3.0,671.52,369.75,43.15,47.46,C,C,0.05
137,2.827,7.62,0.07755,555.9,8.0,20.0,33.0,55.0,3.0,494.32,617.52,53.79,51.8,C,C,0.26
137,3.536,7.62,0.08071,582.9,8.0,20.0,33.0,55.0,3.0,494.32,671.52,53.79,50.6,C,C,0.25
137,3.448,7.62,0.07531,537.5,8.0,20.0,33.0,55.0,3.0,457.49,617.52,51.96,51.8,C,C,0.97
137,4.661,7.62,0.07847,564.5,8.0,20.0,33.0,55.0,3.0,457.49,671.52,51.96,50.6,C,C,1.48
137,4.331,7.62,0.10065,422.2,8.0,20.0,33.0,55.0,3.0,437.8,406.7,51.62,53.84,C,C,3.34
137,3.097,7.62,0.11398,376.3,8.0,20.0,33.0,55.0,3.0,406.7,345.89,53.84,51.4,C,D,0.03
137,3.527,7.62,0.09313,360.3,8.0,20.0,33.0,55.0,3.0,406.7,313.9,53.84,53.27,C,D,1.54
137,4.94,7.62,0.08696,597.2,8.0,20.0,33.0,55.0,3.0,592.18,602.29,46.95,51.46,C,C,1.43
137,3.41,7.62,0.10372,625.3,8.0,20.0,33.0,55.0,3.0,573.04,677.49,47.31,48.35,C,C,0.43
137,4.808,7.62,0.05542,572.9,8.0,20.0,33.0,55.0,3.0,503.04,642.73,43.8,42.54,C,C,2.71
137,4.11,7.62,0.08306,556.2,8.0,20.0,33.0,55.0,3.0,469.64,642.73,46.2,42.54,C,C,1.65
137,3.348,7.62,0.04139,547.8,8.0,20.0,33.0,55.0,3.0,642.73,452.83,42.54,43.01,C,C,3.65
137,1.66,7.62,0.09449,644.5,8.0,20.0,33.0,55.0,3.0,617.52,671.52,51.8,50.6,C,C,0.51
137,2.274,7.62,0.11558,427.2,8.0,20.0,33.0,55.0,3.0,345.89,508.61,51.4,50.76,D,C,1.23
137,2.717,7.62,0.116,329.9,8.0,20.0,33.0,55.0,3.0,345.89,313.9,51.4,53.27,D,D,1.57
137,2.741,7.62,0.09473,411.3,8.0,20.0,33.0,55.0,3.0,508.61,313.9,50.76,53.27,C,D,0.34
137,4.831,7.62,0.14269,324.5,8.0,20.0,33.0,55.0,3.0,440.5,208.56,53.56,49.15,C,D,1.5
137,4.271,7.62,0.0955,506.8,8.0,20.0,33.0,55.0,3.0,440.5,573.04,53.56,57.51,C,C,0.02
137,4.398,7.62,0.05916,256.4,8.0,20.0,33.0,55.0,3.0,219.78,293.01,97.58,93.43,D,D,0.3
137,3.576,7.62,0.06138,278.4,8.0,20.0,33.0,55.0,3.0,263.82,293.01,92.81,93.43,D,D,1.14
137,3.222,7.62,0.06146,222.4,8.0,20.0,33.0,55.0,3.0,263.82,181.0,92.81,89.98,D,D,0.43
137,4.087,7.62,0.07494,231.7,8.0,20.0,33.0,55.0,3.0,263.82,199.59,92.81,88.95,D,D,0.4
137,4.952,7.62,0.06668,226.9,8.0,20.0,33.0,55.0,3.0,263.82,190.0,92.81,87.97,D,D,0.12
137,4.872,7.62,0.06527,243.8,8.0,20.0,33.0,55.0,3.0,263.82,223.71,92.81,92.04,D,D,1.6
137,4.504,7.62,0.07067,211.8,8.0,20.0,33.0,55.0,3.0,124.27,299.28,88.89,84.8,E,D,0.62
137,3.397,7.62,0.08949,162.6,8.0,20.0,33.0,55.0,3.0,124.27,200.98,88.89,85.62,E,D,0.14
137,2.575,7.62,0.08048,160.6,8.0,20.0,33.0,55.0,3.0,124.27,196.88,88.89,87.97,E,D,0.85
137,3.22,7.62,0.07777,161.9,8.0,20.0,33.0,55.0,3.0,124.27,199.59,88.89,88.95,E,D,1.11
137,4.189,7.62,0.06951,157.1,8.0,20.0,33.0,55.0,3.0,124.27,190.0,88.89,87.97,E,D,1.39
137,2.669,7.62,0.07288,195.5,8.0,20.0,33.0,55.0,3.0,124.27,266.77,88.89,90.3,E,D,0.76
137,3.248,7.62,0.0681,174.0,8.0,20.0,33.0,55.0,3.0,124.27,223.71,88.89,92.04,E,D,0.09
137,4.454,7.62,0.07081,269.3,8.0,20.0,33.0,55.0,3.0,239.33,299.28,87.2,84.8,D,D,1.33
137,4.634,7.62,0.082,227.2,8.0,20.0,33.0,55.0,3.0,239.33,215.0,87.2,83.22,D,D,0.77
137,3.146,7.62,0.08063,218.1,8.0,20.0,33.0,55.0,3.0,239.33,196.88,87.2,87.97,D,D,1.1
137,1.573,7.62,0.07325,224.3,8.0,20.0,33.0,55.0,3.0,239.33,209.36,87.2,85.68,D,D,0.06
137,4.559,7.62,0.07303,253.1,8.0,20.0,33.0,55.0,3.0,239.33,266.77,87.2,90.3,D,D,1.19
137,3.788,7.62,0.06796,238.1,8.0,20.0,33.0,55.0,3.0,239.33,236.84,87.2,86.32,D,D,1.36
137,4.719,7.62,0.07397,464.3,8.0,20.0,33.0,55.0,3.0,279.41,649.25,85.07,83.31,D,C,1.68
137,1.903,7.62,0.06412,287.4,8.0,20.0,33.0,55.0,3.0,279.41,295.48,85.07,84.22,D,D,0.65
137,4.295,7.62,0.05356,445.9,8.0,20.0,33.0,55.0,3.0,279.41,612.47,85.07,85.13,D,C,1.65
137,2.872,7.62,0.06982,258.1,8.0,20.0,33.0,55.0,3.0,279.41,236.84,85.07,86.32,D,D,0.96
137,1.39,7.62,0.07543,572.8,8.0,20.0,33.0,55.0,3.0,496.27,649.25,84.07,83.31,C,C,0.46
137,3.84,7.62,0.06558,395.9,8.0,20.0,33.0,55.0,3.0,496.27,295.48,84.07,84.22,C,D,1.49
137,1.678,7.62,0.05502,554.4,8.0,20.0,33.0,55.0,3.0,496.27,612.47,84.07,85.13,C,C,0.49
137,4.247,7.62,0.10336,249.4,8.0,20.0,33.0,55.0,3.0,299.28,199.48,84.8,84.12,D,D,1.49
137,4.588,7.62,0.06838,300.0,8.0,20.0,33.0,55.0,3.0,299.28,300.77,84.8,80.66,D,D,0.58
137,2.183,7.62,0.08123,257.1,8.0,20.0,33.0,55.0,3.0,299.28,215.0,84.8,83.22,D,D,0.56
137,2.255,7.62,0.08887,250.1,8.0,20.0,33.0,55.0,3.0,299.28,200.98,84.8,85.62,D,D,0.76
137,3.335,7.62,0.07986,248.1,8.0,20.0,33.0,55.0,3.0,299.28,196.88,84.8,87.97,D,D,0.23
137,3.596,7.62,0.07248,254.3,8.0,20.0,33.0,55.0,3.0,299.28,209.36,84.8,85.68,D,D,1.27
137,4.686,7.62,0.05383,434.3,8.0,20.0,33.0,55.0,3.0,573.04,295.48,80.18,84.22,C,D,0.85
137,4.83,7.62,0.0579,573.0,8.0,20.0,33.0,55.0,3.0,573.04,573.04,80.18,77.17,C,C,1.47
137,4.893,7.62,0.06753,365.6,8.0,20.0,33.0,55.0,3.0,573.04,158.13,80.18,80.53,C,E,1.91
137,4.27,7.62,0.05845,520.9,8.0,20.0,33.0,55.0,3.0,259.21,782.59,88.18,85.4,D,B,1.01
137,1.986,7.62,0.06537,220.1,8.0,20.0,33.0,55.0,3.0,259.21,181.0,88.18,89.98,D,D,0.21
137,4.372,7.62,0.07661,234.7,8.0,20.0,33.0,55.0,3.0,259.21,210.17,88.18,84.11,D,D,0.52
137,2.142,7.62,0.06338,243.2,8.0,20.0,33.0,55.0,3.0,259.21,227.18,88.18,86.11,D,D,0.14
137,3.223,7.62,0.07885,229.4,8.0,20.0,33.0,55.0,3.0,259.21,199.59,88.18,88.95,D,D,1.04
137,2.236,7.62,0.07059,224.6,8.0,20.0,33.0,55.0,3.0,259.21,190.0,88.18,87.97,D,D,0.76
137,4.272,7.62,0.10169,250.1,8.0,20.0,33.0,55.0,3.0,199.48,300.77,84.12,80.66,D,D,0.91
137,4.959,7.62,0.10595,235.3,8.0,20.0,33.0,55.0,3.0,199.48,271.1,84.12,82.36,D,D,1.61
137,2.627,7.62,0.12219,200.2,8.0,20.0,33.0,55.0,3.0,199.48,200.98,84.12,85.62,D,D,0.73
137,2.147,7.62,0.10823,204.8,8.0,20.0,33.0,55.0,3.0,199.48,210.17,84.12,84.11,D,D,0.76
137,3.762,7.62,0.095,213.3,8.0,20.0,33.0,55.0,3.0,199.48,227.18,84.12,86.11,D,D,1.14
137,4.986,7.62,0.11047,199.5,8.0,20.0,33.0,55.0,3.0,199.48,199.59,84.12,88.95,D,D,0.24
137,4.172,7.62,0.10221,194.7,8.0,20.0,33.0,55.0,3.0,199.48,190.0,84.12,87.97,D,D,0.52
137,4.092,7.62,0.07956,257.9,8.0,20.0,33.0,55.0,3.0,300.77,215.0,80.66,83.22,D,D,1.14
137,3.454,7.62,0.06705,348.9,8.0,20.0,33.0,55.0,3.0,300.77,396.93,80.66,79.62,D,C,1.26
137,3.599,7.62,0.05933,526.8,8.0,20.0,33.0,55.0,3.0,782.59,271.1,85.4,82.36,B,D,0.68
137,4.551,7.62,0.06161,496.4,8.0,20.0,33.0,55.0,3.0,782.59,210.17,85.4,84.11,B,D,1.53
137,3.496,7.62,0.04838,504.9,8.0,20.0,33.0,55.0,3.0,782.59,227.18,85.4,86.11,B,D,1.15
137,3.074,7.62,0.07749,240.6,8.0,20.0,33.0,55.0,3.0,271.1,210.17,82.36,84.11,D,D,0.85
137,4.156,7.62,0.06426,249.1,8.0,20.0,33.0,55.0,3.0,271.1,227.18,82.36,86.11,D,D,0.47
137,3.536,7.62,0.06875,395.9,8.0,20.0,33.0,55.0,3.0,271.1,520.64,82.36,79.03,D,C,0.37
137,2.476,7.62,0.06455,546.8,8.0,20.0,33.0,55.0,3.0,573.04,520.64,76.9,79.03,C,C,0.37
137,4.314,7.62,0.10006,208.0,8.0,20.0,33.0,55.0,3.0,215.0,200.98,83.22,85.62,D,D,1.32
137,4.935,7.62,0.09105,205.9,8.0,20.0,33.0,55.0,3.0,215.0,196.88,83.22,87.97,D,D,0.33
137,3.205,7.62,0.08367,212.2,8.0,20.0,33.0,55.0,3.0,215.0,209.36,83.22,85.68,D,D,0.71
137,3.741,7.62,0.08638,186.6,8.0,20.0,33.0,55.0,3.0,215.0,158.13,83.22,80.53,D,E,0.98
137,3.726,7.62,0.0799,306.0,8.0,20.0,33.0,55.0,3.0,215.0,396.93,83.22,79.62,D,C,0.12
137,4.566,7.62,0.09374,205.6,8.0,20.0,33.0,55.0,3.0,200.98,210.17,85.62,84.11,D,D,1.49
137,3.74,7.62,0.09869,198.9,8.0,20.0,33.0,55.0,3.0,200.98,196.88,85.62,87.97,D,D,0.99
137,4.327,7.62,0.09598,200.3,8.0,20.0,33.0,55.0,3.0,200.98,199.59,85.62,88.95,D,D,0.97
137,4.251,7.62,0.08772,195.5,8.0,20.0,33.0,55.0,3.0,200.98,190.0,85.62,87.97,D,D,1.25
137,2.824,7.62,0.06277,472.4,8.0,20.0,33.0,55.0,3.0,649.25,295.48,83.31,84.22,C,D,1.03
137,1.869,7.62,0.05221,630.9,8.0,20.0,33.0,55.0,3.0,649.25,612.47,83.31,85.13,C,C,0.03
137,2.748,7.62,0.04237,454.0,8.0,20.0,33.0,55.0,3.0,295.48,612.47,84.22,85.13,D,C,1.0
137,4.774,7.62,0.05863,266.2,8.0,20.0,33.0,55.0,3.0,295.48,236.84,84.22,86.32,D,D,1.61
137,4.083,7.62,0.05722,237.0,8.0,20.0,33.0,55.0,3.0,293.01,181.0,93.43,89.98,D,D,0.71
137,3.993,7.62,0.05531,204.1,8.0,20.0,33.0,55.0,3.0,181.0,227.18,89.98,86.11,D,D,0.07
137,2.643,7.62,0.07078,190.3,8.0,20.0,33.0,55.0,3.0,181.0,199.59,89.98,88.95,D,D,0.83
137,2.557,7.62,0.06252,185.5,8.0,20.0,33.0,55.0,3.0,181.0,190.0,89.98,87.97,D,D,0.55
137,2.281,7.62,0.06654,218.7,8.0,20.0,33.0,55.0,3.0,210.17,227.18,84.11,86.11,D,D,0.38
137,4.074,7.62,0.07376,200.1,8.0,20.0,33.0,55.0,3.0,210.17,190.0,84.11,87.97,D,D,0.24
137,4.041,7.62,0.06879,213.4,8.0,20.0,33.0,55.0,3.0,227.18,199.59,86.11,88.95,D,D,0.9
137,2.707,7.62,0.06053,208.6,8.0,20.0,33.0,55.0,3.0,227.18,190.0,86.11,87.97,D,D,0.62
137,3.67,7.62,0.0823,203.1,8.0,20.0,33.0,55.0,3.0,196.88,209.36,87.97,85.68,D,D,1.04
137,2.396,7.62,0.08208,231.8,8.0,20.0,33.0,55.0,3.0,196.88,266.77,87.97,90.3,D,D,0.09
137,4.657,7.62,0.0773,210.3,8.0,20.0,33.0,55.0,3.0,196.88,223.71,87.97,92.04,D,D,0.76
137,3.896,7.62,0.06963,223.1,8.0,20.0,33.0,55.0,3.0,209.36,236.84,85.68,86.32,D,D,1.42
137,3.636,7.62,0.0707,365.6,8.0,20.0,33.0,55.0,3.0,573.04,158.13,77.17,80.53,C,E,0.44
137,4.115,7.62,0.06423,485.0,8.0,20.0,33.0,55.0,3.0,573.04,396.93,77.17,79.62,C,C,1.3
137,2.414,7.62,0.07386,277.5,8.0,20.0,33.0,55.0,3.0,158.13,396.93,80.53,79.62,E,C,0.86
137,1.336,7.62,0.076,194.8,8.0,20.0,33.0,55.0,3.0,199.59,190.0,88.95,87.97,D,D,0.28
137,4.828,7.62,0.07459,211.7,8.0,20.0,33.0,55.0,3.0,199.59,223.71,88.95,92.04,D,D,1.2
137,3.719,7.62,0.07704,551.1,8.0,20.0,33.0,55.0,3.0,621.06,481.17,66.88,70.35,C,C,0.28
137,2.614,7.62,0.0697,245.2,8.0,20.0,33.0,55.0,3.0,266.77,223.71,90.3,92.04,D,D,0.67
137,1.804,7.62,0.07088,468.1,8.0,20.0,33.0,55.0,3.0,447.51,488.61,73.22,72.32,C,C,0.72
137,3.222,7.62,0.08271,464.3,8.0,20.0,33.0,55.0,3.0,447.51,481.17,73.22,70.35,C,C,0.46
137,3.4,7.62,0.07635,484.9,8.0,20.0,33.0,55.0,3.0,488.61,481.17,72.32,70.35,C,C,1.18
137,0.924,7.62,0.01723,724.5,8.0,20.0,33.0,55.0,3.0,913.77,535.13,114.44,113.54,B,C,0.07
137,2.812,7.62,0.02571,580.3,8.0,20.0,33.0,55.0,3.0,913.77,246.84,114.44,113.46,B,D,0.62
137,4.97,7.62,0.02784,232.7,8.0,20.0,33.0,55.0,3.0,218.49,246.84,114.92,113.46,D,D,0.88
137,2.501,7.62,0.02647,247.3,8.0,20.0,33.0,55.0,3.0,218.49,276.11,114.92,113.13,D,D,0.26
137,2.06,7.62,0.02633,288.4,8.0,20.0,33.0,55.0,3.0,290.86,285.94,107.57,108.75,D,D,0.23
137,2.958,7.62,0.02729,262.0,8.0,20.0,33.0,55.0,3.0,290.86,233.21,107.57,107.97,D,D,0.56
137,3.937,7.62,0.02554,260.3,8.0,20.0,33.0,55.0,3.0,290.86,229.66,107.57,109.17,D,D,0.74
137,4.686,7.62,0.02889,259.6,8.0,20.0,33.0,55.0,3.0,285.94,233.21,108.75,107.97,D,D,0.79
137,3.744,7.62,0.0445,185.3,8.0,20.0,33.0,55.0,3.0,215.36,155.32,98.16,101.85,D,E,0.29
137,4.158,7.62,0.03466,230.1,8.0,20.0,33.0,55.0,3.0,215.36,244.84,98.16,100.51,D,D,1.14
137,1.85,7.62,0.0359,216.1,8.0,20.0,33.0,55.0,3.0,215.36,216.8,98.16,96.59,D,D,0.34
137,3.195,7.62,0.04733,200.1,8.0,20.0,33.0,55.0,3.0,155.32,244.84,101.85,100.51,E,D,0.85
137,1.375,7.62,0.0281,231.4,8.0,20.0,33.0,55.0,3.0,233.21,229.66,107.97,109.17,D,D,0.18
137,2.858,7.62,0.02842,230.3,8.0,20.0,33.0,55.0,3.0,233.21,227.46,107.97,110.22,D,D,0.44
137,4.164,7.62,0.0323,243.9,8.0,20.0,33.0,55.0,3.0,259.36,228.34,102.09,105.59,D,D,0.13
137,2.409,7.62,0.03082,198.1,8.0,20.0,33.0,55.0,3.0,194.13,202.14,112.81,110.95,D,D,0.04
137,4.885,7.62,0.01223,555.8,8.0,20.0,33.0,55.0,3.0,538.49,573.04,172.16,169.09,C,C,0.64
137,0.465,7.62,0.0224,249.6,8.0,20.0,33.0,55.0,3.0,204.23,295.0,162.86,162.43,D,D,0.03
137,2.451,7.62,0.02383,391.0,8.0,20.0,33.0,55.0,3.0,535.13,246.84,113.54,113.46,C,D,0.55
137,4.578,7.62,0.02117,381.3,8.0,20.0,33.0,55.0,3.0,535.13,227.46,113.54,110.22,C,D,0.82
137,4.678,7.62,0.02933,238.2,8.0,20.0,33.0,55.0,3.0,229.66,246.84,109.17,113.46,D,D,0.53
137,4.184,7.62,0.02796,252.9,8.0,20.0,33.0,55.0,3.0,229.66,276.11,109.17,113.13,D,D,0.09
137,1.515,7.62,0.02668,228.6,8.0,20.0,33.0,55.0,3.0,229.66,227.46,109.17,110.22,D,D,0.26
137,3.025,7.62,0.03094,261.5,8.0,20.0,33.0,55.0,3.0,246.84,276.11,113.46,113.13,D,D,0.62
137,3.341,7.62,0.02966,237.2,8.0,20.0,33.0,55.0,3.0,246.84,227.46,113.46,110.22,D,D,0.27
137,3.983,7.62,0.03014,533.5,8.0,20.0,33.0,55.0,3.0,531.85,535.13,88.99,85.75,C,C,0.25
137,3.743,7.62,0.02829,251.8,8.0,20.0,33.0,55.0,3.0,276.11,227.46,113.13,110.22,D,D,0.35
137,4.072,7.62,0.07381,221.6,8.0,20.0,33.0,55.0,3.0,235.82,207.39,100.02,103.73,D,D,0.29
137,4.555,7.62,0.05694,215.0,8.0,20.0,33.0,55.0,3.0,235.82,194.14,100.02,104.52,D,D,0.02
137,3.702,7.62,0.07374,231.1,8.0,20.0,33.0,55.0,3.0,235.82,226.38,100.02,101.33,D,D,0.57
137,1.903,7.62,0.06395,221.9,8.0,20.0,33.0,55.0,3.0,235.82,207.99,100.02,101.76,D,D,0.14
137,2.721,7.62,0.06294,220.5,8.0,20.0,33.0,55.0,3.0,235.82,205.11,100.02,102.59,D,D,0.11
137,4.28,7.62,0.07027,212.4,8.0,20.0,33.0,55.0,3.0,235.82,188.98,100.02,103.45,D,D,0.4
137,1.945,7.62,0.05523,227.2,8.0,20.0,33.0,55.0,3.0,235.82,218.5,100.02,100.8,D,D,0.3
137,3.65,7.62,0.07376,201.5,8.0,20.0,33.0,55.0,3.0,235.82,167.18,100.02,101.42,D,E,0.58
137,4.707,7.62,0.05598,215.4,8.0,20.0,33.0,55.0,3.0,235.82,194.98,100.02,96.39,D,D,0.47
137,2.506,7.62,0.06156,215.1,8.0,20.0,33.0,55.0,3.0,235.82,194.28,100.02,97.64,D,D,0.13
137,3.859,7.62,0.04948,261.9,8.0,20.0,33.0,55.0,3.0,235.82,287.94,100.02,96.59,D,D,0.33
137,3.091,7.62,0.06035,236.5,8.0,20.0,33.0,55.0,3.0,235.82,237.23,100.02,99.16,D,D,0.54
137,1.292,7.62,0.06261,236.1,8.0,20.0,33.0,55.0,3.0,235.82,236.32,100.02,100.12,D,D,0.22
137,4.08,7.62,0.10671,219.4,8.0,20.0,33.0,55.0,3.0,212.39,226.38,102.39,101.33,D,D,0.55
137,3.73,7.62,0.10798,215.1,8.0,20.0,33.0,55.0,3.0,212.39,217.83,102.39,98.93,D,D,0.18
137,4.371,7.62,0.09989,294.1,8.0,20.0,33.0,55.0,3.0,212.39,375.85,102.39,106.48,D,C,0.17
137,1.885,7.62,0.10161,307.8,8.0,20.0,33.0,55.0,3.0,212.39,403.17,102.39,103.46,D,C,0.18
137,3.63,7.62,0.08934,392.7,8.0,20.0,33.0,55.0,3.0,212.39,573.04,102.39,102.56,D,C,0.41
137,1.464,7.62,0.09058,182.3,8.0,20.0,33.0,55.0,3.0,179.84,184.77,106.87,105.66,E,D,0.13
137,3.55,7.62,0.10135,193.6,8.0,20.0,33.0,55.0,3.0,179.84,207.39,106.87,103.73,E,D,0.26
137,4.094,7.62,0.08447,187.0,8.0,20.0,33.0,55.0,3.0,179.84,194.14,106.87,104.52,E,D,0.53
137,4.856,7.62,0.08891,298.1,8.0,20.0,33.0,55.0,3.0,179.84,416.34,106.87,108.95,E,C,0.57
137,3.452,7.62,0.11431,193.0,8.0,20.0,33.0,55.0,3.0,179.84,206.24,106.87,109.0,E,D,0.37
137,3.314,7.62,0.08123,359.3,8.0,20.0,33.0,55.0,3.0,179.84,538.69,106.87,107.75,E,C,0.48
137,2.104,7.62,0.08898,196.1,8.0,20.0,33.0,55.0,3.0,184.77,207.39,105.66,103.73,D,D,0.13
137,2.775,7.62,0.07211,189.5,8.0,20.0,33.0,55.0,3.0,184.77,194.14,105.66,104.52,D,D,0.4
137,4.514,7.62,0.08891,205.6,8.0,20.0,33.0,55.0,3.0,184.77,226.38,105.66,101.33,D,D,0.15
137,4.273,7.62,0.07913,196.4,8.0,20.0,33.0,55.0,3.0,184.77,207.99,105.66,101.76,D,D,0.28
137,4.47,7.62,0.07811,194.9,8.0,20.0,33.0,55.0,3.0,184.77,205.11,105.66,102.59,D,D,0.53
137,4.865,7.62,0.10195,195.5,8.0,20.0,33.0,55.0,3.0,184.77,206.24,105.66,109.0,D,D,0.5
137,3.178,7.62,0.06886,361.7,8.0,20.0,33.0,55.0,3.0,184.77,538.69,105.66,107.75,D,C,0.35
137,1.914,7.62,0.08287,200.8,8.0,20.0,33.0,55.0,3.0,207.39,194.14,103.73,104.52,D,D,0.27
137,3.069,7.62,0.09968,216.9,8.0,20.0,33.0,55.0,3.0,207.39,226.38,103.73,101.33,D,D,0.28
137,2.169,7.62,0.08989,207.7,8.0,20.0,33.0,55.0,3.0,207.39,207.99,103.73,101.76,D,D,0.15
137,2.685,7.62,0.08888,206.2,8.0,20.0,33.0,55.0,3.0,207.39,205.11,103.73,102.59,D,D,0.4
137,4.133,7.62,0.0962,198.2,8.0,20.0,33.0,55.0,3.0,207.39,188.98,103.73,103.45,D,D,0.69
137,4.496,7.62,0.08116,212.9,8.0,20.0,33.0,55.0,3.0,207.39,218.5,103.73,100.8,D,D,0.59
137,4.361,7.62,0.07963,373.0,8.0,20.0,33.0,55.0,3.0,207.39,538.69,103.73,107.75,D,C,0.22
137,4.652,7.62,0.08855,221.9,8.0,20.0,33.0,55.0,3.0,207.39,236.32,103.73,100.12,D,D,0.51
137,4.847,7.62,0.08281,210.3,8.0,20.0,33.0,55.0,3.0,194.14,226.38,104.52,101.33,D,D,0.55
137,2.926,7.62,0.07302,201.1,8.0,20.0,33.0,55.0,3.0,194.14,207.99,104.52,101.76,D,D,0.12
137,2.078,7.62,0.07201,199.6,8.0,20.0,33.0,55.0,3.0,194.14,205.11,104.52,102.59,D,D,0.13
137,2.627,7.62,0.07933,191.6,8.0,20.0,33.0,55.0,3.0,194.14,188.98,104.52,103.45,D,D,0.42
137,4.115,7.62,0.06429,206.3,8.0,20.0,33.0,55.0,3.0,194.14,218.5,104.52,100.8,D,D,0.32
137,4.519,7.62,0.08283,180.7,8.0,20.0,33.0,55.0,3.0,194.14,167.18,104.52,101.42,D,E,0.6
137,3.265,7.62,0.06276,366.4,8.0,20.0,33.0,55.0,3.0,194.14,538.69,104.52,107.75,D,C,0.05
137,4.602,7.62,0.07167,215.2,8.0,20.0,33.0,55.0,3.0,194.14,236.32,104.52,100.12,D,D,0.24
137,2.771,7.62,0.08982,217.2,8.0,20.0,33.0,55.0,3.0,226.38,207.99,101.33,101.76,D,D,0.43
137,4.479,7.62,0.08881,215.7,8.0,20.0,33.0,55.0,3.0,226.38,205.11,101.33,102.59,D,D,0.68
137,3.541,7.62,0.10089,222.1,8.0,20.0,33.0,55.0,3.0,226.38,217.83,101.33,98.93,D,D,0.37
137,4.904,7.62,0.08848,231.3,8.0,20.0,33.0,55.0,3.0,226.38,236.32,101.33,100.12,D,D,0.79
137,1.766,7.62,0.07903,206.6,8.0,20.0,33.0,55.0,3.0,207.99,205.11,101.76,102.59,D,D,0.25
137,3.67,7.62,0.08635,198.5,8.0,20.0,33.0,55.0,3.0,207.99,188.98,101.76,103.45,D,D,0.54
137,2.694,7.62,0.07131,213.2,8.0,20.0,33.0,55.0,3.0,207.99,218.5,101.76,100.8,D,D,0.44
137,4.117,7.62,0.08985,187.6,8.0,20.0,33.0,55.0,3.0,207.99,167.18,101.76,101.42,D,E,0.72
137,4.4,7.62,0.07764,201.1,8.0,20.0,33.0,55.0,3.0,207.99,194.28,101.76,97.64,D,D,0.27
137,4.542,7.62,0.07643,222.6,8.0,20.0,33.0,55.0,3.0,207.99,237.23,101.76,99.16,D,D,0.68
137,2.613,7.62,0.07869,222.2,8.0,20.0,33.0,55.0,3.0,207.99,236.32,101.76,100.12,D,D,0.36
137,1.905,7.62,0.08534,197.0,8.0,20.0,33.0,55.0,3.0,205.11,188.98,102.59,103.45,D,D,0.29
137,2.048,7.62,0.0703,211.8,8.0,20.0,33.0,55.0,3.0,205.11,218.5,102.59,100.8,D,D,0.19
137,2.812,7.62,0.08883,186.1,8.0,20.0,33.0,55.0,3.0,205.11,167.18,102.59,101.42,D,E,0.47
137,4.085,7.62,0.07542,221.2,8.0,20.0,33.0,55.0,3.0,205.11,237.23,102.59,99.16,D,D,0.43
137,2.538,7.62,0.07768,220.7,8.0,20.0,33.0,55.0,3.0,205.11,236.32,102.59,100.12,D,D,0.11
137,2.778,7.62,0.07762,203.7,8.0,20.0,33.0,55.0,3.0,188.98,218.5,103.45,100.8,D,D,0.1
137,2.226,7.62,0.09616,178.1,8.0,20.0,33.0,55.0,3.0,188.98,167.18,103.45,101.42,D,E,0.18
137,4.37,7.62,0.08274,213.1,8.0,20.0,33.0,55.0,3.0,188.98,237.23,103.45,99.16,D,D,0.14
137,3.58,7.62,0.085,212.6,8.0,20.0,33.0,55.0,3.0,188.98,236.32,103.45,100.12,D,D,0.18
137,4.008,7.62,0.08313,206.4,8.0,20.0,33.0,55.0,3.0,217.83,194.98,98.93,96.39,D,D,0.47
137,1.706,7.62,0.08112,192.8,8.0,20.0,33.0,55.0,3.0,218.5,167.18,100.8,101.42,D,E,0.28
137,3.396,7.62,0.06891,206.4,8.0,20.0,33.0,55.0,3.0,218.5,194.28,100.8,97.64,D,D,0.17
137,4.267,7.62,0.05683,253.2,8.0,20.0,33.0,55.0,3.0,218.5,287.94,100.8,96.59,D,D,0.03
137,2.045,7.62,0.0677,227.9,8.0,20.0,33.0,55.0,3.0,218.5,237.23,100.8,99.16,D,D,0.24
137,0.843,7.62,0.06996,227.4,8.0,20.0,33.0,55.0,3.0,218.5,236.32,100.8,100.12,D,D,0.08
137,4.69,7.62,0.08745,180.7,8.0,20.0,33.0,55.0,3.0,167.18,194.28,101.42,97.64,E,D,0.45
137,2.326,7.62,0.08624,202.2,8.0,20.0,33.0,55.0,3.0,167.18,237.23,101.42,99.16,E,D,0.04
137,2.456,7.62,0.0885,201.8,8.0,20.0,33.0,55.0,3.0,167.18,236.32,101.42,100.12,E,D,0.36
137,3.796,7.62,0.06967,194.6,8.0,20.0,33.0,55.0,3.0,194.98,194.28,96.39,97.64,D,D,0.6
137,4.592,7.62,0.05759,241.5,8.0,20.0,33.0,55.0,3.0,194.98,287.94,96.39,96.59,D,D,0.8
137,2.384,7.62,0.08805,251.9,8.0,20.0,33.0,55.0,3.0,194.98,308.88,96.39,94.84,D,D,0.31
137,1.465,7.62,0.06316,241.1,8.0,20.0,33.0,55.0,3.0,194.28,287.94,97.64,96.59,D,D,0.2
137,3.345,7.62,0.09362,251.6,8.0,20.0,33.0,55.0,3.0,194.28,308.88,97.64,94.84,D,D,0.29
137,2.771,7.62,0.07404,215.8,8.0,20.0,33.0,55.0,3.0,194.28,237.23,97.64,99.16,D,D,0.41
137,2.598,7.62,0.07629,215.3,8.0,20.0,33.0,55.0,3.0,194.28,236.32,97.64,100.12,D,D,0.09
137,3.302,7.62,0.08154,298.4,8.0,20.0,33.0,55.0,3.0,287.94,308.88,96.59,94.84,D,D,0.49
137,2.904,7.62,0.06196,262.6,8.0,20.0,33.0,55.0,3.0,287.94,237.23,96.59,99.16,D,D,0.21
137,3.601,7.62,0.06421,262.1,8.0,20.0,33.0,55.0,3.0,287.94,236.32,96.59,100.12,D,D,0.11
137,3.49,7.62,0.06586,488.4,8.0,20.0,33.0,55.0,3.0,538.69,438.13,92.73,89.91,C,C,0.52
137,1.673,7.62,0.06885,538.7,8.0,20.0,33.0,55.0,3.0,538.69,538.69,92.73,92.42,C,C,0.35
137,3.779,7.62,0.04803,713.2,8.0,20.0,33.0,55.0,3.0,538.69,887.68,92.73,94.16,C,B,0.76
137,2.389,7.62,0.05423,554.8,8.0,20.0,33.0,55.0,3.0,438.13,671.52,89.91,88.45,C,C,0.49
137,4.426,7.62,0.0795,488.4,8.0,20.0,33.0,55.0,3.0,438.13,538.69,89.91,92.42,C,C,0.87
137,4.596,7.62,0.05867,662.9,8.0,20.0,33.0,55.0,3.0,438.13,887.68,89.91,94.16,C,B,0.24
137,4.372,7.62,0.08301,468.3,8.0,20.0,33.0,55.0,3.0,363.56,573.04,110.9,108.1,C,C,0.27
137,3.014,7.62,0.08768,474.4,8.0,20.0,33.0,55.0,3.0,375.85,573.04,106.48,108.1,C,C,0.26
137,3.038,7.62,0.08768,389.5,8.0,20.0,33.0,55.0,3.0,375.85,403.17,106.48,103.46,C,C,0.01
137,4.508,7.62,0.07542,474.4,8.0,20.0,33.0,55.0,3.0,375.85,573.04,106.48,102.56,C,C,0.24
137,2.854,7.62,0.08041,396.1,8.0,20.0,33.0,55.0,3.0,375.85,416.34,106.48,108.95,C,C,0.17
137,3.987,7.62,0.10582,291.0,8.0,20.0,33.0,55.0,3.0,375.85,206.24,106.48,109.0,C,D,0.37
137,3.854,7.62,0.09474,623.2,8.0,20.0,33.0,55.0,3.0,816.9,429.49,118.34,116.02,B,C,0.71
137,4.032,7.62,0.08213,494.7,8.0,20.0,33.0,55.0,3.0,573.04,416.34,108.1,108.95,C,C,0.43
137,2.276,7.62,0.07714,488.1,8.0,20.0,33.0,55.0,3.0,403.17,573.04,103.46,102.56,C,C,0.23
137,4.106,7.62,0.0863,503.5,8.0,20.0,33.0,55.0,3.0,433.88,573.04,99.24,102.56,C,C,0.25
137,3.846,7.62,0.03358,543.7,8.0,20.0,33.0,55.0,3.0,456.18,631.27,119.3,121.15,C,C,0.59
137,4.437,7.62,0.03279,827.4,8.0,20.0,33.0,55.0,3.0,631.27,1023.45,121.15,122.48,C,B,0.8
137,3.307,7.62,0.03989,847.7,8.0,20.0,33.0,55.0,3.0,807.68,887.68,97.39,94.16,B,B,0.14
137,1.339,7.62,0.0268,671.5,8.0,20.0,33.0,55.0,3.0,671.52,671.52,123.57,123.86,C,C,0.34
137,2.996,7.62,0.03727,847.1,8.0,20.0,33.0,55.0,3.0,1022.77,671.52,119.0,119.97,B,C,0.65
137,4.963,7.62,0.03307,651.4,8.0,20.0,33.0,55.0,3.0,671.52,631.27,119.97,119.35,C,C,1.21
137,1.684,7.62,0.10027,311.3,8.0,20.0,33.0,55.0,3.0,416.34,206.24,108.95,109.0,C,D,0.2
137,1.942,7.62,0.07509,236.8,8.0,20.0,33.0,55.0,3.0,237.23,236.32,99.16,100.12,D,D,0.32
137,4.986,7.62,0.06584,480.2,8.0,20.0,33.0,55.0,3.0,463.88,496.47,88.2,92.7,C,C,0.1
137,3.276,7.62,0.0663,443.1,8.0,20.0,33.0,55.0,3.0,463.88,422.28,88.2,88.07,C,C,0.2
137,4.781,7.62,0.08134,398.1,8.0,20.0,33.0,55.0,3.0,441.58,354.63,85.09,80.32,C,D,0.02
137,3.394,7.62,0.08025,407.4,8.0,20.0,33.0,55.0,3.0,460.1,354.63,81.08,80.32,C,D,0.03
137,4.763,7.62,0.08802,400.4,8.0,20.0,33.0,55.0,3.0,446.15,354.63,82.27,80.32,C,D,0.21
137,4.267,7.62,0.09287,504.5,8.0,20.0,33.0,55.0,3.0,471.07,537.92,75.17,71.27,C,C,0.2
137,4.789,7.62,0.06722,459.4,8.0,20.0,33.0,55.0,3.0,496.47,422.28,92.7,88.07,C,C,0.1
137,4.791,7.62,0.10311,440.3,8.0,20.0,33.0,55.0,3.0,426.0,454.58,49.81,54.45,C,C,0.57
137,3.904,7.62,0.11219,386.3,8.0,20.0,33.0,55.0,3.0,426.0,346.56,49.81,47.67,C,D,1.28
137,4.454,7.62,0.08722,494.6,8.0,20.0,33.0,55.0,3.0,558.76,430.47,54.28,55.48,C,C,1.04
137,4.423,7.62,0.08758,574.3,8.0,20.0,33.0,55.0,3.0,558.76,589.85,54.28,54.53,C,C,0.87
137,2.734,7.62,0.09304,579.9,8.0,20.0,33.0,55.0,3.0,569.98,589.85,56.12,54.53,C,C,0.32
137,4.884,7.62,0.14584,447.9,8.0,20.0,33.0,55.0,3.0,406.53,489.22,28.04,30.17,C,C,3.45
137,4.943,7.62,0.13559,329.9,8.0,20.0,33.0,55.0,3.0,297.86,362.03,25.42,22.06,D,C,3.46
137,4.041,7.62,0.13926,546.8,8.0,20.0,33.0,55.0,3.0,551.21,542.41,13.53,9.49,C,C,4.46
137,3.834,7.62,0.14487,477.2,8.0,20.0,33.0,55.0,3.0,551.21,403.2,13.53,10.48,C,C,1.09
137,1.855,7.62,0.12399,553.2,8.0,20.0,33.0,55.0,3.0,551.21,555.23,13.53,11.83,C,C,1.06
137,2.255,7.62,0.12268,543.2,8.0,20.0,33.0,55.0,3.0,551.21,535.13,13.53,11.37,C,C,2.94
137,4.416,7.62,0.22429,418.7,8.0,20.0,33.0,55.0,3.0,487.27,350.06,3.76,7.64,C,D,1.0
137,2.704,7.62,0.22074,470.9,8.0,20.0,33.0,55.0,3.0,487.27,454.55,3.76,5.95,C,C,0.33
137,2.509,7.62,0.21319,474.0,8.0,20.0,33.0,55.0,3.0,487.27,460.69,3.76,5.28,C,C,0.42
137,3.787,7.62,0.22634,480.0,8.0,20.0,33.0,55.0,3.0,487.27,472.81,3.76,5.16,C,C,0.07
137,2.982,7.62,0.16923,446.2,8.0,20.0,33.0,55.0,3.0,542.41,350.06,9.49,7.64,C,D,0.05
137,3.793,7.62,0.16567,498.5,8.0,20.0,33.0,55.0,3.0,542.41,454.55,9.49,5.95,C,C,0.72
137,4.75,7.62,0.15812,501.5,8.0,20.0,33.0,55.0,3.0,542.41,460.69,9.49,5.28,C,C,0.63
137,2.72,7.62,0.14978,472.8,8.0,20.0,33.0,55.0,3.0,542.41,403.2,9.49,10.48,C,C,3.37
137,2.518,7.62,0.1289,548.8,8.0,20.0,33.0,55.0,3.0,542.41,555.23,9.49,11.83,C,C,3.4
137,4.914,7.62,0.14656,458.9,8.0,20.0,33.0,55.0,3.0,542.41,375.42,9.49,8.51,C,C,0.64
137,1.937,7.62,0.12759,538.8,8.0,20.0,33.0,55.0,3.0,542.41,535.13,9.49,11.37,C,C,1.52
137,4.075,7.62,0.19073,402.3,8.0,20.0,33.0,55.0,3.0,350.06,454.55,7.64,5.95,D,C,0.67
137,2.356,7.62,0.18318,405.4,8.0,20.0,33.0,55.0,3.0,350.06,460.69,7.64,5.28,D,C,0.58
137,2.667,7.62,0.20593,354.6,8.0,20.0,33.0,55.0,3.0,350.06,359.13,7.64,6.34,D,D,0.48
137,2.846,7.62,0.17484,376.6,8.0,20.0,33.0,55.0,3.0,350.06,403.2,7.64,10.48,D,C,3.42
137,4.409,7.62,0.15396,452.6,8.0,20.0,33.0,55.0,3.0,350.06,555.23,7.64,11.83,D,C,3.45
137,2.838,7.62,0.19632,411.4,8.0,20.0,33.0,55.0,3.0,350.06,472.81,7.64,5.16,D,C,0.93
137,4.664,7.62,0.15265,442.6,8.0,20.0,33.0,55.0,3.0,350.06,535.13,7.64,11.37,D,C,1.57
137,3.646,7.62,0.17962,457.6,8.0,20.0,33.0,55.0,3.0,454.55,460.69,5.95,5.28,C,C,0.09
137,4.285,7.62,0.16806,415.0,8.0,20.0,33.0,55.0,3.0,454.55,375.42,5.95,8.51,C,C,0.08
137,2.676,7.62,0.19482,409.9,8.0,20.0,33.0,55.0,3.0,460.69,359.13,5.28,6.34,C,D,1.06
137,1.527,7.62,0.18522,466.8,8.0,20.0,33.0,55.0,3.0,460.69,472.81,5.28,5.16,C,C,0.35
137,4.651,7.62,0.18649,381.2,8.0,20.0,33.0,55.0,3.0,359.13,403.2,6.34,10.48,D,C,2.94
137,1.504,7.62,0.20797,416.0,8.0,20.0,33.0,55.0,3.0,359.13,472.81,6.34,5.16,D,C,1.41
137,2.081,7.62,0.13451,479.2,8.0,20.0,33.0,55.0,3.0,403.2,555.23,10.48,11.83,C,C,0.03
137,3.124,7.62,0.1332,469.2,8.0,20.0,33.0,55.0,3.0,403.2,535.13,10.48,11.37,C,C,1.85
137,1.477,7.62,0.11232,545.2,8.0,20.0,33.0,55.0,3.0,555.23,535.13,11.83,11.37,C,C,1.88
137,4.645,7.62,0.13073,341.6,8.0,20.0,33.0,55.0,3.0,272.67,410.45,17.11,12.87,D,C,0.89
137,3.337,7.62,0.14103,424.1,8.0,20.0,33.0,55.0,3.0,272.67,575.54,17.11,17.16,D,C,2.81
137,4.864,7.62,0.12477,392.9,8.0,20.0,33.0,55.0,3.0,375.42,410.45,8.51,12.87,C,C,0.29
137,4.037,7.62,0.15908,418.8,8.0,20.0,33.0,55.0,3.0,375.42,462.1,8.51,8.27,C,C,0.46
137,4.64,7.62,0.55701,369.7,8.0,20.0,33.0,55.0,3.0,305.85,433.63,0.57,0.62,D,C,4.64
137,3.384,7.62,0.5755,563.1,8.0,20.0,33.0,55.0,3.0,614.98,511.18,2.74,1.83,C,C,10.5
137,4.87,7.62,0.60249,514.6,8.0,20.0,33.0,55.0,3.0,363.99,665.2,10.97,11.48,C,C,17.03
137,1.56,7.62,0.08438,442.5,8.0,20.0,33.0,55.0,3.0,430.47,454.58,55.48,54.45,C,C,0.37
137,4.968,7.62,0.50528,668.4,8.0,20.0,33.0,55.0,3.0,665.2,671.52,11.48,9.0,C,C,33.8
137,1.429,7.62,0.25054,551.8,8.0,20.0,33.0,55.0,3.0,389.41,714.27,2.11,1.49,C,C,2.05
137,4.399,7.62,0.11088,493.0,8.0,20.0,33.0,55.0,3.0,410.45,575.54,12.87,17.16,C,C,1.92
137,1.666,7.62,0.14575,430.2,8.0,20.0,33.0,55.0,3.0,451.37,409.0,14.97,15.99,C,C,1.33
137,1.987,7.62,0.15681,493.2,8.0,20.0,33.0,55.0,3.0,451.37,535.13,14.97,13.06,C,C,1.63
137,3.432,7.62,0.14835,472.1,8.0,20.0,33.0,55.0,3.0,409.0,535.13,15.99,13.06,C,C,2.96
137,4.856,7.62,0.2061,336.0,8.0,20.0,33.0,55.0,3.0,212.72,459.34,11.58,7.4,D,C,3.68
137,3.547,7.62,0.11994,218.1,8.0,20.0,33.0,55.0,3.0,237.53,198.58,22.12,25.42,D,D,0.18
137,3.365,7.62,0.06693,232.0,8.0,20.0,33.0,55.0,3.0,223.6,240.43,32.95,35.32,D,D,3.2
137,4.651,7.62,0.07784,497.6,8.0,20.0,33.0,55.0,3.0,484.6,510.62,56.56,56.3,C,C,5.24
137,3.63,7.62,0.04064,756.4,8.0,20.0,33.0,55.0,3.0,667.36,845.34,68.71,65.25,C,B,0.04
137,1.677,7.62,0.02456,345.4,8.0,20.0,33.0,55.0,3.0,407.59,283.21,82.84,81.23,C,D,0.04
137,0.912,7.62,0.02426,345.1,8.0,20.0,33.0,55.0,3.0,407.59,282.7,82.84,82.1,C,D,0.86
137,1.229,7.62,0.02556,350.1,8.0,20.0,33.0,55.0,3.0,407.59,292.61,82.84,82.83,C,D,2.59
137,0.975,7.62,0.02846,360.8,8.0,20.0,33.0,55.0,3.0,407.59,313.96,82.84,83.78,C,D,0.55
137,3.323,7.62,0.02633,359.5,8.0,20.0,33.0,55.0,3.0,407.59,311.34,82.84,83.88,C,D,5.82
137,1.286,7.62,0.02502,347.9,8.0,20.0,33.0,55.0,3.0,407.59,288.3,82.84,81.66,C,D,1.34
137,1.779,7.62,0.0209,352.7,8.0,20.0,33.0,55.0,3.0,407.59,297.76,82.84,81.35,C,D,2.62
137,0.708,7.62,0.02607,447.8,8.0,20.0,33.0,55.0,3.0,407.59,487.91,82.84,83.31,C,C,1.27
137,0.926,7.62,0.02343,283.0,8.0,20.0,33.0,55.0,3.0,283.21,282.7,81.23,82.1,D,D,0.82
137,1.915,7.62,0.02473,287.9,8.0,20.0,33.0,55.0,3.0,283.21,292.61,81.23,82.83,D,D,2.55
137,2.63,7.62,0.02763,298.6,8.0,20.0,33.0,55.0,3.0,283.21,313.96,81.23,83.78,D,D,0.51
137,4.317,7.62,0.0255,297.3,8.0,20.0,33.0,55.0,3.0,283.21,311.34,81.23,83.88,D,D,5.86
137,0.785,7.62,0.02419,285.8,8.0,20.0,33.0,55.0,3.0,283.21,288.3,81.23,81.66,D,D,1.38
137,1.123,7.62,0.02007,290.5,8.0,20.0,33.0,55.0,3.0,283.21,297.76,81.23,81.35,D,D,2.66
137,2.161,7.62,0.02524,385.6,8.0,20.0,33.0,55.0,3.0,283.21,487.91,81.23,83.31,D,C,1.23
137,1.05,7.62,0.02443,287.7,8.0,20.0,33.0,55.0,3.0,282.7,292.61,82.1,82.83,D,D,1.73
137,1.775,7.62,0.02732,298.3,8.0,20.0,33.0,55.0,3.0,282.7,313.96,82.1,83.78,D,D,0.31
137,4.063,7.62,0.02519,297.0,8.0,20.0,33.0,55.0,3.0,282.7,311.34,82.1,83.88,D,D,6.68
137,1.008,7.62,0.02388,285.5,8.0,20.0,33.0,55.0,3.0,282.7,288.3,82.1,81.66,D,D,2.2
137,1.576,7.62,0.01976,290.2,8.0,20.0,33.0,55.0,3.0,282.7,297.76,82.1,81.35,D,D,3.48
137,1.252,7.62,0.02494,385.3,8.0,20.0,33.0,55.0,3.0,282.7,487.91,82.1,83.31,D,C,0.41
137,1.483,7.62,0.02863,303.3,8.0,20.0,33.0,55.0,3.0,292.61,313.96,82.83,83.78,D,D,2.04
137,4.515,7.62,0.0265,302.0,8.0,20.0,33.0,55.0,3.0,292.61,311.34,82.83,83.88,D,D,8.41
137,2.03,7.62,0.02518,290.5,8.0,20.0,33.0,55.0,3.0,292.61,288.3,82.83,81.66,D,D,3.93
137,2.602,7.62,0.02106,295.2,8.0,20.0,33.0,55.0,3.0,292.61,297.76,82.83,81.35,D,D,5.21
137,0.872,7.62,0.02624,390.3,8.0,20.0,33.0,55.0,3.0,292.61,487.91,82.83,83.31,D,C,1.32
137,3.297,7.62,0.02939,312.6,8.0,20.0,33.0,55.0,3.0,313.96,311.34,83.78,83.88,D,D,6.37
137,2.25,7.62,0.02808,301.1,8.0,20.0,33.0,55.0,3.0,313.96,288.3,83.78,81.66,D,D,1.89
137,2.707,7.62,0.02396,305.9,8.0,20.0,33.0,55.0,3.0,313.96,297.76,83.78,81.35,D,D,3.17
137,0.624,7.62,0.02914,400.9,8.0,20.0,33.0,55.0,3.0,313.96,487.91,83.78,83.31,D,C,0.72
137,3.533,7.62,0.02595,299.8,8.0,20.0,33.0,55.0,3.0,311.34,288.3,83.88,81.66,D,D,4.48
137,3.417,7.62,0.02183,304.5,8.0,20.0,33.0,55.0,3.0,311.34,297.76,83.88,81.35,D,D,3.2
137,3.725,7.62,0.02701,399.6,8.0,20.0,33.0,55.0,3.0,311.34,487.91,83.88,83.31,D,C,7.09
137,4.841,7.62,0.02612,342.4,8.0,20.0,33.0,55.0,3.0,311.34,373.54,83.88,79.69,D,C,0.89
137,0.572,7.62,0.02052,293.0,8.0,20.0,33.0,55.0,3.0,288.3,297.76,81.66,81.35,D,D,1.28
137,1.938,7.62,0.0257,388.1,8.0,20.0,33.0,55.0,3.0,288.3,487.91,81.66,83.31,D,C,2.61
137,2.464,7.62,0.02157,392.8,8.0,20.0,33.0,55.0,3.0,297.76,487.91,81.35,83.31,D,C,3.89
137,4.65,7.62,0.02069,335.6,8.0,20.0,33.0,55.0,3.0,297.76,373.54,81.35,79.69,D,C,4.09
137,4.844,7.62,0.02776,573.0,8.0,20.0,33.0,55.0,3.0,573.04,573.04,74.45,70.33,C,C,1.11
137,2.051,7.62,0.02881,501.0,8.0,20.0,33.0,55.0,3.0,573.04,428.95,74.45,76.13,C,C,0.47
137,4.968,7.62,0.02271,594.6,8.0,20.0,33.0,55.0,3.0,573.04,616.17,74.45,78.48,C,C,1.27
137,3.317,7.62,0.05073,426.3,8.0,20.0,33.0,55.0,3.0,453.71,398.81,50.69,53.34,C,C,0.59
137,2.825,7.62,0.03007,590.9,8.0,20.0,33.0,55.0,3.0,453.71,728.01,50.69,48.33,C,C,0.39
137,4.059,7.62,0.03057,605.8,8.0,20.0,33.0,55.0,3.0,671.52,539.98,60.01,61.16,C,C,6.19
137,4.75,7.62,0.03816,639.0,8.0,20.0,33.0,55.0,3.0,704.96,573.04,65.79,70.33,C,C,0.1
137,4.562,7.62,0.0247,522.6,8.0,20.0,33.0,55.0,3.0,428.95,616.17,76.13,78.48,C,C,1.74
137,3.884,7.62,0.02788,401.2,8.0,20.0,33.0,55.0,3.0,428.95,373.54,76.13,79.69,C,C,0.59
137,2.987,7.62,0.02179,494.9,8.0,20.0,33.0,55.0,3.0,616.17,373.54,78.48,79.69,C,C,1.15
137,3.904,7.62,0.04505,479.8,8.0,20.0,33.0,55.0,3.0,419.63,539.98,58.97,61.16,C,C,1.07
138,4.514,7.14,0.02386,358.1,14.0,270.0,65.0,-178.0,0.0,386.75,329.45,168.21,165.2,C,D,0.97
138,4.755,7.14,0.01636,358.1,14.0,270.0,65.0,-178.0,0.0,329.45,386.75,165.2,169.28,D,C,0.65
138,0.404,7.14,0.41339,502.8,14.0,270.0,65.0,-178.0,0.0,551.3,454.2,4.17,3.93,C,C,1.03
138,4.885,7.14,0.14875,594.8,14.0,270.0,65.0,-178.0,0.0,551.3,638.39,4.17,8.03,C,C,8.48
138,1.513,7.14,0.2192,620.6,14.0,270.0,65.0,-178.0,0.0,551.3,690.0,4.17,2.65,C,C,0.89
138,0.335,7.14,0.57116,655.6,14.0,270.0,65.0,-178.0,0.0,551.3,760.0,4.17,4.21,C,B,0.92
138,0.597,7.14,0.25944,488.1,14.0,270.0,65.0,-178.0,0.0,551.3,425.0,4.17,3.58,C,C,0.57
138,2.383,7.14,0.16218,409.5,14.0,270.0,65.0,-178.0,0.0,481.0,338.0,11.46,9.14,C,D,1.65
138,3.694,7.14,0.17902,488.2,14.0,270.0,65.0,-178.0,0.0,338.0,638.39,9.14,8.03,D,C,8.13
138,4.936,7.14,0.60142,549.0,14.0,270.0,65.0,-178.0,0.0,338.0,760.0,9.14,4.21,D,B,0.57
138,4.787,7.14,0.41601,546.3,14.0,270.0,65.0,-178.0,0.0,454.2,638.39,3.93,8.03,C,C,7.45
138,1.293,7.14,0.48645,572.1,14.0,270.0,65.0,-178.0,0.0,454.2,690.0,3.93,2.65,C,C,0.14
138,0.281,7.14,0.83842,607.1,14.0,270.0,65.0,-178.0,0.0,454.2,760.0,3.93,4.21,C,B,0.11
138,0.403,7.14,0.5267,439.6,14.0,270.0,65.0,-178.0,0.0,454.2,425.0,3.93,3.58,C,C,0.46
138,4.599,7.14,0.57378,699.2,14.0,270.0,65.0,-178.0,0.0,638.39,760.0,8.03,4.21,C,B,7.56
138,1.571,7.14,0.64423,725.0,14.0,270.0,65.0,-178.0,0.0,690.0,760.0,2.65,4.21,C,B,0.03
138,0.926,7.14,0.33251,557.5,14.0,270.0,65.0,-178.0,0.0,690.0,425.0,2.65,3.58,C,C,0.32
138,0.662,7.14,0.68447,592.5,14.0,270.0,65.0,-178.0,0.0,760.0,425.0,4.21,3.58,B,C,0.35
145,1.892,5.61,0.15907,357.3,12.0,242.0,50.0,82.0,2.0,365.22,349.43,25.69,27.4,C,D,0.91
145,2.415,5.61,0.18436,359.7,12.0,242.0,50.0,82.0,2.0,340.0,379.43,17.13,18.74,D,C,4.34
147,3.193,6.05,0.026,308.5,6.0,6.1,40.0,90.0,2.0,316.02,301.0,40.24,38.69,D,D,3.56
147,2.013,6.05,0.12653,338.2,6.0,6.1,40.0,90.0,2.0,277.98,398.42,20.47,19.53,D,C,4.15
147,1.892,6.05,0.07774,357.3,6.0,6.1,40.0,90.0,2.0,365.22,349.43,33.8,34.36,C,D,2.6
147,2.681,6.05,0.06738,348.8,6.0,6.1,40.0,90.0,2.0,365.22,332.28,33.8,31.31,C,D,1.32
147,3.335,6.05,0.05296,340.9,6.0,6.1,40.0,90.0,2.0,349.43,332.28,34.36,31.31,D,D,1.28
147,4.434,6.05,0.03597,392.2,6.0,6.1,40.0,90.0,2.0,452.15,332.28,28.32,31.31,C,D,5.5
149,2.681,5.93,0.02818,348.8,9.83,330.0,40.0,148.0,3.0,365.22,332.28,53.85,51.29,C,D,0.5
149,4.434,5.93,0.0172,392.2,9.83,330.0,40.0,148.0,3.0,452.15,332.28,47.93,51.29,C,D,2.99
150,0.215,5.13,0.05584,449.4,11.34,303.9,54.0,145.0,3.0,373.07,525.79,20.92,20.73,C,C,0.11
151,1.581,5.28,0.12578,307.9,13.09,308.0,40.0,106.0,2.0,297.71,318.16,12.06,11.6,D,D,27.79
151,2.35,5.28,0.12548,309.3,13.09,308.0,40.0,106.0,2.0,297.71,320.93,12.06,12.22,D,D,21.96
151,3.938,5.28,0.18813,338.9,13.09,308.0,40.0,106.0,2.0,297.71,380.06,12.06,11.66,D,C,3.03
151,2.718,5.28,0.10369,884.1,13.09,308.0,40.0,106.0,2.0,545.66,1222.52,15.25,17.14,C,B,4.79
151,2.209,5.28,0.21637,473.0,13.09,308.0,40.0,106.0,2.0,545.66,400.44,15.25,13.91,C,C,2.38
151,4.81,5.28,0.13044,451.2,13.09,308.0,40.0,106.0,2.0,581.93,320.57,19.31,17.62,C,D,17.19
151,2.405,5.28,0.14728,332.1,13.09,308.0,40.0,106.0,2.0,347.7,316.46,19.62,20.82,D,D,6.12
151,3.204,5.28,0.06733,785.1,13.09,308.0,40.0,106.0,2.0,347.7,1222.52,19.62,17.14,D,B,1.4
151,3.193,5.28,0.0215,308.5,13.09,308.0,40.0,106.0,2.0,316.02,301.0,39.27,37.93,D,D,4.05
151,0.215,5.28,0.24321,449.4,13.09,308.0,40.0,106.0,2.0,373.07,525.79,14.69,14.75,C,C,0.96
151,3.823,5.28,0.38378,327.7,13.09,308.0,40.0,106.0,2.0,373.07,282.25,14.69,12.96,C,D,9.28
151,0.562,5.28,0.22378,312.2,13.09,308.0,40.0,106.0,2.0,373.07,251.24,14.69,14.67,C,D,3.3
151,1.378,5.28,0.18969,371.8,13.09,308.0,40.0,106.0,2.0,373.07,370.52,14.69,14.87,C,C,8.62
151,4.005,5.28,0.38762,404.0,13.09,308.0,40.0,106.0,2.0,525.79,282.25,14.75,12.96,C,D,10.24
151,0.768,5.28,0.22762,388.5,13.09,308.0,40.0,106.0,2.0,525.79,251.24,14.75,14.67,C,D,4.26
151,1.565,5.28,0.19353,448.2,13.09,308.0,40.0,106.0,2.0,525.79,370.52,14.75,14.87,C,C,9.58
151,3.288,5.28,0.10876,266.5,13.09,308.0,40.0,106.0,2.0,277.98,255.0,19.72,17.14,D,D,2.57
151,2.013,5.28,0.11452,338.2,13.09,308.0,40.0,106.0,2.0,277.98,398.42,19.72,18.86,D,C,5.32
151,3.568,5.28,0.12523,328.5,13.09,308.0,40.0,106.0,2.0,277.98,379.0,19.72,21.34,D,C,8.27
151,3.277,5.28,0.10341,345.9,13.09,308.0,40.0,106.0,2.0,277.98,413.81,19.72,20.15,D,C,9.34
151,3.277,5.28,0.08539,335.1,13.09,308.0,40.0,106.0,2.0,277.98,392.24,19.72,20.15,D,C,9.34
151,2.681,5.28,0.04307,348.8,13.09,308.0,40.0,106.0,2.0,365.22,332.28,34.35,31.85,C,D,1.13
151,4.823,5.28,0.13074,666.2,13.09,308.0,40.0,106.0,2.0,1015.88,316.46,21.69,20.82,B,D,13.19
151,4.623,5.28,0.1326,769.5,13.09,308.0,40.0,106.0,2.0,316.46,1222.52,20.82,17.14,D,B,4.72
151,2.364,5.28,0.09958,326.7,13.09,308.0,40.0,106.0,2.0,255.0,398.42,17.14,18.86,D,C,2.75
151,4.37,5.28,0.08847,334.4,13.09,308.0,40.0,106.0,2.0,255.0,413.81,17.14,20.15,D,C,6.77
151,4.37,5.28,0.07045,323.6,13.09,308.0,40.0,106.0,2.0,255.0,392.24,17.14,20.15,D,C,6.77
151,4.249,5.28,0.083,497.5,13.09,308.0,40.0,106.0,2.0,255.0,740.05,17.14,17.01,D,C,15.06
151,4.434,5.28,0.03189,392.2,13.09,308.0,40.0,106.0,2.0,452.15,332.28,28.62,31.85,C,D,2.5
151,4.619,5.28,0.16534,811.5,13.09,308.0,40.0,106.0,2.0,1222.52,400.44,17.14,13.91,B,C,2.41
151,4.725,5.28,0.11763,391.3,13.09,308.0,40.0,106.0,2.0,411.55,371.07,22.9,24.74,C,C,10.91
151,4.75,5.28,0.13932,339.3,13.09,308.0,40.0,106.0,2.0,269.14,409.4,21.02,19.26,D,C,14.94
151,1.934,5.28,0.12498,319.5,13.09,308.0,40.0,106.0,2.0,318.16,320.93,11.6,12.22,D,D,5.83
151,4.523,5.28,0.18763,349.1,13.09,308.0,40.0,106.0,2.0,318.16,380.06,11.6,11.66,D,C,24.76
151,4.16,5.28,0.11197,322.3,13.09,308.0,40.0,106.0,2.0,318.16,326.47,11.6,12.45,D,D,16.78
151,2.415,5.28,0.03875,359.7,13.09,308.0,40.0,106.0,2.0,340.0,379.43,34.26,34.9,D,C,3.88
151,3.513,5.28,0.36819,266.7,13.09,308.0,40.0,106.0,2.0,282.25,251.24,12.96,14.67,D,D,5.98
151,3.458,5.28,0.3341,326.4,13.09,308.0,40.0,106.0,2.0,282.25,370.52,12.96,14.87,D,C,0.66
151,4.681,5.28,0.38574,315.6,13.09,308.0,40.0,106.0,2.0,282.25,348.87,12.96,15.62,D,D,25.64
151,3.57,5.28,0.38909,331.2,13.09,308.0,40.0,106.0,2.0,282.25,380.06,12.96,11.66,D,C,5.12
151,3.114,5.28,0.11167,323.7,13.09,308.0,40.0,106.0,2.0,320.93,326.47,12.22,12.45,D,D,22.61
151,0.834,5.28,0.1741,310.9,13.09,308.0,40.0,106.0,2.0,251.24,370.52,14.67,14.87,D,C,5.32
151,4.9,5.28,0.22573,300.1,13.09,308.0,40.0,106.0,2.0,251.24,348.87,14.67,15.62,D,D,31.62
151,4.542,5.28,0.18451,345.9,13.09,308.0,40.0,106.0,2.0,251.24,440.54,14.67,16.63,D,C,23.96
151,4.096,5.28,0.19165,359.7,13.09,308.0,40.0,106.0,2.0,370.52,348.87,14.87,15.62,C,D,26.3
151,3.738,5.28,0.15042,405.5,13.09,308.0,40.0,106.0,2.0,370.52,440.54,14.87,16.63,C,C,18.64
151,2.315,5.28,0.20205,394.7,13.09,308.0,40.0,106.0,2.0,348.87,440.54,15.62,16.63,D,C,7.66
151,0.184,5.28,0.26998,366.8,13.09,308.0,40.0,106.0,2.0,257.21,476.32,13.08,13.02,D,C,0.92
151,3.162,5.28,0.11605,388.7,13.09,308.0,40.0,106.0,2.0,398.42,379.0,18.86,21.34,C,C,2.95
151,2.095,5.28,0.09423,406.1,13.09,308.0,40.0,106.0,2.0,398.42,413.81,18.86,20.15,C,C,4.02
151,2.095,5.28,0.07621,395.3,13.09,308.0,40.0,106.0,2.0,398.42,392.24,18.86,20.15,C,C,4.02
151,4.355,5.28,0.08876,569.2,13.09,308.0,40.0,106.0,2.0,398.42,740.05,18.86,17.01,C,C,12.31
151,1.444,5.28,0.10494,396.4,13.09,308.0,40.0,106.0,2.0,379.0,413.81,21.34,20.15,C,C,1.07
151,1.444,5.28,0.08692,385.6,13.09,308.0,40.0,106.0,2.0,379.0,392.24,21.34,20.15,C,C,1.07
151,0.0,5.28,0.0651,403.0,13.09,308.0,40.0,106.0,2.0,413.81,392.24,20.15,20.15,C,C,0.0
151,4.683,5.28,0.07765,576.9,13.09,308.0,40.0,106.0,2.0,413.81,740.05,20.15,17.01,C,C,8.29
151,4.683,5.28,0.05963,566.1,13.09,308.0,40.0,106.0,2.0,392.24,740.05,20.15,17.01,C,C,8.29
152,2.857,5.65,0.01775,352.1,12.0,60.0,70.0,-70.0,1.0,352.05,352.05,62.21,64.94,D,D,0.63
157,4.229,5.17,0.04418,244.2,9.13,129.0,85.0,-171.0,0.0,272.8,215.54,13.49,16.26,D,D,9.96
157,0.152,5.17,0.1027,632.5,9.13,129.0,85.0,-171.0,0.0,621.2,643.8,7.04,7.0,C,C,0.36
158,3.98,7.13,0.03044,275.6,14.8,332.0,82.0,179.0,0.0,276.39,274.73,176.59,177.8,D,D,1.14
158,3.886,7.13,0.03014,352.1,14.8,332.0,82.0,179.0,0.0,338.99,365.22,174.9,177.94,D,C,0.85
158,3.456,7.13,0.03222,334.5,14.8,332.0,82.0,179.0,0.0,338.99,330.03,174.9,177.48,D,D,0.19
158,1.59,7.13,0.02244,444.4,14.8,332.0,82.0,179.0,0.0,338.99,549.75,174.9,175.39,D,C,0.49
158,3.979,7.13,0.01917,359.2,14.8,332.0,82.0,179.0,0.0,338.99,379.43,174.9,171.66,D,C,0.83
158,4.712,7.13,0.02463,313.1,14.8,332.0,82.0,179.0,0.0,297.71,328.43,193.8,194.88,D,D,1.24
158,4.658,7.13,0.01499,436.2,14.8,332.0,82.0,179.0,0.0,460.09,412.25,195.87,191.32,C,C,0.32
158,4.647,7.13,0.01803,390.5,14.8,332.0,82.0,179.0,0.0,460.09,320.88,195.87,191.94,C,D,0.55
158,3.89,7.13,0.03012,362.7,14.8,332.0,82.0,179.0,0.0,422.33,303.1,187.73,191.26,C,D,0.37
158,3.724,7.13,0.0196,340.8,14.8,332.0,82.0,179.0,0.0,373.3,308.33,214.24,211.66,C,D,0.75
158,1.892,7.13,0.03496,357.3,14.8,332.0,82.0,179.0,0.0,365.22,349.43,177.94,179.29,C,D,0.46
158,2.705,7.13,0.03156,457.5,14.8,332.0,82.0,179.0,0.0,365.22,549.75,177.94,175.39,C,C,0.36
158,4.485,7.13,0.02726,449.6,14.8,332.0,82.0,179.0,0.0,349.43,549.75,179.29,175.39,D,C,0.82
158,2.91,7.13,0.01851,378.4,14.8,332.0,82.0,179.0,0.0,304.68,452.15,186.79,183.96,D,C,0.28
158,2.418,7.13,0.01864,321.2,14.8,332.0,82.0,179.0,0.0,304.68,337.71,186.79,184.51,D,D,0.3
158,4.025,7.13,0.01981,372.1,14.8,332.0,82.0,179.0,0.0,304.68,439.6,186.79,186.54,D,C,1.18
158,0.994,7.13,0.01683,304.8,14.8,332.0,82.0,179.0,0.0,304.68,305.01,186.79,186.39,D,D,0.26
158,1.873,7.13,0.01583,308.7,14.8,332.0,82.0,179.0,0.0,304.68,312.69,186.79,188.12,D,D,0.34
158,4.37,7.13,0.02244,411.4,14.8,332.0,82.0,179.0,0.0,452.15,370.69,183.96,180.96,C,C,1.05
158,0.564,7.13,0.02246,394.9,14.8,332.0,82.0,179.0,0.0,452.15,337.71,183.96,184.51,C,D,0.02
158,4.193,7.13,0.02362,445.9,14.8,332.0,82.0,179.0,0.0,452.15,439.6,183.96,186.54,C,C,0.9
158,2.905,7.13,0.02065,378.6,14.8,332.0,82.0,179.0,0.0,452.15,305.01,183.96,186.39,C,D,0.54
158,4.203,7.13,0.01965,382.4,14.8,332.0,82.0,179.0,0.0,452.15,312.69,183.96,188.12,C,D,0.06
158,1.634,7.13,0.02296,383.2,14.8,332.0,82.0,179.0,0.0,399.8,366.69,172.58,171.92,C,C,0.44
158,3.058,7.13,0.03364,439.9,14.8,332.0,82.0,179.0,0.0,330.03,549.75,177.48,175.39,D,C,0.3
158,4.821,7.13,0.03037,354.7,14.8,332.0,82.0,179.0,0.0,330.03,379.43,177.48,171.66,D,C,1.02
158,4.205,7.13,0.0263,405.1,14.8,332.0,82.0,179.0,0.0,430.69,379.43,171.89,171.66,C,C,1.31
158,3.406,7.13,0.03442,376.7,14.8,332.0,82.0,179.0,0.0,384.44,368.88,143.36,145.81,C,C,0.76
158,4.553,7.13,0.02586,359.9,14.8,332.0,82.0,179.0,0.0,389.95,329.84,123.79,125.7,C,D,8.69
158,4.92,7.13,0.03893,482.7,14.8,332.0,82.0,179.0,0.0,642.83,322.53,96.91,101.71,C,D,0.47
158,2.904,7.13,0.05587,288.2,14.8,332.0,82.0,179.0,0.0,296.97,279.46,105.2,103.62,D,D,0.49
158,2.432,7.13,0.08759,327.9,14.8,332.0,82.0,179.0,0.0,296.97,358.92,105.2,104.95,D,D,0.53
158,2.983,7.13,0.03937,280.1,14.8,332.0,82.0,179.0,0.0,298.68,261.45,169.83,172.72,D,D,0.35
158,3.695,7.13,0.04289,321.5,14.8,332.0,82.0,179.0,0.0,283.54,359.47,162.36,159.02,D,D,0.59
158,4.816,7.13,0.03601,330.2,14.8,332.0,82.0,179.0,0.0,283.54,376.96,162.36,163.0,D,C,1.62
158,4.686,7.13,0.02257,354.2,14.8,332.0,82.0,179.0,0.0,370.69,337.71,180.96,184.51,C,D,1.03
158,3.381,7.13,0.02274,412.8,14.8,332.0,82.0,179.0,0.0,413.39,412.25,187.99,191.32,C,C,0.08
158,4.593,7.13,0.02578,367.1,14.8,332.0,82.0,179.0,0.0,413.39,320.88,187.99,191.94,C,D,0.79
158,3.999,7.13,0.0277,426.5,14.8,332.0,82.0,179.0,0.0,413.39,439.6,187.99,186.54,C,C,1.03
158,2.287,7.13,0.02327,714.6,14.8,332.0,82.0,179.0,0.0,413.39,1015.88,187.99,185.92,C,B,0.34
158,3.053,7.13,0.01803,366.6,14.8,332.0,82.0,179.0,0.0,412.25,320.88,191.32,191.94,C,D,0.87
158,4.799,7.13,0.02499,388.9,14.8,332.0,82.0,179.0,0.0,412.25,365.47,191.32,190.67,C,C,1.37
158,3.778,7.13,0.02376,388.7,14.8,332.0,82.0,179.0,0.0,337.71,439.6,184.51,186.54,D,C,0.88
158,2.546,7.13,0.02078,321.4,14.8,332.0,82.0,179.0,0.0,337.71,305.01,184.51,186.39,D,D,0.56
158,3.641,7.13,0.01978,325.2,14.8,332.0,82.0,179.0,0.0,337.71,312.69,184.51,188.12,D,D,0.04
158,3.23,7.13,0.01849,327.3,14.8,332.0,82.0,179.0,0.0,320.88,333.75,191.94,193.38,D,D,0.86
158,4.714,7.13,0.02049,727.7,14.8,332.0,82.0,179.0,0.0,439.6,1015.88,186.54,185.92,C,B,1.37
158,4.927,7.13,0.02195,372.3,14.8,332.0,82.0,179.0,0.0,439.6,305.01,186.54,186.39,C,D,1.44
158,3.135,7.13,0.02095,376.1,14.8,332.0,82.0,179.0,0.0,439.6,312.69,186.54,188.12,C,D,0.84
158,2.823,7.13,0.01798,308.9,14.8,332.0,82.0,179.0,0.0,305.01,312.69,186.39,188.12,D,D,0.6
158,2.858,7.13,0.01117,388.0,14.8,332.0,82.0,179.0,0.0,394.19,381.89,203.76,201.07,C,C,0.19
158,1.486,7.13,0.02835,319.7,14.8,332.0,82.0,179.0,0.0,277.83,361.56,180.41,179.05,D,C,0.11
158,4.979,7.13,0.02794,303.6,14.8,332.0,82.0,179.0,0.0,303.1,304.04,191.26,196.24,D,D,0.16
158,3.798,7.13,0.03154,317.4,14.8,332.0,82.0,179.0,0.0,326.47,308.33,210.94,211.66,D,D,0.97
160,3.611,5.0,0.00789,166.7,10.12,150.0,90.0,170.0,0.0,133.11,200.28,94.5,91.07,E,D,0.7
160,2.89,5.0,0.00854,254.2,10.12,150.0,90.0,170.0,0.0,220.2,288.29,71.57,69.01,D,D,1.07
160,2.933,5.0,0.00922,412.5,10.12,150.0,90.0,170.0,0.0,584.17,240.92,62.93,63.15,C,D,2.63
160,4.139,5.0,0.01544,266.0,10.12,150.0,90.0,170.0,0.0,285.33,246.61,34.02,36.13,D,D,5.62
160,4.241,5.0,0.01271,383.3,10.12,150.0,90.0,170.0,0.0,371.02,395.54,25.95,26.32,C,C,9.62
160,3.954,5.0,0.00955,272.0,10.12,150.0,90.0,170.0,0.0,303.06,240.92,65.82,63.15,D,D,2.51
162,3.595,5.17,0.00499,371.6,3.95,326.0,81.0,-173.0,0.0,436.79,306.37,97.7,101.26,C,D,0.28
162,0.289,5.17,0.01986,420.6,3.95,326.0,81.0,-173.0,0.0,422.25,418.98,66.92,66.78,C,C,0.22
162,0.293,5.17,0.01854,487.8,3.95,326.0,81.0,-173.0,0.0,422.25,553.32,66.92,67.09,C,C,0.19
162,0.58,5.17,0.01604,486.2,3.95,326.0,81.0,-173.0,0.0,418.98,553.32,66.78,67.09,C,C,0.41
164,4.335,5.7,0.0124,243.4,10.0,122.9,59.0,-163.0,0.0,276.25,210.51,96.28,100.55,D,D,0.4
164,4.092,5.7,0.01611,199.6,10.0,122.9,59.0,-163.0,0.0,202.85,196.25,99.59,98.65,D,D,2.22
164,2.326,5.7,0.01651,208.1,10.0,122.9,59.0,-163.0,0.0,202.85,213.44,99.59,99.72,D,D,1.28
165,4.335,5.31,0.07069,243.4,7.0,0.0,74.0,-23.0,0.0,276.25,210.51,53.08,56.96,D,D,1.91
165,4.092,5.31,0.0925,199.6,7.0,0.0,74.0,-23.0,0.0,202.85,196.25,54.04,52.3,D,D,3.82
168,2.251,6.7,0.01058,277.0,4.2,263.0,90.0,179.0,0.0,341.56,212.48,270.65,272.87,D,D,0.06
168,3.571,6.7,0.0088,277.0,4.2,263.0,90.0,179.0,0.0,341.56,212.48,270.65,271.02,D,D,0.75
168,4.0,6.7,0.01005,290.8,4.2,263.0,90.0,179.0,0.0,341.56,240.09,270.65,273.69,D,D,0.51
168,1.956,6.7,0.00991,341.6,4.2,263.0,90.0,179.0,0.0,341.56,341.56,270.65,269.64,D,D,0.35
168,4.947,6.7,0.00976,321.3,4.2,263.0,90.0,179.0,0.0,341.56,300.97,270.65,275.34,D,D,0.29
168,2.567,6.7,0.00939,277.0,4.2,263.0,90.0,179.0,0.0,341.56,212.48,270.65,272.21,D,D,0.44
168,2.165,6.7,0.01102,306.8,4.2,263.0,90.0,179.0,0.0,341.56,271.94,270.65,271.9,D,D,0.35
168,4.772,6.7,0.01066,321.3,4.2,263.0,90.0,179.0,0.0,341.56,300.97,270.65,275.24,D,D,0.3
168,4.862,6.7,0.01026,365.9,4.2,263.0,90.0,179.0,0.0,341.56,390.32,270.65,275.47,D,C,0.09
168,4.226,6.7,0.00982,306.9,4.2,263.0,90.0,179.0,0.0,341.56,272.24,270.65,267.24,D,D,0.51
168,4.958,6.7,0.009,277.0,4.2,263.0,90.0,179.0,0.0,341.56,212.48,270.65,273.46,D,D,0.87
168,3.076,6.7,0.01076,341.6,4.2,263.0,90.0,179.0,0.0,341.56,341.56,270.65,272.9,D,D,0.42
168,4.35,6.7,0.00849,212.5,4.2,263.0,90.0,179.0,0.0,212.48,212.48,272.87,271.02,D,D,0.81
168,2.377,6.7,0.00974,226.3,4.2,263.0,90.0,179.0,0.0,212.48,240.09,272.87,273.69,D,D,0.45
168,3.825,6.7,0.00961,277.0,4.2,263.0,90.0,179.0,0.0,212.48,341.56,272.87,269.64,D,D,0.41
168,2.747,6.7,0.00946,256.7,4.2,263.0,90.0,179.0,0.0,212.48,300.97,272.87,275.34,D,D,0.23
168,2.505,6.7,0.00908,212.5,4.2,263.0,90.0,179.0,0.0,212.48,212.48,272.87,272.21,D,D,0.5
168,1.697,6.7,0.01072,242.2,4.2,263.0,90.0,179.0,0.0,212.48,271.94,272.87,271.9,D,D,0.29
168,2.91,6.7,0.01036,256.7,4.2,263.0,90.0,179.0,0.0,212.48,300.97,272.87,275.24,D,D,0.36
168,2.615,6.7,0.00996,301.4,4.2,263.0,90.0,179.0,0.0,212.48,390.32,272.87,275.47,D,C,0.03
168,4.111,6.7,0.01257,334.6,4.2,263.0,90.0,179.0,0.0,212.48,456.75,272.87,276.49,D,C,0.42
168,4.517,6.7,0.00869,212.5,4.2,263.0,90.0,179.0,0.0,212.48,212.48,272.87,273.46,D,D,0.93
168,1.73,6.7,0.01046,277.0,4.2,263.0,90.0,179.0,0.0,212.48,341.56,272.87,272.9,D,D,0.36
168,2.321,6.7,0.00782,277.0,4.2,263.0,90.0,179.0,0.0,212.48,341.56,271.02,269.64,D,D,0.4
168,3.501,6.7,0.00602,226.3,4.2,263.0,90.0,179.0,0.0,212.48,240.09,271.02,269.22,D,D,0.61
168,1.933,6.7,0.0073,212.5,4.2,263.0,90.0,179.0,0.0,212.48,212.48,271.02,272.21,D,D,0.31
168,4.341,6.7,0.00659,256.7,4.2,263.0,90.0,179.0,0.0,212.48,300.97,271.02,274.42,D,D,0.58
168,4.79,6.7,0.00857,256.7,4.2,263.0,90.0,179.0,0.0,212.48,300.97,271.02,275.24,D,D,0.45
168,3.916,6.7,0.00773,242.4,4.2,263.0,90.0,179.0,0.0,212.48,272.24,271.02,267.24,D,D,0.24
168,4.281,6.7,0.00567,242.4,4.2,263.0,90.0,179.0,0.0,212.48,272.24,271.02,270.21,D,D,0.87
168,2.488,6.7,0.00691,212.5,4.2,263.0,90.0,179.0,0.0,212.48,212.48,271.02,273.46,D,D,0.12
168,3.455,6.7,0.0066,327.6,4.2,263.0,90.0,179.0,0.0,227.18,428.08,265.48,264.91,D,C,0.72
168,3.752,6.7,0.00661,233.6,4.2,263.0,90.0,179.0,0.0,227.18,240.09,265.48,269.22,D,D,0.08
168,4.089,6.7,0.00832,249.7,4.2,263.0,90.0,179.0,0.0,227.18,272.24,265.48,267.24,D,D,0.77
168,4.949,6.7,0.00626,249.7,4.2,263.0,90.0,179.0,0.0,227.18,272.24,265.48,270.21,D,D,0.34
168,3.516,6.7,0.00924,326.1,4.2,263.0,90.0,179.0,0.0,227.18,425.0,265.48,265.25,D,C,0.75
168,3.936,6.7,0.00488,364.5,4.2,263.0,90.0,179.0,0.0,428.08,300.97,264.91,268.72,C,D,0.24
168,1.951,6.7,0.00892,270.5,4.2,263.0,90.0,179.0,0.0,240.09,300.97,273.69,275.34,D,D,0.22
168,4.878,6.7,0.00855,226.3,4.2,263.0,90.0,179.0,0.0,240.09,212.48,273.69,272.21,D,D,0.95
168,1.971,6.7,0.01018,256.0,4.2,263.0,90.0,179.0,0.0,240.09,271.94,273.69,271.9,D,D,0.16
168,3.362,6.7,0.00934,290.8,4.2,263.0,90.0,179.0,0.0,240.09,341.56,273.69,276.74,D,D,0.28
168,4.222,6.7,0.00982,270.5,4.2,263.0,90.0,179.0,0.0,240.09,300.97,273.69,275.24,D,D,0.81
168,2.687,6.7,0.00943,315.2,4.2,263.0,90.0,179.0,0.0,240.09,390.32,273.69,275.47,D,C,0.42
168,0.936,6.7,0.00992,290.8,4.2,263.0,90.0,179.0,0.0,240.09,341.56,273.69,272.9,D,D,0.09
168,4.872,6.7,0.00713,290.8,4.2,263.0,90.0,179.0,0.0,341.56,240.09,269.64,269.22,D,D,1.01
168,2.593,6.7,0.00841,277.0,4.2,263.0,90.0,179.0,0.0,341.56,212.48,269.64,272.21,D,D,0.09
168,4.118,6.7,0.01004,306.8,4.2,263.0,90.0,179.0,0.0,341.56,271.94,269.64,271.9,D,D,0.7
168,2.54,6.7,0.00884,306.9,4.2,263.0,90.0,179.0,0.0,341.56,272.24,269.64,267.24,D,D,0.16
168,4.502,6.7,0.00802,277.0,4.2,263.0,90.0,179.0,0.0,341.56,212.48,269.64,273.46,D,D,0.52
168,4.987,6.7,0.00978,341.6,4.2,263.0,90.0,179.0,0.0,341.56,341.56,269.64,272.9,D,D,0.77
168,4.495,6.7,0.00976,383.3,4.2,263.0,90.0,179.0,0.0,341.56,425.0,269.64,265.25,D,C,0.18
168,4.233,6.7,0.00489,270.5,4.2,263.0,90.0,179.0,0.0,240.09,300.97,269.22,268.72,D,D,0.88
168,4.211,6.7,0.00451,290.8,4.2,263.0,90.0,179.0,0.0,240.09,341.56,269.22,272.52,D,D,0.57
168,4.463,6.7,0.00704,256.2,4.2,263.0,90.0,179.0,0.0,240.09,272.24,269.22,267.24,D,D,0.85
168,1.546,6.7,0.00498,256.2,4.2,263.0,90.0,179.0,0.0,240.09,272.24,269.22,270.21,D,D,0.26
168,4.917,6.7,0.00622,226.3,4.2,263.0,90.0,179.0,0.0,240.09,212.48,269.22,273.46,D,D,0.49
168,4.786,6.7,0.00826,256.7,4.2,263.0,90.0,179.0,0.0,300.97,212.48,275.34,272.21,D,D,0.73
168,3.444,6.7,0.00989,286.5,4.2,263.0,90.0,179.0,0.0,300.97,271.94,275.34,271.9,D,D,0.06
168,2.844,6.7,0.00905,321.3,4.2,263.0,90.0,179.0,0.0,300.97,341.56,275.34,276.74,D,D,0.5
168,2.896,6.7,0.00953,301.0,4.2,263.0,90.0,179.0,0.0,300.97,300.97,275.34,275.24,D,D,0.59
168,0.981,6.7,0.00914,345.6,4.2,263.0,90.0,179.0,0.0,300.97,390.32,275.34,275.47,D,C,0.2
168,3.365,6.7,0.01175,378.9,4.2,263.0,90.0,179.0,0.0,300.97,456.75,275.34,276.49,D,C,0.65
168,2.502,6.7,0.00963,321.3,4.2,263.0,90.0,179.0,0.0,300.97,341.56,275.34,272.9,D,D,0.13
168,4.786,6.7,0.00718,256.7,4.2,263.0,90.0,179.0,0.0,212.48,300.97,272.21,274.42,D,D,0.89
168,3.821,6.7,0.00952,242.2,4.2,263.0,90.0,179.0,0.0,212.48,271.94,272.21,271.9,D,D,0.79
168,3.116,6.7,0.00916,256.7,4.2,263.0,90.0,179.0,0.0,212.48,300.97,272.21,275.24,D,D,0.14
168,4.206,6.7,0.00877,301.4,4.2,263.0,90.0,179.0,0.0,212.48,390.32,272.21,275.47,D,C,0.53
168,4.993,6.7,0.00832,242.4,4.2,263.0,90.0,179.0,0.0,212.48,272.24,272.21,267.24,D,D,0.07
168,4.299,6.7,0.01138,334.6,4.2,263.0,90.0,179.0,0.0,212.48,456.75,272.21,276.49,D,C,0.08
168,2.4,6.7,0.0075,212.5,4.2,263.0,90.0,179.0,0.0,212.48,212.48,272.21,273.46,D,D,0.43
168,4.203,6.7,0.00926,277.0,4.2,263.0,90.0,179.0,0.0,212.48,341.56,272.21,272.9,D,D,0.86
168,4.126,6.7,0.00408,321.3,4.2,263.0,90.0,179.0,0.0,300.97,341.56,268.72,272.52,D,D,0.31
168,3.368,6.7,0.00455,286.6,4.2,263.0,90.0,179.0,0.0,300.97,272.24,268.72,270.21,D,D,0.62
168,4.35,6.7,0.00689,319.1,4.2,263.0,90.0,179.0,0.0,337.18,300.97,277.35,274.42,D,D,0.64
168,4.304,6.7,0.00762,319.1,4.2,263.0,90.0,179.0,0.0,337.18,300.97,277.35,278.07,D,D,0.87
168,2.795,6.7,0.00888,319.1,4.2,263.0,90.0,179.0,0.0,337.18,300.97,277.35,275.24,D,D,0.39
168,4.205,6.7,0.00848,363.8,4.2,263.0,90.0,179.0,0.0,337.18,390.32,277.35,275.47,D,C,0.78
168,1.793,6.7,0.01109,397.0,4.2,263.0,90.0,179.0,0.0,337.18,456.75,277.35,276.49,D,C,0.33
168,4.018,6.7,0.00722,274.8,4.2,263.0,90.0,179.0,0.0,337.18,212.48,277.35,273.46,D,D,0.18
168,3.525,6.7,0.00508,321.3,4.2,263.0,90.0,179.0,0.0,300.97,341.56,274.42,272.52,D,D,0.6
168,3.781,6.7,0.00719,301.0,4.2,263.0,90.0,179.0,0.0,300.97,300.97,274.42,278.07,D,D,0.23
168,4.475,6.7,0.00555,286.6,4.2,263.0,90.0,179.0,0.0,300.97,272.24,274.42,270.21,D,D,0.29
168,2.399,6.7,0.00679,256.7,4.2,263.0,90.0,179.0,0.0,300.97,212.48,274.42,273.46,D,D,0.46
168,3.822,6.7,0.00529,348.3,4.2,263.0,90.0,179.0,0.0,341.56,354.96,272.52,275.57,D,D,0.49
168,2.716,6.7,0.00416,306.9,4.2,263.0,90.0,179.0,0.0,341.56,272.24,272.52,270.21,D,D,0.31
168,4.986,6.7,0.0074,328.0,4.2,263.0,90.0,179.0,0.0,300.97,354.96,278.07,275.57,D,D,0.86
168,3.021,6.7,0.00742,321.3,4.2,263.0,90.0,179.0,0.0,300.97,341.56,278.07,280.41,D,D,0.4
168,4.203,6.7,0.00736,304.3,4.2,263.0,90.0,179.0,0.0,354.96,253.59,275.57,279.33,D,D,0.41
168,3.74,6.7,0.00615,410.9,4.2,263.0,90.0,179.0,0.0,253.59,568.2,279.33,277.15,D,C,0.61
168,4.517,6.7,0.00738,297.6,4.2,263.0,90.0,179.0,0.0,253.59,341.56,279.33,280.41,D,D,0.87
168,4.544,6.7,0.01079,286.5,4.2,263.0,90.0,179.0,0.0,271.94,300.97,271.9,275.24,D,D,0.65
168,3.758,6.7,0.0104,331.1,4.2,263.0,90.0,179.0,0.0,271.94,390.32,271.9,275.47,D,C,0.26
168,1.049,6.7,0.01089,306.8,4.2,263.0,90.0,179.0,0.0,271.94,341.56,271.9,272.9,D,D,0.07
168,3.677,6.7,0.00956,365.9,4.2,263.0,90.0,179.0,0.0,341.56,390.32,276.74,275.47,D,C,0.7
168,4.293,6.7,0.01006,341.6,4.2,263.0,90.0,179.0,0.0,341.56,341.56,276.74,272.9,D,D,0.37
168,1.937,6.7,0.01004,345.6,4.2,263.0,90.0,179.0,0.0,300.97,390.32,275.24,275.47,D,C,0.39
168,1.273,6.7,0.01265,378.9,4.2,263.0,90.0,179.0,0.0,300.97,456.75,275.24,276.49,D,C,0.06
168,3.326,6.7,0.00877,256.7,4.2,263.0,90.0,179.0,0.0,300.97,212.48,275.24,273.46,D,D,0.57
168,4.148,6.7,0.01054,321.3,4.2,263.0,90.0,179.0,0.0,300.97,341.56,275.24,272.9,D,D,0.72
168,2.414,6.7,0.01225,423.5,4.2,263.0,90.0,179.0,0.0,390.32,456.75,275.47,276.49,C,C,0.45
168,2.985,6.7,0.01014,365.9,4.2,263.0,90.0,179.0,0.0,390.32,341.56,275.47,272.9,C,D,0.33
168,1.99,6.7,0.00967,348.6,4.2,263.0,90.0,179.0,0.0,272.24,425.0,267.24,265.25,D,C,0.02
168,3.959,6.7,0.01099,334.6,4.2,263.0,90.0,179.0,0.0,456.75,212.48,276.49,273.46,C,D,0.51
168,4.927,6.7,0.00587,242.4,4.2,263.0,90.0,179.0,0.0,272.24,212.48,270.21,273.46,D,D,0.75
169,4.35,7.9,0.01455,212.5,8.9027,298.0,82.0,171.0,0.0,212.48,212.48,272.5,270.25,D,D,0.41
169,2.377,7.9,0.0146,226.3,8.9027,298.0,82.0,171.0,0.0,212.48,240.09,272.5,273.54,D,D,0.22
169,3.825,7.9,0.0163,277.0,8.9027,298.0,82.0,171.0,0.0,212.48,341.56,272.5,269.07,D,D,0.22
169,2.615,7.9,0.01577,301.4,8.9027,298.0,82.0,171.0,0.0,212.48,390.32,272.5,275.11,D,C,0.04
169,4.111,7.9,0.01854,334.6,8.9027,298.0,82.0,171.0,0.0,212.48,456.75,272.5,275.9,D,C,0.17
169,4.517,7.9,0.01519,212.5,8.9027,298.0,82.0,171.0,0.0,212.48,212.48,272.5,272.63,D,D,0.44
169,2.251,7.9,0.01648,277.0,8.9027,298.0,82.0,171.0,0.0,212.48,341.56,272.5,270.25,D,D,0.05
169,2.321,7.9,0.01434,277.0,8.9027,298.0,82.0,171.0,0.0,212.48,341.56,270.25,269.07,D,D,0.19
169,3.501,7.9,0.01125,226.3,8.9027,298.0,82.0,171.0,0.0,212.48,240.09,270.25,268.15,D,D,0.31
169,3.916,7.9,0.01533,242.4,8.9027,298.0,82.0,171.0,0.0,212.48,272.24,270.25,266.6,D,D,0.08
169,4.281,7.9,0.01113,242.4,8.9027,298.0,82.0,171.0,0.0,212.48,272.24,270.25,269.01,D,D,0.43
169,2.488,7.9,0.01323,212.5,8.9027,298.0,82.0,171.0,0.0,212.48,212.48,270.25,272.63,D,D,0.03
169,3.571,7.9,0.01451,277.0,8.9027,298.0,82.0,171.0,0.0,212.48,341.56,270.25,270.25,D,D,0.36
169,3.455,7.9,0.01081,327.6,8.9027,298.0,82.0,171.0,0.0,227.18,428.08,264.46,263.54,D,C,0.36
169,3.752,7.9,0.01115,233.6,8.9027,298.0,82.0,171.0,0.0,227.18,240.09,264.46,268.15,D,D,0.0
169,4.089,7.9,0.01524,249.7,8.9027,298.0,82.0,171.0,0.0,227.18,272.24,264.46,266.6,D,D,0.39
169,4.949,7.9,0.01103,249.7,8.9027,298.0,82.0,171.0,0.0,227.18,272.24,264.46,269.01,D,D,0.12
169,2.687,7.9,0.01387,315.2,8.9027,298.0,82.0,171.0,0.0,240.09,390.32,273.54,275.11,D,C,0.18
169,4.0,7.9,0.01457,290.8,8.9027,298.0,82.0,171.0,0.0,240.09,341.56,273.54,270.25,D,D,0.27
169,4.872,7.9,0.013,290.8,8.9027,298.0,82.0,171.0,0.0,341.56,240.09,269.07,268.15,D,D,0.5
169,2.54,7.9,0.01709,306.9,8.9027,298.0,82.0,171.0,0.0,341.56,272.24,269.07,266.6,D,D,0.11
169,4.502,7.9,0.01498,277.0,8.9027,298.0,82.0,171.0,0.0,341.56,212.48,269.07,272.63,D,D,0.22
169,1.956,7.9,0.01627,341.6,8.9027,298.0,82.0,171.0,0.0,341.56,341.56,269.07,270.25,D,D,0.17
169,4.463,7.9,0.014,256.2,8.9027,298.0,82.0,171.0,0.0,240.09,272.24,268.15,266.6,D,D,0.39
169,1.546,7.9,0.00979,256.2,8.9027,298.0,82.0,171.0,0.0,240.09,272.24,268.15,269.01,D,D,0.12
169,4.917,7.9,0.01189,226.3,8.9027,298.0,82.0,171.0,0.0,240.09,212.48,268.15,272.63,D,D,0.28
169,2.414,7.9,0.0178,423.5,8.9027,298.0,82.0,171.0,0.0,390.32,456.75,275.11,275.9,C,C,0.21
169,4.862,7.9,0.01574,365.9,8.9027,298.0,82.0,171.0,0.0,390.32,341.56,275.11,270.25,C,D,0.09
169,4.226,7.9,0.01726,306.9,8.9027,298.0,82.0,171.0,0.0,272.24,341.56,266.6,270.25,D,D,0.28
169,3.959,7.9,0.01722,334.6,8.9027,298.0,82.0,171.0,0.0,456.75,212.48,275.9,272.63,C,D,0.27
169,4.927,7.9,0.01177,242.4,8.9027,298.0,82.0,171.0,0.0,272.24,212.48,269.01,272.63,D,D,0.4
169,4.958,7.9,0.01516,277.0,8.9027,298.0,82.0,171.0,0.0,212.48,341.56,272.63,270.25,D,D,0.39
169,1.641,7.9,0.08369,383.4,8.9027,298.0,82.0,171.0,0.0,338.67,428.08,141.29,139.69,D,C,0.07
169,0.285,7.9,0.01747,543.7,8.9027,298.0,82.0,171.0,0.0,379.35,708.02,239.28,239.52,C,C,0.04
169,0.447,7.9,0.01601,354.7,8.9027,298.0,82.0,171.0,0.0,379.35,330.0,239.28,239.63,C,D,0.04
169,0.448,7.9,0.008,519.0,8.9027,298.0,82.0,171.0,0.0,708.02,330.0,239.52,239.63,C,D,0.0
171,3.834,5.9,0.03996,265.6,8.0,35.0,50.0,100.0,2.0,277.5,253.72,46.91,50.06,D,D,2.47
171,4.789,5.9,0.03335,243.2,8.0,35.0,50.0,100.0,2.0,210.01,276.34,73.9,75.07,D,D,3.33
171,4.05,5.9,0.02562,475.9,8.0,35.0,50.0,100.0,2.0,378.75,573.04,58.76,56.05,C,C,2.64
171,1.296,5.9,0.01439,665.2,8.0,35.0,50.0,100.0,2.0,665.2,665.2,70.33,70.48,C,C,0.94
171,2.549,5.9,0.03995,305.8,8.0,35.0,50.0,100.0,2.0,442.15,169.52,68.14,68.12,C,E,1.92
171,2.667,5.9,0.01128,573.0,8.0,35.0,50.0,100.0,2.0,573.04,573.04,81.48,84.13,C,C,0.16
171,2.27,5.9,0.02095,173.9,8.0,35.0,50.0,100.0,2.0,172.1,175.68,92.37,94.52,E,E,0.41
171,3.774,5.9,0.02818,200.7,8.0,35.0,50.0,100.0,2.0,225.77,175.68,98.17,94.52,D,E,0.51
171,4.435,5.9,0.01231,228.9,8.0,35.0,50.0,100.0,2.0,228.92,228.84,112.2,108.4,D,D,1.1
171,3.24,5.9,0.01066,255.4,8.0,35.0,50.0,100.0,2.0,250.0,260.75,125.89,129.0,D,D,0.36
171,2.648,5.9,0.02654,273.6,8.0,35.0,50.0,100.0,2.0,318.52,228.66,80.88,81.81,D,D,1.59
171,4.945,5.9,0.02455,238.4,8.0,35.0,50.0,100.0,2.0,253.72,223.04,50.06,50.69,D,D,5.0
171,4.608,5.9,0.01119,208.3,8.0,35.0,50.0,100.0,2.0,221.31,195.38,127.59,125.03,D,D,1.63
171,1.419,5.9,0.03202,509.2,8.0,35.0,50.0,100.0,2.0,459.32,559.11,47.39,46.91,C,C,1.46
171,4.216,5.9,0.03288,566.1,8.0,35.0,50.0,100.0,2.0,559.11,573.04,46.91,44.25,C,C,2.63
171,0.54,5.9,0.03159,366.0,8.0,35.0,50.0,100.0,2.0,358.72,373.23,52.3,52.22,D,C,0.5
171,3.337,5.9,0.03319,357.2,8.0,35.0,50.0,100.0,2.0,358.72,355.76,52.3,49.28,D,D,1.17
171,0.848,5.9,0.02599,386.6,8.0,35.0,50.0,100.0,2.0,358.72,414.42,52.3,52.88,D,C,0.49
171,2.881,5.9,0.03389,344.6,8.0,35.0,50.0,100.0,2.0,358.72,330.55,52.3,49.77,D,D,0.83
171,2.438,5.9,0.03159,318.0,8.0,35.0,50.0,100.0,2.0,358.72,277.28,52.3,50.58,D,D,1.39
171,1.725,5.9,0.03287,426.8,8.0,35.0,50.0,100.0,2.0,358.72,494.82,52.3,51.12,D,C,1.03
171,3.661,5.9,0.03608,382.7,8.0,35.0,50.0,100.0,2.0,358.72,406.7,52.3,50.88,D,C,3.21
171,3.39,5.9,0.03054,336.3,8.0,35.0,50.0,100.0,2.0,358.72,313.9,52.3,49.09,D,D,0.49
171,3.146,5.9,0.03589,364.5,8.0,35.0,50.0,100.0,2.0,373.23,355.76,52.22,49.28,C,D,0.67
171,0.693,5.9,0.0287,393.8,8.0,35.0,50.0,100.0,2.0,373.23,414.42,52.22,52.88,C,C,0.01
171,3.051,5.9,0.03659,351.9,8.0,35.0,50.0,100.0,2.0,373.23,330.55,52.22,49.77,C,D,1.33
171,2.768,5.9,0.03429,325.3,8.0,35.0,50.0,100.0,2.0,373.23,277.28,52.22,50.58,C,D,1.89
171,2.082,5.9,0.03557,434.0,8.0,35.0,50.0,100.0,2.0,373.23,494.82,52.22,51.12,C,C,1.53
171,3.151,5.9,0.03878,390.0,8.0,35.0,50.0,100.0,2.0,373.23,406.7,52.22,50.88,C,C,2.71
171,3.316,5.9,0.03324,343.6,8.0,35.0,50.0,100.0,2.0,373.23,313.9,52.22,49.09,C,D,0.01
171,3.826,5.9,0.0303,385.1,8.0,35.0,50.0,100.0,2.0,355.76,414.42,49.28,52.88,D,C,0.68
171,2.092,5.9,0.03819,343.2,8.0,35.0,50.0,100.0,2.0,355.76,330.55,49.28,49.77,D,D,2.0
171,2.902,5.9,0.0359,316.5,8.0,35.0,50.0,100.0,2.0,355.76,277.28,49.28,50.58,D,D,2.56
171,4.037,5.9,0.03162,404.4,8.0,35.0,50.0,100.0,2.0,355.76,453.05,49.28,46.15,D,C,1.98
171,4.366,5.9,0.02885,466.2,8.0,35.0,50.0,100.0,2.0,355.76,576.55,49.28,46.85,D,C,3.27
171,2.892,5.9,0.03717,425.3,8.0,35.0,50.0,100.0,2.0,355.76,494.82,49.28,51.12,D,C,2.2
171,2.816,5.9,0.04038,381.2,8.0,35.0,50.0,100.0,2.0,355.76,406.7,49.28,50.88,D,C,2.04
171,2.22,5.9,0.03828,350.8,8.0,35.0,50.0,100.0,2.0,355.76,345.89,49.28,47.98,D,D,1.82
171,2.857,5.9,0.04064,432.2,8.0,35.0,50.0,100.0,2.0,355.76,508.61,49.28,46.59,D,C,0.2
171,0.746,5.9,0.03484,334.8,8.0,35.0,50.0,100.0,2.0,355.76,313.9,49.28,49.09,D,D,0.68
171,3.681,5.9,0.031,372.5,8.0,35.0,50.0,100.0,2.0,414.42,330.55,52.88,49.77,C,D,1.32
171,3.285,5.9,0.0287,345.9,8.0,35.0,50.0,100.0,2.0,414.42,277.28,52.88,50.58,C,D,1.88
171,2.573,5.9,0.02997,454.6,8.0,35.0,50.0,100.0,2.0,414.42,494.82,52.88,51.12,C,C,1.52
171,3.498,5.9,0.03319,410.6,8.0,35.0,50.0,100.0,2.0,414.42,406.7,52.88,50.88,C,C,2.72
171,4.009,5.9,0.02765,364.2,8.0,35.0,50.0,100.0,2.0,414.42,313.9,52.88,49.09,C,D,0.0
171,0.998,5.9,0.0366,303.9,8.0,35.0,50.0,100.0,2.0,330.55,277.28,49.77,50.58,D,D,0.56
171,3.869,5.9,0.03232,391.8,8.0,35.0,50.0,100.0,2.0,330.55,453.05,49.77,46.15,D,C,0.02
171,3.475,5.9,0.02955,453.5,8.0,35.0,50.0,100.0,2.0,330.55,576.55,49.77,46.85,D,C,1.27
171,1.427,5.9,0.03787,412.7,8.0,35.0,50.0,100.0,2.0,330.55,494.82,49.77,51.12,D,C,0.2
171,4.483,5.9,0.04108,368.6,8.0,35.0,50.0,100.0,2.0,330.55,406.7,49.77,50.88,D,C,4.04
171,4.995,5.9,0.02847,472.3,8.0,35.0,50.0,100.0,2.0,330.55,614.05,49.77,48.07,D,C,4.4
171,4.199,5.9,0.03898,338.2,8.0,35.0,50.0,100.0,2.0,330.55,345.89,49.77,47.98,D,D,3.82
171,3.886,5.9,0.04134,419.6,8.0,35.0,50.0,100.0,2.0,330.55,508.61,49.77,46.59,D,C,2.2
171,1.483,5.9,0.03554,322.2,8.0,35.0,50.0,100.0,2.0,330.55,313.9,49.77,49.09,D,D,1.32
171,4.712,5.9,0.03003,365.2,8.0,35.0,50.0,100.0,2.0,277.28,453.05,50.58,46.15,D,C,0.58
171,4.101,5.9,0.02725,426.9,8.0,35.0,50.0,100.0,2.0,277.28,576.55,50.58,46.85,D,C,0.71
171,0.717,5.9,0.03557,386.0,8.0,35.0,50.0,100.0,2.0,277.28,494.82,50.58,51.12,D,C,0.36
171,4.897,5.9,0.03879,342.0,8.0,35.0,50.0,100.0,2.0,277.28,406.7,50.58,50.88,D,C,4.6
171,4.968,5.9,0.02617,445.7,8.0,35.0,50.0,100.0,2.0,277.28,614.05,50.58,48.07,D,C,3.84
171,4.883,5.9,0.03904,392.9,8.0,35.0,50.0,100.0,2.0,277.28,508.61,50.58,46.59,D,C,2.76
171,2.405,5.9,0.03325,295.6,8.0,35.0,50.0,100.0,2.0,277.28,313.9,50.58,49.09,D,D,1.88
171,1.405,5.9,0.02297,514.8,8.0,35.0,50.0,100.0,2.0,453.05,576.55,46.15,46.85,C,C,1.29
171,3.213,5.9,0.0236,515.6,8.0,35.0,50.0,100.0,2.0,453.05,578.11,46.15,45.0,C,C,2.97
171,4.614,5.9,0.0219,533.5,8.0,35.0,50.0,100.0,2.0,453.05,614.05,46.15,48.07,C,C,4.42
171,4.382,5.9,0.03241,399.5,8.0,35.0,50.0,100.0,2.0,453.05,345.89,46.15,47.98,C,D,3.8
171,2.22,5.9,0.03477,480.8,8.0,35.0,50.0,100.0,2.0,453.05,508.61,46.15,46.59,C,C,2.18
171,3.513,5.9,0.02897,383.5,8.0,35.0,50.0,100.0,2.0,453.05,313.9,46.15,49.09,C,D,1.3
171,2.699,5.9,0.02083,577.3,8.0,35.0,50.0,100.0,2.0,576.55,578.11,46.85,45.0,C,C,1.68
171,4.769,5.9,0.02852,535.7,8.0,35.0,50.0,100.0,2.0,576.55,494.82,46.85,51.12,C,C,1.07
171,3.229,5.9,0.01912,595.3,8.0,35.0,50.0,100.0,2.0,576.55,614.05,46.85,48.07,C,C,3.13
171,3.388,5.9,0.03199,542.6,8.0,35.0,50.0,100.0,2.0,576.55,508.61,46.85,46.59,C,C,3.47
171,3.689,5.9,0.0262,445.2,8.0,35.0,50.0,100.0,2.0,576.55,313.9,46.85,49.09,C,D,2.59
171,3.439,5.9,0.01975,596.1,8.0,35.0,50.0,100.0,2.0,578.11,614.05,45.0,48.07,C,C,1.45
171,4.486,5.9,0.04006,450.8,8.0,35.0,50.0,100.0,2.0,494.82,406.7,51.12,50.88,C,C,4.24
171,2.559,5.9,0.03452,404.4,8.0,35.0,50.0,100.0,2.0,494.82,313.9,51.12,49.09,C,D,1.52
171,3.563,5.9,0.02104,609.3,8.0,35.0,50.0,100.0,2.0,626.43,592.18,39.83,42.67,C,C,3.0
171,4.74,5.9,0.03693,526.0,8.0,35.0,50.0,100.0,2.0,567.64,484.45,70.84,73.71,C,C,2.59
171,4.782,5.9,0.0181,564.5,8.0,35.0,50.0,100.0,2.0,671.52,457.49,51.29,54.28,C,C,3.19
171,2.817,5.9,0.02434,554.7,8.0,35.0,50.0,100.0,2.0,671.52,437.8,51.29,50.36,C,C,2.45
171,4.836,5.9,0.00956,520.6,8.0,35.0,50.0,100.0,2.0,671.52,369.75,63.73,68.12,C,C,1.49
171,2.827,5.9,0.0251,555.9,8.0,35.0,50.0,100.0,2.0,494.32,617.52,58.39,55.75,C,C,0.5
171,3.536,5.9,0.03051,582.9,8.0,35.0,50.0,100.0,2.0,494.32,671.52,58.39,55.13,C,C,0.83
171,3.448,5.9,0.02678,537.5,8.0,35.0,50.0,100.0,2.0,457.49,617.52,54.28,55.75,C,C,2.69
171,4.661,5.9,0.03219,564.5,8.0,35.0,50.0,100.0,2.0,457.49,671.52,54.28,55.13,C,C,4.02
171,4.331,5.9,0.04008,422.2,8.0,35.0,50.0,100.0,2.0,437.8,406.7,50.36,50.88,C,C,4.09
171,3.097,5.9,0.04117,376.3,8.0,35.0,50.0,100.0,2.0,406.7,345.89,50.88,47.98,C,D,0.22
171,3.527,5.9,0.03773,360.3,8.0,35.0,50.0,100.0,2.0,406.7,313.9,50.88,49.09,C,D,2.72
171,4.94,5.9,0.02149,597.2,8.0,35.0,50.0,100.0,2.0,592.18,602.29,42.67,47.24,C,C,0.5
171,3.41,5.9,0.03431,625.3,8.0,35.0,50.0,100.0,2.0,573.04,677.49,44.25,44.86,C,C,3.85
171,4.808,5.9,0.0118,572.9,8.0,35.0,50.0,100.0,2.0,503.04,642.73,54.62,56.31,C,C,3.96
171,4.11,5.9,0.01459,556.2,8.0,35.0,50.0,100.0,2.0,469.64,642.73,59.34,56.31,C,C,2.57
171,1.66,5.9,0.03454,644.5,8.0,35.0,50.0,100.0,2.0,617.52,671.52,55.75,55.13,C,C,1.33
171,2.274,5.9,0.04143,427.2,8.0,35.0,50.0,100.0,2.0,345.89,508.61,47.98,46.59,D,C,1.62
171,2.717,5.9,0.03563,329.9,8.0,35.0,50.0,100.0,2.0,345.89,313.9,47.98,49.09,D,D,2.5
171,2.741,5.9,0.03799,411.3,8.0,35.0,50.0,100.0,2.0,508.61,313.9,46.59,49.09,C,D,0.88
171,4.831,5.9,0.04293,324.5,8.0,35.0,50.0,100.0,2.0,440.5,208.56,47.41,43.09,C,D,0.65
171,4.271,5.9,0.02727,506.8,8.0,35.0,50.0,100.0,2.0,440.5,573.04,47.41,51.29,C,C,0.59
171,4.087,5.9,0.02358,231.7,8.0,35.0,50.0,100.0,2.0,263.82,199.59,112.73,108.72,D,D,0.33
171,4.952,5.9,0.0198,226.9,8.0,35.0,50.0,100.0,2.0,263.82,190.0,112.73,107.79,D,D,0.14
171,4.872,5.9,0.01784,243.8,8.0,35.0,50.0,100.0,2.0,263.82,223.71,112.73,111.51,D,D,2.2
171,4.504,5.9,0.02178,211.8,8.0,35.0,50.0,100.0,2.0,124.27,299.28,108.35,104.01,E,D,0.58
171,3.397,5.9,0.02663,162.6,8.0,35.0,50.0,100.0,2.0,124.27,200.98,108.35,105.07,E,D,0.41
171,2.575,5.9,0.02256,160.6,8.0,35.0,50.0,100.0,2.0,124.27,196.88,108.35,107.15,E,D,1.11
171,3.22,5.9,0.02527,161.9,8.0,35.0,50.0,100.0,2.0,124.27,199.59,108.35,108.72,E,D,1.53
171,4.189,5.9,0.02149,157.1,8.0,35.0,50.0,100.0,2.0,124.27,190.0,108.35,107.79,E,D,2.0
171,2.669,5.9,0.02336,195.5,8.0,35.0,50.0,100.0,2.0,124.27,266.77,108.35,109.54,E,D,1.15
171,3.248,5.9,0.01954,174.0,8.0,35.0,50.0,100.0,2.0,124.27,223.71,108.35,111.51,E,D,0.34
171,4.454,5.9,0.01978,269.3,8.0,35.0,50.0,100.0,2.0,239.33,299.28,105.99,104.01,D,D,1.96
171,3.146,5.9,0.02056,218.1,8.0,35.0,50.0,100.0,2.0,239.33,196.88,105.99,107.15,D,D,1.43
171,1.573,5.9,0.01915,224.3,8.0,35.0,50.0,100.0,2.0,239.33,209.36,105.99,104.48,D,D,0.19
171,4.559,5.9,0.02136,253.1,8.0,35.0,50.0,100.0,2.0,239.33,266.77,105.99,109.54,D,D,1.39
171,3.788,5.9,0.01977,238.1,8.0,35.0,50.0,100.0,2.0,239.33,236.84,105.99,104.56,D,D,1.75
171,4.719,5.9,0.02131,464.3,8.0,35.0,50.0,100.0,2.0,279.41,649.25,102.88,100.31,D,C,2.06
171,4.295,5.9,0.01646,445.9,8.0,35.0,50.0,100.0,2.0,279.41,612.47,102.88,102.13,D,C,2.15
171,2.872,5.9,0.02225,258.1,8.0,35.0,50.0,100.0,2.0,279.41,236.84,102.88,104.56,D,D,1.18
171,1.39,5.9,0.02143,572.8,8.0,35.0,50.0,100.0,2.0,496.27,649.25,100.83,100.31,C,C,0.65
171,1.678,5.9,0.01659,554.4,8.0,35.0,50.0,100.0,2.0,496.27,612.47,100.83,102.13,C,C,0.56
171,4.247,5.9,0.03076,249.4,8.0,35.0,50.0,100.0,2.0,299.28,199.48,104.01,103.74,D,D,2.13
171,4.588,5.9,0.01775,300.0,8.0,35.0,50.0,100.0,2.0,299.28,300.77,104.01,99.99,D,D,1.12
171,2.255,5.9,0.02534,250.1,8.0,35.0,50.0,100.0,2.0,299.28,200.98,104.01,105.07,D,D,0.99
171,3.335,5.9,0.02127,248.1,8.0,35.0,50.0,100.0,2.0,299.28,196.88,104.01,107.15,D,D,0.53
171,3.596,5.9,0.01986,254.3,8.0,35.0,50.0,100.0,2.0,299.28,209.36,104.01,104.48,D,D,1.77
171,4.893,5.9,0.02236,365.6,8.0,35.0,50.0,100.0,2.0,573.04,158.13,98.05,99.17,C,E,2.5
171,4.27,5.9,0.01547,520.9,8.0,35.0,50.0,100.0,2.0,259.21,782.59,108.16,105.51,D,B,1.65
171,4.372,5.9,0.0238,234.7,8.0,35.0,50.0,100.0,2.0,259.21,210.17,108.16,103.9,D,D,0.45
171,3.223,5.9,0.02454,229.4,8.0,35.0,50.0,100.0,2.0,259.21,199.59,108.16,108.72,D,D,1.54
171,2.236,5.9,0.02076,224.6,8.0,35.0,50.0,100.0,2.0,259.21,190.0,108.16,107.79,D,D,1.07
171,4.272,5.9,0.02802,250.1,8.0,35.0,50.0,100.0,2.0,199.48,300.77,103.74,99.99,D,D,1.01
171,4.959,5.9,0.03087,235.3,8.0,35.0,50.0,100.0,2.0,199.48,271.1,103.74,102.29,D,D,2.4
171,2.627,5.9,0.03561,200.2,8.0,35.0,50.0,100.0,2.0,199.48,200.98,103.74,105.07,D,D,1.14
171,2.147,5.9,0.03352,204.8,8.0,35.0,50.0,100.0,2.0,199.48,210.17,103.74,103.9,D,D,1.07
171,4.986,5.9,0.03425,199.5,8.0,35.0,50.0,100.0,2.0,199.48,199.59,103.74,108.72,D,D,0.02
171,4.172,5.9,0.03047,194.7,8.0,35.0,50.0,100.0,2.0,199.48,190.0,103.74,107.79,D,D,0.45
171,3.454,5.9,0.015,348.9,8.0,35.0,50.0,100.0,2.0,300.77,396.93,99.99,98.54,D,C,1.64
171,3.599,5.9,0.01503,526.8,8.0,35.0,50.0,100.0,2.0,782.59,271.1,105.51,102.29,B,D,0.77
171,4.551,5.9,0.01768,496.4,8.0,35.0,50.0,100.0,2.0,782.59,210.17,105.51,103.9,B,D,2.1
171,3.074,5.9,0.02336,240.6,8.0,35.0,50.0,100.0,2.0,271.1,210.17,102.29,103.9,D,D,1.33
171,4.566,5.9,0.0281,205.6,8.0,35.0,50.0,100.0,2.0,200.98,210.17,105.07,103.9,D,D,2.21
171,3.74,5.9,0.02612,198.9,8.0,35.0,50.0,100.0,2.0,200.98,196.88,105.07,107.15,D,D,1.52
171,4.327,5.9,0.02883,200.3,8.0,35.0,50.0,100.0,2.0,200.98,199.59,105.07,108.72,D,D,1.12
171,4.251,5.9,0.02506,195.5,8.0,35.0,50.0,100.0,2.0,200.98,190.0,105.07,107.79,D,D,1.59
171,1.869,5.9,0.01372,630.9,8.0,35.0,50.0,100.0,2.0,649.25,612.47,100.31,102.13,C,C,0.09
171,4.074,5.9,0.02296,200.1,8.0,35.0,50.0,100.0,2.0,210.17,190.0,103.9,107.79,D,D,0.62
171,3.67,5.9,0.02064,203.1,8.0,35.0,50.0,100.0,2.0,196.88,209.36,107.15,104.48,D,D,1.24
171,2.396,5.9,0.02285,231.8,8.0,35.0,50.0,100.0,2.0,196.88,266.77,107.15,109.54,D,D,0.04
171,4.657,5.9,0.01903,210.3,8.0,35.0,50.0,100.0,2.0,196.88,223.71,107.15,111.51,D,D,0.77
171,3.896,5.9,0.01985,223.1,8.0,35.0,50.0,100.0,2.0,209.36,236.84,104.48,104.56,D,D,1.94
171,2.414,5.9,0.01979,277.5,8.0,35.0,50.0,100.0,2.0,158.13,396.93,99.17,98.54,E,C,1.22
171,1.336,5.9,0.0237,194.8,8.0,35.0,50.0,100.0,2.0,199.59,190.0,108.72,107.79,D,D,0.47
171,4.828,5.9,0.02174,211.7,8.0,35.0,50.0,100.0,2.0,199.59,223.71,108.72,111.51,D,D,1.87
171,3.719,5.9,0.0236,551.1,8.0,35.0,50.0,100.0,2.0,621.06,481.17,80.99,84.63,C,C,0.03
171,2.614,5.9,0.01983,245.2,8.0,35.0,50.0,100.0,2.0,266.77,223.71,109.54,111.51,D,D,0.81
171,1.804,5.9,0.01863,468.1,8.0,35.0,50.0,100.0,2.0,447.51,488.61,87.78,87.29,C,C,1.0
171,3.222,5.9,0.02247,464.3,8.0,35.0,50.0,100.0,2.0,447.51,481.17,87.78,84.63,C,C,0.28
171,3.4,5.9,0.02106,484.9,8.0,35.0,50.0,100.0,2.0,488.61,481.17,87.29,84.63,C,C,1.28
171,4.08,5.9,0.01748,219.4,8.0,35.0,50.0,100.0,2.0,212.39,226.38,124.35,122.96,D,D,1.64
171,3.73,5.9,0.01988,215.1,8.0,35.0,50.0,100.0,2.0,212.39,217.83,124.35,120.76,D,D,0.45
171,4.371,5.9,0.01686,294.1,8.0,35.0,50.0,100.0,2.0,212.39,375.85,124.35,128.59,D,C,0.47
171,1.885,5.9,0.01506,307.8,8.0,35.0,50.0,100.0,2.0,212.39,403.17,124.35,125.58,D,C,0.61
171,3.63,5.9,0.01335,392.7,8.0,35.0,50.0,100.0,2.0,212.39,573.04,124.35,124.9,D,C,1.52
171,3.55,5.9,0.01225,193.6,8.0,35.0,50.0,100.0,2.0,179.84,207.39,128.52,125.25,E,D,0.6
171,4.094,5.9,0.01292,187.0,8.0,35.0,50.0,100.0,2.0,179.84,194.14,128.52,125.96,E,D,1.34
171,4.856,5.9,0.01181,298.1,8.0,35.0,50.0,100.0,2.0,179.84,416.34,128.52,130.94,E,C,1.72
171,3.452,5.9,0.01613,193.0,8.0,35.0,50.0,100.0,2.0,179.84,206.24,128.52,130.86,E,D,1.04
171,3.314,5.9,0.01189,359.3,8.0,35.0,50.0,100.0,2.0,179.84,538.69,128.52,129.22,E,C,1.33
171,1.914,5.9,0.01347,200.8,8.0,35.0,50.0,100.0,2.0,207.39,194.14,125.25,125.96,D,D,0.74
171,3.069,5.9,0.01439,216.9,8.0,35.0,50.0,100.0,2.0,207.39,226.38,125.25,122.96,D,D,0.86
171,2.685,5.9,0.01413,206.2,8.0,35.0,50.0,100.0,2.0,207.39,205.11,125.25,123.97,D,D,1.0
171,4.133,5.9,0.01499,198.2,8.0,35.0,50.0,100.0,2.0,207.39,188.98,125.25,124.77,D,D,1.73
171,4.496,5.9,0.01449,212.9,8.0,35.0,50.0,100.0,2.0,207.39,218.5,125.25,122.12,D,D,1.38
171,4.361,5.9,0.01243,373.0,8.0,35.0,50.0,100.0,2.0,207.39,538.69,125.25,129.22,D,C,0.73
171,4.652,5.9,0.01445,221.9,8.0,35.0,50.0,100.0,2.0,207.39,236.32,125.25,121.46,D,D,1.16
171,4.847,5.9,0.01506,210.3,8.0,35.0,50.0,100.0,2.0,194.14,226.38,125.96,122.96,D,D,1.6
171,2.078,5.9,0.01481,199.6,8.0,35.0,50.0,100.0,2.0,194.14,205.11,125.96,123.97,D,D,0.26
171,2.627,5.9,0.01566,191.6,8.0,35.0,50.0,100.0,2.0,194.14,188.98,125.96,124.77,D,D,0.99
171,4.115,5.9,0.01516,206.3,8.0,35.0,50.0,100.0,2.0,194.14,218.5,125.96,122.12,D,D,0.64
171,4.519,5.9,0.02118,180.7,8.0,35.0,50.0,100.0,2.0,194.14,167.18,125.96,122.69,D,E,1.33
171,3.265,5.9,0.01311,366.4,8.0,35.0,50.0,100.0,2.0,194.14,538.69,125.96,129.22,D,C,0.01
171,4.602,5.9,0.01512,215.2,8.0,35.0,50.0,100.0,2.0,194.14,236.32,125.96,121.46,D,D,0.42
171,4.479,5.9,0.01573,215.7,8.0,35.0,50.0,100.0,2.0,226.38,205.11,122.96,123.97,D,D,1.86
171,3.541,5.9,0.01838,222.1,8.0,35.0,50.0,100.0,2.0,226.38,217.83,122.96,120.76,D,D,1.19
171,4.904,5.9,0.01604,231.3,8.0,35.0,50.0,100.0,2.0,226.38,236.32,122.96,121.46,D,D,2.02
171,1.905,5.9,0.01633,197.0,8.0,35.0,50.0,100.0,2.0,205.11,188.98,123.97,124.77,D,D,0.73
171,2.048,5.9,0.01583,211.8,8.0,35.0,50.0,100.0,2.0,205.11,218.5,123.97,122.12,D,D,0.38
171,2.812,5.9,0.02185,186.1,8.0,35.0,50.0,100.0,2.0,205.11,167.18,123.97,122.69,D,E,1.07
171,4.811,5.9,0.01493,322.7,8.0,35.0,50.0,100.0,2.0,205.11,440.21,123.97,122.26,D,C,1.93
171,2.538,5.9,0.01579,220.7,8.0,35.0,50.0,100.0,2.0,205.11,236.32,123.97,121.46,D,D,0.16
171,2.778,5.9,0.01669,203.7,8.0,35.0,50.0,100.0,2.0,188.98,218.5,124.77,122.12,D,D,0.35
171,2.226,5.9,0.0227,178.1,8.0,35.0,50.0,100.0,2.0,188.98,167.18,124.77,122.69,D,E,0.34
171,3.873,5.9,0.0226,209.1,8.0,35.0,50.0,100.0,2.0,188.98,229.21,124.77,124.13,D,D,1.62
171,3.756,5.9,0.01579,314.6,8.0,35.0,50.0,100.0,2.0,188.98,440.21,124.77,122.26,D,C,1.2
171,3.58,5.9,0.01665,212.6,8.0,35.0,50.0,100.0,2.0,188.98,236.32,124.77,121.46,D,D,0.57
171,4.008,5.9,0.01811,206.4,8.0,35.0,50.0,100.0,2.0,217.83,194.98,120.76,117.95,D,D,1.28
171,1.706,5.9,0.0222,192.8,8.0,35.0,50.0,100.0,2.0,218.5,167.18,122.12,122.69,D,E,0.69
171,3.396,5.9,0.01811,206.4,8.0,35.0,50.0,100.0,2.0,218.5,194.28,122.12,118.98,D,D,0.54
171,4.267,5.9,0.01435,253.2,8.0,35.0,50.0,100.0,2.0,218.5,287.94,122.12,117.87,D,D,0.11
171,3.593,5.9,0.01529,329.4,8.0,35.0,50.0,100.0,2.0,218.5,440.21,122.12,122.26,D,C,1.55
171,0.843,5.9,0.01615,227.4,8.0,35.0,50.0,100.0,2.0,218.5,236.32,122.12,121.46,D,D,0.22
171,4.69,5.9,0.02412,180.7,8.0,35.0,50.0,100.0,2.0,167.18,194.28,122.69,118.98,E,D,1.23
171,3.326,5.9,0.02812,198.2,8.0,35.0,50.0,100.0,2.0,167.18,229.21,122.69,124.13,E,D,1.28
171,2.034,5.9,0.0213,303.7,8.0,35.0,50.0,100.0,2.0,167.18,440.21,122.69,122.26,E,C,0.86
171,2.456,5.9,0.02216,201.8,8.0,35.0,50.0,100.0,2.0,167.18,236.32,122.69,121.46,E,D,0.91
171,3.796,5.9,0.01773,194.6,8.0,35.0,50.0,100.0,2.0,194.98,194.28,117.95,118.98,D,D,1.61
171,4.592,5.9,0.01398,241.5,8.0,35.0,50.0,100.0,2.0,194.98,287.94,117.95,117.87,D,D,2.04
171,2.384,5.9,0.02066,251.9,8.0,35.0,50.0,100.0,2.0,194.98,308.88,117.95,116.25,D,D,0.76
171,1.465,5.9,0.01627,241.1,8.0,35.0,50.0,100.0,2.0,194.28,287.94,118.98,117.87,D,D,0.43
171,3.345,5.9,0.02295,251.6,8.0,35.0,50.0,100.0,2.0,194.28,308.88,118.98,116.25,D,D,0.85
171,4.883,5.9,0.01907,337.4,8.0,35.0,50.0,100.0,2.0,194.28,480.58,118.98,116.28,D,C,1.83
171,2.598,5.9,0.01806,215.3,8.0,35.0,50.0,100.0,2.0,194.28,236.32,118.98,121.46,D,D,0.32
171,3.302,5.9,0.0192,298.4,8.0,35.0,50.0,100.0,2.0,287.94,308.88,117.87,116.25,D,D,1.28
171,3.487,5.9,0.01532,384.3,8.0,35.0,50.0,100.0,2.0,287.94,480.58,117.87,116.28,D,C,1.4
171,3.601,5.9,0.01431,262.1,8.0,35.0,50.0,100.0,2.0,287.94,236.32,117.87,121.46,D,D,0.11
171,2.815,5.9,0.01533,509.6,8.0,35.0,50.0,100.0,2.0,480.58,538.69,116.28,113.76,C,C,0.58
171,2.81,5.9,0.01876,509.6,8.0,35.0,50.0,100.0,2.0,480.58,538.69,116.28,113.5,C,C,0.18
171,4.94,5.9,0.01615,684.1,8.0,35.0,50.0,100.0,2.0,480.58,887.68,116.28,115.17,C,B,2.18
171,3.49,5.9,0.02166,488.4,8.0,35.0,50.0,100.0,2.0,538.69,438.13,113.76,110.84,C,C,0.89
171,1.673,5.9,0.01596,538.7,8.0,35.0,50.0,100.0,2.0,538.69,538.69,113.76,113.5,C,C,0.76
171,3.779,5.9,0.01335,713.2,8.0,35.0,50.0,100.0,2.0,538.69,887.68,113.76,115.17,C,B,1.6
171,4.426,5.9,0.02509,488.4,8.0,35.0,50.0,100.0,2.0,438.13,538.69,110.84,113.5,C,C,1.65
171,4.596,5.9,0.02248,662.9,8.0,35.0,50.0,100.0,2.0,438.13,887.68,110.84,115.17,C,B,0.71
171,4.372,5.9,0.01221,468.3,8.0,35.0,50.0,100.0,2.0,363.56,573.04,133.64,130.47,C,C,1.23
171,3.014,5.9,0.01458,474.4,8.0,35.0,50.0,100.0,2.0,375.85,573.04,128.59,130.47,C,C,0.97
171,3.038,5.9,0.01294,389.5,8.0,35.0,50.0,100.0,2.0,375.85,403.17,128.59,125.58,C,C,0.14
171,4.508,5.9,0.01123,474.4,8.0,35.0,50.0,100.0,2.0,375.85,573.04,128.59,124.9,C,C,1.05
171,2.854,5.9,0.01332,396.1,8.0,35.0,50.0,100.0,2.0,375.85,416.34,128.59,130.94,C,C,0.65
171,3.987,5.9,0.01764,291.0,8.0,35.0,50.0,100.0,2.0,375.85,206.24,128.59,130.86,C,D,1.33
171,3.854,5.9,0.01387,623.2,8.0,35.0,50.0,100.0,2.0,816.9,429.49,139.62,137.19,B,C,1.15
171,4.032,5.9,0.01317,494.7,8.0,35.0,50.0,100.0,2.0,573.04,416.34,130.47,130.94,C,C,1.62
171,2.276,5.9,0.00943,488.1,8.0,35.0,50.0,100.0,2.0,403.17,573.04,125.58,124.9,C,C,0.91
171,4.106,5.9,0.00996,503.5,8.0,35.0,50.0,100.0,2.0,433.88,573.04,121.88,124.9,C,C,1.17
171,3.307,5.9,0.01171,847.7,8.0,35.0,50.0,100.0,2.0,807.68,887.68,118.46,115.17,B,B,0.11
171,2.996,5.9,0.0094,847.1,8.0,35.0,50.0,100.0,2.0,1022.77,671.52,140.05,140.94,B,C,1.09
171,4.963,5.9,0.00846,651.4,8.0,35.0,50.0,100.0,2.0,671.52,631.27,140.94,140.12,C,C,1.69
171,2.113,5.9,0.0212,334.7,8.0,35.0,50.0,100.0,2.0,229.21,440.21,124.13,122.26,D,C,0.42
171,2.787,5.9,0.02383,276.8,8.0,35.0,50.0,100.0,2.0,229.21,324.38,124.13,126.8,D,D,0.32
171,4.877,5.9,0.01701,382.3,8.0,35.0,50.0,100.0,2.0,440.21,324.38,122.26,126.8,C,D,0.74
171,4.179,5.9,0.01525,338.3,8.0,35.0,50.0,100.0,2.0,440.21,236.32,122.26,121.46,C,D,1.77
171,1.684,5.9,0.01623,311.3,8.0,35.0,50.0,100.0,2.0,416.34,206.24,130.94,130.86,C,D,0.68
171,4.986,5.9,0.01078,480.2,8.0,35.0,50.0,100.0,2.0,463.88,496.47,111.42,116.23,C,C,0.66
171,3.276,5.9,0.0124,443.1,8.0,35.0,50.0,100.0,2.0,463.88,422.28,111.42,111.88,C,C,1.53
171,4.781,5.9,0.01635,398.1,8.0,35.0,50.0,100.0,2.0,441.58,354.63,110.39,105.82,C,D,0.6
171,4.763,5.9,0.01557,400.4,8.0,35.0,50.0,100.0,2.0,446.15,354.63,108.82,105.82,C,D,1.86
171,4.789,5.9,0.01161,459.4,8.0,35.0,50.0,100.0,2.0,496.47,422.28,116.23,111.88,C,C,0.87
171,2.734,5.9,0.018,579.9,8.0,35.0,50.0,100.0,2.0,569.98,589.85,83.5,82.81,C,C,1.61
171,4.884,5.9,0.02255,447.9,8.0,35.0,50.0,100.0,2.0,406.53,489.22,67.37,70.06,C,C,3.35
171,4.943,5.9,0.04729,329.9,8.0,35.0,50.0,100.0,2.0,297.86,362.03,65.86,63.49,D,C,3.25
171,1.707,5.9,0.02843,534.9,8.0,35.0,50.0,100.0,2.0,578.98,490.88,64.33,65.31,C,C,1.0
171,4.041,5.9,0.02583,546.8,8.0,35.0,50.0,100.0,2.0,551.21,542.41,49.08,45.89,C,C,2.45
171,3.834,5.9,0.02535,477.2,8.0,35.0,50.0,100.0,2.0,551.21,403.2,49.08,45.29,C,C,0.48
171,1.855,5.9,0.02317,553.2,8.0,35.0,50.0,100.0,2.0,551.21,555.23,49.08,47.27,C,C,0.31
171,2.255,5.9,0.02409,543.2,8.0,35.0,50.0,100.0,2.0,551.21,535.13,49.08,47.69,C,C,2.0
171,2.982,5.9,0.02886,446.2,8.0,35.0,50.0,100.0,2.0,542.41,350.06,45.89,43.07,C,D,0.79
171,3.793,5.9,0.02809,498.5,8.0,35.0,50.0,100.0,2.0,542.41,454.55,45.89,43.76,C,C,4.02
171,4.75,5.9,0.02392,501.5,8.0,35.0,50.0,100.0,2.0,542.41,460.69,45.89,41.22,C,C,0.76
171,2.72,5.9,0.02518,472.8,8.0,35.0,50.0,100.0,2.0,542.41,403.2,45.89,45.29,C,C,2.93
171,2.518,5.9,0.023,548.8,8.0,35.0,50.0,100.0,2.0,542.41,555.23,45.89,47.27,C,C,2.14
171,4.914,5.9,0.0264,458.9,8.0,35.0,50.0,100.0,2.0,542.41,375.42,45.89,47.77,C,C,5.33
171,1.937,5.9,0.02392,538.8,8.0,35.0,50.0,100.0,2.0,542.41,535.13,45.89,47.69,C,C,0.45
171,4.075,5.9,0.0313,402.3,8.0,35.0,50.0,100.0,2.0,350.06,454.55,43.07,43.76,D,C,3.23
171,2.356,5.9,0.02712,405.4,8.0,35.0,50.0,100.0,2.0,350.06,460.69,43.07,41.22,D,C,0.03
171,2.667,5.9,0.03642,354.6,8.0,35.0,50.0,100.0,2.0,350.06,359.13,43.07,40.72,D,D,1.71
171,2.846,5.9,0.02838,376.6,8.0,35.0,50.0,100.0,2.0,350.06,403.2,43.07,45.29,D,C,2.14
171,4.409,5.9,0.0262,452.6,8.0,35.0,50.0,100.0,2.0,350.06,555.23,43.07,47.27,D,C,1.35
171,2.838,5.9,0.03204,411.4,8.0,35.0,50.0,100.0,2.0,350.06,472.81,43.07,40.28,D,C,0.26
171,4.664,5.9,0.02712,442.6,8.0,35.0,50.0,100.0,2.0,350.06,535.13,43.07,47.69,D,C,0.34
171,3.646,5.9,0.02636,457.6,8.0,35.0,50.0,100.0,2.0,454.55,460.69,43.76,41.22,C,C,3.26
171,4.285,5.9,0.02884,415.0,8.0,35.0,50.0,100.0,2.0,454.55,375.42,43.76,47.77,C,C,1.31
171,2.676,5.9,0.03148,409.9,8.0,35.0,50.0,100.0,2.0,460.69,359.13,41.22,40.72,C,D,1.74
171,1.527,5.9,0.0271,466.8,8.0,35.0,50.0,100.0,2.0,460.69,472.81,41.22,40.28,C,C,0.23
171,4.651,5.9,0.03274,381.2,8.0,35.0,50.0,100.0,2.0,359.13,403.2,40.72,45.29,D,C,0.43
171,1.504,5.9,0.03639,416.0,8.0,35.0,50.0,100.0,2.0,359.13,472.81,40.72,40.28,D,C,1.97
171,2.081,5.9,0.02252,479.2,8.0,35.0,50.0,100.0,2.0,403.2,555.23,45.29,47.27,C,C,0.79
171,3.124,5.9,0.02344,469.2,8.0,35.0,50.0,100.0,2.0,403.2,535.13,45.29,47.69,C,C,2.48
171,1.477,5.9,0.02126,545.2,8.0,35.0,50.0,100.0,2.0,555.23,535.13,47.27,47.69,C,C,1.69
171,4.645,5.9,0.05378,341.6,8.0,35.0,50.0,100.0,2.0,272.67,410.45,57.18,52.57,D,C,0.44
171,3.337,5.9,0.05594,424.1,8.0,35.0,50.0,100.0,2.0,272.67,575.54,57.18,55.69,D,C,2.91
171,4.864,5.9,0.0306,392.9,8.0,35.0,50.0,100.0,2.0,375.42,410.45,47.77,52.57,C,C,1.08
171,4.037,5.9,0.02712,418.8,8.0,35.0,50.0,100.0,2.0,375.42,462.1,47.77,49.37,C,C,3.97
171,4.64,5.9,0.1487,369.7,8.0,35.0,50.0,100.0,2.0,305.85,433.63,33.48,33.14,D,C,7.52
171,3.384,5.9,0.09505,563.1,8.0,35.0,50.0,100.0,2.0,614.98,511.18,29.18,28.26,C,C,5.67
171,4.87,5.9,0.22623,514.6,8.0,35.0,50.0,100.0,2.0,363.99,665.2,10.41,8.55,C,C,14.0
171,4.968,5.9,0.06657,668.4,8.0,35.0,50.0,100.0,2.0,665.2,671.52,8.55,12.02,C,C,15.01
171,4.399,5.9,0.03622,493.0,8.0,35.0,50.0,100.0,2.0,410.45,575.54,52.57,55.69,C,C,3.35
171,1.666,5.9,0.03902,430.2,8.0,35.0,50.0,100.0,2.0,451.37,409.0,46.81,47.32,C,C,1.71
171,1.987,5.9,0.04142,493.2,8.0,35.0,50.0,100.0,2.0,451.37,535.13,46.81,45.17,C,C,0.97
171,3.432,5.9,0.03817,472.1,8.0,35.0,50.0,100.0,2.0,409.0,535.13,47.32,45.17,C,C,2.68
171,4.856,5.9,0.04722,336.0,8.0,35.0,50.0,100.0,2.0,212.72,459.34,40.55,36.8,D,C,3.17
171,3.547,5.9,0.03349,218.1,8.0,35.0,50.0,100.0,2.0,237.53,198.58,54.13,57.6,D,D,1.07
171,3.365,5.9,0.02147,232.0,8.0,35.0,50.0,100.0,2.0,223.6,240.43,61.38,63.99,D,D,2.01
171,4.651,5.9,0.01137,497.6,8.0,35.0,50.0,100.0,2.0,484.6,510.62,74.49,72.27,C,C,2.76
171,3.317,5.9,0.00808,426.3,8.0,35.0,50.0,100.0,2.0,453.71,398.81,83.69,86.94,C,C,0.13
171,2.825,5.9,0.00532,590.9,8.0,35.0,50.0,100.0,2.0,453.71,728.01,83.69,80.93,C,C,0.12
171,4.059,5.9,0.00553,605.8,8.0,35.0,50.0,100.0,2.0,671.52,539.98,98.83,98.93,C,C,2.16
171,4.75,5.9,0.00565,639.0,8.0,35.0,50.0,100.0,2.0,704.96,573.04,106.03,110.65,C,C,0.41
171,3.904,5.9,0.00632,479.8,8.0,35.0,50.0,100.0,2.0,419.63,539.98,95.81,98.93,C,C,1.22
172,2.648,6.2,0.05531,273.6,7.8,360.0,10.0,80.0,2.0,228.66,318.52,60.01,59.21,D,D,2.12
172,4.306,6.2,0.10107,491.5,7.8,360.0,10.0,80.0,2.0,544.74,438.19,31.79,31.9,C,C,6.25
172,4.05,6.2,0.10943,475.9,7.8,360.0,10.0,80.0,2.0,378.75,573.04,36.99,34.52,C,C,4.09
172,1.296,6.2,0.05937,665.2,7.8,360.0,10.0,80.0,2.0,665.2,665.2,49.82,50.14,C,C,1.28
172,2.549,6.2,0.04977,305.8,7.8,360.0,10.0,80.0,2.0,442.15,169.52,46.23,46.17,C,E,2.7
172,2.667,6.2,0.03199,573.0,7.8,360.0,10.0,80.0,2.0,573.04,573.04,60.55,63.2,C,C,0.06
172,2.27,6.2,0.04694,173.9,7.8,360.0,10.0,80.0,2.0,172.1,175.68,70.43,72.55,E,E,0.54
172,3.774,6.2,0.04869,200.7,7.8,360.0,10.0,80.0,2.0,225.77,175.68,76.22,72.55,D,E,0.61
172,4.435,6.2,0.01826,228.9,7.8,360.0,10.0,80.0,2.0,228.92,228.84,90.5,86.81,D,D,1.42
172,3.935,6.2,0.02018,383.1,7.8,360.0,10.0,80.0,2.0,250.0,516.18,105.5,107.08,D,C,1.84
172,3.24,6.2,0.02034,255.4,7.8,360.0,10.0,80.0,2.0,250.0,260.75,105.5,108.53,D,D,0.53
172,3.926,6.2,0.01672,219.6,7.8,360.0,10.0,80.0,2.0,211.97,227.24,110.86,114.2,D,D,0.95
172,2.822,6.2,0.01633,226.2,7.8,360.0,10.0,80.0,2.0,227.97,224.42,105.02,107.44,D,D,0.75
172,4.831,6.2,0.01492,244.9,7.8,360.0,10.0,80.0,2.0,224.42,265.45,107.44,104.99,D,D,2.07
172,1.399,6.2,0.01451,279.5,7.8,360.0,10.0,80.0,2.0,265.45,293.61,104.99,103.64,D,D,0.21
172,4.608,6.2,0.02065,208.3,7.8,360.0,10.0,80.0,2.0,221.31,195.38,105.78,103.12,D,D,1.93
172,1.419,6.2,0.01632,509.2,7.8,360.0,10.0,80.0,2.0,459.32,559.11,54.82,54.89,C,C,1.36
172,4.216,6.2,0.01375,566.1,7.8,360.0,10.0,80.0,2.0,559.11,573.04,54.89,53.76,C,C,3.84
172,3.146,6.2,0.00916,364.5,7.8,360.0,10.0,80.0,2.0,373.23,355.76,75.68,72.74,C,D,0.87
172,0.693,6.2,0.00711,393.8,7.8,360.0,10.0,80.0,2.0,373.23,414.42,75.68,76.36,C,C,0.08
172,3.051,6.2,0.0091,351.9,7.8,360.0,10.0,80.0,2.0,373.23,330.55,75.68,72.83,C,D,0.68
172,2.768,6.2,0.00838,325.3,7.8,360.0,10.0,80.0,2.0,373.23,277.28,75.68,73.56,C,D,1.2
172,2.082,6.2,0.00821,434.0,7.8,360.0,10.0,80.0,2.0,373.23,494.82,75.68,74.2,C,C,1.0
172,3.151,6.2,0.00758,390.0,7.8,360.0,10.0,80.0,2.0,373.23,406.7,75.68,74.8,C,C,2.19
172,3.316,6.2,0.0069,343.6,7.8,360.0,10.0,80.0,2.0,373.23,313.9,75.68,72.4,C,D,0.39
172,3.826,6.2,0.0086,385.1,7.8,360.0,10.0,80.0,2.0,355.76,414.42,72.74,76.36,D,C,0.95
172,2.092,6.2,0.01059,343.2,7.8,360.0,10.0,80.0,2.0,355.76,330.55,72.74,72.83,D,D,1.55
172,2.902,6.2,0.00987,316.5,7.8,360.0,10.0,80.0,2.0,355.76,277.28,72.74,73.56,D,D,2.07
172,4.037,6.2,0.00823,404.4,7.8,360.0,10.0,80.0,2.0,355.76,453.05,72.74,69.02,D,C,1.03
172,4.366,6.2,0.00783,466.2,7.8,360.0,10.0,80.0,2.0,355.76,576.55,72.74,69.49,D,C,2.07
172,2.892,6.2,0.00969,425.3,7.8,360.0,10.0,80.0,2.0,355.76,494.82,72.74,74.2,D,C,1.87
172,2.816,6.2,0.00907,381.2,7.8,360.0,10.0,80.0,2.0,355.76,406.7,72.74,74.8,D,C,1.32
172,2.22,6.2,0.01151,350.8,7.8,360.0,10.0,80.0,2.0,355.76,345.89,72.74,71.73,D,D,1.49
172,2.857,6.2,0.00997,432.2,7.8,360.0,10.0,80.0,2.0,355.76,508.61,72.74,69.95,D,C,0.49
172,0.746,6.2,0.00839,334.8,7.8,360.0,10.0,80.0,2.0,355.76,313.9,72.74,72.4,D,D,0.48
172,3.681,6.2,0.00854,372.5,7.8,360.0,10.0,80.0,2.0,414.42,330.55,76.36,72.83,C,D,0.6
172,3.285,6.2,0.00781,345.9,7.8,360.0,10.0,80.0,2.0,414.42,277.28,76.36,73.56,C,D,1.12
172,2.573,6.2,0.00764,454.6,7.8,360.0,10.0,80.0,2.0,414.42,494.82,76.36,74.2,C,C,0.92
172,3.498,6.2,0.00702,410.6,7.8,360.0,10.0,80.0,2.0,414.42,406.7,76.36,74.8,C,C,2.27
172,4.009,6.2,0.00634,364.2,7.8,360.0,10.0,80.0,2.0,414.42,313.9,76.36,72.4,C,D,0.47
172,0.998,6.2,0.00981,303.9,7.8,360.0,10.0,80.0,2.0,330.55,277.28,72.83,73.56,D,D,0.52
172,3.869,6.2,0.00817,391.8,7.8,360.0,10.0,80.0,2.0,330.55,453.05,72.83,69.02,D,C,0.52
172,3.475,6.2,0.00777,453.5,7.8,360.0,10.0,80.0,2.0,330.55,576.55,72.83,69.49,D,C,0.52
172,1.427,6.2,0.00964,412.7,7.8,360.0,10.0,80.0,2.0,330.55,494.82,72.83,74.2,D,C,0.32
172,4.483,6.2,0.00901,368.6,7.8,360.0,10.0,80.0,2.0,330.55,406.7,72.83,74.8,D,C,2.87
172,4.995,6.2,0.00816,472.3,7.8,360.0,10.0,80.0,2.0,330.55,614.05,72.83,70.02,D,C,2.99
172,4.199,6.2,0.01145,338.2,7.8,360.0,10.0,80.0,2.0,330.55,345.89,72.83,71.73,D,D,3.04
172,3.886,6.2,0.00991,419.6,7.8,360.0,10.0,80.0,2.0,330.55,508.61,72.83,69.95,D,C,2.04
172,1.483,6.2,0.00833,322.2,7.8,360.0,10.0,80.0,2.0,330.55,313.9,72.83,72.4,D,D,1.07
172,4.712,6.2,0.00745,365.2,7.8,360.0,10.0,80.0,2.0,277.28,453.05,73.56,69.02,D,C,1.04
172,4.101,6.2,0.00704,426.9,7.8,360.0,10.0,80.0,2.0,277.28,576.55,73.56,69.49,D,C,0.0
172,0.717,6.2,0.00891,386.0,7.8,360.0,10.0,80.0,2.0,277.28,494.82,73.56,74.2,D,C,0.2
172,4.897,6.2,0.00828,342.0,7.8,360.0,10.0,80.0,2.0,277.28,406.7,73.56,74.8,D,C,3.39
172,4.968,6.2,0.00743,445.7,7.8,360.0,10.0,80.0,2.0,277.28,614.05,73.56,70.02,D,C,2.47
172,4.883,6.2,0.00919,392.9,7.8,360.0,10.0,80.0,2.0,277.28,508.61,73.56,69.95,D,C,2.56
172,2.405,6.2,0.00761,295.6,7.8,360.0,10.0,80.0,2.0,277.28,313.9,73.56,72.4,D,D,1.59
172,1.405,6.2,0.00541,514.8,7.8,360.0,10.0,80.0,2.0,453.05,576.55,69.02,69.49,C,C,1.04
172,3.213,6.2,0.00568,515.6,7.8,360.0,10.0,80.0,2.0,453.05,578.11,69.02,67.13,C,C,1.96
172,4.614,6.2,0.0058,533.5,7.8,360.0,10.0,80.0,2.0,453.05,614.05,69.02,70.02,C,C,3.51
172,4.382,6.2,0.00909,399.5,7.8,360.0,10.0,80.0,2.0,453.05,345.89,69.02,71.73,C,D,2.52
172,2.22,6.2,0.00755,480.8,7.8,360.0,10.0,80.0,2.0,453.05,508.61,69.02,69.95,C,C,1.52
172,3.513,6.2,0.00598,383.5,7.8,360.0,10.0,80.0,2.0,453.05,313.9,69.02,72.4,C,D,0.55
172,2.699,6.2,0.00528,577.3,7.8,360.0,10.0,80.0,2.0,576.55,578.11,69.49,67.13,C,C,0.92
172,4.769,6.2,0.00687,535.7,7.8,360.0,10.0,80.0,2.0,576.55,494.82,69.49,74.2,C,C,0.2
172,3.229,6.2,0.00539,595.3,7.8,360.0,10.0,80.0,2.0,576.55,614.05,69.49,70.02,C,C,2.47
172,3.388,6.2,0.00715,542.6,7.8,360.0,10.0,80.0,2.0,576.55,508.61,69.49,69.95,C,C,2.56
172,3.689,6.2,0.00557,445.2,7.8,360.0,10.0,80.0,2.0,576.55,313.9,69.49,72.4,C,D,1.59
172,3.439,6.2,0.00567,596.1,7.8,360.0,10.0,80.0,2.0,578.11,614.05,67.13,70.02,C,C,1.55
172,4.486,6.2,0.00811,450.8,7.8,360.0,10.0,80.0,2.0,494.82,406.7,74.2,74.8,C,C,3.19
172,2.559,6.2,0.00744,404.4,7.8,360.0,10.0,80.0,2.0,494.82,313.9,74.2,72.4,C,D,1.39
172,3.563,6.2,0.00463,609.3,7.8,360.0,10.0,80.0,2.0,626.43,592.18,55.54,57.16,C,C,1.96
172,4.74,6.2,0.00907,526.0,7.8,360.0,10.0,80.0,2.0,567.64,484.45,97.42,100.41,C,C,1.98
172,2.827,6.2,0.00497,555.9,7.8,360.0,10.0,80.0,2.0,494.32,617.52,84.32,81.54,C,C,0.23
172,3.536,6.2,0.00531,582.9,7.8,360.0,10.0,80.0,2.0,494.32,671.52,84.32,81.0,C,C,0.81
172,4.331,6.2,0.00633,422.2,7.8,360.0,10.0,80.0,2.0,437.8,406.7,74.96,74.8,C,C,3.09
172,3.097,6.2,0.00993,376.3,7.8,360.0,10.0,80.0,2.0,406.7,345.89,74.8,71.73,C,D,0.17
172,3.527,6.2,0.00681,360.3,7.8,360.0,10.0,80.0,2.0,406.7,313.9,74.8,72.4,C,D,1.8
172,4.94,6.2,0.00583,597.2,7.8,360.0,10.0,80.0,2.0,592.18,602.29,57.16,61.54,C,C,1.75
172,3.41,6.2,0.01089,625.3,7.8,360.0,10.0,80.0,2.0,573.04,677.49,53.76,56.0,C,C,2.65
172,4.808,6.2,0.00892,572.9,7.8,360.0,10.0,80.0,2.0,503.04,642.73,56.96,57.38,C,C,4.33
172,4.11,6.2,0.01197,556.2,7.8,360.0,10.0,80.0,2.0,469.64,642.73,61.1,57.38,C,C,1.56
172,1.66,6.2,0.00588,644.5,7.8,360.0,10.0,80.0,2.0,617.52,671.52,81.54,81.0,C,C,1.04
172,2.274,6.2,0.01083,427.2,7.8,360.0,10.0,80.0,2.0,345.89,508.61,71.73,69.95,D,C,1.0
172,2.717,6.2,0.00925,329.9,7.8,360.0,10.0,80.0,2.0,345.89,313.9,71.73,72.4,D,D,1.97
172,2.741,6.2,0.00771,411.3,7.8,360.0,10.0,80.0,2.0,508.61,313.9,69.95,72.4,C,D,0.97
172,4.831,6.2,0.00848,324.5,7.8,360.0,10.0,80.0,2.0,440.5,208.56,67.16,62.37,C,D,0.48
172,2.147,6.2,0.00917,204.8,7.8,360.0,10.0,80.0,2.0,199.48,210.17,129.92,130.07,D,D,0.9
172,4.986,6.2,0.00995,199.5,7.8,360.0,10.0,80.0,2.0,199.48,199.59,129.92,134.9,D,D,0.04
172,1.804,6.2,0.00681,468.1,7.8,360.0,10.0,80.0,2.0,447.51,488.61,114.6,114.05,C,C,0.82
172,3.222,6.2,0.00933,464.3,7.8,360.0,10.0,80.0,2.0,447.51,481.17,114.6,111.41,C,C,0.21
172,3.4,6.2,0.00817,484.9,7.8,360.0,10.0,80.0,2.0,488.61,481.17,114.05,111.41,C,C,1.03
172,4.158,6.2,0.01174,230.1,7.8,360.0,10.0,80.0,2.0,215.36,244.84,120.31,122.36,D,D,1.59
172,1.673,6.2,0.00742,538.7,7.8,360.0,10.0,80.0,2.0,538.69,538.69,139.08,138.73,C,C,0.64
172,3.904,6.2,0.01298,386.3,7.8,360.0,10.0,80.0,2.0,426.0,346.56,101.36,99.73,C,D,1.91
172,4.454,6.2,0.00735,494.6,7.8,360.0,10.0,80.0,2.0,558.76,430.47,104.52,106.54,C,C,2.11
172,4.423,6.2,0.00752,574.3,7.8,360.0,10.0,80.0,2.0,558.76,589.85,104.52,103.83,C,C,2.31
172,2.734,6.2,0.0077,579.9,7.8,360.0,10.0,80.0,2.0,569.98,589.85,104.94,103.83,C,C,1.29
172,4.884,6.2,0.01581,447.9,7.8,360.0,10.0,80.0,2.0,406.53,489.22,79.21,79.9,C,C,3.24
172,4.692,6.2,0.01742,448.7,7.8,360.0,10.0,80.0,2.0,356.77,540.66,75.18,71.68,D,C,2.48
172,3.543,6.2,0.01851,467.9,7.8,360.0,10.0,80.0,2.0,356.77,578.98,75.18,78.63,D,C,0.39
172,4.929,6.2,0.01357,423.8,7.8,360.0,10.0,80.0,2.0,356.77,490.88,75.18,80.09,D,C,0.27
172,4.943,6.2,0.02201,329.9,7.8,360.0,10.0,80.0,2.0,297.86,362.03,72.73,68.56,D,C,2.2
172,1.707,6.2,0.01617,534.9,7.8,360.0,10.0,80.0,2.0,578.98,490.88,78.63,80.09,C,C,0.66
172,4.041,6.2,0.0285,546.8,7.8,360.0,10.0,80.0,2.0,551.21,542.41,42.15,40.58,C,C,4.29
172,3.834,6.2,0.03422,477.2,7.8,360.0,10.0,80.0,2.0,551.21,403.2,42.15,38.72,C,C,1.64
172,1.855,6.2,0.02823,553.2,7.8,360.0,10.0,80.0,2.0,551.21,555.23,42.15,40.72,C,C,1.25
172,2.255,6.2,0.0283,543.2,7.8,360.0,10.0,80.0,2.0,551.21,535.13,42.15,41.76,C,C,2.58
172,4.416,6.2,0.03395,418.7,7.8,360.0,10.0,80.0,2.0,487.27,350.06,38.47,37.74,C,D,5.74
172,2.704,6.2,0.03029,470.9,7.8,360.0,10.0,80.0,2.0,487.27,454.55,38.47,40.6,C,C,1.76
172,2.509,6.2,0.03299,474.0,7.8,360.0,10.0,80.0,2.0,487.27,460.69,38.47,37.04,C,C,2.89
172,3.787,6.2,0.03744,480.0,7.8,360.0,10.0,80.0,2.0,487.27,472.81,38.47,35.59,C,C,3.63
172,2.982,6.2,0.0324,446.2,7.8,360.0,10.0,80.0,2.0,542.41,350.06,40.58,37.74,C,D,0.66
172,3.793,6.2,0.02874,498.5,7.8,360.0,10.0,80.0,2.0,542.41,454.55,40.58,40.6,C,C,4.64
172,4.75,6.2,0.03143,501.5,7.8,360.0,10.0,80.0,2.0,542.41,460.69,40.58,37.04,C,C,3.51
172,2.72,6.2,0.03233,472.8,7.8,360.0,10.0,80.0,2.0,542.41,403.2,40.58,38.72,C,C,2.65
172,2.518,6.2,0.02633,548.8,7.8,360.0,10.0,80.0,2.0,542.41,555.23,40.58,40.72,C,C,3.04
172,4.914,6.2,0.02362,458.9,7.8,360.0,10.0,80.0,2.0,542.41,375.42,40.58,44.64,C,C,3.59
172,1.937,6.2,0.02641,538.8,7.8,360.0,10.0,80.0,2.0,542.41,535.13,40.58,41.76,C,C,1.71
172,4.075,6.2,0.03453,402.3,7.8,360.0,10.0,80.0,2.0,350.06,454.55,37.74,40.6,D,C,3.98
172,2.356,6.2,0.03723,405.4,7.8,360.0,10.0,80.0,2.0,350.06,460.69,37.74,37.04,D,C,2.85
172,2.846,6.2,0.03812,376.6,7.8,360.0,10.0,80.0,2.0,350.06,403.2,37.74,38.72,D,C,3.31
172,4.409,6.2,0.03213,452.6,7.8,360.0,10.0,80.0,2.0,350.06,555.23,37.74,40.72,D,C,3.7
172,2.838,6.2,0.04168,411.4,7.8,360.0,10.0,80.0,2.0,350.06,472.81,37.74,35.59,D,C,2.11
172,4.664,6.2,0.0322,442.6,7.8,360.0,10.0,80.0,2.0,350.06,535.13,37.74,41.76,D,C,2.37
172,3.646,6.2,0.03357,457.6,7.8,360.0,10.0,80.0,2.0,454.55,460.69,40.6,37.04,C,C,1.13
172,4.285,6.2,0.02576,415.0,7.8,360.0,10.0,80.0,2.0,454.55,375.42,40.6,44.64,C,C,1.05
172,1.527,6.2,0.04072,466.8,7.8,360.0,10.0,80.0,2.0,460.69,472.81,37.04,35.59,C,C,0.74
172,2.081,6.2,0.03206,479.2,7.8,360.0,10.0,80.0,2.0,403.2,555.23,38.72,40.72,C,C,0.39
172,3.124,6.2,0.03213,469.2,7.8,360.0,10.0,80.0,2.0,403.2,535.13,38.72,41.76,C,C,0.94
172,1.477,6.2,0.02614,545.2,7.8,360.0,10.0,80.0,2.0,555.23,535.13,40.72,41.76,C,C,1.33
172,4.645,6.2,0.03524,341.6,7.8,360.0,10.0,80.0,2.0,272.67,410.45,52.24,48.31,D,C,2.18
172,3.337,6.2,0.04031,424.1,7.8,360.0,10.0,80.0,2.0,272.67,575.54,52.24,49.54,D,C,2.1
172,4.864,6.2,0.01889,392.9,7.8,360.0,10.0,80.0,2.0,375.42,410.45,44.64,48.31,C,C,3.08
172,4.037,6.2,0.01968,418.8,7.8,360.0,10.0,80.0,2.0,375.42,462.1,44.64,48.12,C,C,2.5
172,4.64,6.2,0.2539,369.7,7.8,360.0,10.0,80.0,2.0,305.85,433.63,26.05,28.46,D,C,7.35
172,3.384,6.2,0.53377,563.1,7.8,360.0,10.0,80.0,2.0,614.98,511.18,14.66,12.83,C,C,7.24
172,4.87,6.2,0.21377,514.6,7.8,360.0,10.0,80.0,2.0,363.99,665.2,8.48,9.32,C,C,21.92
172,4.968,6.2,0.10236,668.4,7.8,360.0,10.0,80.0,2.0,665.2,671.52,9.32,9.81,C,C,28.33
172,4.399,6.2,0.02221,493.0,7.8,360.0,10.0,80.0,2.0,410.45,575.54,48.31,49.54,C,C,4.28
172,1.666,6.2,0.06499,430.2,7.8,360.0,10.0,80.0,2.0,451.37,409.0,35.93,35.9,C,C,2.23
172,1.987,6.2,0.07296,493.2,7.8,360.0,10.0,80.0,2.0,451.37,535.13,35.93,34.76,C,C,2.08
172,3.432,6.2,0.08349,472.1,7.8,360.0,10.0,80.0,2.0,409.0,535.13,35.9,34.76,C,C,4.31
172,3.365,6.2,0.03652,232.0,7.8,360.0,10.0,80.0,2.0,223.6,240.43,45.66,48.52,D,D,1.68
172,4.651,6.2,0.0104,497.6,7.8,360.0,10.0,80.0,2.0,484.6,510.62,75.06,73.73,C,C,3.14
172,3.297,6.2,0.00587,312.6,7.8,360.0,10.0,80.0,2.0,313.96,311.34,115.77,116.08,D,D,1.55
172,2.25,6.2,0.00521,301.1,7.8,360.0,10.0,80.0,2.0,313.96,288.3,115.77,113.64,D,D,0.3
172,3.533,6.2,0.00558,299.8,7.8,360.0,10.0,80.0,2.0,311.34,288.3,116.08,113.64,D,D,1.25
172,4.841,6.2,0.00619,342.4,7.8,360.0,10.0,80.0,2.0,311.34,373.54,116.08,111.9,D,C,1.1
172,4.844,6.2,0.00596,573.0,7.8,360.0,10.0,80.0,2.0,573.04,573.04,106.5,102.09,C,C,1.1
172,2.051,6.2,0.00694,501.0,7.8,360.0,10.0,80.0,2.0,573.04,428.95,106.5,108.16,C,C,0.58
172,4.968,6.2,0.00432,594.6,7.8,360.0,10.0,80.0,2.0,573.04,616.17,106.5,110.78,C,C,1.32
172,3.317,6.2,0.00752,426.3,7.8,360.0,10.0,80.0,2.0,453.71,398.81,77.85,81.03,C,C,0.63
172,2.825,6.2,0.00517,590.9,7.8,360.0,10.0,80.0,2.0,453.71,728.01,77.85,75.07,C,C,0.32
172,4.059,6.2,0.00581,605.8,7.8,360.0,10.0,80.0,2.0,671.52,539.98,90.79,91.51,C,C,2.34
172,4.75,6.2,0.00715,639.0,7.8,360.0,10.0,80.0,2.0,704.96,573.04,97.36,102.09,C,C,0.05
172,4.562,6.2,0.00646,522.6,7.8,360.0,10.0,80.0,2.0,428.95,616.17,108.16,110.78,C,C,1.9
172,3.884,6.2,0.0076,401.2,7.8,360.0,10.0,80.0,2.0,428.95,373.54,108.16,111.9,C,C,0.56
172,2.987,6.2,0.00499,494.9,7.8,360.0,10.0,80.0,2.0,616.17,373.54,110.78,111.9,C,C,1.34
172,3.904,6.2,0.0067,479.8,7.8,360.0,10.0,80.0,2.0,419.63,539.98,88.76,91.51,C,C,1.69
173,2.648,6.2,0.08643,273.6,18.0,330.0,89.0,15.0,0.0,228.66,318.52,50.04,48.41,D,D,2.53
173,3.834,6.2,0.0589,265.6,18.0,330.0,89.0,15.0,0.0,277.5,253.72,29.23,33.05,D,D,1.17
173,4.306,6.2,0.08748,491.5,18.0,330.0,89.0,15.0,0.0,544.74,438.19,25.79,24.62,C,C,7.2
173,4.126,6.2,0.08623,218.9,18.0,330.0,89.0,15.0,0.0,204.71,233.14,30.5,30.85,D,D,6.66
173,3.018,6.2,0.06425,214.0,18.0,330.0,89.0,15.0,0.0,204.71,223.24,30.5,31.5,D,D,4.06
173,4.05,6.2,0.1103,475.9,18.0,330.0,89.0,15.0,0.0,378.75,573.04,28.49,25.06,C,C,2.99
173,1.296,6.2,0.10321,665.2,18.0,330.0,89.0,15.0,0.0,665.2,665.2,34.13,33.66,C,C,2.06
173,2.549,6.2,0.12142,305.8,18.0,330.0,89.0,15.0,0.0,442.15,169.52,38.14,38.62,C,E,3.44
173,2.667,6.2,0.03893,573.0,18.0,330.0,89.0,15.0,0.0,573.04,573.04,45.35,47.71,C,C,0.7
173,2.27,6.2,0.04286,173.9,18.0,330.0,89.0,15.0,0.0,172.1,175.68,61.12,63.38,E,E,0.22
173,3.774,6.2,0.03835,200.7,18.0,330.0,89.0,15.0,0.0,225.77,175.68,66.7,63.38,D,E,1.45
173,4.574,6.2,0.02974,225.3,18.0,330.0,89.0,15.0,0.0,191.09,259.43,86.35,90.39,D,D,1.26
173,4.435,6.2,0.02574,228.9,18.0,330.0,89.0,15.0,0.0,228.92,228.84,77.7,73.39,D,D,1.31
173,3.935,6.2,0.02729,383.1,18.0,330.0,89.0,15.0,0.0,250.0,516.18,85.87,86.55,D,C,2.35
173,3.24,6.2,0.02844,255.4,18.0,330.0,89.0,15.0,0.0,250.0,260.75,85.87,89.09,D,D,0.48
173,3.926,6.2,0.01662,219.6,18.0,330.0,89.0,15.0,0.0,211.97,227.24,94.29,98.04,D,D,0.93
173,2.822,6.2,0.02298,226.2,18.0,330.0,89.0,15.0,0.0,227.97,224.42,90.44,92.39,D,D,1.08
173,4.831,6.2,0.01817,244.9,18.0,330.0,89.0,15.0,0.0,224.42,265.45,92.39,88.92,D,D,2.32
173,1.399,6.2,0.01697,279.5,18.0,330.0,89.0,15.0,0.0,265.45,293.61,88.92,87.72,D,D,0.35
173,4.945,6.2,0.04947,238.4,18.0,330.0,89.0,15.0,0.0,253.72,223.04,33.05,36.51,D,D,4.22
173,4.608,6.2,0.03142,208.3,18.0,330.0,89.0,15.0,0.0,221.31,195.38,93.33,91.83,D,D,2.51
173,1.419,6.2,0.02808,509.2,18.0,330.0,89.0,15.0,0.0,459.32,559.11,57.4,58.16,C,C,1.25
173,4.216,6.2,0.02107,566.1,18.0,330.0,89.0,15.0,0.0,559.11,573.04,58.16,59.16,C,C,3.93
173,0.54,6.2,0.00778,366.0,18.0,330.0,89.0,15.0,0.0,358.72,373.23,92.18,92.37,D,C,0.31
173,3.337,6.2,0.00964,357.2,18.0,330.0,89.0,15.0,0.0,358.72,355.76,92.18,89.86,D,D,1.49
173,2.881,6.2,0.00898,344.6,18.0,330.0,89.0,15.0,0.0,358.72,330.55,92.18,89.32,D,D,0.19
173,2.438,6.2,0.00887,318.0,18.0,330.0,89.0,15.0,0.0,358.72,277.28,92.18,89.79,D,D,0.37
173,1.725,6.2,0.01051,426.8,18.0,330.0,89.0,15.0,0.0,358.72,494.82,92.18,90.5,D,C,0.3
173,3.661,6.2,0.00887,382.7,18.0,330.0,89.0,15.0,0.0,358.72,406.7,92.18,92.39,D,C,1.42
173,3.39,6.2,0.00672,336.3,18.0,330.0,89.0,15.0,0.0,358.72,313.9,92.18,89.35,D,D,1.14
173,3.146,6.2,0.01072,364.5,18.0,330.0,89.0,15.0,0.0,373.23,355.76,92.37,89.86,C,D,1.18
173,3.051,6.2,0.01007,351.9,18.0,330.0,89.0,15.0,0.0,373.23,330.55,92.37,89.32,C,D,0.12
173,2.768,6.2,0.00996,325.3,18.0,330.0,89.0,15.0,0.0,373.23,277.28,92.37,89.79,C,D,0.68
173,2.082,6.2,0.0116,434.0,18.0,330.0,89.0,15.0,0.0,373.23,494.82,92.37,90.5,C,C,0.61
173,3.151,6.2,0.00996,390.0,18.0,330.0,89.0,15.0,0.0,373.23,406.7,92.37,92.39,C,C,1.11
173,3.316,6.2,0.00781,343.6,18.0,330.0,89.0,15.0,0.0,373.23,313.9,92.37,89.35,C,D,0.83
173,2.092,6.2,0.01193,343.2,18.0,330.0,89.0,15.0,0.0,355.76,330.55,89.86,89.32,D,D,1.3
173,2.902,6.2,0.01181,316.5,18.0,330.0,89.0,15.0,0.0,355.76,277.28,89.86,89.79,D,D,1.86
173,4.037,6.2,0.00968,404.4,18.0,330.0,89.0,15.0,0.0,355.76,453.05,89.86,85.84,D,C,0.24
173,4.366,6.2,0.00931,466.2,18.0,330.0,89.0,15.0,0.0,355.76,576.55,89.86,85.85,D,C,1.18
173,2.892,6.2,0.01345,425.3,18.0,330.0,89.0,15.0,0.0,355.76,494.82,89.86,90.5,D,C,1.79
173,2.816,6.2,0.01181,381.2,18.0,330.0,89.0,15.0,0.0,355.76,406.7,89.86,92.39,D,C,0.07
173,2.22,6.2,0.01402,350.8,18.0,330.0,89.0,15.0,0.0,355.76,345.89,89.86,89.43,D,D,0.68
173,2.857,6.2,0.0117,432.2,18.0,330.0,89.0,15.0,0.0,355.76,508.61,89.86,87.33,D,C,0.14
173,0.746,6.2,0.00966,334.8,18.0,330.0,89.0,15.0,0.0,355.76,313.9,89.86,89.35,D,D,0.35
173,0.998,6.2,0.01116,303.9,18.0,330.0,89.0,15.0,0.0,330.55,277.28,89.32,89.79,D,D,0.56
173,3.869,6.2,0.00903,391.8,18.0,330.0,89.0,15.0,0.0,330.55,453.05,89.32,85.84,D,C,1.06
173,3.475,6.2,0.00866,453.5,18.0,330.0,89.0,15.0,0.0,330.55,576.55,89.32,85.85,D,C,0.12
173,1.427,6.2,0.0128,412.7,18.0,330.0,89.0,15.0,0.0,330.55,494.82,89.32,90.5,D,C,0.49
173,4.483,6.2,0.01116,368.6,18.0,330.0,89.0,15.0,0.0,330.55,406.7,89.32,92.39,D,C,1.23
173,4.995,6.2,0.0092,472.3,18.0,330.0,89.0,15.0,0.0,330.55,614.05,89.32,85.24,D,C,2.03
173,4.199,6.2,0.01337,338.2,18.0,330.0,89.0,15.0,0.0,330.55,345.89,89.32,89.43,D,D,0.62
173,3.886,6.2,0.01105,419.6,18.0,330.0,89.0,15.0,0.0,330.55,508.61,89.32,87.33,D,C,1.16
173,1.483,6.2,0.00901,322.2,18.0,330.0,89.0,15.0,0.0,330.55,313.9,89.32,89.35,D,D,0.95
173,4.712,6.2,0.00892,365.2,18.0,330.0,89.0,15.0,0.0,277.28,453.05,89.79,85.84,D,C,1.62
173,4.101,6.2,0.00855,426.9,18.0,330.0,89.0,15.0,0.0,277.28,576.55,89.79,85.85,D,C,0.68
173,0.717,6.2,0.01269,386.0,18.0,330.0,89.0,15.0,0.0,277.28,494.82,89.79,90.5,D,C,0.07
173,4.897,6.2,0.01105,342.0,18.0,330.0,89.0,15.0,0.0,277.28,406.7,89.79,92.39,D,C,1.79
173,4.968,6.2,0.00908,445.7,18.0,330.0,89.0,15.0,0.0,277.28,614.05,89.79,85.24,D,C,1.47
173,4.883,6.2,0.01094,392.9,18.0,330.0,89.0,15.0,0.0,277.28,508.61,89.79,87.33,D,C,1.72
173,2.405,6.2,0.00889,295.6,18.0,330.0,89.0,15.0,0.0,277.28,313.9,89.79,89.35,D,D,1.51
173,1.405,6.2,0.00642,514.8,18.0,330.0,89.0,15.0,0.0,453.05,576.55,85.84,85.85,C,C,0.94
173,3.213,6.2,0.00671,515.6,18.0,330.0,89.0,15.0,0.0,453.05,578.11,85.84,83.19,C,C,1.27
173,4.614,6.2,0.00696,533.5,18.0,330.0,89.0,15.0,0.0,453.05,614.05,85.84,85.24,C,C,3.09
173,4.382,6.2,0.01112,399.5,18.0,330.0,89.0,15.0,0.0,453.05,345.89,85.84,89.43,C,D,0.44
173,2.22,6.2,0.00881,480.8,18.0,330.0,89.0,15.0,0.0,453.05,508.61,85.84,87.33,C,C,0.1
173,3.513,6.2,0.00677,383.5,18.0,330.0,89.0,15.0,0.0,453.05,313.9,85.84,89.35,C,D,0.11
173,2.699,6.2,0.00634,577.3,18.0,330.0,89.0,15.0,0.0,576.55,578.11,85.85,83.19,C,C,0.33
173,4.769,6.2,0.01019,535.7,18.0,330.0,89.0,15.0,0.0,576.55,494.82,85.85,90.5,C,C,0.61
173,3.229,6.2,0.00659,595.3,18.0,330.0,89.0,15.0,0.0,576.55,614.05,85.85,85.24,C,C,2.15
173,3.388,6.2,0.00844,542.6,18.0,330.0,89.0,15.0,0.0,576.55,508.61,85.85,87.33,C,C,1.04
173,3.689,6.2,0.0064,445.2,18.0,330.0,89.0,15.0,0.0,576.55,313.9,85.85,89.35,C,D,0.83
173,3.439,6.2,0.00688,596.1,18.0,330.0,89.0,15.0,0.0,578.11,614.05,83.19,85.24,C,C,1.82
173,4.486,6.2,0.01269,450.8,18.0,330.0,89.0,15.0,0.0,494.82,406.7,90.5,92.39,C,C,1.72
173,2.559,6.2,0.01053,404.4,18.0,330.0,89.0,15.0,0.0,494.82,313.9,90.5,89.35,C,D,1.44
173,3.563,6.2,0.00835,609.3,18.0,330.0,89.0,15.0,0.0,626.43,592.18,66.28,66.14,C,C,3.02
173,4.836,6.2,0.01747,520.6,18.0,330.0,89.0,15.0,0.0,671.52,369.75,45.83,50.39,C,C,0.97
173,2.827,6.2,0.00678,555.9,18.0,330.0,89.0,15.0,0.0,494.32,617.52,104.31,101.49,C,C,0.1
173,3.536,6.2,0.00594,582.9,18.0,330.0,89.0,15.0,0.0,494.32,671.52,104.31,101.15,C,C,1.03
173,3.448,6.2,0.00663,537.5,18.0,330.0,89.0,15.0,0.0,457.49,617.52,99.32,101.49,C,C,1.41
173,4.661,6.2,0.00578,564.5,18.0,330.0,89.0,15.0,0.0,457.49,671.52,99.32,101.15,C,C,2.34
173,4.331,6.2,0.00903,422.2,18.0,330.0,89.0,15.0,0.0,437.8,406.7,93.56,92.39,C,C,2.55
173,3.097,6.2,0.01325,376.3,18.0,330.0,89.0,15.0,0.0,406.7,345.89,92.39,89.43,C,D,0.61
173,3.527,6.2,0.00889,360.3,18.0,330.0,89.0,15.0,0.0,406.7,313.9,92.39,89.35,C,D,0.28
173,4.94,6.2,0.01188,597.2,18.0,330.0,89.0,15.0,0.0,592.18,602.29,66.14,69.09,C,C,2.79
173,3.41,6.2,0.01879,625.3,18.0,330.0,89.0,15.0,0.0,573.04,677.49,59.16,62.36,C,C,1.62
173,4.808,6.2,0.01609,572.9,18.0,330.0,89.0,15.0,0.0,503.04,642.73,49.83,47.75,C,C,4.73
173,4.11,6.2,0.02233,556.2,18.0,330.0,89.0,15.0,0.0,469.64,642.73,51.84,47.75,C,C,0.33
173,1.66,6.2,0.0066,644.5,18.0,330.0,89.0,15.0,0.0,617.52,671.52,101.49,101.15,C,C,0.93
173,2.274,6.2,0.01314,427.2,18.0,330.0,89.0,15.0,0.0,345.89,508.61,89.43,87.33,D,C,0.54
173,2.717,6.2,0.0111,329.9,18.0,330.0,89.0,15.0,0.0,345.89,313.9,89.43,89.35,D,D,0.33
173,2.741,6.2,0.00879,411.3,18.0,330.0,89.0,15.0,0.0,508.61,313.9,87.33,89.35,C,D,0.21
173,4.831,6.2,0.01577,324.5,18.0,330.0,89.0,15.0,0.0,440.5,208.56,79.58,75.44,C,D,1.45
173,2.812,6.2,0.01134,580.3,18.0,330.0,89.0,15.0,0.0,913.77,246.84,116.18,115.1,B,D,1.26
173,2.751,6.2,0.00961,184.3,18.0,330.0,89.0,15.0,0.0,218.49,150.18,116.5,119.22,D,E,0.09
173,2.589,6.2,0.00966,248.0,18.0,330.0,89.0,15.0,0.0,218.49,277.57,116.5,117.2,D,D,1.12
173,4.97,6.2,0.01155,232.7,18.0,330.0,89.0,15.0,0.0,218.49,246.84,116.5,115.1,D,D,2.16
173,2.501,6.2,0.00942,247.3,18.0,330.0,89.0,15.0,0.0,218.49,276.11,116.5,114.7,D,D,0.74
173,2.06,6.2,0.01188,288.4,18.0,330.0,89.0,15.0,0.0,290.86,285.94,109.07,110.27,D,D,0.77
173,2.958,6.2,0.0124,262.0,18.0,330.0,89.0,15.0,0.0,290.86,233.21,109.07,109.5,D,D,1.46
173,3.937,6.2,0.01114,260.3,18.0,330.0,89.0,15.0,0.0,290.86,229.66,109.07,110.72,D,D,1.82
173,4.686,6.2,0.01391,259.6,18.0,330.0,89.0,15.0,0.0,285.94,233.21,110.27,109.5,D,D,2.23
173,1.375,6.2,0.01317,231.4,18.0,330.0,89.0,15.0,0.0,233.21,229.66,109.5,110.72,D,D,0.36
173,2.858,6.2,0.0131,230.3,18.0,330.0,89.0,15.0,0.0,233.21,227.46,109.5,111.81,D,D,0.92
173,3.609,6.2,0.01098,237.3,18.0,330.0,89.0,15.0,0.0,284.78,189.91,121.42,123.63,D,D,1.18
173,2.409,6.2,0.01536,198.1,18.0,330.0,89.0,15.0,0.0,194.13,202.14,114.91,112.95,D,D,0.58
173,2.906,6.2,0.01063,213.9,18.0,330.0,89.0,15.0,0.0,150.18,277.57,119.22,117.2,E,D,1.03
173,4.901,6.2,0.01045,276.8,18.0,330.0,89.0,15.0,0.0,277.57,276.11,117.2,114.7,D,D,1.86
173,4.678,6.2,0.01319,238.2,18.0,330.0,89.0,15.0,0.0,229.66,246.84,110.72,115.1,D,D,0.98
173,4.184,6.2,0.01106,252.9,18.0,330.0,89.0,15.0,0.0,229.66,276.11,110.72,114.7,D,D,0.44
173,1.515,6.2,0.01184,228.6,18.0,330.0,89.0,15.0,0.0,229.66,227.46,110.72,111.81,D,D,0.56
173,3.025,6.2,0.01234,261.5,18.0,330.0,89.0,15.0,0.0,246.84,276.11,115.1,114.7,D,D,1.42
173,3.341,6.2,0.01312,237.2,18.0,330.0,89.0,15.0,0.0,246.84,227.46,115.1,111.81,D,D,0.42
173,3.743,6.2,0.01099,251.8,18.0,330.0,89.0,15.0,0.0,276.11,227.46,114.7,111.81,D,D,1.0
173,4.884,6.2,0.01612,447.9,18.0,330.0,89.0,15.0,0.0,406.53,489.22,99.09,99.63,C,C,2.58
173,4.943,6.2,0.01622,329.9,18.0,330.0,89.0,15.0,0.0,297.86,362.03,92.22,87.88,D,C,1.48
173,1.707,6.2,0.01665,534.9,18.0,330.0,89.0,15.0,0.0,578.98,490.88,98.6,100.1,C,C,0.48
173,4.041,6.2,0.01743,546.8,18.0,330.0,89.0,15.0,0.0,551.21,542.41,59.77,58.82,C,C,3.28
173,3.834,6.2,0.01521,477.2,18.0,330.0,89.0,15.0,0.0,551.21,403.2,59.77,56.64,C,C,1.8
173,1.855,6.2,0.01381,553.2,18.0,330.0,89.0,15.0,0.0,551.21,555.23,59.77,58.55,C,C,1.14
173,2.255,6.2,0.01375,543.2,18.0,330.0,89.0,15.0,0.0,551.21,535.13,59.77,59.76,C,C,1.89
173,4.416,6.2,0.01408,418.7,18.0,330.0,89.0,15.0,0.0,487.27,350.06,57.43,56.1,C,D,3.75
173,2.704,6.2,0.01067,470.9,18.0,330.0,89.0,15.0,0.0,487.27,454.55,57.43,59.38,C,C,1.52
173,2.509,6.2,0.01223,474.0,18.0,330.0,89.0,15.0,0.0,487.27,460.69,57.43,55.73,C,C,1.7
173,3.787,6.2,0.0139,480.0,18.0,330.0,89.0,15.0,0.0,487.27,472.81,57.43,54.21,C,C,1.93
173,2.982,6.2,0.01837,446.2,18.0,330.0,89.0,15.0,0.0,542.41,350.06,58.82,56.1,C,D,0.97
173,3.793,6.2,0.01496,498.5,18.0,330.0,89.0,15.0,0.0,542.41,454.55,58.82,59.38,C,C,3.2
173,4.75,6.2,0.01652,501.5,18.0,330.0,89.0,15.0,0.0,542.41,460.69,58.82,55.73,C,C,3.02
173,2.72,6.2,0.01817,472.8,18.0,330.0,89.0,15.0,0.0,542.41,403.2,58.82,56.64,C,C,1.48
173,2.518,6.2,0.01677,548.8,18.0,330.0,89.0,15.0,0.0,542.41,555.23,58.82,58.55,C,C,2.14
173,4.914,6.2,0.01541,458.9,18.0,330.0,89.0,15.0,0.0,542.41,375.42,58.82,63.27,C,C,1.87
173,1.937,6.2,0.01671,538.8,18.0,330.0,89.0,15.0,0.0,542.41,535.13,58.82,59.76,C,C,1.39
173,4.075,6.2,0.01293,402.3,18.0,330.0,89.0,15.0,0.0,350.06,454.55,56.1,59.38,D,C,2.23
173,2.356,6.2,0.01449,405.4,18.0,330.0,89.0,15.0,0.0,350.06,460.69,56.1,55.73,D,C,2.05
173,2.846,6.2,0.01614,376.6,18.0,330.0,89.0,15.0,0.0,350.06,403.2,56.1,56.64,D,C,2.45
173,4.409,6.2,0.01474,452.6,18.0,330.0,89.0,15.0,0.0,350.06,555.23,56.1,58.55,D,C,3.11
173,2.838,6.2,0.01616,411.4,18.0,330.0,89.0,15.0,0.0,350.06,472.81,56.1,54.21,D,C,1.82
173,4.664,6.2,0.01468,442.6,18.0,330.0,89.0,15.0,0.0,350.06,535.13,56.1,59.76,D,C,2.36
173,3.646,6.2,0.01109,457.6,18.0,330.0,89.0,15.0,0.0,454.55,460.69,59.38,55.73,C,C,0.18
173,4.285,6.2,0.00998,415.0,18.0,330.0,89.0,15.0,0.0,454.55,375.42,59.38,63.27,C,C,1.33
173,1.527,6.2,0.01432,466.8,18.0,330.0,89.0,15.0,0.0,460.69,472.81,55.73,54.21,C,C,0.23
173,2.081,6.2,0.01455,479.2,18.0,330.0,89.0,15.0,0.0,403.2,555.23,56.64,58.55,C,C,0.66
173,3.124,6.2,0.01449,469.2,18.0,330.0,89.0,15.0,0.0,403.2,535.13,56.64,59.76,C,C,0.09
173,1.477,6.2,0.01308,545.2,18.0,330.0,89.0,15.0,0.0,555.23,535.13,58.55,59.76,C,C,0.75
173,4.645,6.2,0.02043,341.6,18.0,330.0,89.0,15.0,0.0,272.67,410.45,70.1,66.53,D,C,2.13
173,3.337,6.2,0.02098,424.1,18.0,330.0,89.0,15.0,0.0,272.67,575.54,70.1,67.12,D,C,1.17
173,4.864,6.2,0.0097,392.9,18.0,330.0,89.0,15.0,0.0,375.42,410.45,63.27,66.53,C,C,2.71
173,4.037,6.2,0.01063,418.8,18.0,330.0,89.0,15.0,0.0,375.42,462.1,63.27,67.0,C,C,1.34
173,4.968,6.2,0.03746,668.4,18.0,330.0,89.0,15.0,0.0,665.2,671.52,27.13,27.52,C,C,8.19
173,4.399,6.2,0.00952,493.0,18.0,330.0,89.0,15.0,0.0,410.45,575.54,66.53,67.12,C,C,3.3
173,1.666,6.2,0.02834,430.2,18.0,330.0,89.0,15.0,0.0,451.37,409.0,51.37,50.86,C,C,1.51
173,1.987,6.2,0.02816,493.2,18.0,330.0,89.0,15.0,0.0,451.37,535.13,51.37,50.69,C,C,1.78
173,3.432,6.2,0.02931,472.1,18.0,330.0,89.0,15.0,0.0,409.0,535.13,50.86,50.69,C,C,3.29
173,4.856,6.2,0.04505,336.0,18.0,330.0,89.0,15.0,0.0,212.72,459.34,38.73,38.36,D,C,1.29
173,3.365,6.2,0.04512,232.0,18.0,330.0,89.0,15.0,0.0,223.6,240.43,53.06,56.37,D,D,0.36
173,4.651,6.2,0.01956,497.6,18.0,330.0,89.0,15.0,0.0,484.6,510.62,61.09,61.54,C,C,3.77
173,3.63,6.2,0.01984,756.4,18.0,330.0,89.0,15.0,0.0,667.36,845.34,72.63,69.0,C,B,0.02
173,1.677,6.2,0.01213,345.4,18.0,330.0,89.0,15.0,0.0,407.59,283.21,87.08,85.42,C,D,0.18
173,0.912,6.2,0.01222,345.1,18.0,330.0,89.0,15.0,0.0,407.59,282.7,87.08,86.32,C,D,0.3
173,1.229,6.2,0.01462,350.1,18.0,330.0,89.0,15.0,0.0,407.59,292.61,87.08,87.09,C,D,0.71
173,0.975,6.2,0.01237,360.8,18.0,330.0,89.0,15.0,0.0,407.59,313.96,87.08,88.05,C,D,0.05
173,3.323,6.2,0.01175,359.5,18.0,330.0,89.0,15.0,0.0,407.59,311.34,87.08,88.07,C,D,1.84
173,1.286,6.2,0.01166,347.9,18.0,330.0,89.0,15.0,0.0,407.59,288.3,87.08,85.86,C,D,0.21
173,0.708,6.2,0.01272,447.8,18.0,330.0,89.0,15.0,0.0,407.59,487.91,87.08,87.57,C,C,0.29
173,0.926,6.2,0.01186,283.0,18.0,330.0,89.0,15.0,0.0,283.21,282.7,85.42,86.32,D,D,0.12
173,1.915,6.2,0.01425,287.9,18.0,330.0,89.0,15.0,0.0,283.21,292.61,85.42,87.09,D,D,0.53
173,2.63,6.2,0.01201,298.6,18.0,330.0,89.0,15.0,0.0,283.21,313.96,85.42,88.05,D,D,0.13
173,4.317,6.2,0.01139,297.3,18.0,330.0,89.0,15.0,0.0,283.21,311.34,85.42,88.07,D,D,2.02
173,0.785,6.2,0.01129,285.8,18.0,330.0,89.0,15.0,0.0,283.21,288.3,85.42,85.86,D,D,0.39
173,2.161,6.2,0.01235,385.6,18.0,330.0,89.0,15.0,0.0,283.21,487.91,85.42,87.57,D,C,0.11
173,1.05,6.2,0.01434,287.7,18.0,330.0,89.0,15.0,0.0,282.7,292.61,86.32,87.09,D,D,0.41
173,1.775,6.2,0.01209,298.3,18.0,330.0,89.0,15.0,0.0,282.7,313.96,86.32,88.05,D,D,0.25
173,4.063,6.2,0.01147,297.0,18.0,330.0,89.0,15.0,0.0,282.7,311.34,86.32,88.07,D,D,2.14
173,1.008,6.2,0.01138,285.5,18.0,330.0,89.0,15.0,0.0,282.7,288.3,86.32,85.86,D,D,0.51
173,1.252,6.2,0.01244,385.3,18.0,330.0,89.0,15.0,0.0,282.7,487.91,86.32,87.57,D,C,0.01
173,1.483,6.2,0.01449,303.3,18.0,330.0,89.0,15.0,0.0,292.61,313.96,87.09,88.05,D,D,0.66
173,4.515,6.2,0.01387,302.0,18.0,330.0,89.0,15.0,0.0,292.61,311.34,87.09,88.07,D,D,2.55
173,2.03,6.2,0.01378,290.5,18.0,330.0,89.0,15.0,0.0,292.61,288.3,87.09,85.86,D,D,0.92
173,0.872,6.2,0.01483,390.3,18.0,330.0,89.0,15.0,0.0,292.61,487.91,87.09,87.57,D,C,0.42
173,3.297,6.2,0.01162,312.6,18.0,330.0,89.0,15.0,0.0,313.96,311.34,88.05,88.07,D,D,1.89
173,2.25,6.2,0.01153,301.1,18.0,330.0,89.0,15.0,0.0,313.96,288.3,88.05,85.86,D,D,0.26
173,0.624,6.2,0.01259,400.9,18.0,330.0,89.0,15.0,0.0,313.96,487.91,88.05,87.57,D,C,0.24
173,3.533,6.2,0.01091,299.8,18.0,330.0,89.0,15.0,0.0,311.34,288.3,88.07,85.86,D,D,1.63
173,3.725,6.2,0.01197,399.6,18.0,330.0,89.0,15.0,0.0,311.34,487.91,88.07,87.57,D,C,2.13
173,4.841,6.2,0.01064,342.4,18.0,330.0,89.0,15.0,0.0,311.34,373.54,88.07,83.71,D,C,1.14
173,1.938,6.2,0.01187,388.1,18.0,330.0,89.0,15.0,0.0,288.3,487.91,85.86,87.57,D,C,0.5
173,4.844,6.2,0.01129,573.0,18.0,330.0,89.0,15.0,0.0,573.04,573.04,78.29,74.06,C,C,1.63
173,2.051,6.2,0.01241,501.0,18.0,330.0,89.0,15.0,0.0,573.04,428.95,78.29,80.05,C,C,0.62
173,4.968,6.2,0.00968,594.6,18.0,330.0,89.0,15.0,0.0,573.04,616.17,78.29,82.38,C,C,1.84
173,3.317,6.2,0.03021,426.3,18.0,330.0,89.0,15.0,0.0,453.71,398.81,53.43,56.33,C,C,1.31
173,2.825,6.2,0.02454,590.9,18.0,330.0,89.0,15.0,0.0,453.71,728.01,53.43,50.83,C,C,0.9
173,4.059,6.2,0.01747,605.8,18.0,330.0,89.0,15.0,0.0,671.52,539.98,63.37,64.65,C,C,2.87
173,4.75,6.2,0.01511,639.0,18.0,330.0,89.0,15.0,0.0,704.96,573.04,69.31,74.06,C,C,0.25
173,4.562,6.2,0.01139,522.6,18.0,330.0,89.0,15.0,0.0,428.95,616.17,80.05,82.38,C,C,2.46
173,3.884,6.2,0.0122,401.2,18.0,330.0,89.0,15.0,0.0,428.95,373.54,80.05,83.71,C,C,0.87
173,2.987,6.2,0.00947,494.9,18.0,330.0,89.0,15.0,0.0,616.17,373.54,82.38,83.71,C,C,1.59
173,3.904,6.2,0.02687,479.8,18.0,330.0,89.0,15.0,0.0,419.63,539.98,62.37,64.65,C,C,2.4
174,2.648,6.2,0.08277,273.6,10.0,165.0,70.0,100.0,2.0,228.66,318.52,81.71,80.28,D,D,1.53
174,4.789,6.2,0.09385,243.2,10.0,165.0,70.0,100.0,2.0,210.01,276.34,82.23,83.42,D,D,2.97
174,4.306,6.2,0.08752,491.5,10.0,165.0,70.0,100.0,2.0,544.74,438.19,59.79,58.55,C,C,4.05
174,1.296,6.2,0.05217,665.2,10.0,165.0,70.0,100.0,2.0,665.2,665.2,67.68,67.47,C,C,1.04
174,2.549,6.2,0.1513,305.8,10.0,165.0,70.0,100.0,2.0,442.15,169.52,70.58,71.26,C,E,1.96
174,2.667,6.2,0.05424,573.0,10.0,165.0,70.0,100.0,2.0,573.04,573.04,78.6,81.02,C,C,0.48
174,2.27,6.2,0.0636,173.9,10.0,165.0,70.0,100.0,2.0,172.1,175.68,92.28,94.45,E,E,0.22
174,3.774,6.2,0.07647,200.7,10.0,165.0,70.0,100.0,2.0,225.77,175.68,97.72,94.45,D,E,0.84
174,4.574,6.2,0.03579,225.3,10.0,165.0,70.0,100.0,2.0,191.09,259.43,116.76,120.81,D,D,0.82
174,4.435,6.2,0.04012,228.9,10.0,165.0,70.0,100.0,2.0,228.92,228.84,109.54,105.51,D,D,0.89
174,3.935,6.2,0.04836,383.1,10.0,165.0,70.0,100.0,2.0,250.0,516.18,119.24,119.99,D,C,1.75
174,3.24,6.2,0.05131,255.4,10.0,165.0,70.0,100.0,2.0,250.0,260.75,119.24,122.38,D,D,0.24
174,3.926,6.2,0.02527,219.6,10.0,165.0,70.0,100.0,2.0,211.97,227.24,127.0,130.6,D,D,0.64
174,2.822,6.2,0.03072,226.2,10.0,165.0,70.0,100.0,2.0,227.97,224.42,122.68,124.73,D,D,0.8
174,4.831,6.2,0.0261,244.9,10.0,165.0,70.0,100.0,2.0,224.42,265.45,124.73,121.59,D,D,1.65
174,1.399,6.2,0.0249,279.5,10.0,165.0,70.0,100.0,2.0,265.45,293.61,121.59,120.37,D,D,0.28
174,4.608,6.2,0.0364,208.3,10.0,165.0,70.0,100.0,2.0,221.31,195.38,124.84,122.94,D,D,1.82
174,0.54,6.2,0.04209,366.0,10.0,165.0,70.0,100.0,2.0,358.72,373.23,57.6,57.65,D,C,0.52
174,3.337,6.2,0.0539,357.2,10.0,165.0,70.0,100.0,2.0,358.72,355.76,57.6,54.77,D,D,2.04
174,0.848,6.2,0.03175,386.6,10.0,165.0,70.0,100.0,2.0,358.72,414.42,57.6,58.33,D,C,0.34
174,2.881,6.2,0.05018,344.6,10.0,165.0,70.0,100.0,2.0,358.72,330.55,57.6,54.76,D,D,0.12
174,2.438,6.2,0.04658,318.0,10.0,165.0,70.0,100.0,2.0,358.72,277.28,57.6,55.44,D,D,0.93
174,1.725,6.2,0.07154,426.8,10.0,165.0,70.0,100.0,2.0,358.72,494.82,57.6,56.1,D,C,0.71
174,3.661,6.2,0.04369,382.7,10.0,165.0,70.0,100.0,2.0,358.72,406.7,57.6,56.87,D,C,3.6
174,3.39,6.2,0.04071,336.3,10.0,165.0,70.0,100.0,2.0,358.72,313.9,57.6,54.41,D,D,1.41
174,3.146,6.2,0.06574,364.5,10.0,165.0,70.0,100.0,2.0,373.23,355.76,57.65,54.77,C,D,1.52
174,0.693,6.2,0.04359,393.8,10.0,165.0,70.0,100.0,2.0,373.23,414.42,57.65,58.33,C,C,0.18
174,3.051,6.2,0.06202,351.9,10.0,165.0,70.0,100.0,2.0,373.23,330.55,57.65,54.76,C,D,0.64
174,2.768,6.2,0.05842,325.3,10.0,165.0,70.0,100.0,2.0,373.23,277.28,57.65,55.44,C,D,1.45
174,2.082,6.2,0.08338,434.0,10.0,165.0,70.0,100.0,2.0,373.23,494.82,57.65,56.1,C,C,1.23
174,3.151,6.2,0.05553,390.0,10.0,165.0,70.0,100.0,2.0,373.23,406.7,57.65,56.87,C,C,3.08
174,3.316,6.2,0.05255,343.6,10.0,165.0,70.0,100.0,2.0,373.23,313.9,57.65,54.41,C,D,0.89
174,3.826,6.2,0.0554,385.1,10.0,165.0,70.0,100.0,2.0,355.76,414.42,54.77,58.33,D,C,1.7
174,2.092,6.2,0.07383,343.2,10.0,165.0,70.0,100.0,2.0,355.76,330.55,54.77,54.76,D,D,2.16
174,2.902,6.2,0.07023,316.5,10.0,165.0,70.0,100.0,2.0,355.76,277.28,54.77,55.44,D,D,2.97
174,4.037,6.2,0.05856,404.4,10.0,165.0,70.0,100.0,2.0,355.76,453.05,54.77,51.0,D,C,0.98
174,4.366,6.2,0.05679,466.2,10.0,165.0,70.0,100.0,2.0,355.76,576.55,54.77,51.38,D,C,2.51
174,2.892,6.2,0.09519,425.3,10.0,165.0,70.0,100.0,2.0,355.76,494.82,54.77,56.1,D,C,2.75
174,2.816,6.2,0.06734,381.2,10.0,165.0,70.0,100.0,2.0,355.76,406.7,54.77,56.87,D,C,1.56
174,2.22,6.2,0.0991,350.8,10.0,165.0,70.0,100.0,2.0,355.76,345.89,54.77,53.8,D,D,2.19
174,2.857,6.2,0.06993,432.2,10.0,165.0,70.0,100.0,2.0,355.76,508.61,54.77,52.01,D,C,1.04
174,0.746,6.2,0.06436,334.8,10.0,165.0,70.0,100.0,2.0,355.76,313.9,54.77,54.41,D,D,0.63
174,3.681,6.2,0.05168,372.5,10.0,165.0,70.0,100.0,2.0,414.42,330.55,58.33,54.76,C,D,0.46
174,3.285,6.2,0.04808,345.9,10.0,165.0,70.0,100.0,2.0,414.42,277.28,58.33,55.44,C,D,1.27
174,2.573,6.2,0.07304,454.6,10.0,165.0,70.0,100.0,2.0,414.42,494.82,58.33,56.1,C,C,1.05
174,3.498,6.2,0.04519,410.6,10.0,165.0,70.0,100.0,2.0,414.42,406.7,58.33,56.87,C,C,3.26
174,4.009,6.2,0.04221,364.2,10.0,165.0,70.0,100.0,2.0,414.42,313.9,58.33,54.41,C,D,1.07
174,0.998,6.2,0.06651,303.9,10.0,165.0,70.0,100.0,2.0,330.55,277.28,54.76,55.44,D,D,0.81
174,3.869,6.2,0.05484,391.8,10.0,165.0,70.0,100.0,2.0,330.55,453.05,54.76,51.0,D,C,1.18
174,3.475,6.2,0.05307,453.5,10.0,165.0,70.0,100.0,2.0,330.55,576.55,54.76,51.38,D,C,0.35
174,1.427,6.2,0.09147,412.7,10.0,165.0,70.0,100.0,2.0,330.55,494.82,54.76,56.1,D,C,0.59
174,4.483,6.2,0.06362,368.6,10.0,165.0,70.0,100.0,2.0,330.55,406.7,54.76,56.87,D,C,3.72
174,4.995,6.2,0.05686,472.3,10.0,165.0,70.0,100.0,2.0,330.55,614.05,54.76,51.6,D,C,3.93
174,4.199,6.2,0.09538,338.2,10.0,165.0,70.0,100.0,2.0,330.55,345.89,54.76,53.8,D,D,4.35
174,3.886,6.2,0.06621,419.6,10.0,165.0,70.0,100.0,2.0,330.55,508.61,54.76,52.01,D,C,3.2
174,1.483,6.2,0.06064,322.2,10.0,165.0,70.0,100.0,2.0,330.55,313.9,54.76,54.41,D,D,1.53
174,4.712,6.2,0.05124,365.2,10.0,165.0,70.0,100.0,2.0,277.28,453.05,55.44,51.0,D,C,1.99
174,4.101,6.2,0.04946,426.9,10.0,165.0,70.0,100.0,2.0,277.28,576.55,55.44,51.38,D,C,0.46
174,0.717,6.2,0.08787,386.0,10.0,165.0,70.0,100.0,2.0,277.28,494.82,55.44,56.1,D,C,0.22
174,4.897,6.2,0.06002,342.0,10.0,165.0,70.0,100.0,2.0,277.28,406.7,55.44,56.87,D,C,4.53
174,4.968,6.2,0.05326,445.7,10.0,165.0,70.0,100.0,2.0,277.28,614.05,55.44,51.6,D,C,3.12
174,4.883,6.2,0.06261,392.9,10.0,165.0,70.0,100.0,2.0,277.28,508.61,55.44,52.01,D,C,4.01
174,2.405,6.2,0.05704,295.6,10.0,165.0,70.0,100.0,2.0,277.28,313.9,55.44,54.41,D,D,2.34
174,1.405,6.2,0.03779,514.8,10.0,165.0,70.0,100.0,2.0,453.05,576.55,51.0,51.38,C,C,1.53
174,3.213,6.2,0.0418,515.6,10.0,165.0,70.0,100.0,2.0,453.05,578.11,51.0,48.93,C,C,2.56
174,4.614,6.2,0.04159,533.5,10.0,165.0,70.0,100.0,2.0,453.05,614.05,51.0,51.6,C,C,5.11
174,4.382,6.2,0.08011,399.5,10.0,165.0,70.0,100.0,2.0,453.05,345.89,51.0,53.8,C,D,3.17
174,2.22,6.2,0.05094,480.8,10.0,165.0,70.0,100.0,2.0,453.05,508.61,51.0,52.01,C,C,2.02
174,3.513,6.2,0.04537,383.5,10.0,165.0,70.0,100.0,2.0,453.05,313.9,51.0,54.41,C,D,0.35
174,2.699,6.2,0.04003,577.3,10.0,165.0,70.0,100.0,2.0,576.55,578.11,51.38,48.93,C,C,1.03
174,4.769,6.2,0.07442,535.7,10.0,165.0,70.0,100.0,2.0,576.55,494.82,51.38,56.1,C,C,0.24
174,3.229,6.2,0.03982,595.3,10.0,165.0,70.0,100.0,2.0,576.55,614.05,51.38,51.6,C,C,3.58
174,3.388,6.2,0.04917,542.6,10.0,165.0,70.0,100.0,2.0,576.55,508.61,51.38,52.01,C,C,3.55
174,3.689,6.2,0.0436,445.2,10.0,165.0,70.0,100.0,2.0,576.55,313.9,51.38,54.41,C,D,1.88
174,3.439,6.2,0.04383,596.1,10.0,165.0,70.0,100.0,2.0,578.11,614.05,48.93,51.6,C,C,2.55
174,4.486,6.2,0.08498,450.8,10.0,165.0,70.0,100.0,2.0,494.82,406.7,56.1,56.87,C,C,4.31
174,2.559,6.2,0.082,404.4,10.0,165.0,70.0,100.0,2.0,494.82,313.9,56.1,54.41,C,D,2.12
174,3.563,6.2,0.05351,609.3,10.0,165.0,70.0,100.0,2.0,626.43,592.18,34.87,35.92,C,C,4.86
174,4.74,6.2,0.03993,526.0,10.0,165.0,70.0,100.0,2.0,567.64,484.45,79.86,83.02,C,C,2.12
174,4.782,6.2,0.02979,564.5,10.0,165.0,70.0,100.0,2.0,671.52,457.49,58.34,61.88,C,C,2.37
174,2.817,6.2,0.02843,554.7,10.0,165.0,70.0,100.0,2.0,671.52,437.8,58.34,57.01,C,C,2.14
174,2.827,6.2,0.02683,555.9,10.0,165.0,70.0,100.0,2.0,494.32,617.52,66.53,63.74,C,C,0.06
174,3.536,6.2,0.02994,582.9,10.0,165.0,70.0,100.0,2.0,494.32,671.52,66.53,63.26,C,C,1.48
174,3.448,6.2,0.03574,537.5,10.0,165.0,70.0,100.0,2.0,457.49,617.52,61.88,63.74,C,C,2.26
174,4.661,6.2,0.03886,564.5,10.0,165.0,70.0,100.0,2.0,457.49,671.52,61.88,63.26,C,C,3.68
174,4.331,6.2,0.04828,422.2,10.0,165.0,70.0,100.0,2.0,437.8,406.7,57.01,56.87,C,C,4.18
174,3.097,6.2,0.08889,376.3,10.0,165.0,70.0,100.0,2.0,406.7,345.89,56.87,53.8,C,D,0.63
174,3.527,6.2,0.05415,360.3,10.0,165.0,70.0,100.0,2.0,406.7,313.9,56.87,54.41,C,D,2.19
174,4.94,6.2,0.06097,597.2,10.0,165.0,70.0,100.0,2.0,592.18,602.29,35.92,40.04,C,C,2.55
174,3.41,6.2,0.09322,625.3,10.0,165.0,70.0,100.0,2.0,573.04,677.49,32.27,34.45,C,C,4.62
174,4.808,6.2,0.04688,572.9,10.0,165.0,70.0,100.0,2.0,503.04,642.73,38.98,40.67,C,C,5.45
174,4.11,6.2,0.05648,556.2,10.0,165.0,70.0,100.0,2.0,469.64,642.73,43.79,40.67,C,C,3.25
174,1.66,6.2,0.03245,644.5,10.0,165.0,70.0,100.0,2.0,617.52,671.52,63.74,63.26,C,C,1.42
174,2.274,6.2,0.09148,427.2,10.0,165.0,70.0,100.0,2.0,345.89,508.61,53.8,52.01,D,C,1.15
174,2.717,6.2,0.08591,329.9,10.0,165.0,70.0,100.0,2.0,345.89,313.9,53.8,54.41,D,D,2.82
174,2.741,6.2,0.05674,411.3,10.0,165.0,70.0,100.0,2.0,508.61,313.9,52.01,54.41,C,D,1.67
174,4.831,6.2,0.07254,324.5,10.0,165.0,70.0,100.0,2.0,440.5,208.56,47.56,42.98,C,D,1.03
174,4.271,6.2,0.04264,506.8,10.0,165.0,70.0,100.0,2.0,440.5,573.04,47.56,51.64,C,C,0.64
174,4.504,6.2,0.02229,211.8,10.0,165.0,70.0,100.0,2.0,124.27,299.28,119.43,115.02,E,D,0.3
174,3.397,6.2,0.02821,162.6,10.0,165.0,70.0,100.0,2.0,124.27,200.98,119.43,116.2,E,D,0.57
174,2.575,6.2,0.02605,160.6,10.0,165.0,70.0,100.0,2.0,124.27,196.88,119.43,118.1,E,D,0.97
174,3.22,6.2,0.02636,161.9,10.0,165.0,70.0,100.0,2.0,124.27,199.59,119.43,120.0,E,D,1.42
174,4.189,6.2,0.01916,157.1,10.0,165.0,70.0,100.0,2.0,124.27,190.0,119.43,119.14,E,D,1.9
174,2.669,6.2,0.02929,195.5,10.0,165.0,70.0,100.0,2.0,124.27,266.77,119.43,120.49,E,D,1.14
174,3.248,6.2,0.02237,174.0,10.0,165.0,70.0,100.0,2.0,124.27,223.71,119.43,122.55,E,D,0.48
174,4.454,6.2,0.02218,269.3,10.0,165.0,70.0,100.0,2.0,239.33,299.28,116.79,115.02,D,D,1.96
174,3.146,6.2,0.02595,218.1,10.0,165.0,70.0,100.0,2.0,239.33,196.88,116.79,118.1,D,D,1.29
174,1.573,6.2,0.02416,224.3,10.0,165.0,70.0,100.0,2.0,239.33,209.36,116.79,115.3,D,D,0.27
174,4.559,6.2,0.02919,253.1,10.0,165.0,70.0,100.0,2.0,239.33,266.77,116.79,120.49,D,D,1.12
174,3.788,6.2,0.02126,238.1,10.0,165.0,70.0,100.0,2.0,239.33,236.84,116.79,115.22,D,D,1.56
174,4.719,6.2,0.0263,464.3,10.0,165.0,70.0,100.0,2.0,279.41,649.25,113.44,110.74,D,C,1.78
174,4.295,6.2,0.01815,445.9,10.0,165.0,70.0,100.0,2.0,279.41,612.47,113.44,112.58,D,C,1.99
174,2.872,6.2,0.02316,258.1,10.0,165.0,70.0,100.0,2.0,279.41,236.84,113.44,115.22,D,D,1.02
174,1.39,6.2,0.02769,572.8,10.0,165.0,70.0,100.0,2.0,496.27,649.25,111.24,110.74,C,C,0.66
174,1.678,6.2,0.01954,554.4,10.0,165.0,70.0,100.0,2.0,496.27,612.47,111.24,112.58,C,C,0.45
174,4.247,6.2,0.03554,249.4,10.0,165.0,70.0,100.0,2.0,299.28,199.48,115.02,115.03,D,D,2.0
174,4.588,6.2,0.02116,300.0,10.0,165.0,70.0,100.0,2.0,299.28,300.77,115.02,111.14,D,D,1.28
174,2.255,6.2,0.02783,250.1,10.0,165.0,70.0,100.0,2.0,299.28,200.98,115.02,116.2,D,D,0.87
174,3.335,6.2,0.02567,248.1,10.0,165.0,70.0,100.0,2.0,299.28,196.88,115.02,118.1,D,D,0.67
174,3.596,6.2,0.02388,254.3,10.0,165.0,70.0,100.0,2.0,299.28,209.36,115.02,115.3,D,D,1.69
174,4.893,6.2,0.02421,365.6,10.0,165.0,70.0,100.0,2.0,573.04,158.13,108.63,109.98,C,E,2.28
174,4.27,6.2,0.0179,520.9,10.0,165.0,70.0,100.0,2.0,259.21,782.59,119.67,117.28,D,B,1.68
174,4.372,6.2,0.02415,234.7,10.0,165.0,70.0,100.0,2.0,259.21,210.17,119.67,115.35,D,D,0.18
174,3.223,6.2,0.02632,229.4,10.0,165.0,70.0,100.0,2.0,259.21,199.59,119.67,120.0,D,D,1.45
174,2.236,6.2,0.01912,224.6,10.0,165.0,70.0,100.0,2.0,259.21,190.0,119.67,119.14,D,D,0.97
174,4.272,6.2,0.0348,250.1,10.0,165.0,70.0,100.0,2.0,199.48,300.77,115.03,111.14,D,D,0.72
174,4.959,6.2,0.0376,235.3,10.0,165.0,70.0,100.0,2.0,199.48,271.1,115.03,113.95,D,D,2.31
174,2.627,6.2,0.04146,200.2,10.0,165.0,70.0,100.0,2.0,199.48,200.98,115.03,116.2,D,D,1.13
174,2.147,6.2,0.03744,204.8,10.0,165.0,70.0,100.0,2.0,199.48,210.17,115.03,115.35,D,D,0.99
174,4.986,6.2,0.03961,199.5,10.0,165.0,70.0,100.0,2.0,199.48,199.59,115.03,120.0,D,D,0.28
174,4.172,6.2,0.03241,194.7,10.0,165.0,70.0,100.0,2.0,199.48,190.0,115.03,119.14,D,D,0.2
174,3.599,6.2,0.01961,526.8,10.0,165.0,70.0,100.0,2.0,782.59,271.1,117.28,113.95,B,D,0.54
174,4.551,6.2,0.01946,496.4,10.0,165.0,70.0,100.0,2.0,782.59,210.17,117.28,115.35,B,D,1.86
174,3.074,6.2,0.02587,240.6,10.0,165.0,70.0,100.0,2.0,271.1,210.17,113.95,115.35,D,D,1.32
174,3.536,6.2,0.02249,395.9,10.0,165.0,70.0,100.0,2.0,271.1,520.64,113.95,110.43,D,C,0.04
174,2.476,6.2,0.0191,546.8,10.0,165.0,70.0,100.0,2.0,573.04,520.64,108.44,110.43,C,C,0.77
174,4.566,6.2,0.02973,205.6,10.0,165.0,70.0,100.0,2.0,200.98,210.17,116.2,115.35,D,D,2.12
174,3.74,6.2,0.03159,198.9,10.0,165.0,70.0,100.0,2.0,200.98,196.88,116.2,118.1,D,D,1.54
174,4.327,6.2,0.0319,200.3,10.0,165.0,70.0,100.0,2.0,200.98,199.59,116.2,120.0,D,D,0.85
174,4.251,6.2,0.0247,195.5,10.0,165.0,70.0,100.0,2.0,200.98,190.0,116.2,119.14,D,D,1.33
174,1.869,6.2,0.01818,630.9,10.0,165.0,70.0,100.0,2.0,649.25,612.47,110.74,112.58,C,C,0.21
174,4.074,6.2,0.02067,200.1,10.0,165.0,70.0,100.0,2.0,210.17,190.0,115.35,119.14,D,D,0.79
174,3.67,6.2,0.02764,203.1,10.0,165.0,70.0,100.0,2.0,196.88,209.36,118.1,115.3,D,D,1.02
174,2.396,6.2,0.03267,231.8,10.0,165.0,70.0,100.0,2.0,196.88,266.77,118.1,120.49,D,D,0.17
174,4.657,6.2,0.02574,210.3,10.0,165.0,70.0,100.0,2.0,196.88,223.71,118.1,122.55,D,D,0.49
174,3.896,6.2,0.02296,223.1,10.0,165.0,70.0,100.0,2.0,209.36,236.84,115.3,115.22,D,D,1.83
174,1.336,6.2,0.02284,194.8,10.0,165.0,70.0,100.0,2.0,199.59,190.0,120.0,119.14,D,D,0.48
174,4.828,6.2,0.02605,211.7,10.0,165.0,70.0,100.0,2.0,199.59,223.71,120.0,122.55,D,D,1.9
174,2.614,6.2,0.02898,245.2,10.0,165.0,70.0,100.0,2.0,266.77,223.71,120.49,122.55,D,D,0.66
174,1.804,6.2,0.02414,468.1,10.0,165.0,70.0,100.0,2.0,447.51,488.61,97.84,97.4,C,C,1.0
174,3.222,6.2,0.03109,464.3,10.0,165.0,70.0,100.0,2.0,447.51,481.17,97.84,94.63,C,C,0.02
174,3.4,6.2,0.02527,484.9,10.0,165.0,70.0,100.0,2.0,488.61,481.17,97.4,94.63,C,C,0.98
174,2.958,6.2,0.01863,262.0,10.0,165.0,70.0,100.0,2.0,290.86,233.21,142.06,142.52,D,D,1.13
174,3.937,6.2,0.01886,260.3,10.0,165.0,70.0,100.0,2.0,290.86,229.66,142.06,143.73,D,D,1.37
174,1.375,6.2,0.01905,231.4,10.0,165.0,70.0,100.0,2.0,233.21,229.66,142.52,143.73,D,D,0.24
174,2.858,6.2,0.01842,230.3,10.0,165.0,70.0,100.0,2.0,233.21,227.46,142.52,144.8,D,D,0.64
174,4.164,6.2,0.02755,243.9,10.0,165.0,70.0,100.0,2.0,259.36,228.34,136.71,140.19,D,D,0.87
174,2.409,6.2,0.01972,198.1,10.0,165.0,70.0,100.0,2.0,194.13,202.14,147.42,145.55,D,D,0.55
174,1.598,6.2,0.02211,263.0,10.0,165.0,70.0,100.0,2.0,309.72,216.33,143.99,145.29,D,D,0.34
174,4.445,6.2,0.02573,269.0,10.0,165.0,70.0,100.0,2.0,309.72,228.34,143.99,140.19,D,D,0.84
174,4.885,6.2,0.02455,214.5,10.0,165.0,70.0,100.0,2.0,232.76,196.3,151.39,151.21,D,D,1.76
174,3.983,6.2,0.01504,216.6,10.0,165.0,70.0,100.0,2.0,150.18,283.02,152.06,151.62,E,D,1.43
174,2.451,6.2,0.01856,391.0,10.0,165.0,70.0,100.0,2.0,535.13,246.84,148.22,148.05,C,D,0.9
174,4.578,6.2,0.01508,381.3,10.0,165.0,70.0,100.0,2.0,535.13,227.46,148.22,144.8,C,D,1.13
174,4.678,6.2,0.02213,238.2,10.0,165.0,70.0,100.0,2.0,229.66,246.84,143.73,148.05,D,D,0.63
174,4.184,6.2,0.02051,252.9,10.0,165.0,70.0,100.0,2.0,229.66,276.11,143.73,147.64,D,D,0.48
174,1.515,6.2,0.01865,228.6,10.0,165.0,70.0,100.0,2.0,229.66,227.46,143.73,144.8,D,D,0.4
174,3.025,6.2,0.02336,261.5,10.0,165.0,70.0,100.0,2.0,246.84,276.11,148.05,147.64,D,D,1.11
174,3.341,6.2,0.0215,237.2,10.0,165.0,70.0,100.0,2.0,246.84,227.46,148.05,144.8,D,D,0.23
174,3.743,6.2,0.01988,251.8,10.0,165.0,70.0,100.0,2.0,276.11,227.46,147.64,144.8,D,D,0.88
174,4.479,6.2,0.0205,215.7,10.0,165.0,70.0,100.0,2.0,226.38,205.11,136.54,137.39,D,D,1.74
174,4.904,6.2,0.01885,231.3,10.0,165.0,70.0,100.0,2.0,226.38,236.32,136.54,134.86,D,D,1.81
174,2.812,6.2,0.02449,186.1,10.0,165.0,70.0,100.0,2.0,205.11,167.18,137.39,136.0,D,E,0.95
174,4.085,6.2,0.01942,221.2,10.0,165.0,70.0,100.0,2.0,205.11,237.23,137.39,133.75,D,D,0.69
174,2.538,6.2,0.01944,220.7,10.0,165.0,70.0,100.0,2.0,205.11,236.32,137.39,134.86,D,D,0.07
174,4.69,6.2,0.02501,180.7,10.0,165.0,70.0,100.0,2.0,167.18,194.28,136.0,132.41,E,D,1.26
174,3.326,6.2,0.02856,198.2,10.0,165.0,70.0,100.0,2.0,167.18,229.21,136.0,137.31,E,D,1.23
174,4.671,6.2,0.02506,177.6,10.0,165.0,70.0,100.0,2.0,167.18,188.02,136.0,139.82,E,D,1.11
174,2.326,6.2,0.02283,202.2,10.0,165.0,70.0,100.0,2.0,167.18,237.23,136.0,133.75,E,D,0.26
174,2.456,6.2,0.02284,201.8,10.0,165.0,70.0,100.0,2.0,167.18,236.32,136.0,134.86,E,D,0.88
174,1.465,6.2,0.01655,241.1,10.0,165.0,70.0,100.0,2.0,194.28,287.94,132.41,131.27,D,D,0.35
174,3.345,6.2,0.02852,251.6,10.0,165.0,70.0,100.0,2.0,194.28,308.88,132.41,129.78,D,D,0.88
174,4.883,6.2,0.02377,337.4,10.0,165.0,70.0,100.0,2.0,194.28,480.58,132.41,129.55,D,C,1.58
174,2.771,6.2,0.01994,215.8,10.0,165.0,70.0,100.0,2.0,194.28,237.23,132.41,133.75,D,D,1.0
174,2.598,6.2,0.01996,215.3,10.0,165.0,70.0,100.0,2.0,194.28,236.32,132.41,134.86,D,D,0.38
174,3.302,6.2,0.02294,298.4,10.0,165.0,70.0,100.0,2.0,287.94,308.88,131.27,129.78,D,D,1.23
174,3.487,6.2,0.01819,384.3,10.0,165.0,70.0,100.0,2.0,287.94,480.58,131.27,129.55,D,C,1.23
174,2.904,6.2,0.01436,262.6,10.0,165.0,70.0,100.0,2.0,287.94,237.23,131.27,133.75,D,D,0.65
174,3.601,6.2,0.01438,262.1,10.0,165.0,70.0,100.0,2.0,287.94,236.32,131.27,134.86,D,D,0.03
174,2.815,6.2,0.02186,509.6,10.0,165.0,70.0,100.0,2.0,480.58,538.69,129.55,126.97,C,C,0.43
174,2.81,6.2,0.02762,509.6,10.0,165.0,70.0,100.0,2.0,480.58,538.69,129.55,126.79,C,C,0.27
174,4.94,6.2,0.02121,684.1,10.0,165.0,70.0,100.0,2.0,480.58,887.68,129.55,128.2,C,B,1.96
174,4.493,6.2,0.02158,358.9,10.0,165.0,70.0,100.0,2.0,480.58,237.23,129.55,133.75,C,D,0.58
174,3.49,6.2,0.02497,488.4,10.0,165.0,70.0,100.0,2.0,538.69,438.13,126.97,123.96,C,C,0.71
174,1.673,6.2,0.02407,538.7,10.0,165.0,70.0,100.0,2.0,538.69,538.69,126.97,126.79,C,C,0.7
174,3.779,6.2,0.01766,713.2,10.0,165.0,70.0,100.0,2.0,538.69,887.68,126.97,128.2,C,B,1.53
174,2.389,6.2,0.02065,554.8,10.0,165.0,70.0,100.0,2.0,438.13,671.52,123.96,122.35,C,C,0.73
174,4.426,6.2,0.03073,488.4,10.0,165.0,70.0,100.0,2.0,438.13,538.69,123.96,126.79,C,C,1.41
174,4.596,6.2,0.02433,662.9,10.0,165.0,70.0,100.0,2.0,438.13,887.68,123.96,128.2,C,B,0.82
174,4.372,6.2,0.01555,468.3,10.0,165.0,70.0,100.0,2.0,363.56,573.04,147.54,144.29,C,C,1.05
174,3.014,6.2,0.01727,474.4,10.0,165.0,70.0,100.0,2.0,375.85,573.04,142.34,144.29,C,C,0.84
174,3.038,6.2,0.01582,389.5,10.0,165.0,70.0,100.0,2.0,375.85,403.17,142.34,139.34,C,C,0.22
174,4.508,6.2,0.01336,474.4,10.0,165.0,70.0,100.0,2.0,375.85,573.04,142.34,138.73,C,C,1.08
174,2.854,6.2,0.01576,396.1,10.0,165.0,70.0,100.0,2.0,375.85,416.34,142.34,144.64,C,C,0.66
174,3.987,6.2,0.01836,291.0,10.0,165.0,70.0,100.0,2.0,375.85,206.24,142.34,144.5,C,D,1.29
174,4.032,6.2,0.01368,494.7,10.0,165.0,70.0,100.0,2.0,573.04,416.34,144.29,144.64,C,C,1.5
174,2.276,6.2,0.00983,488.1,10.0,165.0,70.0,100.0,2.0,403.17,573.04,139.34,138.73,C,C,0.86
174,4.106,6.2,0.01266,503.5,10.0,165.0,70.0,100.0,2.0,433.88,573.04,135.8,138.73,C,C,1.15
174,3.846,6.2,0.00654,543.7,10.0,165.0,70.0,100.0,2.0,456.18,631.27,153.71,155.41,C,C,1.24
174,3.307,6.2,0.01332,847.7,10.0,165.0,70.0,100.0,2.0,807.68,887.68,131.51,128.2,B,B,0.03
174,1.339,6.2,0.0046,671.5,10.0,165.0,70.0,100.0,2.0,671.52,671.52,155.23,155.66,C,C,0.45
174,2.996,6.2,0.00909,847.1,10.0,165.0,70.0,100.0,2.0,1022.77,671.52,152.13,152.86,B,C,1.05
174,4.963,6.2,0.00827,651.4,10.0,165.0,70.0,100.0,2.0,671.52,631.27,152.86,151.76,C,C,1.72
174,2.787,6.2,0.02603,276.8,10.0,165.0,70.0,100.0,2.0,229.21,324.38,137.31,139.94,D,D,0.39
174,2.548,6.2,0.02572,208.6,10.0,165.0,70.0,100.0,2.0,229.21,188.02,137.31,139.82,D,D,0.12
174,1.318,6.2,0.02254,256.2,10.0,165.0,70.0,100.0,2.0,324.38,188.02,139.94,139.82,D,D,0.51
174,1.684,6.2,0.01476,311.3,10.0,165.0,70.0,100.0,2.0,416.34,206.24,144.64,144.5,C,D,0.63
174,1.942,6.2,0.01777,236.8,10.0,165.0,70.0,100.0,2.0,237.23,236.32,133.75,134.86,D,D,0.62
174,4.986,6.2,0.01287,480.2,10.0,165.0,70.0,100.0,2.0,463.88,496.47,125.48,130.32,C,C,0.45
174,3.276,6.2,0.01125,443.1,10.0,165.0,70.0,100.0,2.0,463.88,422.28,125.48,126.02,C,C,1.37
174,4.781,6.2,0.01604,398.1,10.0,165.0,70.0,100.0,2.0,441.58,354.63,124.67,120.12,C,D,0.68
174,4.789,6.2,0.01227,459.4,10.0,165.0,70.0,100.0,2.0,496.47,422.28,130.32,126.02,C,C,0.92
174,2.734,6.2,0.02342,579.9,10.0,165.0,70.0,100.0,2.0,569.98,589.85,97.9,97.22,C,C,1.42
174,4.884,6.2,0.04195,447.9,10.0,165.0,70.0,100.0,2.0,406.53,489.22,80.41,82.74,C,C,2.75
174,4.943,6.2,0.08519,329.9,10.0,165.0,70.0,100.0,2.0,297.86,362.03,77.79,74.9,D,C,2.6
174,1.707,6.2,0.05408,534.9,10.0,165.0,70.0,100.0,2.0,578.98,490.88,77.77,78.86,C,C,0.85
174,1.475,6.2,0.05064,556.3,10.0,165.0,70.0,100.0,2.0,512.88,599.64,64.57,65.69,C,C,0.7
174,4.041,6.2,0.12944,546.8,10.0,165.0,70.0,100.0,2.0,551.21,542.41,57.22,54.13,C,C,2.54
174,3.834,6.2,0.11237,477.2,10.0,165.0,70.0,100.0,2.0,551.21,403.2,57.22,53.5,C,C,0.12
174,1.855,6.2,0.09664,553.2,10.0,165.0,70.0,100.0,2.0,551.21,555.23,57.22,55.45,C,C,0.46
174,4.416,6.2,0.0942,418.7,10.0,165.0,70.0,100.0,2.0,487.27,350.06,49.58,51.32,C,D,4.17
174,2.704,6.2,0.05871,470.9,10.0,165.0,70.0,100.0,2.0,487.27,454.55,49.58,52.23,C,C,0.42
174,2.509,6.2,0.0585,474.0,10.0,165.0,70.0,100.0,2.0,487.27,460.69,49.58,49.54,C,C,2.51
174,3.787,6.2,0.06767,480.0,10.0,165.0,70.0,100.0,2.0,487.27,472.81,49.58,48.57,C,C,3.58
174,2.982,6.2,0.13667,446.2,10.0,165.0,70.0,100.0,2.0,542.41,350.06,54.13,51.32,C,D,0.51
174,3.793,6.2,0.10119,498.5,10.0,165.0,70.0,100.0,2.0,542.41,454.55,54.13,52.23,C,C,3.24
174,4.75,6.2,0.10098,501.5,10.0,165.0,70.0,100.0,2.0,542.41,460.69,54.13,49.54,C,C,1.15
174,2.72,6.2,0.13033,472.8,10.0,165.0,70.0,100.0,2.0,542.41,403.2,54.13,53.5,C,C,2.42
174,2.518,6.2,0.1146,548.8,10.0,165.0,70.0,100.0,2.0,542.41,555.23,54.13,55.45,C,C,2.08
174,4.914,6.2,0.09987,458.9,10.0,165.0,70.0,100.0,2.0,542.41,375.42,54.13,56.32,C,C,3.81
174,4.075,6.2,0.09046,402.3,10.0,165.0,70.0,100.0,2.0,350.06,454.55,51.32,52.23,D,C,3.75
174,2.356,6.2,0.09025,405.4,10.0,165.0,70.0,100.0,2.0,350.06,460.69,51.32,49.54,D,C,1.66
174,2.667,6.2,0.11922,354.6,10.0,165.0,70.0,100.0,2.0,350.06,359.13,51.32,48.99,D,D,0.93
174,2.846,6.2,0.11961,376.6,10.0,165.0,70.0,100.0,2.0,350.06,403.2,51.32,53.5,D,C,1.91
174,4.409,6.2,0.10388,452.6,10.0,165.0,70.0,100.0,2.0,350.06,555.23,51.32,55.45,D,C,1.57
174,2.838,6.2,0.09942,411.4,10.0,165.0,70.0,100.0,2.0,350.06,472.81,51.32,48.57,D,C,0.59
174,3.646,6.2,0.05476,457.6,10.0,165.0,70.0,100.0,2.0,454.55,460.69,52.23,49.54,C,C,2.09
174,4.285,6.2,0.05365,415.0,10.0,165.0,70.0,100.0,2.0,454.55,375.42,52.23,56.32,C,C,0.57
174,2.676,6.2,0.08352,409.9,10.0,165.0,70.0,100.0,2.0,460.69,359.13,49.54,48.99,C,D,2.59
174,1.527,6.2,0.06372,466.8,10.0,165.0,70.0,100.0,2.0,460.69,472.81,49.54,48.57,C,C,1.07
174,4.651,6.2,0.11288,381.2,10.0,165.0,70.0,100.0,2.0,359.13,403.2,48.99,53.5,D,C,0.98
174,1.504,6.2,0.09269,416.0,10.0,165.0,70.0,100.0,2.0,359.13,472.81,48.99,48.57,D,C,1.52
174,2.081,6.2,0.09753,479.2,10.0,165.0,70.0,100.0,2.0,403.2,555.23,53.5,55.45,C,C,0.34
174,4.645,6.2,0.10338,341.6,10.0,165.0,70.0,100.0,2.0,272.67,410.45,65.49,60.97,D,C,0.69
174,3.337,6.2,0.10935,424.1,10.0,165.0,70.0,100.0,2.0,272.67,575.54,65.49,63.81,D,C,2.18
174,4.864,6.2,0.05862,392.9,10.0,165.0,70.0,100.0,2.0,375.42,410.45,56.32,60.97,C,C,1.24
174,4.037,6.2,0.05803,418.8,10.0,165.0,70.0,100.0,2.0,375.42,462.1,56.32,58.41,C,C,2.86
174,1.56,6.2,0.02485,442.5,10.0,165.0,70.0,100.0,2.0,430.47,454.58,101.28,100.7,C,C,0.75
174,1.429,6.2,0.04956,551.8,10.0,165.0,70.0,100.0,2.0,389.41,714.27,52.97,52.79,C,C,1.34
174,4.399,6.2,0.07088,493.0,10.0,165.0,70.0,100.0,2.0,410.45,575.54,60.97,63.81,C,C,2.87
174,1.666,6.2,0.10552,430.2,10.0,165.0,70.0,100.0,2.0,451.37,409.0,55.79,56.41,C,C,1.48
174,1.987,6.2,0.13931,493.2,10.0,165.0,70.0,100.0,2.0,451.37,535.13,55.79,54.11,C,C,1.07
174,3.432,6.2,0.12627,472.1,10.0,165.0,70.0,100.0,2.0,409.0,535.13,56.41,54.11,C,C,2.55
174,3.365,6.2,0.12427,232.0,10.0,165.0,70.0,100.0,2.0,223.6,240.43,70.51,72.97,D,D,1.41
174,4.651,6.2,0.04144,497.6,10.0,165.0,70.0,100.0,2.0,484.6,510.62,59.25,56.98,C,C,3.52
174,3.63,6.2,0.03375,756.4,10.0,165.0,70.0,100.0,2.0,667.36,845.34,88.51,85.17,C,B,0.82
174,0.912,6.2,0.01967,345.1,10.0,165.0,70.0,100.0,2.0,407.59,282.7,110.48,109.61,C,D,0.15
174,1.229,6.2,0.02042,350.1,10.0,165.0,70.0,100.0,2.0,407.59,292.61,110.48,110.15,C,D,0.58
174,0.975,6.2,0.02229,360.8,10.0,165.0,70.0,100.0,2.0,407.59,313.96,110.48,111.38,C,D,0.17
174,3.323,6.2,0.02242,359.5,10.0,165.0,70.0,100.0,2.0,407.59,311.34,110.48,112.27,C,D,1.37
174,1.286,6.2,0.02073,347.9,10.0,165.0,70.0,100.0,2.0,407.59,288.3,110.48,109.41,C,D,0.34
174,1.779,6.2,0.01686,352.7,10.0,165.0,70.0,100.0,2.0,407.59,297.76,110.48,109.22,C,D,0.6
174,0.708,6.2,0.02029,447.8,10.0,165.0,70.0,100.0,2.0,407.59,487.91,110.48,110.81,C,C,0.3
174,1.05,6.2,0.01676,287.7,10.0,165.0,70.0,100.0,2.0,282.7,292.61,109.61,110.15,D,D,0.43
174,1.775,6.2,0.01863,298.3,10.0,165.0,70.0,100.0,2.0,282.7,313.96,109.61,111.38,D,D,0.02
174,4.063,6.2,0.01876,297.0,10.0,165.0,70.0,100.0,2.0,282.7,311.34,109.61,112.27,D,D,1.52
174,1.008,6.2,0.01707,285.5,10.0,165.0,70.0,100.0,2.0,282.7,288.3,109.61,109.41,D,D,0.49
174,1.576,6.2,0.0132,290.2,10.0,165.0,70.0,100.0,2.0,282.7,297.76,109.61,109.22,D,D,0.75
174,1.252,6.2,0.01663,385.3,10.0,165.0,70.0,100.0,2.0,282.7,487.91,109.61,110.81,D,C,0.15
174,1.483,6.2,0.01938,303.3,10.0,165.0,70.0,100.0,2.0,292.61,313.96,110.15,111.38,D,D,0.41
174,4.515,6.2,0.01951,302.0,10.0,165.0,70.0,100.0,2.0,292.61,311.34,110.15,112.27,D,D,1.95
174,2.03,6.2,0.01782,290.5,10.0,165.0,70.0,100.0,2.0,292.61,288.3,110.15,109.41,D,D,0.92
174,2.602,6.2,0.01395,295.2,10.0,165.0,70.0,100.0,2.0,292.61,297.76,110.15,109.22,D,D,1.18
174,0.872,6.2,0.01738,390.3,10.0,165.0,70.0,100.0,2.0,292.61,487.91,110.15,110.81,D,C,0.28
174,3.297,6.2,0.02138,312.6,10.0,165.0,70.0,100.0,2.0,313.96,311.34,111.38,112.27,D,D,1.54
174,2.25,6.2,0.0197,301.1,10.0,165.0,70.0,100.0,2.0,313.96,288.3,111.38,109.41,D,D,0.51
174,2.707,6.2,0.01583,305.9,10.0,165.0,70.0,100.0,2.0,313.96,297.76,111.38,109.22,D,D,0.77
174,0.624,6.2,0.01925,400.9,10.0,165.0,70.0,100.0,2.0,313.96,487.91,111.38,110.81,D,C,0.13
174,3.533,6.2,0.01982,299.8,10.0,165.0,70.0,100.0,2.0,311.34,288.3,112.27,109.41,D,D,1.03
174,3.417,6.2,0.01595,304.5,10.0,165.0,70.0,100.0,2.0,311.34,297.76,112.27,109.22,D,D,0.77
174,3.725,6.2,0.01938,399.6,10.0,165.0,70.0,100.0,2.0,311.34,487.91,112.27,110.81,D,C,1.67
174,4.841,6.2,0.02363,342.4,10.0,165.0,70.0,100.0,2.0,311.34,373.54,112.27,108.62,D,C,1.51
174,0.572,6.2,0.01427,293.0,10.0,165.0,70.0,100.0,2.0,288.3,297.76,109.41,109.22,D,D,0.26
174,1.938,6.2,0.01769,388.1,10.0,165.0,70.0,100.0,2.0,288.3,487.91,109.41,110.81,D,C,0.64
174,2.464,6.2,0.01382,392.8,10.0,165.0,70.0,100.0,2.0,297.76,487.91,109.22,110.81,D,C,0.9
174,4.65,6.2,0.01808,335.6,10.0,165.0,70.0,100.0,2.0,297.76,373.54,109.22,108.62,D,C,2.28
174,4.844,6.2,0.03418,573.0,10.0,165.0,70.0,100.0,2.0,573.04,573.04,103.36,98.65,C,C,0.61
174,2.051,6.2,0.03426,501.0,10.0,165.0,70.0,100.0,2.0,573.04,428.95,103.36,104.76,C,C,0.76
174,4.968,6.2,0.0244,594.6,10.0,165.0,70.0,100.0,2.0,573.04,616.17,103.36,108.03,C,C,0.88
174,3.317,6.2,0.04934,426.3,10.0,165.0,70.0,100.0,2.0,453.71,398.81,70.15,73.45,C,C,0.04
174,2.825,6.2,0.04317,590.9,10.0,165.0,70.0,100.0,2.0,453.71,728.01,70.15,67.37,C,C,0.25
174,4.75,6.2,0.03877,639.0,10.0,165.0,70.0,100.0,2.0,704.96,573.04,94.09,98.65,C,C,0.64
174,4.562,6.2,0.03012,522.6,10.0,165.0,70.0,100.0,2.0,428.95,616.17,104.76,108.03,C,C,1.64
174,3.884,6.2,0.03287,401.2,10.0,165.0,70.0,100.0,2.0,428.95,373.54,104.76,108.62,C,C,0.18
174,2.987,6.2,0.02301,494.9,10.0,165.0,70.0,100.0,2.0,616.17,373.54,108.03,108.62,C,C,1.46
174,3.904,6.2,0.03855,479.8,10.0,165.0,70.0,100.0,2.0,419.63,539.98,82.92,86.25,C,C,1.32
175,2.648,6.3,0.15913,273.6,16.0,5.0,30.0,100.0,2.0,228.66,318.52,66.88,65.72,D,D,1.66
175,3.834,6.3,0.08746,265.6,16.0,5.0,30.0,100.0,2.0,277.5,253.72,40.33,43.93,D,D,2.08
175,4.789,6.3,0.11099,243.2,16.0,5.0,30.0,100.0,2.0,210.01,276.34,66.82,68.97,D,D,3.32
175,4.306,6.3,0.17327,491.5,16.0,5.0,30.0,100.0,2.0,544.74,438.19,41.36,40.64,C,C,4.35
175,4.126,6.3,0.1535,218.9,16.0,5.0,30.0,100.0,2.0,204.71,233.14,45.29,46.19,D,D,3.6
175,4.05,6.3,0.13389,475.9,16.0,5.0,30.0,100.0,2.0,378.75,573.04,44.67,41.58,C,C,2.63
175,1.296,6.3,0.08984,665.2,16.0,5.0,30.0,100.0,2.0,665.2,665.2,54.36,54.42,C,C,1.04
175,2.549,6.3,0.15959,305.8,16.0,5.0,30.0,100.0,2.0,442.15,169.52,54.11,54.47,C,E,2.05
175,2.667,6.3,0.05906,573.0,16.0,5.0,30.0,100.0,2.0,573.04,573.04,65.54,68.15,C,C,0.27
175,2.27,6.3,0.06922,173.9,16.0,5.0,30.0,100.0,2.0,172.1,175.68,77.63,79.83,E,E,0.36
175,3.774,6.3,0.07388,200.7,16.0,5.0,30.0,100.0,2.0,225.77,175.68,83.36,79.83,D,E,0.65
175,4.574,6.3,0.03314,225.3,16.0,5.0,30.0,100.0,2.0,191.09,259.43,102.63,106.91,D,D,0.67
175,4.435,6.3,0.03696,228.9,16.0,5.0,30.0,100.0,2.0,228.92,228.84,96.66,92.74,D,D,1.07
175,3.935,6.3,0.03817,383.1,16.0,5.0,30.0,100.0,2.0,250.0,516.18,109.35,110.56,D,C,1.7
175,3.24,6.3,0.04149,255.4,16.0,5.0,30.0,100.0,2.0,250.0,260.75,109.35,112.47,D,D,0.34
175,3.926,6.3,0.02332,219.6,16.0,5.0,30.0,100.0,2.0,211.97,227.24,115.9,119.39,D,D,0.74
175,2.822,6.3,0.02519,226.2,16.0,5.0,30.0,100.0,2.0,227.97,224.42,110.71,112.98,D,D,0.73
175,4.831,6.3,0.02448,244.9,16.0,5.0,30.0,100.0,2.0,224.42,265.45,112.98,110.17,D,D,1.74
175,1.399,6.3,0.02297,279.5,16.0,5.0,30.0,100.0,2.0,265.45,293.61,110.17,108.87,D,D,0.22
175,4.945,6.3,0.10993,238.4,16.0,5.0,30.0,100.0,2.0,253.72,223.04,43.93,45.72,D,D,5.05
175,4.608,6.3,0.04029,208.3,16.0,5.0,30.0,100.0,2.0,221.31,195.38,112.15,109.83,D,D,1.75
175,0.54,6.3,0.02848,366.0,16.0,5.0,30.0,100.0,2.0,358.72,373.23,57.24,57.16,D,C,0.49
175,3.337,6.3,0.03631,357.2,16.0,5.0,30.0,100.0,2.0,358.72,355.76,57.24,54.25,D,D,1.5
175,0.848,6.3,0.0245,386.6,16.0,5.0,30.0,100.0,2.0,358.72,414.42,57.24,57.81,D,C,0.4
175,2.438,6.3,0.0377,318.0,16.0,5.0,30.0,100.0,2.0,358.72,277.28,57.24,55.56,D,D,1.13
175,1.725,6.3,0.03973,426.8,16.0,5.0,30.0,100.0,2.0,358.72,494.82,57.24,56.09,D,C,0.85
175,3.661,6.3,0.03705,382.7,16.0,5.0,30.0,100.0,2.0,358.72,406.7,57.24,55.8,D,C,3.26
175,3.39,6.3,0.02718,336.3,16.0,5.0,30.0,100.0,2.0,358.72,313.9,57.24,54.08,D,D,0.87
175,3.146,6.3,0.03955,364.5,16.0,5.0,30.0,100.0,2.0,373.23,355.76,57.16,54.25,C,D,1.01
175,0.693,6.3,0.02774,393.8,16.0,5.0,30.0,100.0,2.0,373.23,414.42,57.16,57.81,C,C,0.09
175,2.768,6.3,0.04094,325.3,16.0,5.0,30.0,100.0,2.0,373.23,277.28,57.16,55.56,C,D,1.62
175,2.082,6.3,0.04298,434.0,16.0,5.0,30.0,100.0,2.0,373.23,494.82,57.16,56.09,C,C,1.34
175,3.151,6.3,0.0403,390.0,16.0,5.0,30.0,100.0,2.0,373.23,406.7,57.16,55.8,C,C,2.77
175,3.316,6.3,0.03042,343.6,16.0,5.0,30.0,100.0,2.0,373.23,313.9,57.16,54.08,C,D,0.38
175,3.826,6.3,0.03557,385.1,16.0,5.0,30.0,100.0,2.0,355.76,414.42,54.25,57.81,D,C,1.1
175,2.902,6.3,0.04877,316.5,16.0,5.0,30.0,100.0,2.0,355.76,277.28,54.25,55.56,D,D,2.63
175,4.037,6.3,0.04003,404.4,16.0,5.0,30.0,100.0,2.0,355.76,453.05,54.25,51.19,D,C,1.47
175,4.366,6.3,0.03875,466.2,16.0,5.0,30.0,100.0,2.0,355.76,576.55,54.25,51.9,D,C,2.81
175,2.892,6.3,0.05081,425.3,16.0,5.0,30.0,100.0,2.0,355.76,494.82,54.25,56.09,D,C,2.35
175,2.816,6.3,0.04813,381.2,16.0,5.0,30.0,100.0,2.0,355.76,406.7,54.25,55.8,D,C,1.76
175,0.746,6.3,0.03825,334.8,16.0,5.0,30.0,100.0,2.0,355.76,313.9,54.25,54.08,D,D,0.63
175,3.285,6.3,0.03696,345.9,16.0,5.0,30.0,100.0,2.0,414.42,277.28,57.81,55.56,C,D,1.53
175,2.573,6.3,0.039,454.6,16.0,5.0,30.0,100.0,2.0,414.42,494.82,57.81,56.09,C,C,1.25
175,3.498,6.3,0.03632,410.6,16.0,5.0,30.0,100.0,2.0,414.42,406.7,57.81,55.8,C,C,2.86
175,4.009,6.3,0.02644,364.2,16.0,5.0,30.0,100.0,2.0,414.42,313.9,57.81,54.08,C,D,0.47
175,4.712,6.3,0.04142,365.2,16.0,5.0,30.0,100.0,2.0,277.28,453.05,55.56,51.19,D,C,1.16
175,4.101,6.3,0.04014,426.9,16.0,5.0,30.0,100.0,2.0,277.28,576.55,55.56,51.9,D,C,0.18
175,0.717,6.3,0.0522,386.0,16.0,5.0,30.0,100.0,2.0,277.28,494.82,55.56,56.09,D,C,0.28
175,4.897,6.3,0.04952,342.0,16.0,5.0,30.0,100.0,2.0,277.28,406.7,55.56,55.8,D,C,4.39
175,4.968,6.3,0.04096,445.7,16.0,5.0,30.0,100.0,2.0,277.28,614.05,55.56,53.09,D,C,3.37
175,2.405,6.3,0.03965,295.6,16.0,5.0,30.0,100.0,2.0,277.28,313.9,55.56,54.08,D,D,2.0
175,1.405,6.3,0.03139,514.8,16.0,5.0,30.0,100.0,2.0,453.05,576.55,51.19,51.9,C,C,1.34
175,4.614,6.3,0.03221,533.5,16.0,5.0,30.0,100.0,2.0,453.05,614.05,51.19,53.09,C,C,4.53
175,3.513,6.3,0.0309,383.5,16.0,5.0,30.0,100.0,2.0,453.05,313.9,51.19,54.08,C,D,0.84
175,4.769,6.3,0.04217,535.7,16.0,5.0,30.0,100.0,2.0,576.55,494.82,51.9,56.09,C,C,0.46
175,3.229,6.3,0.03093,595.3,16.0,5.0,30.0,100.0,2.0,576.55,614.05,51.9,53.09,C,C,3.19
175,3.689,6.3,0.02962,445.2,16.0,5.0,30.0,100.0,2.0,576.55,313.9,51.9,54.08,C,D,2.18
175,4.486,6.3,0.05155,450.8,16.0,5.0,30.0,100.0,2.0,494.82,406.7,56.09,55.8,C,C,4.11
175,2.559,6.3,0.04168,404.4,16.0,5.0,30.0,100.0,2.0,494.82,313.9,56.09,54.08,C,D,1.72
175,3.563,6.3,0.02724,609.3,16.0,5.0,30.0,100.0,2.0,626.43,592.18,41.62,43.31,C,C,3.64
175,4.74,6.3,0.03507,526.0,16.0,5.0,30.0,100.0,2.0,567.64,484.45,74.93,77.65,C,C,2.32
175,4.782,6.3,0.02284,564.5,16.0,5.0,30.0,100.0,2.0,671.52,457.49,56.05,58.9,C,C,2.73
175,2.817,6.3,0.02522,554.7,16.0,5.0,30.0,100.0,2.0,671.52,437.8,56.05,55.21,C,C,2.22
175,4.836,6.3,0.03167,520.6,16.0,5.0,30.0,100.0,2.0,671.52,369.75,52.27,56.55,C,C,1.46
175,2.827,6.3,0.03276,555.9,16.0,5.0,30.0,100.0,2.0,494.32,617.52,62.84,60.25,C,C,0.25
175,3.536,6.3,0.03193,582.9,16.0,5.0,30.0,100.0,2.0,494.32,671.52,62.84,59.6,C,C,1.07
175,3.448,6.3,0.0323,537.5,16.0,5.0,30.0,100.0,2.0,457.49,617.52,58.9,60.25,C,C,2.41
175,4.661,6.3,0.03147,564.5,16.0,5.0,30.0,100.0,2.0,457.49,671.52,58.9,59.6,C,C,3.73
175,4.331,6.3,0.04333,422.2,16.0,5.0,30.0,100.0,2.0,437.8,406.7,55.21,55.8,C,C,3.97
175,3.527,6.3,0.039,360.3,16.0,5.0,30.0,100.0,2.0,406.7,313.9,55.8,54.08,C,D,2.39
175,4.94,6.3,0.03193,597.2,16.0,5.0,30.0,100.0,2.0,592.18,602.29,43.31,47.44,C,C,1.41
175,4.808,6.3,0.02526,572.9,16.0,5.0,30.0,100.0,2.0,503.04,642.73,44.83,45.92,C,C,4.56
175,4.11,6.3,0.03393,556.2,16.0,5.0,30.0,100.0,2.0,469.64,642.73,49.03,45.92,C,C,2.62
175,1.66,6.3,0.03075,644.5,16.0,5.0,30.0,100.0,2.0,617.52,671.52,60.25,59.6,C,C,1.32
175,4.831,6.3,0.0479,324.5,16.0,5.0,30.0,100.0,2.0,440.5,208.56,51.64,47.23,C,D,0.12
175,4.271,6.3,0.03019,506.8,16.0,5.0,30.0,100.0,2.0,440.5,573.04,51.64,55.59,C,C,0.0
175,4.087,6.3,0.01943,231.7,16.0,5.0,30.0,100.0,2.0,263.82,199.59,115.76,111.78,D,D,0.24
175,4.872,6.3,0.01637,243.8,16.0,5.0,30.0,100.0,2.0,263.82,223.71,115.76,114.44,D,D,2.07
175,4.295,6.3,0.01386,445.9,16.0,5.0,30.0,100.0,2.0,279.41,612.47,105.88,105.23,D,C,2.03
175,2.872,6.3,0.01863,258.1,16.0,5.0,30.0,100.0,2.0,279.41,236.84,105.88,107.52,D,D,1.1
175,1.678,6.3,0.01498,554.4,16.0,5.0,30.0,100.0,2.0,496.27,612.47,103.97,105.23,C,C,0.5
175,4.247,6.3,0.02221,249.4,16.0,5.0,30.0,100.0,2.0,299.28,199.48,107.02,106.88,D,D,2.02
175,4.588,6.3,0.01603,300.0,16.0,5.0,30.0,100.0,2.0,299.28,300.77,107.02,103.11,D,D,1.14
175,2.255,6.3,0.01738,250.1,16.0,5.0,30.0,100.0,2.0,299.28,200.98,107.02,108.11,D,D,0.92
175,3.335,6.3,0.01675,248.1,16.0,5.0,30.0,100.0,2.0,299.28,196.88,107.02,110.1,D,D,0.57
175,4.27,6.3,0.01265,520.9,16.0,5.0,30.0,100.0,2.0,259.21,782.59,111.35,108.89,D,B,1.61
175,3.116,6.3,0.02139,240.2,16.0,5.0,30.0,100.0,2.0,259.21,221.1,111.35,109.98,D,D,1.28
175,3.223,6.3,0.01935,229.4,16.0,5.0,30.0,100.0,2.0,259.21,199.59,111.35,111.78,D,D,1.46
175,4.272,6.3,0.02123,250.1,16.0,5.0,30.0,100.0,2.0,199.48,300.77,106.88,103.11,D,D,0.88
175,4.959,6.3,0.02231,235.3,16.0,5.0,30.0,100.0,2.0,199.48,271.1,106.88,105.65,D,D,2.31
175,3.16,6.3,0.02687,210.3,16.0,5.0,30.0,100.0,2.0,199.48,221.1,106.88,109.98,D,D,0.08
175,2.627,6.3,0.02257,200.2,16.0,5.0,30.0,100.0,2.0,199.48,200.98,106.88,108.11,D,D,1.1
175,4.986,6.3,0.02482,199.5,16.0,5.0,30.0,100.0,2.0,199.48,199.59,106.88,111.78,D,D,0.1
175,3.599,6.3,0.01303,526.8,16.0,5.0,30.0,100.0,2.0,782.59,271.1,108.89,105.65,B,D,0.66
175,3.536,6.3,0.01548,395.9,16.0,5.0,30.0,100.0,2.0,271.1,520.64,105.65,102.2,D,C,0.19
175,2.476,6.3,0.01359,546.8,16.0,5.0,30.0,100.0,2.0,573.04,520.64,100.2,102.2,C,C,0.71
175,3.184,6.3,0.02204,211.0,16.0,5.0,30.0,100.0,2.0,221.1,200.98,109.98,108.11,D,D,1.18
175,1.87,6.3,0.02428,210.3,16.0,5.0,30.0,100.0,2.0,221.1,199.59,109.98,111.78,D,D,0.18
175,3.74,6.3,0.01711,198.9,16.0,5.0,30.0,100.0,2.0,200.98,196.88,108.11,110.1,D,D,1.49
175,4.327,6.3,0.01999,200.3,16.0,5.0,30.0,100.0,2.0,200.98,199.59,108.11,111.78,D,D,1.0
175,2.396,6.3,0.01717,231.8,16.0,5.0,30.0,100.0,2.0,196.88,266.77,110.1,112.46,D,D,0.08
175,4.657,6.3,0.0163,210.3,16.0,5.0,30.0,100.0,2.0,196.88,223.71,110.1,114.44,D,D,0.66
175,4.828,6.3,0.01918,211.7,16.0,5.0,30.0,100.0,2.0,199.59,223.71,111.78,114.44,D,D,1.83
175,2.614,6.3,0.01699,245.2,16.0,5.0,30.0,100.0,2.0,266.77,223.71,112.46,114.44,D,D,0.74
175,1.804,6.3,0.01861,468.1,16.0,5.0,30.0,100.0,2.0,447.51,488.61,91.23,90.69,C,C,0.97
175,3.222,6.3,0.02627,464.3,16.0,5.0,30.0,100.0,2.0,447.51,481.17,91.23,88.12,C,C,0.16
175,3.4,6.3,0.02489,484.9,16.0,5.0,30.0,100.0,2.0,488.61,481.17,90.69,88.12,C,C,1.13
175,2.751,6.3,0.01558,184.3,16.0,5.0,30.0,100.0,2.0,218.49,150.18,141.62,144.36,D,E,0.1
175,2.06,6.3,0.01719,288.4,16.0,5.0,30.0,100.0,2.0,290.86,285.94,134.3,135.64,D,D,0.61
175,3.937,6.3,0.01431,260.3,16.0,5.0,30.0,100.0,2.0,290.86,229.66,134.3,135.61,D,D,1.38
175,4.164,6.3,0.01666,243.9,16.0,5.0,30.0,100.0,2.0,259.36,228.34,131.09,134.84,D,D,0.76
175,4.885,6.3,0.0179,214.5,16.0,5.0,30.0,100.0,2.0,232.76,196.3,146.3,145.62,D,D,1.72
175,4.578,6.3,0.01145,381.3,16.0,5.0,30.0,100.0,2.0,535.13,227.46,139.75,136.59,C,D,1.19
175,1.515,6.3,0.01527,228.6,16.0,5.0,30.0,100.0,2.0,229.66,227.46,135.61,136.59,D,D,0.42
175,4.479,6.3,0.016,215.7,16.0,5.0,30.0,100.0,2.0,226.38,205.11,127.39,128.25,D,D,1.77
175,4.904,6.3,0.01583,231.3,16.0,5.0,30.0,100.0,2.0,226.38,236.32,127.39,125.75,D,D,1.9
175,2.812,6.3,0.01749,186.1,16.0,5.0,30.0,100.0,2.0,205.11,167.18,128.25,126.9,D,E,1.01
175,4.085,6.3,0.01537,221.2,16.0,5.0,30.0,100.0,2.0,205.11,237.23,128.25,124.67,D,D,0.8
175,2.538,6.3,0.01482,220.7,16.0,5.0,30.0,100.0,2.0,205.11,236.32,128.25,125.75,D,D,0.13
175,4.69,6.3,0.01686,180.7,16.0,5.0,30.0,100.0,2.0,167.18,194.28,126.9,123.33,E,D,1.21
175,3.326,6.3,0.01908,198.2,16.0,5.0,30.0,100.0,2.0,167.18,229.21,126.9,128.22,E,D,1.22
175,2.326,6.3,0.01786,202.2,16.0,5.0,30.0,100.0,2.0,167.18,237.23,126.9,124.67,E,D,0.21
175,2.456,6.3,0.01732,201.8,16.0,5.0,30.0,100.0,2.0,167.18,236.32,126.9,125.75,E,D,0.88
175,1.465,6.3,0.01225,241.1,16.0,5.0,30.0,100.0,2.0,194.28,287.94,123.33,122.2,D,D,0.4
175,2.771,6.3,0.01474,215.8,16.0,5.0,30.0,100.0,2.0,194.28,237.23,123.33,124.67,D,D,1.0
175,2.598,6.3,0.0142,215.3,16.0,5.0,30.0,100.0,2.0,194.28,236.32,123.33,125.75,D,D,0.33
175,2.904,6.3,0.01325,262.6,16.0,5.0,30.0,100.0,2.0,287.94,237.23,122.2,124.67,D,D,0.6
175,3.601,6.3,0.01271,262.1,16.0,5.0,30.0,100.0,2.0,287.94,236.32,122.2,125.75,D,D,0.07
175,4.596,6.3,0.01461,662.9,16.0,5.0,30.0,100.0,2.0,438.13,887.68,115.04,119.25,C,B,0.72
175,4.673,6.3,0.0143,444.1,16.0,5.0,30.0,100.0,2.0,425.87,462.31,137.93,134.49,C,C,1.15
175,2.854,6.3,0.01131,396.1,16.0,5.0,30.0,100.0,2.0,375.85,416.34,133.11,135.39,C,C,0.63
175,3.987,6.3,0.01444,291.0,16.0,5.0,30.0,100.0,2.0,375.85,206.24,133.11,135.26,C,D,1.28
175,3.307,6.3,0.00821,847.7,16.0,5.0,30.0,100.0,2.0,807.68,887.68,122.51,119.25,B,B,0.07
175,2.787,6.3,0.01842,276.8,16.0,5.0,30.0,100.0,2.0,229.21,324.38,128.22,130.83,D,D,0.33
175,1.684,6.3,0.01515,311.3,16.0,5.0,30.0,100.0,2.0,416.34,206.24,135.39,135.26,C,D,0.65
175,1.942,6.3,0.0152,236.8,16.0,5.0,30.0,100.0,2.0,237.23,236.32,124.67,125.75,D,D,0.67
175,4.986,6.3,0.01103,480.2,16.0,5.0,30.0,100.0,2.0,463.88,496.47,116.47,121.26,C,C,0.59
175,3.276,6.3,0.01176,443.1,16.0,5.0,30.0,100.0,2.0,463.88,422.28,116.47,117.0,C,C,1.43
175,4.781,6.3,0.013,398.1,16.0,5.0,30.0,100.0,2.0,441.58,354.63,115.46,110.87,C,D,0.59
175,4.763,6.3,0.01141,400.4,16.0,5.0,30.0,100.0,2.0,446.15,354.63,113.63,110.87,C,D,1.73
175,4.789,6.3,0.01254,459.4,16.0,5.0,30.0,100.0,2.0,496.47,422.28,121.26,117.0,C,C,0.84
175,4.884,6.3,0.02946,447.9,16.0,5.0,30.0,100.0,2.0,406.53,489.22,64.95,66.7,C,C,3.11
175,4.692,6.3,0.03933,448.7,16.0,5.0,30.0,100.0,2.0,356.77,540.66,59.63,56.94,D,C,3.11
175,3.543,6.3,0.04456,467.9,16.0,5.0,30.0,100.0,2.0,356.77,578.98,59.63,63.12,D,C,0.16
175,4.929,6.3,0.02984,423.8,16.0,5.0,30.0,100.0,2.0,356.77,490.88,59.63,64.39,D,C,1.05
175,4.943,6.3,0.05539,329.9,16.0,5.0,30.0,100.0,2.0,297.86,362.03,61.03,57.8,D,C,2.84
175,1.707,6.3,0.03736,534.9,16.0,5.0,30.0,100.0,2.0,578.98,490.88,63.12,64.39,C,C,0.89
175,1.475,6.3,0.0325,556.3,16.0,5.0,30.0,100.0,2.0,512.88,599.64,48.47,49.7,C,C,0.74
175,4.041,6.3,0.04502,546.8,16.0,5.0,30.0,100.0,2.0,551.21,542.41,39.78,36.57,C,C,2.98
175,3.834,6.3,0.05111,477.2,16.0,5.0,30.0,100.0,2.0,551.21,403.2,39.78,36.11,C,C,0.09
175,1.855,6.3,0.0451,553.2,16.0,5.0,30.0,100.0,2.0,551.21,555.23,39.78,38.0,C,C,0.53
175,2.255,6.3,0.04399,543.2,16.0,5.0,30.0,100.0,2.0,551.21,535.13,39.78,38.34,C,C,2.01
175,4.416,6.3,0.04336,418.7,16.0,5.0,30.0,100.0,2.0,487.27,350.06,32.04,33.87,C,D,5.02
175,2.704,6.3,0.03666,470.9,16.0,5.0,30.0,100.0,2.0,487.27,454.55,32.04,34.61,C,C,0.53
175,3.787,6.3,0.03954,480.0,16.0,5.0,30.0,100.0,2.0,487.27,472.81,32.04,31.17,C,C,4.32
175,2.982,6.3,0.04302,446.2,16.0,5.0,30.0,100.0,2.0,542.41,350.06,36.57,33.87,C,D,0.62
175,3.793,6.3,0.03632,498.5,16.0,5.0,30.0,100.0,2.0,542.41,454.55,36.57,34.61,C,C,3.87
175,2.72,6.3,0.04318,472.8,16.0,5.0,30.0,100.0,2.0,542.41,403.2,36.57,36.11,C,C,2.89
175,2.518,6.3,0.03716,548.8,16.0,5.0,30.0,100.0,2.0,542.41,555.23,36.57,38.0,C,C,2.45
175,4.914,6.3,0.0328,458.9,16.0,5.0,30.0,100.0,2.0,542.41,375.42,36.57,38.62,C,C,4.5
175,1.937,6.3,0.03606,538.8,16.0,5.0,30.0,100.0,2.0,542.41,535.13,36.57,38.34,C,C,0.97
175,4.075,6.3,0.04225,402.3,16.0,5.0,30.0,100.0,2.0,350.06,454.55,33.87,34.61,D,C,4.49
175,2.846,6.3,0.04911,376.6,16.0,5.0,30.0,100.0,2.0,350.06,403.2,33.87,36.11,D,C,2.27
175,4.409,6.3,0.0431,452.6,16.0,5.0,30.0,100.0,2.0,350.06,555.23,33.87,38.0,D,C,1.83
175,2.838,6.3,0.04513,411.4,16.0,5.0,30.0,100.0,2.0,350.06,472.81,33.87,31.17,D,C,0.7
175,4.664,6.3,0.04199,442.6,16.0,5.0,30.0,100.0,2.0,350.06,535.13,33.87,38.34,D,C,0.35
175,4.285,6.3,0.03203,415.0,16.0,5.0,30.0,100.0,2.0,454.55,375.42,34.61,38.62,C,C,0.63
175,2.081,6.3,0.04325,479.2,16.0,5.0,30.0,100.0,2.0,403.2,555.23,36.11,38.0,C,C,0.44
175,3.124,6.3,0.04215,469.2,16.0,5.0,30.0,100.0,2.0,403.2,535.13,36.11,38.34,C,C,1.92
175,1.477,6.3,0.03613,545.2,16.0,5.0,30.0,100.0,2.0,555.23,535.13,38.0,38.34,C,C,1.48
175,4.645,6.3,0.05254,341.6,16.0,5.0,30.0,100.0,2.0,272.67,410.45,47.75,43.24,D,C,0.83
175,3.337,6.3,0.06705,424.1,16.0,5.0,30.0,100.0,2.0,272.67,575.54,47.75,46.16,D,C,2.51
175,4.864,6.3,0.02786,392.9,16.0,5.0,30.0,100.0,2.0,375.42,410.45,38.62,43.24,C,C,1.48
175,4.037,6.3,0.02916,418.8,16.0,5.0,30.0,100.0,2.0,375.42,462.1,38.62,40.72,C,C,3.34
175,4.64,6.3,0.09328,369.7,16.0,5.0,30.0,100.0,2.0,305.85,433.63,26.05,24.67,D,C,6.9
175,3.09,6.3,0.10548,485.3,16.0,5.0,30.0,100.0,2.0,573.02,397.57,26.31,25.66,C,C,4.49
175,3.384,6.3,0.19249,563.1,16.0,5.0,30.0,100.0,2.0,614.98,511.18,25.85,24.8,C,C,1.24
175,1.56,6.3,0.01882,442.5,16.0,5.0,30.0,100.0,2.0,430.47,454.58,89.57,88.79,C,C,0.78
175,3.677,6.3,0.01251,450.9,16.0,5.0,30.0,100.0,2.0,479.54,422.28,113.53,117.0,C,C,0.44
175,4.399,6.3,0.04172,493.0,16.0,5.0,30.0,100.0,2.0,410.45,575.54,43.24,46.16,C,C,3.34
175,2.287,6.3,0.06911,334.8,16.0,5.0,30.0,100.0,2.0,409.0,260.62,40.61,42.53,C,D,0.7
175,3.432,6.3,0.07679,472.1,16.0,5.0,30.0,100.0,2.0,409.0,535.13,40.61,37.92,C,C,2.9
175,4.856,6.3,0.07451,397.9,16.0,5.0,30.0,100.0,2.0,260.62,535.13,42.53,37.92,D,C,2.2
175,4.856,6.3,0.05992,336.0,16.0,5.0,30.0,100.0,2.0,212.72,459.34,36.51,32.46,D,C,4.01
175,3.365,6.3,0.05636,232.0,16.0,5.0,30.0,100.0,2.0,223.6,240.43,57.26,59.71,D,D,1.74
175,4.651,6.3,0.0299,497.6,16.0,5.0,30.0,100.0,2.0,484.6,510.62,63.19,61.32,C,C,3.1
175,3.63,6.3,0.02142,756.4,16.0,5.0,30.0,100.0,2.0,667.36,845.34,89.72,86.38,C,B,0.64
175,1.677,6.3,0.01139,345.4,16.0,5.0,30.0,100.0,2.0,407.59,283.21,110.44,108.79,C,D,0.03
175,0.912,6.3,0.01268,345.1,16.0,5.0,30.0,100.0,2.0,407.59,282.7,110.44,109.59,C,D,0.16
175,1.229,6.3,0.01184,350.1,16.0,5.0,30.0,100.0,2.0,407.59,292.61,110.44,110.15,C,D,0.56
175,0.975,6.3,0.01461,360.8,16.0,5.0,30.0,100.0,2.0,407.59,313.96,110.44,111.34,C,D,0.14
175,1.286,6.3,0.01146,347.9,16.0,5.0,30.0,100.0,2.0,407.59,288.3,110.44,109.36,C,D,0.29
175,0.708,6.3,0.01289,447.8,16.0,5.0,30.0,100.0,2.0,407.59,487.91,110.44,110.79,C,C,0.28
175,0.926,6.3,0.01221,283.0,16.0,5.0,30.0,100.0,2.0,283.21,282.7,108.79,109.59,D,D,0.19
175,1.915,6.3,0.01137,287.9,16.0,5.0,30.0,100.0,2.0,283.21,292.61,108.79,110.15,D,D,0.59
175,2.63,6.3,0.01414,298.6,16.0,5.0,30.0,100.0,2.0,283.21,313.96,108.79,111.34,D,D,0.17
175,0.785,6.3,0.01099,285.8,16.0,5.0,30.0,100.0,2.0,283.21,288.3,108.79,109.36,D,D,0.26
175,2.161,6.3,0.01242,385.6,16.0,5.0,30.0,100.0,2.0,283.21,487.91,108.79,110.79,D,C,0.31
175,1.05,6.3,0.01266,287.7,16.0,5.0,30.0,100.0,2.0,282.7,292.61,109.59,110.15,D,D,0.4
175,1.775,6.3,0.01542,298.3,16.0,5.0,30.0,100.0,2.0,282.7,313.96,109.59,111.34,D,D,0.02
175,1.008,6.3,0.01228,285.5,16.0,5.0,30.0,100.0,2.0,282.7,288.3,109.59,109.36,D,D,0.45
175,1.252,6.3,0.01371,385.3,16.0,5.0,30.0,100.0,2.0,282.7,487.91,109.59,110.79,D,C,0.12
175,1.483,6.3,0.01459,303.3,16.0,5.0,30.0,100.0,2.0,292.61,313.96,110.15,111.34,D,D,0.42
175,2.03,6.3,0.01144,290.5,16.0,5.0,30.0,100.0,2.0,292.61,288.3,110.15,109.36,D,D,0.85
175,0.872,6.3,0.01287,390.3,16.0,5.0,30.0,100.0,2.0,292.61,487.91,110.15,110.79,D,C,0.28
175,2.25,6.3,0.01421,301.1,16.0,5.0,30.0,100.0,2.0,313.96,288.3,111.34,109.36,D,D,0.43
175,0.624,6.3,0.01564,400.9,16.0,5.0,30.0,100.0,2.0,313.96,487.91,111.34,110.79,D,C,0.14
175,1.938,6.3,0.01249,388.1,16.0,5.0,30.0,100.0,2.0,288.3,487.91,109.36,110.79,D,C,0.57
175,4.844,6.3,0.01502,573.0,16.0,5.0,30.0,100.0,2.0,573.04,573.04,103.17,98.58,C,C,0.72
175,2.051,6.3,0.01486,501.0,16.0,5.0,30.0,100.0,2.0,573.04,428.95,103.17,104.61,C,C,0.67
175,4.968,6.3,0.01163,594.6,16.0,5.0,30.0,100.0,2.0,573.04,616.17,103.17,107.7,C,C,0.95
175,3.317,6.3,0.0236,426.3,16.0,5.0,30.0,100.0,2.0,453.71,398.81,71.54,74.73,C,C,0.19
175,2.825,6.3,0.01763,590.9,16.0,5.0,30.0,100.0,2.0,453.71,728.01,71.54,68.84,C,C,0.09
175,4.059,6.3,0.01604,605.8,16.0,5.0,30.0,100.0,2.0,671.52,539.98,86.79,86.74,C,C,2.32
175,4.75,6.3,0.01751,639.0,16.0,5.0,30.0,100.0,2.0,704.96,573.04,94.02,98.58,C,C,0.43
175,4.562,6.3,0.01352,522.6,16.0,5.0,30.0,100.0,2.0,428.95,616.17,104.61,107.7,C,C,1.62
175,3.884,6.3,0.01546,401.2,16.0,5.0,30.0,100.0,2.0,428.95,373.54,104.61,108.41,C,C,0.27
175,2.987,6.3,0.01223,494.9,16.0,5.0,30.0,100.0,2.0,616.17,373.54,107.7,108.41,C,C,1.35
175,3.904,6.3,0.02008,479.8,16.0,5.0,30.0,100.0,2.0,419.63,539.98,83.6,86.74,C,C,1.34
176,4.648,6.61,0.1506,530.4,12.5,330.0,90.0,0.0,0.0,450.61,610.22,50.35,46.75,C,C,2.88
176,0.372,6.61,0.16559,433.2,12.5,330.0,90.0,0.0,0.0,312.67,553.65,46.17,46.37,D,C,0.4
176,4.937,6.61,0.43424,423.3,12.5,330.0,90.0,0.0,0.0,343.97,502.66,25.53,23.64,D,C,11.05
176,4.882,6.61,0.2384,303.5,12.5,330.0,90.0,0.0,0.0,352.65,254.26,35.16,32.75,D,D,5.99
176,2.306,6.61,0.00431,217.5,12.5,330.0,90.0,0.0,0.0,193.88,241.15,328.2,329.4,D,D,0.35
176,3.402,6.61,0.0297,249.5,12.5,330.0,90.0,0.0,0.0,244.59,254.35,137.83,141.17,D,D,0.35
176,2.417,6.61,0.01171,186.8,12.5,330.0,90.0,0.0,0.0,186.23,187.41,243.13,240.76,D,D,0.15
176,3.385,6.61,0.00899,250.4,12.5,330.0,90.0,0.0,0.0,200.85,300.0,227.68,224.63,D,D,0.3
176,2.404,6.61,0.05027,281.3,12.5,330.0,90.0,0.0,0.0,338.67,223.87,129.09,128.51,D,D,0.96
176,4.907,6.61,0.01444,463.6,12.5,330.0,90.0,0.0,0.0,408.99,518.25,177.55,175.38,C,C,1.32
176,4.644,6.61,0.00888,432.4,12.5,330.0,90.0,0.0,0.0,442.9,421.86,274.75,273.32,C,C,0.9
176,4.992,6.61,0.00576,348.7,12.5,330.0,90.0,0.0,0.0,326.2,371.22,248.51,243.51,D,C,0.08
176,4.545,6.61,0.00254,619.8,12.5,330.0,90.0,0.0,0.0,229.77,1009.77,287.55,286.4,D,B,0.85
176,0.487,6.61,0.003,544.9,12.5,330.0,90.0,0.0,0.0,377.81,711.94,305.77,305.81,C,C,0.08
176,3.574,6.61,0.01982,355.1,12.5,330.0,90.0,0.0,0.0,210.3,500.0,184.66,186.29,D,C,0.93
176,3.84,6.61,0.00853,338.8,12.5,330.0,90.0,0.0,0.0,285.0,392.59,239.05,237.28,D,C,0.8
176,0.283,6.61,0.02679,492.5,12.5,330.0,90.0,0.0,0.0,521.53,463.39,144.73,144.82,C,C,0.1
176,4.529,6.61,0.04121,318.3,12.5,330.0,90.0,0.0,0.0,287.33,349.366,133.34,137.66,D,D,0.49
176,4.732,6.61,0.00437,555.6,12.5,330.0,90.0,0.0,0.0,561.65,549.55,256.97,260.25,C,C,0.72
176,4.143,6.61,0.00555,537.7,12.5,330.0,90.0,0.0,0.0,323.38,751.97,255.52,253.51,D,C,0.77
176,3.71,6.61,0.01019,413.8,12.5,330.0,90.0,0.0,0.0,423.68,403.85,221.7,223.83,C,C,0.81
176,1.987,6.61,0.00835,290.6,12.5,330.0,90.0,0.0,0.0,239.56,341.64,254.37,254.99,D,D,0.43
176,4.254,6.61,0.02639,436.0,12.5,330.0,90.0,0.0,0.0,439.54,432.44,167.65,169.05,C,C,1.28
176,3.187,6.61,0.01469,785.1,12.5,330.0,90.0,0.0,0.0,182.54,1387.67,214.04,210.86,D,B,0.13
176,4.765,6.61,0.03791,380.4,12.5,330.0,90.0,0.0,0.0,239.0,521.9,158.2,160.32,D,C,1.57
177,4.647,6.52,0.00344,390.5,8.5,292.0,52.0,97.0,2.0,460.09,320.88,272.93,276.93,C,D,0.41
177,3.909,6.52,0.01134,321.6,8.5,292.0,52.0,97.0,2.0,351.4,291.9,215.56,217.08,D,D,0.82
177,4.235,6.52,0.01052,337.9,8.5,292.0,52.0,97.0,2.0,291.9,383.99,217.08,220.02,D,C,0.68
177,4.451,6.52,0.01574,280.7,8.5,292.0,52.0,97.0,2.0,288.67,272.8,134.47,130.1,D,D,0.33
177,4.822,6.52,0.01345,285.4,8.5,292.0,52.0,97.0,2.0,288.67,282.14,134.47,129.68,D,D,0.17
177,0.556,6.52,0.01801,277.5,8.5,292.0,52.0,97.0,2.0,272.8,282.14,130.1,129.68,D,D,0.16
177,4.297,6.52,0.00859,317.9,8.5,292.0,52.0,97.0,2.0,348.59,287.16,252.98,256.62,D,D,0.47
177,3.501,6.52,0.01162,264.4,8.5,292.0,52.0,97.0,2.0,274.92,253.92,206.52,210.02,D,D,0.05
177,3.341,6.52,0.01264,298.9,8.5,292.0,52.0,97.0,2.0,274.92,322.93,206.52,204.03,D,D,0.56
177,4.143,6.52,0.01018,254.3,8.5,292.0,52.0,97.0,2.0,253.92,254.64,210.02,210.9,D,D,0.96
177,4.582,6.52,0.01,256.2,8.5,292.0,52.0,97.0,2.0,254.64,257.86,210.9,208.77,D,D,0.95
177,4.282,6.52,0.00661,349.3,8.5,292.0,52.0,97.0,2.0,287.16,411.4,256.62,257.07,D,C,0.85
177,4.227,6.52,0.00725,309.8,8.5,292.0,52.0,97.0,2.0,287.16,332.51,256.62,255.1,D,D,0.78
177,2.978,6.52,0.01689,297.4,8.5,292.0,52.0,97.0,2.0,279.56,315.31,117.9,120.23,D,D,0.88
177,2.335,6.52,0.01203,429.7,8.5,292.0,52.0,97.0,2.0,514.99,344.49,159.51,157.54,C,D,0.35
177,4.329,6.52,0.01334,491.0,8.5,292.0,52.0,97.0,2.0,514.99,467.01,159.51,155.22,C,C,0.11
177,3.101,6.52,0.01679,302.5,8.5,292.0,52.0,97.0,2.0,260.42,344.49,154.97,157.54,D,D,0.48
177,2.359,6.52,0.0181,363.7,8.5,292.0,52.0,97.0,2.0,260.42,467.01,154.97,155.22,D,C,0.72
177,2.406,6.52,0.01317,405.8,8.5,292.0,52.0,97.0,2.0,344.49,467.01,157.54,155.22,D,C,0.24
177,4.038,6.52,0.00875,341.5,8.5,292.0,52.0,97.0,2.0,318.21,364.84,231.51,232.84,D,C,0.83
177,4.423,6.52,0.00672,386.0,8.5,292.0,52.0,97.0,2.0,398.94,373.07,253.87,250.01,C,C,0.43
177,4.488,6.52,0.00684,386.0,8.5,292.0,52.0,97.0,2.0,398.94,373.07,253.87,250.02,C,C,0.46
177,0.152,6.52,0.00728,373.1,8.5,292.0,52.0,97.0,2.0,373.07,373.07,250.01,250.02,C,C,0.03
177,1.991,6.52,0.00463,372.0,8.5,292.0,52.0,97.0,2.0,411.4,332.51,257.07,255.1,C,D,0.07
178,1.712,6.6,0.02231,242.1,6.0,354.6,85.5,-177.0,0.0,242.05,242.05,180.63,179.16,D,D,0.24
179,4.633,6.0,0.00531,244.9,8.1,141.0,89.0,-175.0,0.0,246.57,243.26,112.51,109.51,D,D,1.99
179,4.451,6.0,0.0116,280.7,8.1,141.0,89.0,-175.0,0.0,288.67,272.8,121.54,117.95,D,D,1.02
179,4.822,6.0,0.01153,285.4,8.1,141.0,89.0,-175.0,0.0,288.67,282.14,121.54,117.41,D,D,0.96
179,0.64,6.0,0.45005,517.9,8.1,141.0,89.0,-175.0,0.0,656.75,378.99,4.93,4.57,C,C,2.08
179,4.591,6.0,0.30349,463.1,8.1,141.0,89.0,-175.0,0.0,656.75,269.55,4.93,2.68,C,D,11.71
179,4.506,6.0,0.31466,461.0,8.1,141.0,89.0,-175.0,0.0,656.75,265.21,4.93,2.65,C,D,12.17
179,4.551,6.0,0.68905,451.4,8.1,141.0,89.0,-175.0,0.0,656.75,246.07,4.93,8.81,C,D,62.9
179,1.005,6.0,0.31178,326.7,8.1,141.0,89.0,-175.0,0.0,383.9,269.55,2.85,2.68,C,D,2.92
179,3.893,6.0,0.28197,325.3,8.1,141.0,89.0,-175.0,0.0,383.9,266.65,2.85,2.7,C,D,0.81
179,2.981,6.0,0.29798,340.7,8.1,141.0,89.0,-175.0,0.0,383.9,297.46,2.85,2.67,C,D,0.17
179,4.019,6.0,0.41936,346.4,8.1,141.0,89.0,-175.0,0.0,383.9,308.84,2.85,3.95,C,D,18.5
179,2.731,6.0,0.24377,378.1,8.1,141.0,89.0,-175.0,0.0,383.9,372.26,2.85,2.85,C,C,1.24
179,2.084,6.0,0.59152,462.8,8.1,141.0,89.0,-175.0,0.0,383.9,541.73,2.85,4.0,C,C,11.81
179,1.216,6.0,0.32295,324.6,8.1,141.0,89.0,-175.0,0.0,383.9,265.21,2.85,2.65,C,D,3.38
179,3.678,6.0,0.69733,315.0,8.1,141.0,89.0,-175.0,0.0,383.9,246.07,2.85,8.81,C,D,71.69
179,4.524,6.0,0.32512,283.5,8.1,141.0,89.0,-175.0,0.0,226.63,340.45,3.19,5.15,D,D,6.04
179,4.957,6.0,0.34926,245.9,8.1,141.0,89.0,-175.0,0.0,226.63,265.21,3.19,2.65,D,D,2.05
179,2.544,6.0,0.72365,236.3,8.1,141.0,89.0,-175.0,0.0,226.63,246.07,3.19,8.81,D,D,73.02
179,1.2,6.0,0.30979,267.1,8.1,141.0,89.0,-175.0,0.0,226.63,307.59,3.19,2.67,D,D,4.1
179,2.743,6.0,0.28273,255.4,8.1,141.0,89.0,-175.0,0.0,226.63,284.21,3.19,2.75,D,D,3.78
179,2.73,6.0,0.43634,332.7,8.1,141.0,89.0,-175.0,0.0,226.63,438.74,3.19,3.52,D,C,0.48
179,4.492,6.0,0.35891,267.8,8.1,141.0,89.0,-175.0,0.0,226.63,308.87,3.19,5.21,D,D,6.3
179,4.97,6.0,0.33276,301.3,8.1,141.0,89.0,-175.0,0.0,226.63,376.0,3.19,5.28,D,C,15.7
179,3.222,6.0,0.20921,461.0,8.1,141.0,89.0,-175.0,0.0,558.33,363.69,3.43,2.65,C,C,16.59
179,3.507,6.0,0.26799,385.0,8.1,141.0,89.0,-175.0,0.0,558.33,211.74,3.43,2.73,C,D,61.01
179,4.43,6.0,0.14437,389.5,8.1,141.0,89.0,-175.0,0.0,558.33,220.75,3.43,2.65,C,D,69.91
179,3.332,6.0,0.15441,386.4,8.1,141.0,89.0,-175.0,0.0,558.33,214.43,3.43,2.67,C,D,37.33
179,1.126,6.0,0.18618,459.6,8.1,141.0,89.0,-175.0,0.0,558.33,360.92,3.43,3.84,C,C,15.99
179,4.681,6.0,0.19156,424.4,8.1,141.0,89.0,-175.0,0.0,558.33,290.5,3.43,3.38,C,D,18.58
179,4.254,6.0,0.16468,504.5,8.1,141.0,89.0,-175.0,0.0,558.33,450.61,3.43,6.3,C,C,18.55
179,3.846,6.0,0.31181,287.7,8.1,141.0,89.0,-175.0,0.0,363.69,211.74,2.65,2.73,C,D,44.42
179,3.006,6.0,0.18819,292.2,8.1,141.0,89.0,-175.0,0.0,363.69,220.75,2.65,2.65,C,D,53.32
179,0.491,6.0,0.19822,289.1,8.1,141.0,89.0,-175.0,0.0,363.69,214.43,2.65,2.67,C,D,20.74
179,3.897,6.0,0.23,362.3,8.1,141.0,89.0,-175.0,0.0,363.69,360.92,2.65,3.84,C,C,0.6
179,1.569,6.0,0.23538,327.1,8.1,141.0,89.0,-175.0,0.0,363.69,290.5,2.65,3.38,C,D,1.99
179,3.949,6.0,0.42877,437.3,8.1,141.0,89.0,-175.0,0.0,363.69,510.92,2.65,5.41,C,C,14.04
179,3.196,6.0,0.1291,550.5,8.1,141.0,89.0,-175.0,0.0,576.21,524.69,9.46,12.54,C,C,3.2
179,4.671,6.0,0.41324,324.3,8.1,141.0,89.0,-175.0,0.0,378.99,269.55,4.57,2.68,C,D,9.63
179,4.56,6.0,0.42441,322.1,8.1,141.0,89.0,-175.0,0.0,378.99,265.21,4.57,2.65,C,D,10.09
179,4.259,6.0,0.7988,312.5,8.1,141.0,89.0,-175.0,0.0,378.99,246.07,4.57,8.81,C,D,64.98
179,4.892,6.0,0.38494,343.3,8.1,141.0,89.0,-175.0,0.0,378.99,307.59,4.57,2.67,C,D,12.14
179,4.799,6.0,0.42883,380.1,8.1,141.0,89.0,-175.0,0.0,378.99,381.27,4.57,2.96,C,C,10.05
179,4.836,6.0,0.41141,423.4,8.1,141.0,89.0,-175.0,0.0,378.99,467.76,4.57,4.46,C,C,4.09
179,4.386,6.0,0.23602,462.8,8.1,141.0,89.0,-175.0,0.0,397.57,527.95,2.57,4.32,C,C,7.13
179,4.33,6.0,0.25926,352.6,8.1,141.0,89.0,-175.0,0.0,397.57,307.59,2.57,2.67,C,D,1.0
179,1.355,6.0,0.30314,389.4,8.1,141.0,89.0,-175.0,0.0,397.57,381.27,2.57,2.96,C,C,3.09
179,2.67,6.0,0.2322,340.9,8.1,141.0,89.0,-175.0,0.0,397.57,284.21,2.57,2.75,C,D,1.32
179,3.097,6.0,0.28573,432.7,8.1,141.0,89.0,-175.0,0.0,397.57,467.76,2.57,4.46,C,C,9.05
179,3.64,6.0,0.38582,418.2,8.1,141.0,89.0,-175.0,0.0,397.57,438.74,2.57,3.52,C,C,5.58
179,4.559,6.0,0.2287,460.8,8.1,141.0,89.0,-175.0,0.0,393.56,527.95,4.83,4.32,C,C,0.25
179,2.55,6.0,0.20219,434.2,8.1,141.0,89.0,-175.0,0.0,340.45,527.95,5.15,4.32,D,C,4.01
179,4.778,6.0,0.22542,324.0,8.1,141.0,89.0,-175.0,0.0,340.45,307.59,5.15,2.67,D,D,10.14
179,3.549,6.0,0.19836,312.3,8.1,141.0,89.0,-175.0,0.0,340.45,284.21,5.15,2.75,D,D,9.82
179,2.295,6.0,0.35198,389.6,8.1,141.0,89.0,-175.0,0.0,340.45,438.74,5.15,3.52,D,C,5.56
179,0.111,6.0,0.27454,324.7,8.1,141.0,89.0,-175.0,0.0,340.45,308.87,5.15,5.21,D,D,0.26
179,2.466,6.0,0.1723,363.3,8.1,141.0,89.0,-175.0,0.0,340.45,386.19,5.15,7.32,D,C,7.32
179,0.758,6.0,0.22998,402.1,8.1,141.0,89.0,-175.0,0.0,446.5,357.79,10.76,10.08,C,D,2.95
179,0.899,6.0,0.27075,431.7,8.1,141.0,89.0,-175.0,0.0,446.5,416.82,10.76,9.95,C,C,3.47
179,0.859,6.0,0.25282,443.5,8.1,141.0,89.0,-175.0,0.0,446.5,440.59,10.76,9.95,C,C,2.98
179,1.234,6.0,0.2979,443.5,8.1,141.0,89.0,-175.0,0.0,446.5,440.59,10.76,9.61,C,C,4.54
179,1.234,6.0,0.26168,443.5,8.1,141.0,89.0,-175.0,0.0,446.5,440.59,10.76,9.61,C,C,4.54
179,1.234,6.0,0.33611,443.5,8.1,141.0,89.0,-175.0,0.0,446.5,440.59,10.76,9.61,C,C,4.54
179,1.432,6.0,0.26076,443.5,8.1,141.0,89.0,-175.0,0.0,446.5,440.59,10.76,9.41,C,C,5.11
179,1.52,6.0,0.26436,456.3,8.1,141.0,89.0,-175.0,0.0,446.5,466.12,10.76,9.34,C,C,5.63
179,1.753,6.0,0.29216,394.1,8.1,141.0,89.0,-175.0,0.0,446.5,341.7,10.76,9.14,C,D,6.7
179,1.468,6.0,0.33526,456.3,8.1,141.0,89.0,-175.0,0.0,446.5,466.12,10.76,9.41,C,C,5.59
179,1.476,6.0,0.27524,456.3,8.1,141.0,89.0,-175.0,0.0,446.5,466.12,10.76,9.47,C,C,6.03
179,1.476,6.0,0.27893,456.3,8.1,141.0,89.0,-175.0,0.0,446.5,466.12,10.76,9.47,C,C,6.03
179,0.556,6.0,0.01283,277.5,8.1,141.0,89.0,-175.0,0.0,272.8,282.14,117.95,117.41,D,D,0.06
179,4.294,6.0,0.32343,233.6,8.1,141.0,89.0,-175.0,0.0,236.59,230.57,6.87,3.63,D,D,17.74
179,3.186,6.0,0.3962,323.5,8.1,141.0,89.0,-175.0,0.0,236.59,410.4,6.87,4.23,D,C,12.52
179,1.553,6.0,0.25813,260.0,8.1,141.0,89.0,-175.0,0.0,236.59,283.38,6.87,5.53,D,D,5.83
179,1.92,6.0,0.27321,244.1,8.1,141.0,89.0,-175.0,0.0,236.59,251.57,6.87,8.66,D,D,6.07
179,4.217,6.0,0.22021,602.2,8.1,141.0,89.0,-175.0,0.0,906.96,297.46,5.29,2.67,B,D,35.64
179,2.072,6.0,0.34159,607.9,8.1,141.0,89.0,-175.0,0.0,906.96,308.84,5.29,3.95,B,D,17.31
179,4.122,6.0,0.51375,724.3,8.1,141.0,89.0,-175.0,0.0,906.96,541.73,5.29,4.0,B,C,24.0
179,3.995,6.0,0.20415,633.9,8.1,141.0,89.0,-175.0,0.0,906.96,360.92,5.29,3.84,B,C,22.61
179,2.338,6.0,0.18264,678.8,8.1,141.0,89.0,-175.0,0.0,906.96,450.61,5.29,6.3,B,C,20.05
179,4.448,6.0,0.23688,268.1,8.1,141.0,89.0,-175.0,0.0,269.55,266.65,2.68,2.7,D,D,2.11
179,3.864,6.0,0.25289,283.5,8.1,141.0,89.0,-175.0,0.0,269.55,297.46,2.68,2.67,D,D,3.09
179,2.461,6.0,0.19869,320.9,8.1,141.0,89.0,-175.0,0.0,269.55,372.26,2.68,2.85,D,C,1.68
179,2.981,6.0,0.54644,405.6,8.1,141.0,89.0,-175.0,0.0,269.55,541.73,2.68,4.0,D,C,14.73
179,0.212,6.0,0.27786,267.4,8.1,141.0,89.0,-175.0,0.0,269.55,265.21,2.68,2.65,D,D,0.46
179,2.674,6.0,0.65224,257.8,8.1,141.0,89.0,-175.0,0.0,269.55,246.07,2.68,8.81,D,D,74.61
179,4.516,6.0,0.25394,304.5,8.1,141.0,89.0,-175.0,0.0,357.35,251.57,12.97,8.66,D,D,11.44
179,3.02,6.0,0.13835,358.2,8.1,141.0,89.0,-175.0,0.0,357.35,359.03,12.97,15.83,D,D,6.65
179,2.978,6.0,0.01181,297.4,8.1,141.0,89.0,-175.0,0.0,279.56,315.31,119.62,120.79,D,D,1.02
179,4.232,6.0,0.15979,406.1,8.1,141.0,89.0,-175.0,0.0,527.95,284.21,4.32,2.75,C,D,5.81
179,3.582,6.0,0.3134,483.3,8.1,141.0,89.0,-175.0,0.0,527.95,438.74,4.32,3.52,C,C,1.55
179,2.657,6.0,0.23596,418.4,8.1,141.0,89.0,-175.0,0.0,527.95,308.87,4.32,5.21,C,D,4.27
179,4.506,6.0,0.13373,457.1,8.1,141.0,89.0,-175.0,0.0,527.95,386.19,4.32,7.32,C,C,11.33
179,1.852,6.0,0.43674,424.7,8.1,141.0,89.0,-175.0,0.0,326.64,522.74,3.0,4.08,D,C,8.52
179,1.617,6.0,0.43457,249.8,8.1,141.0,89.0,-175.0,0.0,326.64,173.02,3.0,3.01,D,E,1.94
179,4.042,6.0,0.52032,362.0,8.1,141.0,89.0,-175.0,0.0,326.64,397.36,3.0,5.55,D,C,19.88
179,2.611,6.0,0.40143,278.6,8.1,141.0,89.0,-175.0,0.0,326.64,230.57,3.0,3.63,D,D,2.2
179,3.697,6.0,0.47419,368.5,8.1,141.0,89.0,-175.0,0.0,326.64,410.4,3.0,4.23,D,C,7.42
179,3.18,6.0,0.51689,252.5,8.1,141.0,89.0,-175.0,0.0,326.64,178.27,3.0,2.51,D,E,4.59
179,3.44,6.0,0.48208,347.9,8.1,141.0,89.0,-175.0,0.0,522.74,173.02,4.08,3.01,C,E,10.46
179,2.374,6.0,0.56783,460.1,8.1,141.0,89.0,-175.0,0.0,522.74,397.36,4.08,5.55,C,C,11.36
179,4.358,6.0,0.44893,376.7,8.1,141.0,89.0,-175.0,0.0,522.74,230.57,4.08,3.63,C,D,6.32
179,4.401,6.0,0.5644,350.5,8.1,141.0,89.0,-175.0,0.0,522.74,178.27,4.08,2.51,C,E,13.11
179,1.064,6.0,0.44676,201.8,8.1,141.0,89.0,-175.0,0.0,173.02,230.57,3.01,3.63,E,D,4.14
179,2.093,6.0,0.51953,291.7,8.1,141.0,89.0,-175.0,0.0,173.02,410.4,3.01,4.23,E,C,9.36
179,3.724,6.0,0.38146,228.2,8.1,141.0,89.0,-175.0,0.0,173.02,283.38,3.01,5.53,E,D,16.05
179,3.175,6.0,0.56223,175.6,8.1,141.0,89.0,-175.0,0.0,173.02,178.27,3.01,2.51,E,E,2.65
179,4.689,6.0,0.68404,329.0,8.1,141.0,89.0,-175.0,0.0,397.36,260.63,5.55,3.79,C,D,0.59
179,1.123,6.0,0.48639,320.5,8.1,141.0,89.0,-175.0,0.0,230.57,410.4,3.63,4.23,D,C,5.22
179,2.742,6.0,0.34832,257.0,8.1,141.0,89.0,-175.0,0.0,230.57,283.38,3.63,5.53,D,D,11.91
179,3.959,6.0,0.52909,204.4,8.1,141.0,89.0,-175.0,0.0,230.57,178.27,3.63,2.51,D,E,6.79
179,1.634,6.0,0.42109,346.9,8.1,141.0,89.0,-175.0,0.0,410.4,283.38,4.23,5.53,C,D,6.69
179,4.456,6.0,0.60185,294.3,8.1,141.0,89.0,-175.0,0.0,410.4,178.27,4.23,2.51,C,E,12.01
179,3.472,6.0,0.29811,267.5,8.1,141.0,89.0,-175.0,0.0,283.38,251.57,5.53,8.66,D,D,11.9
179,3.536,6.0,0.68061,219.4,8.1,141.0,89.0,-175.0,0.0,178.27,260.63,2.51,3.79,E,D,23.88
179,4.304,6.0,0.25701,213.1,8.1,141.0,89.0,-175.0,0.0,211.74,214.43,2.73,2.67,D,D,23.68
179,4.623,6.0,0.28879,286.3,8.1,141.0,89.0,-175.0,0.0,211.74,360.92,2.73,3.84,D,C,45.02
179,3.975,6.0,0.54363,236.2,8.1,141.0,89.0,-175.0,0.0,211.74,260.63,2.73,3.79,D,D,2.39
179,4.753,6.0,0.27859,389.0,8.1,141.0,89.0,-175.0,0.0,211.74,566.33,2.73,5.8,D,C,23.19
179,3.409,6.0,0.16521,243.7,8.1,141.0,89.0,-175.0,0.0,220.75,266.65,2.65,2.7,D,D,5.31
179,3.975,6.0,0.18122,259.1,8.1,141.0,89.0,-175.0,0.0,220.75,297.46,2.65,2.67,D,D,4.33
179,4.838,6.0,0.30261,264.8,8.1,141.0,89.0,-175.0,0.0,220.75,308.84,2.65,3.95,D,D,14.0
179,2.521,6.0,0.13339,217.6,8.1,141.0,89.0,-175.0,0.0,220.75,214.43,2.65,2.67,D,D,32.58
179,4.308,6.0,0.16517,290.8,8.1,141.0,89.0,-175.0,0.0,220.75,360.92,2.65,3.84,D,C,53.92
179,2.693,6.0,0.17054,255.6,8.1,141.0,89.0,-175.0,0.0,220.75,290.5,2.65,3.38,D,D,51.33
179,4.676,6.0,0.36393,365.8,8.1,141.0,89.0,-175.0,0.0,220.75,510.92,2.65,5.41,D,C,67.36
179,1.964,6.0,0.22309,282.1,8.1,141.0,89.0,-175.0,0.0,266.65,297.46,2.7,2.67,D,D,0.98
179,4.1,6.0,0.34447,287.7,8.1,141.0,89.0,-175.0,0.0,266.65,308.84,2.7,3.95,D,D,19.31
179,3.165,6.0,0.16887,319.5,8.1,141.0,89.0,-175.0,0.0,266.65,372.26,2.7,2.85,D,C,0.43
179,4.567,6.0,0.51663,404.2,8.1,141.0,89.0,-175.0,0.0,266.65,541.73,2.7,4.0,D,C,12.62
179,4.599,6.0,0.24805,265.9,8.1,141.0,89.0,-175.0,0.0,266.65,265.21,2.7,2.65,D,D,2.57
179,2.214,6.0,0.36048,303.1,8.1,141.0,89.0,-175.0,0.0,297.46,308.84,2.67,3.95,D,D,18.33
179,3.8,6.0,0.18489,334.9,8.1,141.0,89.0,-175.0,0.0,297.46,372.26,2.67,2.85,D,C,1.41
179,2.832,6.0,0.53264,419.6,8.1,141.0,89.0,-175.0,0.0,297.46,541.73,2.67,4.0,D,C,11.64
179,4.064,6.0,0.26406,281.3,8.1,141.0,89.0,-175.0,0.0,297.46,265.21,2.67,2.65,D,D,3.55
179,2.52,6.0,0.65402,425.3,8.1,141.0,89.0,-175.0,0.0,308.84,541.73,3.95,4.0,D,C,6.69
179,4.898,6.0,0.34442,334.9,8.1,141.0,89.0,-175.0,0.0,308.84,360.92,3.95,3.84,D,C,39.92
179,4.327,6.0,0.32291,379.7,8.1,141.0,89.0,-175.0,0.0,308.84,450.61,3.95,6.3,D,C,37.36
179,4.637,6.0,0.47843,457.0,8.1,141.0,89.0,-175.0,0.0,372.26,541.73,2.85,4.0,C,C,13.05
179,2.473,6.0,0.20986,318.7,8.1,141.0,89.0,-175.0,0.0,372.26,265.21,2.85,2.65,C,D,2.14
179,3.431,6.0,0.58424,309.2,8.1,141.0,89.0,-175.0,0.0,372.26,246.07,2.85,8.81,C,D,72.93
179,3.408,6.0,0.19335,374.1,8.1,141.0,89.0,-175.0,0.0,372.26,376.0,2.85,5.28,C,C,15.61
179,3.17,6.0,0.55761,403.5,8.1,141.0,89.0,-175.0,0.0,541.73,265.21,4.0,2.65,C,D,15.19
179,2.464,6.0,0.66342,255.6,8.1,141.0,89.0,-175.0,0.0,265.21,246.07,2.65,8.81,D,D,75.07
179,4.967,6.0,0.24956,286.4,8.1,141.0,89.0,-175.0,0.0,265.21,307.59,2.65,2.67,D,D,2.05
179,2.526,6.0,0.62394,276.8,8.1,141.0,89.0,-175.0,0.0,246.07,307.59,8.81,2.67,D,D,77.12
179,4.549,6.0,0.59688,265.1,8.1,141.0,89.0,-175.0,0.0,246.07,284.21,8.81,2.75,D,D,76.8
179,4.997,6.0,0.64691,311.0,8.1,141.0,89.0,-175.0,0.0,246.07,376.0,8.81,5.28,D,C,57.32
179,4.003,6.0,0.25397,344.4,8.1,141.0,89.0,-175.0,0.0,307.59,381.27,2.67,2.96,D,C,2.09
179,2.041,6.0,0.18302,295.9,8.1,141.0,89.0,-175.0,0.0,307.59,284.21,2.67,2.75,D,D,0.32
179,2.608,6.0,0.33664,373.2,8.1,141.0,89.0,-175.0,0.0,307.59,438.74,2.67,3.52,D,C,4.58
179,4.774,6.0,0.25921,308.2,8.1,141.0,89.0,-175.0,0.0,307.59,308.87,2.67,5.21,D,D,10.4
179,3.878,6.0,0.1752,287.7,8.1,141.0,89.0,-175.0,0.0,214.43,360.92,2.67,3.84,D,C,21.34
179,1.349,6.0,0.18057,252.5,8.1,141.0,89.0,-175.0,0.0,214.43,290.5,2.67,3.38,D,D,18.75
179,3.852,6.0,0.37396,362.7,8.1,141.0,89.0,-175.0,0.0,214.43,510.92,2.67,5.41,D,C,34.78
179,3.257,6.0,0.18547,405.8,8.1,141.0,89.0,-175.0,0.0,360.92,450.61,3.84,6.3,C,C,2.56
179,2.533,6.0,0.41112,400.7,8.1,141.0,89.0,-175.0,0.0,290.5,510.92,3.38,5.41,D,C,16.03
179,3.218,6.0,0.50016,466.1,8.1,141.0,89.0,-175.0,0.0,510.92,421.2,5.41,8.27,C,C,2.85
179,3.412,6.0,0.30806,431.3,8.1,141.0,89.0,-175.0,0.0,421.2,441.37,8.27,11.52,C,C,0.81
179,4.471,6.0,0.15994,336.9,8.1,141.0,89.0,-175.0,0.0,441.37,232.44,11.52,15.79,C,D,7.08
179,2.675,6.0,0.45163,413.5,8.1,141.0,89.0,-175.0,0.0,260.63,566.33,3.79,5.8,D,C,20.8
179,2.777,6.0,0.19547,565.7,8.1,141.0,89.0,-175.0,0.0,566.33,565.08,5.8,8.08,C,C,17.67
179,2.935,6.0,0.2269,332.7,8.1,141.0,89.0,-175.0,0.0,381.27,284.21,2.96,2.75,C,D,1.77
179,2.18,6.0,0.28043,424.5,8.1,141.0,89.0,-175.0,0.0,381.27,467.76,2.96,4.46,C,C,5.96
179,4.181,6.0,0.38053,410.0,8.1,141.0,89.0,-175.0,0.0,381.27,438.74,2.96,3.52,C,C,2.49
179,1.332,6.0,0.30958,361.5,8.1,141.0,89.0,-175.0,0.0,284.21,438.74,2.75,3.52,D,C,4.26
179,3.589,6.0,0.23214,296.5,8.1,141.0,89.0,-175.0,0.0,284.21,308.87,2.75,5.21,D,D,10.08
179,2.319,6.0,0.38576,373.8,8.1,141.0,89.0,-175.0,0.0,438.74,308.87,3.52,5.21,C,D,5.82
179,4.429,6.0,0.28353,412.5,8.1,141.0,89.0,-175.0,0.0,438.74,386.19,3.52,7.32,C,C,12.88
179,2.377,6.0,0.20608,347.5,8.1,141.0,89.0,-175.0,0.0,308.87,386.19,5.21,7.32,D,C,7.06
179,4.972,6.0,0.24113,314.6,8.1,141.0,89.0,-175.0,0.0,308.87,320.39,5.21,9.67,D,D,14.71
179,2.602,6.0,0.13889,353.3,8.1,141.0,89.0,-175.0,0.0,386.19,320.39,7.32,9.67,C,D,7.65
179,4.131,6.0,0.13968,356.3,8.1,141.0,89.0,-175.0,0.0,320.39,392.24,9.67,13.7,D,C,9.75
179,0.143,6.0,0.20441,387.3,8.1,141.0,89.0,-175.0,0.0,357.79,416.82,10.08,9.95,D,C,0.52
179,0.18,6.0,0.18648,399.2,8.1,141.0,89.0,-175.0,0.0,357.79,440.59,10.08,9.95,D,C,0.03
179,0.491,6.0,0.23156,399.2,8.1,141.0,89.0,-175.0,0.0,357.79,440.59,10.08,9.61,D,C,1.59
179,0.491,6.0,0.19534,399.2,8.1,141.0,89.0,-175.0,0.0,357.79,440.59,10.08,9.61,D,C,1.59
179,0.491,6.0,0.26977,399.2,8.1,141.0,89.0,-175.0,0.0,357.79,440.59,10.08,9.61,D,C,1.59
179,0.7,6.0,0.19443,399.2,8.1,141.0,89.0,-175.0,0.0,357.79,440.59,10.08,9.41,D,C,2.16
179,0.776,6.0,0.19802,412.0,8.1,141.0,89.0,-175.0,0.0,357.79,466.12,10.08,9.34,D,C,2.68
179,1.002,6.0,0.22582,349.7,8.1,141.0,89.0,-175.0,0.0,357.79,341.7,10.08,9.14,D,D,3.75
179,0.716,6.0,0.26892,412.0,8.1,141.0,89.0,-175.0,0.0,357.79,466.12,10.08,9.41,D,C,2.64
179,0.72,6.0,0.2089,412.0,8.1,141.0,89.0,-175.0,0.0,357.79,466.12,10.08,9.47,D,C,3.08
179,0.72,6.0,0.21259,412.0,8.1,141.0,89.0,-175.0,0.0,357.79,466.12,10.08,9.47,D,C,3.08
179,0.143,6.0,0.22725,428.7,8.1,141.0,89.0,-175.0,0.0,416.82,440.59,9.95,9.95,C,C,0.49
179,0.35,6.0,0.27233,428.7,8.1,141.0,89.0,-175.0,0.0,416.82,440.59,9.95,9.61,C,C,1.07
179,0.35,6.0,0.23611,428.7,8.1,141.0,89.0,-175.0,0.0,416.82,440.59,9.95,9.61,C,C,1.07
179,0.35,6.0,0.31055,428.7,8.1,141.0,89.0,-175.0,0.0,416.82,440.59,9.95,9.61,C,C,1.07
179,0.561,6.0,0.23519,428.7,8.1,141.0,89.0,-175.0,0.0,416.82,440.59,9.95,9.41,C,C,1.64
179,0.633,6.0,0.23879,441.5,8.1,141.0,89.0,-175.0,0.0,416.82,466.12,9.95,9.34,C,C,2.16
179,0.859,6.0,0.26659,379.3,8.1,141.0,89.0,-175.0,0.0,416.82,341.7,9.95,9.14,C,D,3.23
179,0.573,6.0,0.30969,441.5,8.1,141.0,89.0,-175.0,0.0,416.82,466.12,9.95,9.41,C,C,2.12
179,0.584,6.0,0.24967,441.5,8.1,141.0,89.0,-175.0,0.0,416.82,466.12,9.95,9.47,C,C,2.56
179,0.584,6.0,0.25336,441.5,8.1,141.0,89.0,-175.0,0.0,416.82,466.12,9.95,9.47,C,C,2.56
179,0.379,6.0,0.2544,440.6,8.1,141.0,89.0,-175.0,0.0,440.59,440.59,9.95,9.61,C,C,1.56
179,0.379,6.0,0.21818,440.6,8.1,141.0,89.0,-175.0,0.0,440.59,440.59,9.95,9.61,C,C,1.56
179,0.379,6.0,0.29262,440.6,8.1,141.0,89.0,-175.0,0.0,440.59,440.59,9.95,9.61,C,C,1.56
179,0.573,6.0,0.21726,440.6,8.1,141.0,89.0,-175.0,0.0,440.59,440.59,9.95,9.41,C,C,2.13
179,0.663,6.0,0.22086,453.4,8.1,141.0,89.0,-175.0,0.0,440.59,466.12,9.95,9.34,C,C,2.65
179,0.899,6.0,0.24866,391.1,8.1,141.0,89.0,-175.0,0.0,440.59,341.7,9.95,9.14,C,D,3.72
179,0.618,6.0,0.29176,453.4,8.1,141.0,89.0,-175.0,0.0,440.59,466.12,9.95,9.41,C,C,2.61
179,0.673,6.0,0.23174,453.4,8.1,141.0,89.0,-175.0,0.0,440.59,466.12,9.95,9.47,C,C,3.05
179,0.673,6.0,0.23543,453.4,8.1,141.0,89.0,-175.0,0.0,440.59,466.12,9.95,9.47,C,C,3.05
179,0.0,6.0,0.26326,440.6,8.1,141.0,89.0,-175.0,0.0,440.59,440.59,9.61,9.61,C,C,0.0
179,0.0,6.0,0.33769,440.6,8.1,141.0,89.0,-175.0,0.0,440.59,440.59,9.61,9.61,C,C,0.0
179,0.212,6.0,0.26234,440.6,8.1,141.0,89.0,-175.0,0.0,440.59,440.59,9.61,9.41,C,C,0.57
179,0.286,6.0,0.26594,453.4,8.1,141.0,89.0,-175.0,0.0,440.59,466.12,9.61,9.34,C,C,1.09
179,0.521,6.0,0.29373,391.1,8.1,141.0,89.0,-175.0,0.0,440.59,341.7,9.61,9.14,C,D,2.16
179,0.24,6.0,0.33683,453.4,8.1,141.0,89.0,-175.0,0.0,440.59,466.12,9.61,9.41,C,C,1.05
179,0.346,6.0,0.27682,453.4,8.1,141.0,89.0,-175.0,0.0,440.59,466.12,9.61,9.47,C,C,1.49
179,0.346,6.0,0.28051,453.4,8.1,141.0,89.0,-175.0,0.0,440.59,466.12,9.61,9.47,C,C,1.49
179,0.0,6.0,0.30147,440.6,8.1,141.0,89.0,-175.0,0.0,440.59,440.59,9.61,9.61,C,C,0.0
179,0.212,6.0,0.22612,440.6,8.1,141.0,89.0,-175.0,0.0,440.59,440.59,9.61,9.41,C,C,0.57
179,0.286,6.0,0.22972,453.4,8.1,141.0,89.0,-175.0,0.0,440.59,466.12,9.61,9.34,C,C,1.09
179,0.521,6.0,0.25752,391.1,8.1,141.0,89.0,-175.0,0.0,440.59,341.7,9.61,9.14,C,D,2.16
179,0.24,6.0,0.30062,453.4,8.1,141.0,89.0,-175.0,0.0,440.59,466.12,9.61,9.41,C,C,1.05
179,0.346,6.0,0.2406,453.4,8.1,141.0,89.0,-175.0,0.0,440.59,466.12,9.61,9.47,C,C,1.49
179,0.346,6.0,0.24429,453.4,8.1,141.0,89.0,-175.0,0.0,440.59,466.12,9.61,9.47,C,C,1.49
179,0.212,6.0,0.30056,440.6,8.1,141.0,89.0,-175.0,0.0,440.59,440.59,9.61,9.41,C,C,0.57
179,0.286,6.0,0.30416,453.4,8.1,141.0,89.0,-175.0,0.0,440.59,466.12,9.61,9.34,C,C,1.09
179,0.521,6.0,0.33196,391.1,8.1,141.0,89.0,-175.0,0.0,440.59,341.7,9.61,9.14,C,D,2.16
179,0.24,6.0,0.37506,453.4,8.1,141.0,89.0,-175.0,0.0,440.59,466.12,9.61,9.41,C,C,1.05
179,0.346,6.0,0.31504,453.4,8.1,141.0,89.0,-175.0,0.0,440.59,466.12,9.61,9.47,C,C,1.49
179,0.346,6.0,0.31873,453.4,8.1,141.0,89.0,-175.0,0.0,440.59,466.12,9.61,9.47,C,C,1.49
179,0.111,6.0,0.2288,453.4,8.1,141.0,89.0,-175.0,0.0,440.59,466.12,9.41,9.34,C,C,0.52
179,0.346,6.0,0.2566,391.1,8.1,141.0,89.0,-175.0,0.0,440.59,341.7,9.41,9.14,C,D,1.59
179,0.143,6.0,0.2997,453.4,8.1,141.0,89.0,-175.0,0.0,440.59,466.12,9.41,9.41,C,C,0.48
179,0.35,6.0,0.23968,453.4,8.1,141.0,89.0,-175.0,0.0,440.59,466.12,9.41,9.47,C,C,0.92
179,0.35,6.0,0.24338,453.4,8.1,141.0,89.0,-175.0,0.0,440.59,466.12,9.41,9.47,C,C,0.92
179,0.24,6.0,0.2602,403.9,8.1,141.0,89.0,-175.0,0.0,466.12,341.7,9.34,9.14,C,D,1.07
179,0.09,6.0,0.3033,466.1,8.1,141.0,89.0,-175.0,0.0,466.12,466.12,9.34,9.41,C,C,0.04
179,0.292,6.0,0.24328,466.1,8.1,141.0,89.0,-175.0,0.0,466.12,466.12,9.34,9.47,C,C,0.4
179,0.292,6.0,0.24697,466.1,8.1,141.0,89.0,-175.0,0.0,466.12,466.12,9.34,9.47,C,C,0.4
179,4.91,6.0,0.24421,421.1,8.1,141.0,89.0,-175.0,0.0,466.12,376.0,9.34,5.28,C,C,23.42
179,0.286,6.0,0.3311,403.9,8.1,141.0,89.0,-175.0,0.0,341.7,466.12,9.14,9.41,D,C,1.11
179,0.377,6.0,0.27108,403.9,8.1,141.0,89.0,-175.0,0.0,341.7,466.12,9.14,9.47,D,C,0.67
179,0.377,6.0,0.27477,403.9,8.1,141.0,89.0,-175.0,0.0,341.7,466.12,9.14,9.47,D,C,0.67
179,4.67,6.0,0.27201,358.9,8.1,141.0,89.0,-175.0,0.0,341.7,376.0,9.14,5.28,D,C,22.35
179,0.212,6.0,0.31418,466.1,8.1,141.0,89.0,-175.0,0.0,466.12,466.12,9.41,9.47,C,C,0.44
179,0.212,6.0,0.31787,466.1,8.1,141.0,89.0,-175.0,0.0,466.12,466.12,9.41,9.47,C,C,0.44
179,4.946,6.0,0.31511,421.1,8.1,141.0,89.0,-175.0,0.0,466.12,376.0,9.41,5.28,C,C,23.46
179,0.0,6.0,0.25785,466.1,8.1,141.0,89.0,-175.0,0.0,466.12,466.12,9.47,9.47,C,C,0.0
179,4.923,6.0,0.25509,421.1,8.1,141.0,89.0,-175.0,0.0,466.12,376.0,9.47,5.28,C,C,23.02
179,4.923,6.0,0.25878,421.1,8.1,141.0,89.0,-175.0,0.0,466.12,376.0,9.47,5.28,C,C,23.02
179,0.0,6.0,0.00924,835.0,8.1,141.0,89.0,-175.0,0.0,1100.0,570.0,78.32,78.32,B,C,0.0
179,4.034,6.0,0.00225,283.6,8.1,141.0,89.0,-175.0,0.0,282.81,284.38,211.21,214.02,D,D,0.67
179,4.566,6.0,0.00299,367.1,8.1,141.0,89.0,-175.0,0.0,377.0,357.28,183.56,188.1,C,D,0.13
179,4.51,6.0,0.00215,424.0,8.1,141.0,89.0,-175.0,0.0,377.0,471.0,183.56,183.87,C,C,1.21
179,4.751,6.0,0.00136,521.1,8.1,141.0,89.0,-175.0,0.0,407.1,635.15,250.51,246.56,C,C,0.54
179,4.84,6.0,0.00343,625.8,8.1,141.0,89.0,-175.0,0.0,560.63,690.97,180.94,181.51,C,C,1.31
179,4.966,6.0,0.00185,434.5,8.1,141.0,89.0,-175.0,0.0,437.0,432.0,206.94,209.54,C,C,1.01
180,1.143,6.63,0.24665,335.2,10.6,212.0,47.0,93.0,2.0,305.54,364.91,30.37,30.81,D,C,1.53
180,0.974,6.63,0.15401,630.5,10.6,212.0,47.0,93.0,2.0,431.98,828.95,51.88,52.3,C,B,0.85
180,2.883,6.63,0.01299,340.5,10.6,212.0,47.0,93.0,2.0,342.36,338.68,80.84,83.14,D,D,1.01
180,3.003,6.63,0.06436,543.7,10.6,212.0,47.0,93.0,2.0,525.27,562.18,62.87,64.65,C,C,0.19
180,0.416,6.63,0.01316,500.3,10.6,212.0,47.0,93.0,2.0,511.9,488.75,100.19,100.6,C,C,0.04
180,2.208,6.63,0.21348,278.4,10.6,212.0,47.0,93.0,2.0,229.95,326.88,56.22,54.34,D,D,0.98
180,4.178,6.63,0.54026,352.4,10.6,212.0,47.0,93.0,2.0,274.17,430.71,12.81,9.79,D,C,16.08
180,4.635,6.63,0.58662,377.3,10.6,212.0,47.0,93.0,2.0,274.17,480.4,12.81,9.46,D,C,17.95
180,2.481,6.63,0.43805,447.9,10.6,212.0,47.0,93.0,2.0,331.63,564.25,8.47,10.72,D,C,0.51
180,4.626,6.63,0.9923,396.8,10.6,212.0,47.0,93.0,2.0,418.5,375.0,11.26,8.93,C,C,5.72
180,0.458,6.63,0.6942,455.6,10.6,212.0,47.0,93.0,2.0,430.71,480.4,9.79,9.46,C,C,1.87
180,3.235,6.63,0.00202,383.5,10.6,212.0,47.0,93.0,2.0,180.05,586.94,277.44,280.61,D,C,0.12
180,2.942,6.63,0.0351,223.6,10.6,212.0,47.0,93.0,2.0,187.13,260.0,190.45,188.87,D,D,0.73
180,0.639,6.63,0.00584,342.0,10.6,212.0,47.0,93.0,2.0,483.32,200.74,241.5,241.63,C,D,0.15
180,2.224,6.63,0.00217,423.8,10.6,212.0,47.0,93.0,2.0,321.12,526.42,263.21,263.17,D,C,0.47
180,3.66,6.63,0.01036,255.8,10.6,212.0,47.0,93.0,2.0,290.19,221.36,229.24,225.84,D,D,0.3
180,4.925,6.63,0.02595,313.3,10.6,212.0,47.0,93.0,2.0,288.54,338.06,158.23,155.08,D,D,1.24
180,0.434,6.63,0.00551,579.2,10.6,212.0,47.0,93.0,2.0,565.7,592.62,196.81,196.77,C,C,0.12
180,0.429,6.63,0.00328,529.7,10.6,212.0,47.0,93.0,2.0,431.94,627.38,155.69,155.74,C,C,0.15
180,3.561,6.63,0.00481,406.1,10.6,212.0,47.0,93.0,2.0,442.96,369.23,180.16,183.71,C,C,0.05
180,1.268,6.63,0.00353,622.2,10.6,212.0,47.0,93.0,2.0,434.57,809.86,208.91,208.88,C,B,0.33
180,4.544,6.63,0.00463,386.7,10.6,212.0,47.0,93.0,2.0,406.65,366.67,224.23,228.78,C,C,0.03
180,0.995,6.63,0.00124,604.8,10.6,212.0,47.0,93.0,2.0,524.35,685.28,254.02,253.03,C,C,0.01
180,1.493,6.63,0.07126,258.4,10.6,212.0,47.0,93.0,2.0,297.19,219.53,123.82,123.84,D,D,0.64
180,0.568,6.63,0.03581,379.7,10.6,212.0,47.0,93.0,2.0,358.53,400.83,103.06,103.31,D,C,0.25
180,2.344,6.63,0.01772,710.0,10.6,212.0,47.0,93.0,2.0,751.93,668.1,107.69,107.43,C,C,1.11
180,2.863,6.63,0.03179,437.1,10.6,212.0,47.0,93.0,2.0,467.35,406.76,120.28,117.49,C,C,0.29
180,2.612,6.63,0.01324,411.4,10.6,212.0,47.0,93.0,2.0,264.25,558.56,182.95,184.56,D,C,0.64
180,1.369,6.63,0.0299,184.1,10.6,212.0,47.0,93.0,2.0,261.31,106.83,191.66,192.92,D,E,0.18
180,4.063,6.63,0.00608,434.4,10.6,212.0,47.0,93.0,2.0,425.17,443.55,182.57,179.69,C,C,0.83
180,3.36,6.63,0.00279,420.2,10.6,212.0,47.0,93.0,2.0,400.33,440.0,202.69,204.39,C,C,0.77
180,4.837,6.63,0.0191,313.7,10.6,212.0,47.0,93.0,2.0,330.71,296.74,203.72,198.88,D,D,0.02
180,4.656,6.63,0.01204,188.2,10.6,212.0,47.0,93.0,2.0,141.79,234.6,200.65,205.07,E,D,0.37
180,3.487,6.63,0.01239,494.4,10.6,212.0,47.0,93.0,2.0,600.39,388.42,178.06,174.99,C,C,0.51
180,4.224,6.63,0.0046,341.0,10.6,212.0,47.0,93.0,2.0,409.33,272.73,205.26,205.5,C,D,1.11
180,2.05,6.63,0.01522,207.3,10.6,212.0,47.0,93.0,2.0,211.2,203.45,185.39,183.88,D,D,0.4
180,1.332,6.63,0.01065,390.0,10.6,212.0,47.0,93.0,2.0,421.78,358.25,161.09,159.79,C,D,0.11
180,3.396,6.63,0.01138,449.7,10.6,212.0,47.0,93.0,2.0,410.35,489.0,114.41,114.5,C,C,1.55
180,3.218,6.63,0.00767,663.4,10.6,212.0,47.0,93.0,2.0,555.37,771.43,115.93,113.88,C,B,1.08
180,1.307,6.63,0.01578,417.4,10.6,212.0,47.0,93.0,2.0,525.17,309.6,129.15,128.58,C,D,0.49
180,0.618,6.63,0.00468,520.2,10.6,212.0,47.0,93.0,2.0,516.11,524.27,207.59,208.07,C,C,0.1
180,4.058,6.63,0.0069,408.0,10.6,212.0,47.0,93.0,2.0,302.98,513.05,206.21,205.83,D,C,1.06
180,4.702,6.63,0.02894,541.1,10.6,212.0,47.0,93.0,2.0,710.53,371.62,156.93,153.65,C,C,1.18
180,4.571,6.63,0.00154,299.5,10.6,212.0,47.0,93.0,2.0,222.22,376.82,271.47,266.98,D,C,0.17
180,3.311,6.63,0.00359,333.4,10.6,212.0,47.0,93.0,2.0,300.91,365.95,221.46,223.22,D,C,0.68
180,2.229,6.63,0.01469,510.4,10.6,212.0,47.0,93.0,2.0,597.75,423.0,116.84,116.35,C,C,1.02
180,3.271,6.63,0.01809,243.3,10.6,212.0,47.0,93.0,2.0,261.0,225.52,192.93,190.08,D,D,0.43
180,3.42,6.63,0.01893,246.5,10.6,212.0,47.0,93.0,2.0,261.0,232.0,192.93,192.58,D,D,0.96
180,2.635,6.63,0.0206,262.0,10.6,212.0,47.0,93.0,2.0,261.0,263.0,192.93,193.11,D,D,0.74
180,2.12,6.63,0.02062,230.5,10.6,212.0,47.0,93.0,2.0,261.0,200.0,192.93,192.43,D,D,0.59
180,2.41,6.63,0.01683,244.5,10.6,212.0,47.0,93.0,2.0,261.0,228.0,192.93,191.27,D,D,0.51
180,3.396,6.63,0.0227,241.2,10.6,212.0,47.0,93.0,2.0,261.0,221.35,192.93,189.54,D,D,0.03
180,4.626,6.63,0.01999,263.5,10.6,212.0,47.0,93.0,2.0,261.0,266.0,192.93,188.6,D,D,0.51
180,4.184,6.63,0.01977,325.6,10.6,212.0,47.0,93.0,2.0,261.0,390.12,192.93,190.2,D,C,0.92
180,4.344,6.63,0.01913,212.8,10.6,212.0,47.0,93.0,2.0,225.52,200.0,190.08,192.43,D,D,1.02
180,3.54,6.63,0.01533,226.8,10.6,212.0,47.0,93.0,2.0,225.52,228.0,190.08,191.27,D,D,0.94
180,1.462,6.63,0.02121,223.4,10.6,212.0,47.0,93.0,2.0,225.52,221.35,190.08,189.54,D,D,0.4
180,3.545,6.63,0.0185,245.8,10.6,212.0,47.0,93.0,2.0,225.52,266.0,190.08,188.6,D,D,0.94
180,4.157,6.63,0.02644,221.1,10.6,212.0,47.0,93.0,2.0,225.52,216.59,190.08,186.06,D,D,0.27
180,4.747,6.63,0.01828,307.8,10.6,212.0,47.0,93.0,2.0,225.52,390.12,190.08,190.2,D,C,1.35
180,4.903,6.63,0.03266,219.0,10.6,212.0,47.0,93.0,2.0,216.59,221.35,184.93,189.54,D,D,0.45
180,1.329,6.63,0.03789,216.6,10.6,212.0,47.0,93.0,2.0,216.59,216.59,184.93,186.06,D,D,0.22
180,4.644,6.63,0.02874,211.9,10.6,212.0,47.0,93.0,2.0,216.59,207.17,184.93,186.26,D,D,1.31
180,0.939,6.63,0.01994,247.5,10.6,212.0,47.0,93.0,2.0,232.0,263.0,192.58,193.11,D,D,0.22
180,1.347,6.63,0.01997,216.0,10.6,212.0,47.0,93.0,2.0,232.0,200.0,192.58,192.43,D,D,0.37
180,2.104,6.63,0.01617,230.0,10.6,212.0,47.0,93.0,2.0,232.0,228.0,192.58,191.27,D,D,0.45
180,4.719,6.63,0.02205,226.7,10.6,212.0,47.0,93.0,2.0,232.0,221.35,192.58,189.54,D,D,0.99
180,4.333,6.63,0.01933,249.0,10.6,212.0,47.0,93.0,2.0,232.0,266.0,192.58,188.6,D,D,0.45
180,2.39,6.63,0.01912,311.1,10.6,212.0,47.0,93.0,2.0,232.0,390.12,192.58,190.2,D,C,0.04
180,0.879,6.63,0.02164,231.5,10.6,212.0,47.0,93.0,2.0,263.0,200.0,193.11,192.43,D,D,0.15
180,2.036,6.63,0.01784,245.5,10.6,212.0,47.0,93.0,2.0,263.0,228.0,193.11,191.27,D,D,0.23
180,4.56,6.63,0.02371,242.2,10.6,212.0,47.0,93.0,2.0,263.0,221.35,193.11,189.54,D,D,0.77
180,4.603,6.63,0.021,264.5,10.6,212.0,47.0,93.0,2.0,263.0,266.0,193.11,188.6,D,D,0.23
180,2.961,6.63,0.02078,326.6,10.6,212.0,47.0,93.0,2.0,263.0,390.12,193.11,190.2,D,C,0.18
180,1.206,6.63,0.01787,214.0,10.6,212.0,47.0,93.0,2.0,200.0,228.0,192.43,191.27,D,D,0.08
180,3.682,6.63,0.02374,210.7,10.6,212.0,47.0,93.0,2.0,200.0,221.35,192.43,189.54,D,D,0.62
180,3.848,6.63,0.02103,233.0,10.6,212.0,47.0,93.0,2.0,200.0,266.0,192.43,188.6,D,D,0.08
180,2.499,6.63,0.02081,295.1,10.6,212.0,47.0,93.0,2.0,200.0,390.12,192.43,190.2,D,C,0.33
180,2.617,6.63,0.01994,224.7,10.6,212.0,47.0,93.0,2.0,228.0,221.35,191.27,189.54,D,D,0.54
180,2.664,6.63,0.01723,247.0,10.6,212.0,47.0,93.0,2.0,228.0,266.0,191.27,188.6,D,D,0.0
180,1.78,6.63,0.01701,309.1,10.6,212.0,47.0,93.0,2.0,228.0,390.12,191.27,190.2,D,C,0.41
180,2.086,6.63,0.02311,243.7,10.6,212.0,47.0,93.0,2.0,221.35,266.0,189.54,188.6,D,D,0.54
180,4.233,6.63,0.03105,219.0,10.6,212.0,47.0,93.0,2.0,221.35,216.59,189.54,186.06,D,D,0.67
180,3.443,6.63,0.02289,305.7,10.6,212.0,47.0,93.0,2.0,221.35,390.12,189.54,190.2,D,C,0.95
180,4.957,6.63,0.02834,241.3,10.6,212.0,47.0,93.0,2.0,266.0,216.59,188.6,186.06,D,D,1.21
180,2.192,6.63,0.02017,328.1,10.6,212.0,47.0,93.0,2.0,266.0,390.12,188.6,190.2,D,C,0.41
180,3.759,6.63,0.02714,211.9,10.6,212.0,47.0,93.0,2.0,216.59,207.17,186.06,186.26,D,D,1.09
180,4.384,6.63,0.0121,273.2,10.6,212.0,47.0,93.0,2.0,163.44,382.88,162.87,166.15,E,C,0.98
180,0.736,6.63,0.00522,443.8,10.6,212.0,47.0,93.0,2.0,461.74,425.88,176.53,176.2,C,C,0.2
180,3.192,6.63,0.00821,291.5,10.6,212.0,47.0,93.0,2.0,287.93,295.14,176.24,175.53,D,D,0.95
180,1.987,6.63,0.00595,416.1,10.6,212.0,47.0,93.0,2.0,382.07,450.075,166.33,168.03,C,C,0.33
180,0.429,6.63,0.00118,607.0,10.6,212.0,47.0,93.0,2.0,445.67,768.38,201.16,201.37,C,B,0.1
180,0.376,6.63,0.02749,325.4,10.6,212.0,47.0,93.0,2.0,339.92,310.88,143.48,143.43,D,D,0.14
199,0.635,5.5,0.14493,531.0,12.0,243.4,40.0,90.0,2.0,412.37,649.67,16.52,16.31,C,C,1.89
233,0.0,5.7,0.00594,298.7,7.0,139.0,55.0,-90.0,1.0,298.73,298.73,82.61,82.61,D,D,0.0
233,0.0,5.7,0.00596,298.7,7.0,139.0,55.0,-90.0,1.0,298.73,298.73,82.61,82.61,D,D,0.0
233,0.0,5.7,0.00569,298.7,7.0,139.0,55.0,-90.0,1.0,298.73,298.73,82.61,82.61,D,D,0.0
234,0.0,6.0,0.00392,298.7,6.0,326.0,55.0,-90.0,1.0,298.73,298.73,83.48,83.48,D,D,0.0
234,0.0,6.0,0.00401,298.7,6.0,326.0,55.0,-90.0,1.0,298.73,298.73,83.48,83.48,D,D,0.0
234,0.0,6.0,0.0038,298.7,6.0,326.0,55.0,-90.0,1.0,298.73,298.73,83.48,83.48,D,D,0.0
235,1.938,5.3,0.24013,435.0,6.0,95.9,55.0,-90.0,1.0,428.0,442.0,8.46,7.13,C,C,7.45
237,0.0,5.5,0.00279,298.7,7.0,39.3,55.0,-90.0,1.0,298.73,298.73,86.37,86.37,D,D,0.0
237,0.0,5.5,0.00294,298.7,7.0,39.3,55.0,-90.0,1.0,298.73,298.73,86.37,86.37,D,D,0.0
237,0.0,5.5,0.00267,298.7,7.0,39.3,55.0,-90.0,1.0,298.73,298.73,86.37,86.37,D,D,0.0
237,2.481,5.5,0.15122,361.0,7.0,39.3,55.0,-90.0,1.0,317.0,405.0,7.91,6.3,D,C,0.72
237,1.938,5.5,0.32773,435.0,7.0,39.3,55.0,-90.0,1.0,428.0,442.0,9.33,7.87,C,C,6.88
237,4.302,5.5,0.25787,561.0,7.0,39.3,55.0,-90.0,1.0,428.0,694.0,9.33,12.45,C,C,9.91
243,2.481,5.6,0.07246,361.0,7.0,5.4,55.0,-90.0,1.0,317.0,405.0,11.11,10.31,D,C,10.97
243,0.803,5.6,0.13899,448.0,7.0,5.4,55.0,-90.0,1.0,678.0,218.0,19.06,18.35,C,D,0.34
243,1.113,5.6,0.09616,614.5,7.0,5.4,55.0,-90.0,1.0,678.0,551.0,19.06,19.75,C,C,2.05
243,1.742,5.6,0.13319,384.5,7.0,5.4,55.0,-90.0,1.0,218.0,551.0,18.35,19.75,D,C,1.71
251,1.938,5.1,0.30518,435.0,6.0,266.0,55.0,-90.0,1.0,442.0,428.0,10.43,9.44,C,C,3.9
262,2.482,7.1,0.23094,364.5,7.0,300.0,14.0,88.0,2.0,410.35,318.74,4.35,5.76,C,D,8.81
274,3.322,6.3,0.0886,517.5,9.27,139.0,48.0,-98.0,1.0,488.0,547.0,6.4,11.15,C,C,4.49
274,0.727,6.3,0.50931,580.0,9.27,139.0,48.0,-98.0,1.0,475.0,685.0,6.27,6.81,C,C,9.22
274,0.426,6.3,0.48854,513.5,9.27,139.0,48.0,-98.0,1.0,475.0,552.0,6.27,6.55,C,C,4.71
274,0.372,6.3,0.43941,618.5,9.27,139.0,48.0,-98.0,1.0,685.0,552.0,6.81,6.55,C,C,4.51
274,1.004,6.3,0.00722,481.9,9.27,139.0,48.0,-98.0,1.0,535.24,428.57,62.0,62.68,C,C,0.61
275,3.322,5.6,0.14103,517.5,15.1,105.0,53.0,-134.0,4.0,488.0,547.0,16.4,20.46,C,C,3.38
275,0.727,5.6,0.13911,580.0,15.1,105.0,53.0,-134.0,4.0,685.0,475.0,14.95,14.81,C,C,2.76
275,1.187,5.6,0.12837,624.4,15.1,105.0,53.0,-134.0,4.0,685.0,563.74,14.95,14.66,C,C,4.47
275,2.855,5.6,0.11791,635.0,15.1,105.0,53.0,-134.0,4.0,685.0,585.04,14.95,14.16,C,C,10.79
275,1.693,5.6,0.11445,623.0,15.1,105.0,53.0,-134.0,4.0,685.0,561.04,14.95,14.54,C,C,6.4
275,0.47,5.6,0.11839,519.4,15.1,105.0,53.0,-134.0,4.0,475.0,563.74,14.81,14.66,C,C,1.71
275,2.154,5.6,0.10793,530.0,15.1,105.0,53.0,-134.0,4.0,475.0,585.04,14.81,14.16,C,C,8.03
275,0.975,5.6,0.10447,518.0,15.1,105.0,53.0,-134.0,4.0,475.0,561.04,14.81,14.54,C,C,3.64
275,1.684,5.6,0.09719,574.4,15.1,105.0,53.0,-134.0,4.0,563.74,585.04,14.66,14.16,C,C,6.32
275,0.507,5.6,0.09373,562.4,15.1,105.0,53.0,-134.0,4.0,563.74,561.04,14.66,14.54,C,C,1.93
275,1.186,5.6,0.08327,573.0,15.1,105.0,53.0,-134.0,4.0,585.04,561.04,14.16,14.54,C,C,4.39
275,1.004,5.6,0.0041,481.9,15.1,105.0,53.0,-134.0,4.0,535.24,428.57,75.03,75.72,C,C,0.52
276,0.47,5.4,0.10479,519.4,15.4,136.0,46.0,-99.0,1.0,475.0,563.74,17.71,17.49,C,C,2.13
276,2.154,5.4,0.09796,530.0,15.4,136.0,46.0,-99.0,1.0,475.0,585.04,17.71,16.82,C,C,10.28
276,0.727,5.4,0.09995,580.0,15.4,136.0,46.0,-99.0,1.0,475.0,685.0,17.71,18.16,C,C,2.69
276,0.426,5.4,0.09169,513.5,15.4,136.0,46.0,-99.0,1.0,475.0,552.0,17.71,17.89,C,C,1.97
276,1.684,5.4,0.07689,574.4,15.4,136.0,46.0,-99.0,1.0,563.74,585.04,17.49,16.82,C,C,8.15
276,1.187,5.4,0.07887,624.4,15.4,136.0,46.0,-99.0,1.0,563.74,685.0,17.49,18.16,C,C,4.82
276,0.894,5.4,0.07061,557.9,15.4,136.0,46.0,-99.0,1.0,563.74,552.0,17.49,17.89,C,C,4.1
276,2.855,5.4,0.07204,635.0,15.4,136.0,46.0,-99.0,1.0,585.04,685.0,16.82,18.16,C,C,12.97
276,2.578,5.4,0.06379,568.5,15.4,136.0,46.0,-99.0,1.0,585.04,552.0,16.82,17.89,C,C,12.25
276,0.372,5.4,0.06577,618.5,15.4,136.0,46.0,-99.0,1.0,685.0,552.0,18.16,17.89,C,C,0.72
276,1.004,5.4,0.00791,481.9,15.4,136.0,46.0,-99.0,1.0,428.57,535.24,56.61,56.08,C,C,0.83
277,0.0,7.9,0.03007,272.5,10.04,230.0,50.0,138.0,3.0,295.74,249.28,341.14,341.94,D,D,0.02
277,0.0,7.9,0.01801,344.5,10.04,230.0,50.0,138.0,3.0,416.77,272.24,402.77,401.47,C,D,0.01
277,0.0,7.9,0.02896,330.2,10.04,230.0,50.0,138.0,3.0,237.62,422.74,388.54,385.34,D,C,0.31
277,0.0,7.9,0.01504,329.1,10.04,230.0,50.0,138.0,3.0,373.19,285.1,411.5,408.42,C,D,0.38
277,0.0,7.9,0.01792,235.7,10.04,230.0,50.0,138.0,3.0,242.05,229.25,610.63,607.59,D,D,0.56
277,0.0,7.9,0.01933,236.0,10.04,230.0,50.0,138.0,3.0,242.05,229.92,632.3,630.68,D,D,0.27
277,0.0,7.9,0.01697,235.7,10.04,230.0,50.0,138.0,3.0,242.05,229.25,612.55,615.24,D,D,0.49
277,0.0,7.9,0.01645,235.7,10.04,230.0,50.0,138.0,3.0,242.05,229.25,612.55,612.14,D,D,0.36
277,0.0,7.9,0.02048,229.2,10.04,230.0,50.0,138.0,3.0,229.25,229.25,615.24,612.14,D,D,0.13
277,0.0,7.9,0.00484,335.9,10.04,230.0,50.0,138.0,3.0,405.95,265.92,301.72,301.9,C,D,0.08
277,0.0,7.9,0.02564,299.3,10.04,230.0,50.0,138.0,3.0,289.69,308.82,341.36,342.93,D,D,0.73
277,0.0,7.9,0.15115,363.1,10.04,230.0,50.0,138.0,3.0,332.36,393.9,51.93,56.85,D,C,3.92
277,0.0,7.9,0.10231,582.9,10.04,230.0,50.0,138.0,3.0,517.38,648.51,90.63,91.92,C,C,0.82
277,0.0,7.9,0.01213,363.6,10.04,230.0,50.0,138.0,3.0,417.13,310.01,435.88,428.78,C,D,0.32
278,4.546,6.8,0.19793,324.3,9.0,34.0,36.0,90.0,2.0,334.01,314.57,29.45,32.94,D,D,3.39
278,2.244,6.8,0.17081,234.3,9.0,34.0,36.0,90.0,2.0,334.01,134.5,29.45,28.59,D,E,2.29
278,3.965,6.8,0.33172,655.5,9.0,34.0,36.0,90.0,2.0,655.45,655.45,25.52,22.74,C,C,3.49
278,0.5,6.8,0.1889,515.3,9.0,34.0,36.0,90.0,2.0,655.45,375.22,25.52,25.33,C,C,0.57
278,3.532,6.8,0.32145,515.3,9.0,34.0,36.0,90.0,2.0,655.45,375.22,22.74,25.33,C,C,2.92
278,4.318,6.8,0.27082,605.7,9.0,34.0,36.0,90.0,2.0,605.71,605.71,31.43,32.54,C,C,4.14
278,3.03,6.8,0.28193,533.4,9.0,34.0,36.0,90.0,2.0,605.71,461.1,31.43,33.57,C,C,2.14
278,4.782,6.8,0.2475,378.5,9.0,34.0,36.0,90.0,2.0,414.23,342.74,17.93,22.18,C,D,0.76
278,4.83,6.8,0.15565,589.0,9.0,34.0,36.0,90.0,2.0,572.37,605.71,36.73,32.54,C,C,1.69
278,4.925,6.8,0.24591,450.2,9.0,34.0,36.0,90.0,2.0,605.71,294.71,32.54,27.9,C,D,1.28
278,0.417,6.8,0.11031,186.8,9.0,34.0,36.0,90.0,2.0,245.45,128.12,27.15,27.09,D,E,0.7
278,0.551,6.8,0.5994,246.3,9.0,34.0,36.0,90.0,2.0,294.38,198.26,11.09,10.78,D,D,1.34
278,2.854,6.8,0.11329,429.8,9.0,34.0,36.0,90.0,2.0,366.23,493.27,33.86,35.05,C,C,3.09
278,1.132,6.8,0.23719,529.3,9.0,34.0,36.0,90.0,2.0,640.14,418.5,30.65,29.8,C,C,1.1
278,0.694,6.8,0.22957,296.6,9.0,34.0,36.0,90.0,2.0,274.23,319.0,20.33,19.89,D,D,0.55
278,0.508,6.8,0.43937,338.3,9.0,34.0,36.0,90.0,2.0,338.32,338.32,11.75,11.48,D,D,2.76
278,0.53,6.8,0.31688,465.8,9.0,34.0,36.0,90.0,2.0,561.59,370.03,15.19,14.81,C,C,1.22
278,3.195,6.8,0.16423,446.6,9.0,34.0,36.0,90.0,2.0,561.59,331.63,34.51,37.16,C,D,2.31
278,3.711,6.8,0.11256,488.2,9.0,34.0,36.0,90.0,2.0,425.06,551.36,41.75,41.57,C,C,3.24
278,0.392,6.8,0.12549,309.1,9.0,34.0,36.0,90.0,2.0,425.06,193.2,41.75,41.54,C,D,0.36
278,1.136,6.8,0.10261,431.4,9.0,34.0,36.0,90.0,2.0,425.06,437.64,41.75,42.72,C,C,0.03
278,4.783,6.8,0.19809,529.3,9.0,34.0,36.0,90.0,2.0,640.14,418.5,27.3,29.8,C,C,1.75
278,0.184,6.8,0.14084,507.6,9.0,34.0,36.0,90.0,2.0,640.14,375.0,27.3,27.31,C,C,0.19
278,2.658,6.8,0.64415,305.8,9.0,34.0,36.0,90.0,2.0,282.57,329.0,12.0,10.97,D,D,9.69
278,2.906,6.8,0.77688,274.0,9.0,34.0,36.0,90.0,2.0,282.57,265.5,12.0,10.97,D,D,9.69
278,1.772,6.8,0.39428,241.8,9.0,34.0,36.0,90.0,2.0,282.57,201.0,12.0,10.97,D,D,9.69
278,2.21,6.8,0.13172,242.3,9.0,34.0,36.0,90.0,2.0,223.12,261.55,23.16,24.42,D,D,3.59
278,0.931,6.8,0.2043,284.3,9.0,34.0,36.0,90.0,2.0,294.38,274.17,20.77,20.52,D,D,2.18
278,4.01,6.8,0.16363,362.5,9.0,34.0,36.0,90.0,2.0,294.38,430.71,20.77,23.05,D,C,2.81
278,4.452,6.8,0.16119,387.4,9.0,34.0,36.0,90.0,2.0,294.38,480.4,20.77,23.36,D,C,2.81
278,0.663,6.8,0.35103,401.2,9.0,34.0,36.0,90.0,2.0,430.16,372.33,23.44,23.36,C,C,1.22
278,0.952,6.8,0.13813,214.6,9.0,34.0,36.0,90.0,2.0,254.68,174.55,29.91,29.8,D,E,1.58
278,4.004,6.8,0.11998,372.3,9.0,34.0,36.0,90.0,2.0,551.36,193.2,41.57,41.54,C,D,3.6
278,4.346,6.8,0.09711,494.5,9.0,34.0,36.0,90.0,2.0,551.36,437.64,41.57,42.72,C,C,3.21
278,0.764,6.8,0.0679,347.1,9.0,34.0,36.0,90.0,2.0,555.17,139.13,108.7,109.21,C,E,0.27
278,0.908,6.8,0.06651,554.8,9.0,34.0,36.0,90.0,2.0,570.62,538.9,130.8,129.91,C,C,0.04
278,2.021,6.8,0.39197,558.7,9.0,34.0,36.0,90.0,2.0,526.13,591.2,68.27,66.44,C,C,0.52
278,0.851,6.8,0.07227,586.8,9.0,34.0,36.0,90.0,2.0,655.45,518.1,78.94,78.15,C,C,0.17
278,1.374,6.8,1.02096,297.2,9.0,34.0,36.0,90.0,2.0,329.0,265.5,10.97,10.97,D,D,0.0
278,1.042,6.8,0.63836,265.0,9.0,34.0,36.0,90.0,2.0,329.0,201.0,10.97,10.97,D,D,0.0
278,1.255,6.8,0.7711,233.2,9.0,34.0,36.0,90.0,2.0,265.5,201.0,10.97,10.97,D,D,0.0
278,0.213,6.8,0.00442,400.6,9.0,34.0,36.0,90.0,2.0,326.13,475.09,299.23,299.26,D,C,0.04
278,2.942,6.8,0.01412,223.6,9.0,34.0,36.0,90.0,2.0,187.13,260.0,214.07,212.33,D,D,0.63
278,0.639,6.8,0.00439,342.0,9.0,34.0,36.0,90.0,2.0,483.32,200.74,267.15,267.26,C,D,0.12
278,4.764,6.8,0.00961,201.1,9.0,34.0,36.0,90.0,2.0,143.47,258.64,218.62,215.59,E,D,0.82
278,3.967,6.8,0.00841,186.5,9.0,34.0,36.0,90.0,2.0,143.47,229.62,218.62,215.17,E,D,0.54
278,4.44,6.8,0.01059,188.3,9.0,34.0,36.0,90.0,2.0,143.47,233.07,218.62,214.47,E,D,0.28
278,3.541,6.8,0.01028,196.6,9.0,34.0,36.0,90.0,2.0,161.64,231.57,233.01,229.48,E,D,0.09
278,1.672,6.8,0.00452,256.1,9.0,34.0,36.0,90.0,2.0,239.11,273.0,256.32,257.99,D,D,0.03
278,2.817,6.8,0.00869,240.9,9.0,34.0,36.0,90.0,2.0,258.64,223.12,215.59,212.8,D,D,0.14
278,2.396,6.8,0.01177,245.9,9.0,34.0,36.0,90.0,2.0,258.64,233.07,215.59,214.47,D,D,0.54
278,4.627,6.8,0.00197,555.9,9.0,34.0,36.0,90.0,2.0,351.69,760.04,224.37,219.75,D,B,0.1
278,4.925,6.8,0.02203,313.3,9.0,34.0,36.0,90.0,2.0,288.54,338.06,177.14,174.41,D,D,1.26
278,1.143,6.8,0.07891,335.2,9.0,34.0,36.0,90.0,2.0,305.54,364.91,55.38,56.06,D,C,0.82
278,0.974,6.8,0.06501,630.5,9.0,34.0,36.0,90.0,2.0,431.98,828.95,79.1,79.54,C,B,0.52
278,0.434,6.8,0.00952,579.2,9.0,34.0,36.0,90.0,2.0,565.7,592.62,180.7,180.73,C,C,0.12
278,0.429,6.8,0.00494,529.7,9.0,34.0,36.0,90.0,2.0,431.94,627.38,147.78,147.92,C,C,0.13
278,3.561,6.8,0.01411,406.1,9.0,34.0,36.0,90.0,2.0,442.96,369.23,169.87,173.39,C,C,0.11
278,1.268,6.8,0.00405,622.2,9.0,34.0,36.0,90.0,2.0,434.57,809.86,202.88,203.02,C,B,0.31
278,4.818,6.8,0.00099,696.7,9.0,34.0,36.0,90.0,2.0,586.74,806.71,220.01,222.4,C,B,0.97
278,4.544,6.8,0.00719,386.7,9.0,34.0,36.0,90.0,2.0,406.65,366.67,222.19,226.7,C,C,0.15
278,0.995,6.8,0.00181,604.8,9.0,34.0,36.0,90.0,2.0,524.35,685.28,248.62,247.63,C,C,0.03
278,2.883,6.8,0.01613,340.5,9.0,34.0,36.0,90.0,2.0,342.36,338.68,87.94,90.6,D,D,0.53
278,1.493,6.8,0.02615,258.4,9.0,34.0,36.0,90.0,2.0,297.19,219.53,146.87,147.05,D,D,0.51
278,2.344,6.8,0.00412,710.0,9.0,34.0,36.0,90.0,2.0,751.93,668.1,120.39,119.65,C,C,0.89
278,2.863,6.8,0.00716,437.1,9.0,34.0,36.0,90.0,2.0,467.35,406.76,135.47,132.63,C,C,0.12
278,2.612,6.8,0.00816,411.4,9.0,34.0,36.0,90.0,2.0,264.25,558.56,209.14,210.67,D,C,0.56
278,1.369,6.8,0.03023,184.1,9.0,34.0,36.0,90.0,2.0,261.31,106.83,216.89,218.17,D,E,0.15
278,4.063,6.8,0.0143,434.4,9.0,34.0,36.0,90.0,2.0,425.17,443.55,151.55,148.35,C,C,0.74
278,3.36,6.8,0.00628,420.2,9.0,34.0,36.0,90.0,2.0,400.33,440.0,180.52,182.64,C,C,0.71
278,4.837,6.8,0.00663,313.7,9.0,34.0,36.0,90.0,2.0,330.71,296.74,222.73,217.93,D,D,0.04
278,4.656,6.8,0.00589,188.2,9.0,34.0,36.0,90.0,2.0,141.79,234.6,218.23,222.47,E,D,0.39
278,4.224,6.8,0.00266,341.0,9.0,34.0,36.0,90.0,2.0,409.33,272.73,220.15,220.83,C,D,0.98
278,1.228,6.8,0.00356,374.3,9.0,34.0,36.0,90.0,2.0,409.33,339.23,220.15,220.99,C,D,0.21
278,3.288,6.8,0.00345,306.0,9.0,34.0,36.0,90.0,2.0,272.73,339.23,220.83,220.99,D,D,0.77
278,2.05,6.8,0.01115,207.3,9.0,34.0,36.0,90.0,2.0,211.2,203.45,196.98,195.32,D,D,0.32
278,1.332,6.8,0.01183,390.0,9.0,34.0,36.0,90.0,2.0,421.78,358.25,173.01,171.69,C,D,0.04
278,3.003,6.8,0.04835,543.7,9.0,34.0,36.0,90.0,2.0,525.27,562.18,64.61,65.28,C,C,1.85
278,3.396,6.8,0.01299,449.7,9.0,34.0,36.0,90.0,2.0,410.35,489.0,107.71,106.94,C,C,1.43
278,1.307,6.8,0.02853,417.4,9.0,34.0,36.0,90.0,2.0,525.17,309.6,127.05,126.72,C,D,0.47
278,2.389,6.8,0.0107,538.6,9.0,34.0,36.0,90.0,2.0,569.45,507.69,172.05,172.8,C,C,0.65
278,0.618,6.8,0.00591,520.2,9.0,34.0,36.0,90.0,2.0,516.11,524.27,205.94,206.46,C,C,0.07
278,4.058,6.8,0.01156,408.0,9.0,34.0,36.0,90.0,2.0,302.98,513.05,207.42,207.55,D,C,0.99
278,4.178,6.8,0.18188,352.4,9.0,34.0,36.0,90.0,2.0,274.17,430.71,20.52,23.05,D,C,0.63
278,4.635,6.8,0.17944,377.3,9.0,34.0,36.0,90.0,2.0,274.17,480.4,20.52,23.36,D,C,0.63
278,2.481,6.8,0.14303,447.9,9.0,34.0,36.0,90.0,2.0,331.63,564.25,37.16,39.38,D,C,0.74
278,4.626,6.8,0.20093,396.8,9.0,34.0,36.0,90.0,2.0,418.5,375.0,29.8,27.31,C,C,1.56
278,1.303,6.8,0.11004,315.4,9.0,34.0,36.0,90.0,2.0,193.2,437.64,41.54,42.72,D,C,0.39
278,0.458,6.8,0.13877,455.6,9.0,34.0,36.0,90.0,2.0,430.71,480.4,23.05,23.36,C,C,0.0
278,4.702,6.8,0.00704,541.1,9.0,34.0,36.0,90.0,2.0,710.53,371.62,175.73,172.08,C,C,0.94
278,3.311,6.8,0.00417,333.4,9.0,34.0,36.0,90.0,2.0,300.91,365.95,231.54,232.99,D,C,0.65
278,4.586,6.8,0.00211,406.9,9.0,34.0,36.0,90.0,2.0,655.45,158.33,265.56,265.71,C,E,0.9
278,2.229,6.8,0.00997,510.4,9.0,34.0,36.0,90.0,2.0,597.75,423.0,143.59,143.0,C,C,0.82
278,3.801,6.8,0.00187,791.6,9.0,34.0,36.0,90.0,2.0,473.23,1110.06,181.85,184.88,C,B,0.58
278,3.271,6.8,0.00848,243.3,9.0,34.0,36.0,90.0,2.0,261.0,225.52,214.78,212.07,D,D,0.39
278,3.42,6.8,0.00842,246.5,9.0,34.0,36.0,90.0,2.0,261.0,232.0,214.78,214.17,D,D,0.83
278,2.635,6.8,0.00856,262.0,9.0,34.0,36.0,90.0,2.0,261.0,263.0,214.78,214.76,D,D,0.64
278,2.12,6.8,0.00888,230.5,9.0,34.0,36.0,90.0,2.0,261.0,200.0,214.78,214.13,D,D,0.51
278,2.41,6.8,0.00801,244.5,9.0,34.0,36.0,90.0,2.0,261.0,228.0,214.78,212.99,D,D,0.43
278,3.396,6.8,0.00886,241.2,9.0,34.0,36.0,90.0,2.0,261.0,221.35,214.78,211.43,D,D,0.05
278,4.626,6.8,0.00838,263.5,9.0,34.0,36.0,90.0,2.0,261.0,266.0,214.78,210.35,D,D,0.41
278,2.898,6.8,0.00843,245.3,9.0,34.0,36.0,90.0,2.0,261.0,229.62,214.78,215.17,D,D,0.7
278,4.184,6.8,0.00858,325.6,9.0,34.0,36.0,90.0,2.0,261.0,390.12,214.78,211.82,D,C,0.78
278,4.344,6.8,0.00889,212.8,9.0,34.0,36.0,90.0,2.0,225.52,200.0,212.07,214.13,D,D,0.9
278,3.54,6.8,0.00802,226.8,9.0,34.0,36.0,90.0,2.0,225.52,228.0,212.07,212.99,D,D,0.82
278,1.462,6.8,0.00888,223.4,9.0,34.0,36.0,90.0,2.0,225.52,221.35,212.07,211.43,D,D,0.34
278,3.545,6.8,0.0084,245.8,9.0,34.0,36.0,90.0,2.0,225.52,266.0,212.07,210.35,D,D,0.8
278,4.157,6.8,0.00887,221.1,9.0,34.0,36.0,90.0,2.0,225.52,216.59,212.07,208.16,D,D,0.25
278,3.274,6.8,0.00844,227.6,9.0,34.0,36.0,90.0,2.0,225.52,229.62,212.07,215.17,D,D,0.31
278,4.747,6.8,0.0086,307.8,9.0,34.0,36.0,90.0,2.0,225.52,390.12,212.07,211.82,D,C,1.17
278,4.903,6.8,0.0095,219.0,9.0,34.0,36.0,90.0,2.0,216.59,221.35,206.98,211.43,D,D,0.41
278,1.329,6.8,0.00949,216.6,9.0,34.0,36.0,90.0,2.0,216.59,216.59,206.98,208.16,D,D,0.18
278,4.644,6.8,0.0089,211.9,9.0,34.0,36.0,90.0,2.0,216.59,207.17,206.98,208.64,D,D,1.12
278,0.939,6.8,0.00851,247.5,9.0,34.0,36.0,90.0,2.0,232.0,263.0,214.17,214.76,D,D,0.19
278,1.347,6.8,0.00883,216.0,9.0,34.0,36.0,90.0,2.0,232.0,200.0,214.17,214.13,D,D,0.32
278,2.104,6.8,0.00796,230.0,9.0,34.0,36.0,90.0,2.0,232.0,228.0,214.17,212.99,D,D,0.4
278,4.719,6.8,0.00882,226.7,9.0,34.0,36.0,90.0,2.0,232.0,221.35,214.17,211.43,D,D,0.88
278,4.333,6.8,0.00834,249.0,9.0,34.0,36.0,90.0,2.0,232.0,266.0,214.17,210.35,D,D,0.42
278,2.39,6.8,0.00854,311.1,9.0,34.0,36.0,90.0,2.0,232.0,390.12,214.17,211.82,D,C,0.05
278,4.739,6.8,0.0083,298.6,9.0,34.0,36.0,90.0,2.0,232.0,365.19,214.17,218.79,D,C,0.15
278,0.879,6.8,0.00897,231.5,9.0,34.0,36.0,90.0,2.0,263.0,200.0,214.76,214.13,D,D,0.13
278,2.036,6.8,0.0081,245.5,9.0,34.0,36.0,90.0,2.0,263.0,228.0,214.76,212.99,D,D,0.21
278,4.56,6.8,0.00896,242.2,9.0,34.0,36.0,90.0,2.0,263.0,221.35,214.76,211.43,D,D,0.69
278,4.603,6.8,0.00848,264.5,9.0,34.0,36.0,90.0,2.0,263.0,266.0,214.76,210.35,D,D,0.23
278,2.961,6.8,0.00868,326.6,9.0,34.0,36.0,90.0,2.0,263.0,390.12,214.76,211.82,D,C,0.14
278,4.408,6.8,0.00843,314.1,9.0,34.0,36.0,90.0,2.0,263.0,365.19,214.76,218.79,D,C,0.34
278,1.206,6.8,0.00842,214.0,9.0,34.0,36.0,90.0,2.0,200.0,228.0,214.13,212.99,D,D,0.08
278,3.682,6.8,0.00927,210.7,9.0,34.0,36.0,90.0,2.0,200.0,221.35,214.13,211.43,D,D,0.56
278,3.848,6.8,0.0088,233.0,9.0,34.0,36.0,90.0,2.0,200.0,266.0,214.13,210.35,D,D,0.1
278,4.996,6.8,0.00884,214.8,9.0,34.0,36.0,90.0,2.0,200.0,229.62,214.13,215.17,D,D,1.21
278,2.499,6.8,0.009,295.1,9.0,34.0,36.0,90.0,2.0,200.0,390.12,214.13,211.82,D,C,0.27
278,2.617,6.8,0.00841,224.7,9.0,34.0,36.0,90.0,2.0,228.0,221.35,212.99,211.43,D,D,0.48
278,2.664,6.8,0.00793,247.0,9.0,34.0,36.0,90.0,2.0,228.0,266.0,212.99,210.35,D,D,0.02
278,4.978,6.8,0.00797,228.8,9.0,34.0,36.0,90.0,2.0,228.0,229.62,212.99,215.17,D,D,1.13
278,1.78,6.8,0.00813,309.1,9.0,34.0,36.0,90.0,2.0,228.0,390.12,212.99,211.82,D,C,0.35
278,2.086,6.8,0.00878,243.7,9.0,34.0,36.0,90.0,2.0,221.35,266.0,211.43,210.35,D,D,0.46
278,4.233,6.8,0.00926,219.0,9.0,34.0,36.0,90.0,2.0,221.35,216.59,211.43,208.16,D,D,0.59
278,4.427,6.8,0.00882,225.5,9.0,34.0,36.0,90.0,2.0,221.35,229.62,211.43,215.17,D,D,0.65
278,3.443,6.8,0.00898,305.7,9.0,34.0,36.0,90.0,2.0,221.35,390.12,211.43,211.82,D,C,0.83
278,4.957,6.8,0.00878,241.3,9.0,34.0,36.0,90.0,2.0,266.0,216.59,210.35,208.16,D,D,1.05
278,2.192,6.8,0.0085,328.1,9.0,34.0,36.0,90.0,2.0,266.0,390.12,210.35,211.82,D,C,0.37
278,3.759,6.8,0.00865,211.9,9.0,34.0,36.0,90.0,2.0,216.59,207.17,208.16,208.64,D,D,0.94
278,4.285,6.8,0.00732,215.1,9.0,34.0,36.0,90.0,2.0,207.17,223.12,208.64,212.8,D,D,0.34
278,2.417,6.8,0.00967,228.1,9.0,34.0,36.0,90.0,2.0,223.12,233.07,212.8,214.47,D,D,0.4
278,3.515,6.8,0.01057,231.3,9.0,34.0,36.0,90.0,2.0,229.62,233.07,215.17,214.47,D,D,0.82
278,4.384,6.8,0.03174,273.2,9.0,34.0,36.0,90.0,2.0,163.44,382.88,137.22,139.97,E,C,1.23
278,2.822,6.8,0.01466,499.6,9.0,34.0,36.0,90.0,2.0,429.13,570.0,141.38,141.18,C,C,0.96
278,0.736,6.8,0.0071,443.8,9.0,34.0,36.0,90.0,2.0,461.74,425.88,159.04,158.85,C,C,0.22
278,3.192,6.8,0.00402,291.5,9.0,34.0,36.0,90.0,2.0,287.93,295.14,190.3,189.97,D,D,0.83
278,1.987,6.8,0.00482,416.1,9.0,34.0,36.0,90.0,2.0,382.07,450.075,177.9,179.72,C,C,0.24
278,0.429,6.8,0.00121,607.0,9.0,34.0,36.0,90.0,2.0,445.67,768.38,208.19,208.45,C,B,0.09
278,2.965,6.8,0.00394,388.1,9.0,34.0,36.0,90.0,2.0,365.59,410.57,193.44,196.31,C,C,0.24
278,0.376,6.8,0.03331,325.4,9.0,34.0,36.0,90.0,2.0,339.92,310.88,145.27,145.27,D,D,0.14
279,3.677,6.9,0.02293,288.1,6.5,209.0,40.0,104.0,2.0,242.55,333.55,122.43,125.26,D,D,0.88
279,4.741,6.9,0.05181,489.1,6.5,209.0,40.0,104.0,2.0,506.26,471.98,132.23,136.95,C,C,0.19
279,0.213,6.9,0.09824,400.6,6.5,209.0,40.0,104.0,2.0,326.13,475.09,74.35,74.19,D,C,0.1
279,0.49,6.9,0.11479,210.2,6.5,209.0,40.0,104.0,2.0,158.16,262.25,48.36,47.93,E,D,0.05
279,2.931,6.9,0.11733,187.6,6.5,209.0,40.0,104.0,2.0,158.16,217.1,48.36,46.41,E,D,2.6
279,1.59,6.9,0.13498,587.6,6.5,209.0,40.0,104.0,2.0,643.62,531.68,33.76,33.94,C,C,1.98
279,2.157,6.9,0.24024,605.4,6.5,209.0,40.0,104.0,2.0,640.14,570.62,28.79,29.75,C,C,3.34
279,2.769,6.9,1.08151,507.3,6.5,209.0,40.0,104.0,2.0,555.96,458.73,16.96,17.94,C,C,5.32
279,4.29,6.9,0.15828,388.9,6.5,209.0,40.0,104.0,2.0,431.0,346.81,48.95,44.86,C,D,1.77
279,0.714,6.9,0.00227,388.1,6.5,209.0,40.0,104.0,2.0,474.23,301.99,258.49,258.25,C,D,0.14
279,3.762,6.9,0.00781,461.4,6.5,209.0,40.0,104.0,2.0,269.21,653.67,222.02,225.75,D,C,0.12
279,0.457,6.9,0.00835,411.0,6.5,209.0,40.0,104.0,2.0,387.49,434.43,200.09,199.86,C,C,0.1
279,3.564,6.9,0.01971,241.0,6.5,209.0,40.0,104.0,2.0,243.62,238.3,186.76,184.44,D,D,0.76
279,3.725,6.9,0.02082,399.9,6.5,209.0,40.0,104.0,2.0,439.23,360.65,161.73,159.21,C,C,0.84
279,4.925,6.9,0.06365,313.3,6.5,209.0,40.0,104.0,2.0,288.54,338.06,148.0,152.13,D,D,0.87
279,1.143,6.9,0.00432,335.2,6.5,209.0,40.0,104.0,2.0,305.54,364.91,210.11,210.84,D,C,0.22
279,2.612,6.9,0.01287,411.4,6.5,209.0,40.0,104.0,2.0,264.25,558.56,276.7,275.68,D,C,0.46
279,4.926,6.9,0.10106,611.2,6.5,209.0,40.0,104.0,2.0,406.15,816.31,102.5,99.05,C,B,1.67
279,2.653,6.9,0.10665,375.5,6.5,209.0,40.0,104.0,2.0,229.89,521.09,86.79,84.13,D,C,0.07
279,2.517,6.9,0.14937,643.4,6.5,209.0,40.0,104.0,2.0,363.96,922.89,70.48,68.03,C,B,0.58
279,2.261,6.9,0.25058,346.2,6.5,209.0,40.0,104.0,2.0,279.36,413.04,8.44,7.85,D,C,3.14
279,4.031,6.9,0.22859,306.7,6.5,209.0,40.0,104.0,2.0,264.48,348.99,20.64,16.67,D,D,0.34
279,1.045,6.9,0.25585,197.5,6.5,209.0,40.0,104.0,2.0,146.72,248.19,30.39,31.08,E,D,0.68
279,2.044,6.9,0.1454,535.8,6.5,209.0,40.0,104.0,2.0,540.42,531.25,43.17,41.13,C,C,0.31
279,3.219,6.9,0.11929,464.3,6.5,209.0,40.0,104.0,2.0,407.86,520.7,59.56,57.78,C,C,2.08
279,2.986,6.9,0.23325,274.0,6.5,209.0,40.0,104.0,2.0,252.68,295.35,63.53,66.18,D,D,0.77
279,2.708,6.9,0.19962,337.1,6.5,209.0,40.0,104.0,2.0,252.68,421.59,63.53,64.12,D,C,1.74
279,2.05,6.9,0.09714,207.3,6.5,209.0,40.0,104.0,2.0,211.2,203.45,80.98,80.31,D,D,1.1
279,1.332,6.9,0.05523,390.0,6.5,209.0,40.0,104.0,2.0,421.78,358.25,93.42,93.95,C,D,0.61
279,4.178,6.9,0.00546,352.4,6.5,209.0,40.0,104.0,2.0,274.17,430.71,228.77,227.36,D,C,0.9
279,4.635,6.9,0.00551,377.3,6.5,209.0,40.0,104.0,2.0,274.17,480.4,228.77,227.24,D,C,1.0
279,2.481,6.9,0.00246,447.9,6.5,209.0,40.0,104.0,2.0,331.63,564.25,239.1,238.89,D,C,0.55
279,4.626,6.9,0.00296,396.8,6.5,209.0,40.0,104.0,2.0,418.5,375.0,260.26,256.73,C,C,0.62
279,1.303,6.9,0.00213,315.4,6.5,209.0,40.0,104.0,2.0,193.2,437.64,262.64,262.96,D,C,0.26
279,0.458,6.9,0.00552,455.6,6.5,209.0,40.0,104.0,2.0,430.71,480.4,227.36,227.24,C,C,0.1
279,2.229,6.9,0.0068,510.4,6.5,209.0,40.0,104.0,2.0,597.75,423.0,265.15,267.04,C,C,0.24
279,2.965,6.9,0.09404,388.1,6.5,209.0,40.0,104.0,2.0,365.59,410.57,38.91,36.73,C,C,1.51
279,0.376,6.9,0.02292,325.4,6.5,209.0,40.0,104.0,2.0,339.92,310.88,83.74,83.75,D,D,0.2
279,2.582,6.9,0.16213,305.4,6.5,209.0,40.0,104.0,2.0,276.3,334.55,29.38,31.87,D,D,0.43
279,4.576,6.9,0.20337,519.6,6.5,209.0,40.0,104.0,2.0,561.59,477.55,28.91,25.16,C,C,3.07
279,3.278,6.9,0.31362,357.3,6.5,209.0,40.0,104.0,2.0,436.34,278.35,40.98,38.04,C,D,0.66
279,3.955,6.9,0.147,301.9,6.5,209.0,40.0,104.0,2.0,303.6,300.21,35.12,34.52,D,D,4.61
279,4.511,6.9,0.15719,294.0,6.5,209.0,40.0,104.0,2.0,303.6,284.45,35.12,37.73,D,D,5.38
279,4.781,6.9,0.15834,287.2,6.5,209.0,40.0,104.0,2.0,274.23,300.21,38.96,34.52,D,D,0.2
279,4.832,6.9,0.2429,315.6,6.5,209.0,40.0,104.0,2.0,319.66,311.6,74.09,78.05,D,D,1.77
279,2.877,6.9,0.1057,385.4,6.5,209.0,40.0,104.0,2.0,349.12,421.59,62.39,64.12,D,C,1.64
279,2.448,6.9,0.16246,358.5,6.5,209.0,40.0,104.0,2.0,295.35,421.59,66.18,64.12,D,C,0.97
279,2.79,6.9,0.12673,239.7,6.5,209.0,40.0,104.0,2.0,262.25,217.1,47.93,46.41,D,D,2.65
279,3.165,6.9,0.12404,356.0,6.5,209.0,40.0,104.0,2.0,368.34,343.65,29.89,32.56,C,D,1.54
279,3.595,6.9,0.15204,299.9,6.5,209.0,40.0,104.0,2.0,346.81,253.07,44.86,41.51,D,D,1.93
279,0.0,6.9,0.19639,655.5,6.5,209.0,40.0,104.0,2.0,655.45,655.45,25.56,25.56,C,C,0.0
280,0.0,7.2,0.28538,225.4,5.45,236.0,63.0,-164.0,0.0,264.57,186.21,29.0,29.0,D,D,0.0
280,3.558,7.2,0.30227,230.3,5.45,236.0,63.0,-164.0,0.0,264.57,196.0,29.0,30.63,D,D,0.58
280,3.863,7.2,0.28636,270.4,5.45,236.0,63.0,-164.0,0.0,264.57,276.25,29.0,28.3,D,D,2.88
280,3.48,7.2,0.43608,215.8,5.45,236.0,63.0,-164.0,0.0,229.25,202.26,20.08,23.42,D,D,2.88
280,0.123,7.2,0.36928,216.1,5.45,236.0,63.0,-164.0,0.0,229.25,202.85,20.08,20.05,D,D,0.11
280,4.105,7.2,0.4338,212.8,5.45,236.0,63.0,-164.0,0.0,229.25,196.25,20.08,16.21,D,D,2.62
280,3.558,7.2,0.20952,191.1,5.45,236.0,63.0,-164.0,0.0,186.21,196.0,29.0,30.63,D,D,0.58
280,3.863,7.2,0.19361,231.2,5.45,236.0,63.0,-164.0,0.0,186.21,276.25,29.0,28.3,D,D,2.88
280,3.004,7.2,0.03061,385.1,5.45,236.0,63.0,-164.0,0.0,388.01,382.21,115.0,115.4,C,C,0.96
280,2.45,7.2,0.04029,415.3,5.45,236.0,63.0,-164.0,0.0,403.47,427.13,130.97,132.11,C,C,0.6
280,3.665,7.2,0.04528,387.6,5.45,236.0,63.0,-164.0,0.0,403.47,371.81,130.97,127.38,C,C,0.04
280,4.925,7.2,0.04278,460.2,5.45,236.0,63.0,-164.0,0.0,403.47,516.97,130.97,131.83,C,C,1.44
280,2.709,7.2,0.03702,472.1,5.45,236.0,63.0,-164.0,0.0,427.13,516.97,132.11,131.83,C,C,0.84
280,2.644,7.2,0.03986,394.2,5.45,236.0,63.0,-164.0,0.0,413.94,374.5,123.83,125.58,C,C,0.53
280,0.336,7.2,0.05343,432.8,5.45,236.0,63.0,-164.0,0.0,477.44,388.24,139.41,139.64,C,C,0.08
280,3.902,7.2,0.02949,335.0,5.45,236.0,63.0,-164.0,0.0,318.0,352.0,102.96,101.24,D,D,1.13
280,4.962,7.2,0.03641,306.7,5.45,236.0,63.0,-164.0,0.0,312.47,301.0,148.45,144.89,D,D,0.67
280,3.554,7.2,0.02163,360.3,5.45,236.0,63.0,-164.0,0.0,312.47,408.2,148.45,149.66,D,C,0.67
280,3.004,7.2,0.03946,318.8,5.45,236.0,63.0,-164.0,0.0,306.76,330.74,168.48,166.31,D,D,0.04
280,4.385,7.2,0.04746,305.7,5.45,236.0,63.0,-164.0,0.0,306.76,304.55,168.48,165.71,D,D,0.05
280,0.092,7.2,0.04968,306.8,5.45,236.0,63.0,-164.0,0.0,306.76,306.76,168.48,168.42,D,D,0.0
280,2.479,7.2,0.05276,275.4,5.45,236.0,63.0,-164.0,0.0,306.76,244.0,168.48,170.78,D,D,0.03
280,3.966,7.2,0.03259,381.8,5.45,236.0,63.0,-164.0,0.0,306.76,456.83,168.48,171.96,D,C,0.07
280,4.374,7.2,0.02621,739.0,5.45,236.0,63.0,-164.0,0.0,632.54,845.41,150.78,147.39,C,B,0.33
280,1.445,7.2,0.03577,317.6,5.45,236.0,63.0,-164.0,0.0,330.74,304.55,166.31,165.71,D,D,0.01
280,3.869,7.2,0.03476,329.4,5.45,236.0,63.0,-164.0,0.0,330.74,328.09,166.31,165.0,D,D,0.0
280,3.008,7.2,0.03799,318.8,5.45,236.0,63.0,-164.0,0.0,330.74,306.76,166.31,168.42,D,D,0.04
280,3.218,7.2,0.03077,341.2,5.45,236.0,63.0,-164.0,0.0,330.74,351.68,166.31,163.19,D,D,0.01
280,2.431,7.2,0.04276,316.3,5.45,236.0,63.0,-164.0,0.0,304.55,328.09,165.71,165.0,D,D,0.01
280,4.399,7.2,0.04599,305.7,5.45,236.0,63.0,-164.0,0.0,304.55,306.76,165.71,168.42,D,D,0.05
280,3.267,7.2,0.03877,328.1,5.45,236.0,63.0,-164.0,0.0,304.55,351.68,165.71,163.19,D,D,0.02
280,4.543,7.2,0.04323,319.1,5.45,236.0,63.0,-164.0,0.0,304.55,333.7,165.71,169.07,D,D,0.02
280,0.0,7.2,0.02381,465.0,5.45,236.0,63.0,-164.0,0.0,465.0,465.0,129.12,129.12,C,C,0.0
280,4.742,7.2,0.03776,339.9,5.45,236.0,63.0,-164.0,0.0,328.09,351.68,165.0,163.19,D,D,0.01
280,4.131,7.2,0.04222,330.9,5.45,236.0,63.0,-164.0,0.0,328.09,333.7,165.0,169.07,D,D,0.01
280,1.637,7.2,0.04033,281.9,5.45,236.0,63.0,-164.0,0.0,282.14,281.74,125.62,125.18,D,D,0.45
280,3.496,7.2,0.03748,287.1,5.45,236.0,63.0,-164.0,0.0,282.14,292.12,125.62,128.69,D,D,0.55
280,2.511,7.2,0.05129,275.4,5.45,236.0,63.0,-164.0,0.0,306.76,244.0,168.42,170.78,D,D,0.03
280,3.987,7.2,0.03112,381.8,5.45,236.0,63.0,-164.0,0.0,306.76,456.83,168.42,171.96,D,C,0.07
280,4.793,7.2,0.04109,286.9,5.45,236.0,63.0,-164.0,0.0,281.74,292.12,125.18,128.69,D,D,1.0
280,1.3,7.2,0.01849,328.1,5.45,236.0,63.0,-164.0,0.0,315.21,341.0,181.41,181.15,D,D,0.1
280,4.634,7.2,0.04708,307.9,5.45,236.0,63.0,-164.0,0.0,323.54,292.32,135.66,140.0,D,D,0.28
280,3.589,7.2,0.03275,313.1,5.45,236.0,63.0,-164.0,0.0,292.32,333.89,140.0,142.37,D,D,0.69
280,4.286,7.2,0.01076,323.6,5.45,236.0,63.0,-164.0,0.0,345.34,301.93,228.64,230.77,D,D,0.56
280,2.518,7.2,0.01034,330.1,5.45,236.0,63.0,-164.0,0.0,345.34,314.88,228.64,230.05,D,D,0.31
280,3.242,7.2,0.01055,331.7,5.45,236.0,63.0,-164.0,0.0,345.34,318.11,228.64,231.49,D,D,0.24
280,1.786,7.2,0.0097,308.4,5.45,236.0,63.0,-164.0,0.0,301.93,314.88,230.77,230.05,D,D,0.25
280,2.292,7.2,0.01141,303.7,5.45,236.0,63.0,-164.0,0.0,301.93,305.54,230.77,229.12,D,D,0.24
280,4.991,7.2,0.01338,292.8,5.45,236.0,63.0,-164.0,0.0,301.93,283.73,230.77,232.74,D,D,0.71
280,4.152,7.2,0.01057,295.3,5.45,236.0,63.0,-164.0,0.0,301.93,288.62,230.77,234.91,D,D,0.07
280,2.292,7.2,0.0099,310.0,5.45,236.0,63.0,-164.0,0.0,301.93,318.11,230.77,231.49,D,D,0.32
280,2.131,7.2,0.02773,367.8,5.45,236.0,63.0,-164.0,0.0,350.06,385.49,200.62,199.42,D,C,0.32
280,3.791,7.2,0.01454,361.6,5.45,236.0,63.0,-164.0,0.0,333.31,389.95,210.47,213.2,D,C,0.19
280,4.158,7.2,0.01472,334.1,5.45,236.0,63.0,-164.0,0.0,333.31,334.99,210.47,213.74,D,D,0.2
280,4.834,7.2,0.01641,451.4,5.45,236.0,63.0,-164.0,0.0,414.83,488.0,201.67,202.87,C,C,0.02
280,4.554,7.2,0.019,457.1,5.45,236.0,63.0,-164.0,0.0,576.02,338.28,173.04,176.72,C,D,0.41
280,3.988,7.2,0.01005,358.4,5.45,236.0,63.0,-164.0,0.0,354.82,361.96,213.07,213.04,D,C,0.42
280,3.967,7.2,0.00994,344.8,5.45,236.0,63.0,-164.0,0.0,354.82,334.85,213.07,212.92,D,D,0.41
280,4.572,7.2,0.00904,344.9,5.45,236.0,63.0,-164.0,0.0,354.82,334.99,213.07,213.74,D,D,0.42
280,4.429,7.2,0.01067,373.8,5.45,236.0,63.0,-164.0,0.0,354.82,392.7,213.07,215.88,D,C,0.36
280,3.971,7.2,0.01248,405.0,5.45,236.0,63.0,-164.0,0.0,420.0,390.08,218.2,221.27,C,C,0.29
280,2.954,7.2,0.01296,406.4,5.45,236.0,63.0,-164.0,0.0,420.0,392.7,218.2,215.88,C,C,0.2
280,4.553,7.2,0.00918,359.9,5.45,236.0,63.0,-164.0,0.0,389.95,329.84,213.2,217.73,C,D,0.04
280,3.356,7.2,0.01642,308.7,5.45,236.0,63.0,-164.0,0.0,339.6,277.83,227.47,226.24,D,D,0.52
280,3.411,7.2,0.01866,350.6,5.45,236.0,63.0,-164.0,0.0,339.6,361.56,227.47,224.97,D,C,0.38
280,4.633,7.2,0.01257,364.7,5.45,236.0,63.0,-164.0,0.0,339.6,389.87,227.47,223.66,D,C,0.42
280,3.643,7.2,0.01248,320.7,5.45,236.0,63.0,-164.0,0.0,349.33,292.0,235.13,233.04,D,D,0.29
280,3.51,7.2,0.02061,300.0,5.45,236.0,63.0,-164.0,0.0,315.52,284.52,236.71,234.66,D,D,0.47
280,0.0,7.2,0.02153,320.7,5.45,236.0,63.0,-164.0,0.0,314.43,326.97,217.87,217.87,D,D,0.0
280,2.148,7.2,0.02208,308.3,5.45,236.0,63.0,-164.0,0.0,314.43,302.09,217.87,218.35,D,D,0.34
280,3.714,7.2,0.02194,335.8,5.45,236.0,63.0,-164.0,0.0,363.36,308.33,193.67,195.26,C,D,0.06
280,2.301,7.2,0.02576,350.8,5.45,236.0,63.0,-164.0,0.0,363.36,338.19,193.67,192.85,C,D,0.0
280,3.963,7.2,0.03087,551.3,5.45,236.0,63.0,-164.0,0.0,363.36,739.23,193.67,189.76,C,C,0.0
280,2.148,7.2,0.0218,314.5,5.45,236.0,63.0,-164.0,0.0,326.97,302.09,217.87,218.35,D,D,0.34
280,4.402,7.2,0.0175,449.7,5.45,236.0,63.0,-164.0,0.0,513.41,386.0,158.84,162.81,C,C,0.53
280,0.102,7.2,0.01084,348.4,5.45,236.0,63.0,-164.0,0.0,361.96,334.85,213.04,212.92,C,D,0.01
280,2.891,7.2,0.01157,377.3,5.45,236.0,63.0,-164.0,0.0,361.96,392.7,213.04,215.88,C,C,0.06
280,2.984,7.2,0.01146,363.8,5.45,236.0,63.0,-164.0,0.0,334.85,392.7,212.92,215.88,D,C,0.05
280,3.695,7.2,0.01298,321.5,5.45,236.0,63.0,-164.0,0.0,359.47,283.54,233.46,236.46,D,D,0.3
280,4.943,7.2,0.0145,340.3,5.45,236.0,63.0,-164.0,0.0,359.47,321.11,233.46,233.83,D,D,0.68
280,3.797,7.2,0.01357,400.1,5.45,236.0,63.0,-164.0,0.0,359.47,440.67,233.46,229.75,D,C,0.1
280,4.899,7.2,0.01115,318.0,5.45,236.0,63.0,-164.0,0.0,314.88,321.11,230.05,233.83,D,D,0.44
280,3.355,7.2,0.01099,310.2,5.45,236.0,63.0,-164.0,0.0,314.88,305.54,230.05,229.12,D,D,0.49
280,1.533,7.2,0.00949,316.5,5.45,236.0,63.0,-164.0,0.0,314.88,318.11,230.05,231.49,D,D,0.07
280,1.486,7.2,0.01719,319.7,5.45,236.0,63.0,-164.0,0.0,277.83,361.56,226.24,224.97,D,C,0.14
280,2.619,7.2,0.01111,333.9,5.45,236.0,63.0,-164.0,0.0,277.83,389.87,226.24,223.66,D,C,0.1
280,1.352,7.2,0.01335,375.7,5.45,236.0,63.0,-164.0,0.0,361.56,389.87,224.97,223.66,C,C,0.04
280,3.836,7.2,0.0115,302.3,5.45,236.0,63.0,-164.0,0.0,283.54,321.11,236.46,233.83,D,D,0.38
280,3.653,7.2,0.01491,278.0,5.45,236.0,63.0,-164.0,0.0,283.73,272.18,236.02,238.53,D,D,0.41
280,3.471,7.2,0.01639,283.7,5.45,236.0,63.0,-164.0,0.0,283.73,283.73,236.02,232.74,D,D,0.16
280,3.341,7.2,0.01358,286.2,5.45,236.0,63.0,-164.0,0.0,283.73,288.62,236.02,234.91,D,D,0.48
280,2.584,7.2,0.01424,280.3,5.45,236.0,63.0,-164.0,0.0,283.73,276.81,236.02,237.67,D,D,0.29
280,4.747,7.2,0.01302,274.5,5.45,236.0,63.0,-164.0,0.0,272.18,276.81,238.53,237.67,D,D,0.7
280,2.053,7.2,0.02742,264.6,5.45,236.0,63.0,-164.0,0.0,284.52,244.74,234.66,233.46,D,D,0.28
280,3.491,7.2,0.01136,319.6,5.45,236.0,63.0,-164.0,0.0,321.11,318.11,233.83,231.49,D,D,0.37
280,4.671,7.2,0.01467,294.6,5.45,236.0,63.0,-164.0,0.0,305.54,283.73,229.12,232.74,D,D,0.47
280,4.448,7.2,0.01119,311.8,5.45,236.0,63.0,-164.0,0.0,305.54,318.11,229.12,231.49,D,D,0.56
280,3.035,7.2,0.01707,276.6,5.45,236.0,63.0,-164.0,0.0,283.73,269.5,232.74,232.07,D,D,0.46
280,4.846,7.2,0.01835,272.9,5.45,236.0,63.0,-164.0,0.0,283.73,262.05,232.74,229.25,D,D,0.51
280,4.796,7.2,0.01383,286.2,5.45,236.0,63.0,-164.0,0.0,283.73,288.62,232.74,234.91,D,D,0.64
280,2.845,7.2,0.01877,265.8,5.45,236.0,63.0,-164.0,0.0,269.5,262.05,232.07,229.25,D,D,0.05
280,2.991,7.2,0.01169,282.7,5.45,236.0,63.0,-164.0,0.0,288.62,276.81,234.91,237.67,D,D,0.19
280,4.264,7.2,0.01036,303.4,5.45,236.0,63.0,-164.0,0.0,288.62,318.11,234.91,231.49,D,D,0.39
280,4.865,7.2,0.00761,339.6,5.45,236.0,63.0,-164.0,0.0,323.4,355.87,209.27,211.71,D,D,0.18
280,1.704,7.2,0.01815,350.3,5.45,236.0,63.0,-164.0,0.0,340.65,360.0,208.5,206.92,D,C,0.02
280,3.322,7.2,0.01083,348.3,5.45,236.0,63.0,-164.0,0.0,340.65,355.87,208.5,211.71,D,D,0.02
280,4.911,7.2,0.01112,336.2,5.45,236.0,63.0,-164.0,0.0,329.84,342.5,217.73,222.36,D,D,0.11
280,3.401,7.2,0.0279,538.7,5.45,236.0,63.0,-164.0,0.0,338.19,739.23,192.85,189.76,D,C,0.0
280,3.783,7.2,0.01977,402.9,5.45,236.0,63.0,-164.0,0.0,418.6,387.12,195.15,198.63,C,C,0.16
280,4.141,7.2,0.02159,364.1,5.45,236.0,63.0,-164.0,0.0,427.88,300.23,210.72,211.88,C,D,0.03
280,4.007,7.2,0.02272,362.4,5.45,236.0,63.0,-164.0,0.0,427.88,296.97,210.72,212.07,C,D,0.03
280,3.749,7.2,0.02654,349.4,5.45,236.0,63.0,-164.0,0.0,427.88,271.0,210.72,212.23,C,D,0.02
280,3.825,7.2,0.02109,349.4,5.45,236.0,63.0,-164.0,0.0,427.88,271.0,210.72,212.11,C,D,0.03
280,2.854,7.2,0.01819,430.2,5.45,236.0,63.0,-164.0,0.0,427.88,432.47,210.72,212.31,C,C,0.01
280,3.723,7.2,0.01967,388.0,5.45,236.0,63.0,-164.0,0.0,427.88,348.03,210.72,209.95,C,D,0.02
280,4.806,7.2,0.01107,339.0,5.45,236.0,63.0,-164.0,0.0,342.5,335.43,222.36,225.19,D,D,0.26
280,2.991,7.2,0.01392,321.0,5.45,236.0,63.0,-164.0,0.0,328.76,313.16,206.17,207.35,D,D,0.13
280,0.276,7.2,0.02092,298.6,5.45,236.0,63.0,-164.0,0.0,300.23,296.97,211.88,212.07,D,D,0.0
280,0.654,7.2,0.02474,285.6,5.45,236.0,63.0,-164.0,0.0,300.23,271.0,211.88,212.23,D,D,0.01
280,3.452,7.2,0.01693,307.4,5.45,236.0,63.0,-164.0,0.0,300.23,314.48,211.88,214.33,D,D,0.06
280,0.474,7.2,0.01929,285.6,5.45,236.0,63.0,-164.0,0.0,300.23,271.0,211.88,212.11,D,D,0.0
280,4.043,7.2,0.0186,284.1,5.45,236.0,63.0,-164.0,0.0,300.23,267.92,211.88,215.92,D,D,0.01
280,1.667,7.2,0.01639,366.4,5.45,236.0,63.0,-164.0,0.0,300.23,432.47,211.88,212.31,D,C,0.02
280,4.509,7.2,0.01725,372.1,5.45,236.0,63.0,-164.0,0.0,300.23,444.01,211.88,214.81,D,C,0.09
280,2.891,7.2,0.01762,289.8,5.45,236.0,63.0,-164.0,0.0,300.23,279.46,211.88,214.02,D,D,0.05
280,1.364,7.2,0.02248,308.5,5.45,236.0,63.0,-164.0,0.0,300.23,316.83,211.88,211.34,D,D,0.03
280,1.953,7.2,0.01787,324.1,5.45,236.0,63.0,-164.0,0.0,300.23,348.03,211.88,209.95,D,D,0.01
280,3.192,7.2,0.01746,314.8,5.45,236.0,63.0,-164.0,0.0,300.23,329.42,211.88,215.07,D,D,0.01
280,0.385,7.2,0.02588,284.0,5.45,236.0,63.0,-164.0,0.0,296.97,271.0,212.07,212.23,D,D,0.01
280,3.478,7.2,0.01807,305.7,5.45,236.0,63.0,-164.0,0.0,296.97,314.48,212.07,214.33,D,D,0.06
280,0.215,7.2,0.02042,284.0,5.45,236.0,63.0,-164.0,0.0,296.97,271.0,212.07,212.11,D,D,0.0
280,3.872,7.2,0.01973,282.4,5.45,236.0,63.0,-164.0,0.0,296.97,267.92,212.07,215.92,D,D,0.01
280,1.428,7.2,0.01753,364.7,5.45,236.0,63.0,-164.0,0.0,296.97,432.47,212.07,212.31,D,C,0.02
280,4.553,7.2,0.01838,370.5,5.45,236.0,63.0,-164.0,0.0,296.97,444.01,212.07,214.81,D,C,0.09
280,2.904,7.2,0.01875,288.2,5.45,236.0,63.0,-164.0,0.0,296.97,279.46,212.07,214.02,D,D,0.05
280,1.628,7.2,0.02361,306.9,5.45,236.0,63.0,-164.0,0.0,296.97,316.83,212.07,211.34,D,D,0.03
280,2.117,7.2,0.01901,322.5,5.45,236.0,63.0,-164.0,0.0,296.97,348.03,212.07,209.95,D,D,0.01
280,3.02,7.2,0.01859,313.2,5.45,236.0,63.0,-164.0,0.0,296.97,329.42,212.07,215.07,D,D,0.01
280,3.654,7.2,0.02189,292.7,5.45,236.0,63.0,-164.0,0.0,271.0,314.48,212.23,214.33,D,D,0.07
280,0.184,7.2,0.02424,271.0,5.45,236.0,63.0,-164.0,0.0,271.0,271.0,212.23,212.11,D,D,0.01
280,3.76,7.2,0.02355,269.5,5.45,236.0,63.0,-164.0,0.0,271.0,267.92,212.23,215.92,D,D,0.02
280,1.064,7.2,0.02135,351.7,5.45,236.0,63.0,-164.0,0.0,271.0,432.47,212.23,212.31,D,C,0.01
280,4.745,7.2,0.0222,357.5,5.45,236.0,63.0,-164.0,0.0,271.0,444.01,212.23,214.81,D,C,0.1
280,3.071,7.2,0.02257,275.2,5.45,236.0,63.0,-164.0,0.0,271.0,279.46,212.23,214.02,D,D,0.06
280,2.013,7.2,0.02743,293.9,5.45,236.0,63.0,-164.0,0.0,271.0,316.83,212.23,211.34,D,D,0.04
280,2.293,7.2,0.02283,309.5,5.45,236.0,63.0,-164.0,0.0,271.0,348.03,212.23,209.95,D,D,0.0
280,2.915,7.2,0.02241,300.2,5.45,236.0,63.0,-164.0,0.0,271.0,329.42,212.23,215.07,D,D,0.02
280,3.247,7.2,0.01505,459.9,5.45,236.0,63.0,-164.0,0.0,591.26,328.6,222.64,219.7,C,D,0.05
280,4.332,7.2,0.01663,456.9,5.45,236.0,63.0,-164.0,0.0,591.26,322.53,222.64,218.41,C,D,0.03
280,3.616,7.2,0.01644,292.7,5.45,236.0,63.0,-164.0,0.0,314.48,271.0,214.33,212.11,D,D,0.06
280,2.783,7.2,0.01574,291.2,5.45,236.0,63.0,-164.0,0.0,314.48,267.92,214.33,215.92,D,D,0.05
280,4.539,7.2,0.01354,373.5,5.45,236.0,63.0,-164.0,0.0,314.48,432.47,214.33,212.31,D,C,0.08
280,1.1,7.2,0.01439,379.2,5.45,236.0,63.0,-164.0,0.0,314.48,444.01,214.33,214.81,D,C,0.03
280,4.935,7.2,0.01603,318.5,5.45,236.0,63.0,-164.0,0.0,314.48,322.53,214.33,218.41,D,D,0.1
280,0.586,7.2,0.01476,297.0,5.45,236.0,63.0,-164.0,0.0,314.48,279.46,214.33,214.02,D,D,0.01
280,3.199,7.2,0.01962,315.7,5.45,236.0,63.0,-164.0,0.0,314.48,316.83,214.33,211.34,D,D,0.03
280,2.992,7.2,0.01238,370.3,5.45,236.0,63.0,-164.0,0.0,314.48,426.21,214.33,216.61,D,C,0.07
280,2.464,7.2,0.0146,322.0,5.45,236.0,63.0,-164.0,0.0,314.48,329.42,214.33,215.07,D,D,0.05
280,3.858,7.2,0.0181,269.5,5.45,236.0,63.0,-164.0,0.0,271.0,267.92,212.11,215.92,D,D,0.01
280,1.213,7.2,0.01589,351.7,5.45,236.0,63.0,-164.0,0.0,271.0,432.47,212.11,212.31,D,C,0.02
280,4.7,7.2,0.01675,357.5,5.45,236.0,63.0,-164.0,0.0,271.0,444.01,212.11,214.81,D,C,0.09
280,3.037,7.2,0.01712,275.2,5.45,236.0,63.0,-164.0,0.0,271.0,279.46,212.11,214.02,D,D,0.05
280,1.836,7.2,0.02198,293.9,5.45,236.0,63.0,-164.0,0.0,271.0,316.83,212.11,211.34,D,D,0.03
280,2.159,7.2,0.01737,309.5,5.45,236.0,63.0,-164.0,0.0,271.0,348.03,212.11,209.95,D,D,0.01
280,3.009,7.2,0.01696,300.2,5.45,236.0,63.0,-164.0,0.0,271.0,329.42,212.11,215.07,D,D,0.01
280,3.707,7.2,0.01053,613.4,5.45,236.0,63.0,-164.0,0.0,584.0,642.83,215.35,218.06,C,C,0.14
280,4.121,7.2,0.01105,514.0,5.45,236.0,63.0,-164.0,0.0,584.0,444.01,215.35,214.81,C,C,0.17
280,3.853,7.2,0.01269,453.3,5.45,236.0,63.0,-164.0,0.0,584.0,322.53,215.35,218.41,C,D,0.1
280,3.402,7.2,0.00781,459.7,5.45,236.0,63.0,-164.0,0.0,584.0,335.43,215.35,212.3,C,D,0.08
280,3.403,7.2,0.00904,505.1,5.45,236.0,63.0,-164.0,0.0,584.0,426.21,215.35,216.61,C,C,0.13
280,3.414,7.2,0.00857,490.0,5.45,236.0,63.0,-164.0,0.0,584.0,396.01,215.35,214.34,C,C,0.18
280,4.693,7.2,0.01612,298.3,5.45,236.0,63.0,-164.0,0.0,328.6,267.92,219.7,215.92,D,D,0.07
280,4.913,7.2,0.01477,386.3,5.45,236.0,63.0,-164.0,0.0,328.6,444.01,219.7,214.81,D,C,0.01
280,2.636,7.2,0.01641,325.6,5.45,236.0,63.0,-164.0,0.0,328.6,322.53,219.7,218.41,D,D,0.08
280,4.34,7.2,0.0122,327.3,5.45,236.0,63.0,-164.0,0.0,328.6,325.97,219.7,218.74,D,D,0.09
280,3.415,7.2,0.01276,377.4,5.45,236.0,63.0,-164.0,0.0,328.6,426.21,219.7,216.61,D,C,0.05
280,4.174,7.2,0.0416,360.7,5.45,236.0,63.0,-164.0,0.0,360.45,361.0,131.73,130.15,C,C,0.24
280,4.046,7.2,0.0152,350.2,5.45,236.0,63.0,-164.0,0.0,267.92,432.47,215.92,212.31,D,C,0.03
280,3.446,7.2,0.01605,356.0,5.45,236.0,63.0,-164.0,0.0,267.92,444.01,215.92,214.81,D,C,0.08
280,3.149,7.2,0.01348,296.9,5.45,236.0,63.0,-164.0,0.0,267.92,325.97,215.92,218.74,D,D,0.02
280,2.588,7.2,0.01642,273.7,5.45,236.0,63.0,-164.0,0.0,267.92,279.46,215.92,214.02,D,D,0.04
280,4.699,7.2,0.02128,292.4,5.45,236.0,63.0,-164.0,0.0,267.92,316.83,215.92,211.34,D,D,0.02
280,4.27,7.2,0.01405,347.1,5.45,236.0,63.0,-164.0,0.0,267.92,426.21,215.92,216.61,D,C,0.12
280,0.852,7.2,0.01626,298.7,5.45,236.0,63.0,-164.0,0.0,267.92,329.42,215.92,215.07,D,D,0.0
280,3.954,7.2,0.01422,356.0,5.45,236.0,63.0,-164.0,0.0,432.47,279.46,212.31,214.02,C,D,0.07
280,3.022,7.2,0.01908,374.6,5.45,236.0,63.0,-164.0,0.0,432.47,316.83,212.31,211.34,C,D,0.05
280,2.683,7.2,0.01448,390.2,5.45,236.0,63.0,-164.0,0.0,432.47,348.03,212.31,209.95,C,D,0.01
280,3.267,7.2,0.01406,380.9,5.45,236.0,63.0,-164.0,0.0,432.47,329.42,212.31,215.07,C,D,0.03
280,4.92,7.2,0.01583,482.7,5.45,236.0,63.0,-164.0,0.0,642.83,322.53,218.06,218.41,C,D,0.24
280,3.8,7.2,0.01171,519.4,5.45,236.0,63.0,-164.0,0.0,642.83,396.01,218.06,214.34,C,C,0.04
280,4.675,7.2,0.37669,206.4,5.45,236.0,63.0,-164.0,0.0,202.26,210.51,23.42,27.91,D,D,2.57
280,3.536,7.2,0.44057,202.6,5.45,236.0,63.0,-164.0,0.0,202.26,202.85,23.42,20.05,D,D,2.99
280,3.993,7.2,0.05139,370.8,5.45,236.0,63.0,-164.0,0.0,361.0,380.64,130.15,128.76,C,C,0.36
280,2.493,7.2,0.2105,236.1,5.45,236.0,63.0,-164.0,0.0,196.0,276.25,30.63,28.3,D,D,2.3
280,4.335,7.2,0.2203,243.4,5.45,236.0,63.0,-164.0,0.0,210.51,276.25,27.91,28.3,D,D,2.98
280,4.092,7.2,0.4383,199.6,5.45,236.0,63.0,-164.0,0.0,202.85,196.25,20.05,16.21,D,D,2.51
280,4.009,7.2,0.01635,383.3,5.45,236.0,63.0,-164.0,0.0,444.01,322.53,214.81,218.41,C,D,0.07
280,1.685,7.2,0.01507,361.7,5.45,236.0,63.0,-164.0,0.0,444.01,279.46,214.81,214.02,C,D,0.04
280,4.086,7.2,0.01994,380.4,5.45,236.0,63.0,-164.0,0.0,444.01,316.83,214.81,211.34,C,D,0.06
280,2.028,7.2,0.0127,435.1,5.45,236.0,63.0,-164.0,0.0,444.01,426.21,214.81,216.61,C,C,0.04
280,3.343,7.2,0.01492,386.7,5.45,236.0,63.0,-164.0,0.0,444.01,329.42,214.81,215.07,C,D,0.08
280,1.983,7.2,0.01434,374.4,5.45,236.0,63.0,-164.0,0.0,322.53,426.21,218.41,216.61,D,C,0.03
280,3.898,7.2,0.01235,327.7,5.45,236.0,63.0,-164.0,0.0,325.97,329.42,218.74,215.07,D,D,0.02
280,2.765,7.2,0.0203,298.1,5.45,236.0,63.0,-164.0,0.0,279.46,316.83,214.02,211.34,D,D,0.02
280,3.549,7.2,0.01307,352.8,5.45,236.0,63.0,-164.0,0.0,279.46,426.21,214.02,216.61,D,C,0.08
280,4.65,7.2,0.0157,313.7,5.45,236.0,63.0,-164.0,0.0,279.46,348.03,214.02,209.95,D,D,0.06
280,2.113,7.2,0.01528,304.4,5.45,236.0,63.0,-164.0,0.0,279.46,329.42,214.02,215.07,D,D,0.04
280,2.091,7.2,0.02056,332.4,5.45,236.0,63.0,-164.0,0.0,316.83,348.03,211.34,209.95,D,D,0.04
280,3.899,7.2,0.02015,323.1,5.45,236.0,63.0,-164.0,0.0,316.83,329.42,211.34,215.07,D,D,0.02
280,0.915,7.2,0.01724,388.6,5.45,236.0,63.0,-164.0,0.0,388.63,388.63,153.16,152.36,C,C,0.11
280,2.563,7.2,0.01638,487.8,5.45,236.0,63.0,-164.0,0.0,388.63,587.0,153.16,155.54,C,C,0.17
280,2.658,7.2,0.00899,365.7,5.45,236.0,63.0,-164.0,0.0,335.43,396.01,212.3,214.34,D,C,0.1
280,4.93,7.2,0.00625,626.5,5.45,236.0,63.0,-164.0,0.0,845.41,407.61,147.39,142.49,B,C,0.03
280,4.55,7.2,0.01291,377.8,5.45,236.0,63.0,-164.0,0.0,426.21,329.42,216.61,215.07,C,D,0.12
280,2.361,7.2,0.02739,336.1,5.45,236.0,63.0,-164.0,0.0,338.28,333.89,141.53,142.37,D,D,0.51
280,1.535,7.2,0.0342,350.4,5.45,236.0,63.0,-164.0,0.0,244.0,456.83,170.78,171.96,D,C,0.04
280,0.901,7.2,0.07354,250.1,5.45,236.0,63.0,-164.0,0.0,309.0,191.14,58.47,57.97,D,D,0.31
280,3.222,7.2,0.01549,487.8,5.45,236.0,63.0,-164.0,0.0,388.63,587.0,152.36,155.54,C,C,0.06
280,4.558,7.2,0.00427,751.5,5.45,236.0,63.0,-164.0,0.0,460.09,1043.0,291.66,292.84,C,B,0.52
280,1.849,7.2,0.0096,395.2,5.45,236.0,63.0,-164.0,0.0,394.1,396.33,284.06,285.91,C,C,0.02
280,0.58,7.2,0.00761,382.9,5.45,236.0,63.0,-164.0,0.0,399.0,366.77,274.65,275.12,C,C,0.04
280,2.41,7.2,0.00625,391.0,5.45,236.0,63.0,-164.0,0.0,399.0,383.09,274.65,274.04,C,C,0.24
280,0.368,7.2,0.01588,366.0,5.45,236.0,63.0,-164.0,0.0,399.0,333.0,274.65,274.95,C,D,0.02
280,4.876,7.2,0.00298,451.0,5.45,236.0,63.0,-164.0,0.0,393.26,508.83,263.8,268.57,C,C,0.14
280,2.885,7.2,0.0073,374.9,5.45,236.0,63.0,-164.0,0.0,366.77,383.09,275.12,274.04,C,C,0.28
280,0.212,7.2,0.01693,349.9,5.45,236.0,63.0,-164.0,0.0,366.77,333.0,275.12,274.95,C,D,0.02
280,2.7,7.2,0.01558,358.0,5.45,236.0,63.0,-164.0,0.0,383.09,333.0,274.04,274.95,C,D,0.26
281,2.148,7.0,0.00568,592.5,10.9,85.1,82.2,180.0,0.0,535.24,649.67,333.21,332.79,C,C,0.33
281,4.793,7.0,0.00688,462.4,10.9,85.1,82.2,180.0,0.0,535.24,389.54,333.21,333.84,C,C,0.77
281,4.394,7.0,0.00617,417.4,10.9,85.1,82.2,180.0,0.0,535.24,299.64,333.21,331.62,C,D,0.65
281,4.816,7.0,0.00682,483.9,10.9,85.1,82.2,180.0,0.0,535.24,432.58,333.21,335.11,C,C,0.73
281,2.351,7.0,0.18108,192.5,10.9,85.1,82.2,180.0,0.0,187.0,198.0,18.05,19.89,E,E,1.6
281,0.719,7.0,0.16996,190.5,10.9,85.1,82.2,180.0,0.0,187.0,194.0,18.05,18.4,E,E,0.72
281,4.052,7.0,0.19842,195.5,10.9,85.1,82.2,180.0,0.0,187.0,204.0,18.05,17.64,E,E,4.96
281,4.19,7.0,0.17809,225.1,10.9,85.1,82.2,180.0,0.0,187.0,263.2,18.05,18.73,E,D,5.12
281,1.483,7.0,0.21058,164.0,10.9,85.1,82.2,180.0,0.0,187.0,141.0,18.05,19.48,E,E,0.66
281,4.495,7.0,0.18387,240.0,10.9,85.1,82.2,180.0,0.0,187.0,293.0,18.05,13.64,E,C/D,0.45
281,4.537,7.0,0.16717,197.0,10.9,85.1,82.2,180.0,0.0,187.0,207.0,18.05,22.33,E,D,2.34
281,1.696,7.0,0.19195,196.0,10.9,85.1,82.2,180.0,0.0,198.0,194.0,19.89,18.4,E,E,0.88
281,3.576,7.0,0.22041,201.0,10.9,85.1,82.2,180.0,0.0,198.0,204.0,19.89,17.64,E,E,3.36
281,4.67,7.0,0.20205,202.0,10.9,85.1,82.2,180.0,0.0,198.0,206.0,19.89,24.55,E,E,0.63
281,1.993,7.0,0.23258,169.5,10.9,85.1,82.2,180.0,0.0,198.0,141.0,19.89,19.48,E,E,2.26
281,4.042,7.0,0.18916,202.5,10.9,85.1,82.2,180.0,0.0,198.0,207.0,19.89,22.33,E,D,3.94
281,3.54,7.0,0.20928,199.0,10.9,85.1,82.2,180.0,0.0,194.0,204.0,18.4,17.64,E,E,4.24
281,4.817,7.0,0.18895,228.6,10.9,85.1,82.2,180.0,0.0,194.0,263.2,18.4,18.73,E,D,5.84
281,1.505,7.0,0.22145,167.5,10.9,85.1,82.2,180.0,0.0,194.0,141.0,18.4,19.48,E,E,1.38
281,4.974,7.0,0.19473,243.5,10.9,85.1,82.2,180.0,0.0,194.0,293.0,18.4,13.64,E,C/D,1.17
281,4.508,7.0,0.17803,200.5,10.9,85.1,82.2,180.0,0.0,194.0,207.0,18.4,22.33,E,D,3.06
281,4.938,7.0,0.24991,172.5,10.9,85.1,82.2,180.0,0.0,204.0,141.0,17.64,19.48,E,E,5.62
281,4.691,7.0,0.02426,421.8,10.9,85.1,82.2,180.0,0.0,500.35,343.27,266.57,271.24,C,D,0.1
281,4.016,7.0,0.02496,381.8,10.9,85.1,82.2,180.0,0.0,500.35,263.18,266.57,270.39,C,D,0.3
281,1.353,7.0,0.03959,303.2,10.9,85.1,82.2,180.0,0.0,343.27,263.18,271.24,270.39,D,D,0.2
281,4.466,7.0,0.00376,420.7,10.9,85.1,82.2,180.0,0.0,485.04,356.39,320.76,320.37,C,D,0.75
281,0.977,7.0,0.004,411.0,10.9,85.1,82.2,180.0,0.0,485.04,336.98,320.76,320.11,C,D,0.13
281,0.522,7.0,0.00313,442.3,10.9,85.1,82.2,180.0,0.0,485.04,399.61,320.76,320.5,C,C,0.08
281,0.986,7.0,0.00345,567.4,10.9,85.1,82.2,180.0,0.0,485.04,649.67,320.76,320.57,C,C,0.15
281,4.964,7.0,0.00336,458.8,10.9,85.1,82.2,180.0,0.0,485.04,432.58,320.76,318.88,C,C,0.79
281,1.45,7.0,0.0036,535.0,10.9,85.1,82.2,180.0,0.0,485.04,585.04,320.76,319.45,C,C,0.12
281,1.362,7.0,0.07336,208.5,10.9,85.1,82.2,180.0,0.0,206.0,211.0,25.4,266.57,D/E,E,55.09
281,1.362,7.0,0.16634,208.5,10.9,85.1,82.2,180.0,0.0,206.0,211.0,25.4,26.76,D/E,E,0.19
281,2.825,7.0,0.17098,206.0,10.9,85.1,82.2,180.0,0.0,206.0,206.0,25.4,24.55,D/E,E,2.93
281,3.156,7.0,0.1581,206.5,10.9,85.1,82.2,180.0,0.0,206.0,207.0,25.4,22.33,D/E,D,0.38
281,3.051,7.0,0.43475,535.8,10.9,85.1,82.2,180.0,0.0,422.0,649.67,24.47,25.67,C,C,3.11
281,2.841,7.0,0.00469,519.6,10.9,85.1,82.2,180.0,0.0,649.67,389.54,332.79,333.84,C,C,0.44
281,2.309,7.0,0.00399,474.7,10.9,85.1,82.2,180.0,0.0,649.67,299.64,332.79,331.62,C,D,0.32
281,3.62,7.0,0.00449,478.0,10.9,85.1,82.2,180.0,0.0,649.67,306.37,332.79,331.47,C,D,0.54
281,3.275,7.0,0.00463,541.1,10.9,85.1,82.2,180.0,0.0,649.67,432.58,332.79,335.11,C,C,0.4
281,0.008,7.0,0.0078,369.1,10.9,85.1,82.2,180.0,0.0,369.09,369.09,158.77,164.93,C,C,2.87
281,2.3,7.0,0.00519,344.6,10.9,85.1,82.2,180.0,0.0,389.54,299.64,333.84,331.62,C,D,0.12
281,2.474,7.0,0.0057,348.0,10.9,85.1,82.2,180.0,0.0,389.54,306.37,333.84,331.47,C,D,0.1
281,1.317,7.0,0.00584,411.1,10.9,85.1,82.2,180.0,0.0,389.54,432.58,333.84,335.11,C,C,0.04
281,1.384,7.0,0.00499,303.0,10.9,85.1,82.2,180.0,0.0,299.64,306.37,331.62,331.47,D,D,0.22
281,3.497,7.0,0.00513,366.1,10.9,85.1,82.2,180.0,0.0,299.64,432.58,331.62,335.11,D,C,0.08
281,3.721,7.0,0.00481,346.7,10.9,85.1,82.2,180.0,0.0,356.39,336.98,320.37,320.11,D,D,0.62
281,3.996,7.0,0.00394,378.0,10.9,85.1,82.2,180.0,0.0,356.39,399.61,320.37,320.5,D,C,0.67
281,1.5,7.0,0.00417,394.5,10.9,85.1,82.2,180.0,0.0,356.39,432.58,320.37,318.88,D,C,0.04
281,3.919,7.0,0.00441,470.7,10.9,85.1,82.2,180.0,0.0,356.39,585.04,320.37,319.45,D,C,0.63
281,0.0,7.0,0.09874,211.0,10.9,85.1,82.2,180.0,0.0,211.0,211.0,266.57,26.76,E,E,54.9
281,3.572,7.0,0.10338,208.5,10.9,85.1,82.2,180.0,0.0,211.0,206.0,266.57,24.55,E,E,58.02
281,4.489,7.0,0.0905,209.0,10.9,85.1,82.2,180.0,0.0,211.0,207.0,266.57,22.33,E,D,54.71
281,3.572,7.0,0.19637,208.5,10.9,85.1,82.2,180.0,0.0,211.0,206.0,26.76,24.55,E,E,3.12
281,4.489,7.0,0.18348,209.0,10.9,85.1,82.2,180.0,0.0,211.0,207.0,26.76,22.33,E,D,0.19
281,3.79,7.0,0.00564,369.5,10.9,85.1,82.2,180.0,0.0,306.37,432.58,331.47,335.11,D,C,0.14
281,3.955,7.0,0.22958,202.1,10.9,85.1,82.2,180.0,0.0,263.2,141.0,18.73,19.48,D,E,4.46
281,4.721,7.0,0.18616,235.1,10.9,85.1,82.2,180.0,0.0,263.2,207.0,18.73,22.33,D,D,2.78
281,3.056,7.0,0.18419,255.3,10.9,85.1,82.2,180.0,0.0,263.2,247.5,18.73,20.86,D,D-E,3.21
281,3.919,7.0,0.18812,206.5,10.9,85.1,82.2,180.0,0.0,206.0,207.0,24.55,22.33,E,D,3.31
281,3.064,7.0,0.21866,174.0,10.9,85.1,82.2,180.0,0.0,141.0,207.0,19.48,22.33,E,D,1.68
281,0.478,7.0,0.00418,368.3,10.9,85.1,82.2,180.0,0.0,336.98,399.61,320.11,320.5,D,C,0.05
281,1.764,7.0,0.0045,493.3,10.9,85.1,82.2,180.0,0.0,336.98,649.67,320.11,320.57,D,C,0.28
281,4.051,7.0,0.00441,384.8,10.9,85.1,82.2,180.0,0.0,336.98,432.58,320.11,318.88,D,C,0.66
281,0.667,7.0,0.00466,461.0,10.9,85.1,82.2,180.0,0.0,336.98,585.04,320.11,319.45,D,C,0.01
281,1.425,7.0,0.00363,524.6,10.9,85.1,82.2,180.0,0.0,399.61,649.67,320.5,320.57,C,C,0.23
281,4.446,7.0,0.00354,416.1,10.9,85.1,82.2,180.0,0.0,399.61,432.58,320.5,318.88,C,C,0.71
281,1.062,7.0,0.00378,492.3,10.9,85.1,82.2,180.0,0.0,399.61,585.04,320.5,319.45,C,C,0.04
281,1.955,7.0,0.0041,617.4,10.9,85.1,82.2,180.0,0.0,649.67,585.04,320.57,319.45,C,C,0.27
281,3.997,7.0,0.00401,508.8,10.9,85.1,82.2,180.0,0.0,432.58,585.04,318.88,319.45,C,C,0.67
281,0.374,7.0,0.02313,527.9,10.9,85.1,82.2,180.0,0.0,469.44,586.28,102.49,102.33,C,C,0.16
346,4.793,6.2,0.0012,462.4,6.0,59.0,67.0,135.0,3.0,535.24,389.54,311.33,312.23,C,C,0.85
346,4.816,6.2,0.0013,483.9,6.0,59.0,67.0,135.0,3.0,535.24,432.58,311.33,313.48,C,C,0.77
346,2.351,6.2,0.44603,192.5,6.0,59.0,67.0,135.0,3.0,187.0,198.0,5.55,3.26,E,E,4.0
346,0.719,6.2,0.428,190.5,6.0,59.0,67.0,135.0,3.0,187.0,194.0,5.55,4.85,E,E,1.03
346,4.052,6.2,0.42135,195.5,6.0,59.0,67.0,135.0,3.0,187.0,204.0,5.55,4.46,E,E,29.82
346,4.19,6.2,0.34399,225.1,6.0,59.0,67.0,135.0,3.0,187.0,263.2,5.55,9.06,E,D,14.11
346,1.483,6.2,0.50094,164.0,6.0,59.0,67.0,135.0,3.0,187.0,141.0,5.55,5.13,E,E,10.36
346,4.495,6.2,0.38218,240.0,6.0,59.0,67.0,135.0,3.0,187.0,293.0,5.55,9.44,E,C/D,14.44
346,4.537,6.2,0.40779,197.0,6.0,59.0,67.0,135.0,3.0,187.0,207.0,5.55,5.6,E,D,18.12
346,1.696,6.2,0.39355,196.0,6.0,59.0,67.0,135.0,3.0,198.0,194.0,3.26,4.85,E,E,5.03
346,3.576,6.2,0.3869,201.0,6.0,59.0,67.0,135.0,3.0,198.0,204.0,3.26,4.46,E,E,33.82
346,4.67,6.2,0.52954,202.0,6.0,59.0,67.0,135.0,3.0,198.0,206.0,3.26,1.98,E,E,8.27
346,1.993,6.2,0.46649,169.5,6.0,59.0,67.0,135.0,3.0,198.0,141.0,3.26,5.13,E,E,6.36
346,4.042,6.2,0.37334,202.5,6.0,59.0,67.0,135.0,3.0,198.0,207.0,3.26,5.6,E,D,14.12
346,3.54,6.2,0.36888,199.0,6.0,59.0,67.0,135.0,3.0,194.0,204.0,4.85,4.46,E,E,28.79
346,4.817,6.2,0.29152,228.6,6.0,59.0,67.0,135.0,3.0,194.0,263.2,4.85,9.06,E,D,15.14
346,1.505,6.2,0.44847,167.5,6.0,59.0,67.0,135.0,3.0,194.0,141.0,4.85,5.13,E,E,11.39
346,4.974,6.2,0.32971,243.5,6.0,59.0,67.0,135.0,3.0,194.0,293.0,4.85,9.44,E,C/D,13.41
346,4.508,6.2,0.35531,200.5,6.0,59.0,67.0,135.0,3.0,194.0,207.0,4.85,5.6,E,D,19.15
346,4.938,6.2,0.44182,172.5,6.0,59.0,67.0,135.0,3.0,204.0,141.0,4.46,5.13,E,E,40.18
346,1.585,6.2,0.00304,500.4,6.0,59.0,67.0,135.0,3.0,500.35,500.35,308.52,306.93,C,C,0.01
346,3.183,6.2,0.00741,421.8,6.0,59.0,67.0,135.0,3.0,500.35,343.27,308.52,311.47,C,D,0.21
346,4.213,6.2,0.00393,575.0,6.0,59.0,67.0,135.0,3.0,500.35,649.67,308.52,312.73,C,C,0.01
346,2.764,6.2,0.00964,381.8,6.0,59.0,67.0,135.0,3.0,500.35,263.18,308.52,310.4,C,D,0.37
346,4.691,6.2,0.00746,421.8,6.0,59.0,67.0,135.0,3.0,500.35,343.27,306.93,311.47,C,D,0.22
346,4.016,6.2,0.0097,381.8,6.0,59.0,67.0,135.0,3.0,500.35,263.18,306.93,310.4,C,D,0.38
346,1.757,6.2,0.00835,496.5,6.0,59.0,67.0,135.0,3.0,343.27,649.67,311.47,312.73,D,C,0.22
346,1.353,6.2,0.01407,303.2,6.0,59.0,67.0,135.0,3.0,343.27,263.18,311.47,310.4,D,D,0.16
346,3.106,6.2,0.01059,456.4,6.0,59.0,67.0,135.0,3.0,649.67,263.18,312.73,310.4,C,D,0.38
346,2.825,6.2,0.44926,206.0,6.0,59.0,67.0,135.0,3.0,206.0,206.0,4.35,1.98,D/E,E,0.75
346,3.156,6.2,0.29307,206.5,6.0,59.0,67.0,135.0,3.0,206.0,207.0,4.35,5.6,D/E,D,23.14
346,0.008,6.2,0.00225,369.1,6.0,59.0,67.0,135.0,3.0,369.09,369.09,143.72,143.72,C,C,0.0
346,2.474,6.2,0.00124,348.0,6.0,59.0,67.0,135.0,3.0,389.54,306.37,312.23,309.91,C,D,0.16
346,1.317,6.2,0.00131,411.1,6.0,59.0,67.0,135.0,3.0,389.54,432.58,312.23,313.48,C,C,0.08
346,3.996,6.2,0.00072,378.0,6.0,59.0,67.0,135.0,3.0,356.39,399.61,298.71,299.08,D,C,0.75
346,3.79,6.2,0.00134,369.5,6.0,59.0,67.0,135.0,3.0,306.37,432.58,309.91,313.48,D,C,0.24
346,3.955,6.2,0.36446,202.1,6.0,59.0,67.0,135.0,3.0,263.2,141.0,9.06,5.13,D,E,3.75
346,4.721,6.2,0.27131,235.1,6.0,59.0,67.0,135.0,3.0,263.2,207.0,9.06,5.6,D,D,4.01
346,3.056,6.2,0.18366,255.3,6.0,59.0,67.0,135.0,3.0,263.2,247.5,9.06,11.25,D,D-E,10.38
346,3.919,6.2,0.4913,206.5,6.0,59.0,67.0,135.0,3.0,206.0,207.0,1.98,5.6,E,D,22.39
346,3.064,6.2,0.42826,174.0,6.0,59.0,67.0,135.0,3.0,141.0,207.0,5.13,5.6,E,D,7.76
346,1.885,6.2,0.00091,442.3,6.0,59.0,67.0,135.0,3.0,399.61,485.04,299.08,300.74,C,C,0.17
346,1.425,6.2,0.00078,524.6,6.0,59.0,67.0,135.0,3.0,399.61,649.67,299.08,299.25,C,C,0.27
346,2.008,6.2,0.00077,416.1,6.0,59.0,67.0,135.0,3.0,399.61,432.58,299.08,300.67,C,C,0.23
346,1.577,6.2,0.001,567.4,6.0,59.0,67.0,135.0,3.0,485.04,649.67,300.74,299.25,C,C,0.1
346,0.34,6.2,0.00099,458.8,6.0,59.0,67.0,135.0,3.0,485.04,432.58,300.74,300.67,C,C,0.06
346,1.431,6.2,0.00086,541.1,6.0,59.0,67.0,135.0,3.0,649.67,432.58,299.25,300.67,C,C,0.04
346,0.0,6.2,0.01571,371.0,6.0,59.0,67.0,135.0,3.0,344.02,397.92,91.34,91.34,D,C,0.0
346,3.051,6.2,1.16136,535.8,6.0,59.0,67.0,135.0,3.0,422.0,649.67,3.36,6.12,C,C,5.79
