EQID,Earthquake_Magnitude,Station_1_RSN,Station_2_RSN,Station_1_Name,Station_2_Name,Inter_Station_Distance_km,Theta_1_deg,Theta_2_deg,Delta_Theta_deg,Avg_PGA_g,Avg_Vs30_mps
25.0,6.19,30,31,Cholame - Shandon Array #5,Cholame - Shandon Array #8,4.025,16.45,24.32,7.87,0.31309,273.2
29.0,5.33,42,43,Cedar Springs Pumphouse,"Cedar Springs, Allen Ranch",4.812,66.54,57.77,8.77,0.0554,645.4
30.0,6.61,58,59,Cedar Springs Pumphouse,"Cedar Springs, Allen Ranch",4.812,11.39,9.13,2.26,0.02259,645.4
30.0,6.61,63,70,Fairmont Dam,Lake Hughes #1,3.356,69.91,68.88,1.03,0.10609,529.8
30.0,6.61,71,73,Lake Hughes #12,Lake Hughes #9,4.118,34.55,40.45,5.9,0.23736,636.5
30.0,6.61,75,76,Maricopa Array #2,Maricopa Array #3,4.934,19.88,22.25,2.37,0.00992,442.6
30.0,6.61,79,80,Pasadena - CIT Athenaeum,Pasadena - Old Seismo Lab,4.724,31.29,35.59,4.3,0.12537,692.1
35.0,5.2,104,105,"Shelter Cove, Sta A","Shelter Cove, Sta B",1.124,81.23,80.65,0.58,0.05569,556.9
42.0,5.5,128,129,Forgaria Cornino,San Rocco,0.635,11.0,12.82,1.82,0.07579,531.0
43.0,5.91,132,133,Forgaria Cornino,San Rocco,0.635,17.63,16.12,1.51,0.16969,531.0
48.0,5.74,146,147,Gilroy Array #1,Gilroy Array #2,1.738,59.45,56.42,3.03,0.17675,849.5
48.0,5.74,146,148,Gilroy Array #1,Gilroy Array #3,3.557,59.45,49.22,10.23,0.17639,889.0
48.0,5.74,147,148,Gilroy Array #2,Gilroy Array #3,1.861,56.42,49.22,7.2,0.24726,310.3
48.0,5.74,147,149,Gilroy Array #2,Gilroy Array #4,3.685,56.42,45.76,10.66,0.24633,246.3
48.0,5.74,148,149,Gilroy Array #3,Gilroy Array #4,1.992,49.22,45.76,3.46,0.24598,285.8
48.0,5.74,149,150,Gilroy Array #4,Gilroy Array #6,4.372,45.76,16.99,28.77,0.31234,442.5
48.0,5.74,152,153,"SJB Overpass, Bent 3 g.l.",San Juan Bautista - Hwy 101/156 Overpass,0.011,43.12,43.12,0.0,0.10236,365.2
48.0,5.74,152,154,"SJB Overpass, Bent 3 g.l.","San Juan Bautista, 24 Polk St",3.388,43.12,35.04,8.08,0.10519,351.5
48.0,5.74,153,154,San Juan Bautista - Hwy 101/156 Overpass,"San Juan Bautista, 24 Polk St",3.387,43.12,35.04,8.08,0.09848,349.2
50.0,6.53,158,159,Aeropuerto Mexicali,Agrarias,4.422,34.6,24.61,9.99,0.2648,251.0
50.0,6.53,158,160,Aeropuerto Mexicali,Bonds Corner,4.717,34.6,8.81,25.79,0.48878,241.4
50.0,6.53,170,173,EC County Center FF,El Centro Array #10,1.492,18.15,21.06,2.91,0.21122,197.4
50.0,6.53,170,183,EC County Center FF,El Centro Array #8,3.445,18.15,11.52,6.63,0.37539,199.1
50.0,6.53,170,184,EC County Center FF,El Centro Differential Array,2.546,18.15,14.55,3.6,0.33057,197.2
50.0,6.53,173,174,El Centro Array #10,El Centro Array #11,4.092,21.06,28.98,7.92,0.28674,199.6
50.0,6.53,173,183,El Centro Array #10,El Centro Array #8,4.776,21.06,11.52,9.54,0.36274,204.5
50.0,6.53,173,184,El Centro Array #10,El Centro Differential Array,3.536,21.06,14.55,6.51,0.31792,202.6
50.0,6.53,175,176,El Centro Array #12,El Centro Array #13,4.418,37.99,41.29,3.3,0.12921,223.4
50.0,6.53,179,180,El Centro Array #4,El Centro Array #5,3.33,11.49,4.68,6.81,0.39611,207.3
50.0,6.53,180,181,El Centro Array #5,El Centro Array #6,2.648,4.68,0.78,3.9,0.42981,204.4
50.0,6.53,180,182,El Centro Array #5,El Centro Array #7,4.578,4.68,4.8,0.12,0.4241,208.1
50.0,6.53,181,182,El Centro Array #6,El Centro Array #7,1.939,0.78,4.8,4.02,0.44246,206.9
50.0,6.53,182,183,El Centro Array #7,El Centro Array #8,3.294,4.8,11.52,6.72,0.48184,208.3
50.0,6.53,182,184,El Centro Array #7,El Centro Differential Array,4.675,4.8,14.55,9.75,0.43701,206.4
50.0,6.53,183,184,El Centro Array #8,El Centro Differential Array,1.691,11.52,14.55,3.03,0.48208,204.2
51.0,5.01,198,199,El Centro Array #10,El Centro Array #11,4.092,42.48,56.51,14.03,0.11992,199.6
51.0,5.01,198,206,El Centro Array #10,El Centro Array #8,4.776,42.48,19.76,22.72,0.09334,204.5
51.0,5.01,198,207,El Centro Array #10,El Centro Differential Array,3.536,42.48,29.51,12.97,0.10226,202.6
51.0,5.01,200,201,El Centro Array #2,El Centro Array #3,2.774,63.0,62.07,0.93,0.12708,175.9
51.0,5.01,202,203,El Centro Array #4,El Centro Array #5,3.33,44.65,26.84,17.81,0.19539,207.3
51.0,5.01,203,204,El Centro Array #5,El Centro Array #6,2.648,26.84,12.09,14.75,0.22473,204.4
51.0,5.01,203,205,El Centro Array #5,El Centro Array #7,4.578,26.84,0.15,26.69,0.19961,208.1
51.0,5.01,204,205,El Centro Array #6,El Centro Array #7,1.939,12.09,0.15,11.94,0.20541,206.9
51.0,5.01,205,206,El Centro Array #7,El Centro Array #8,3.294,0.15,19.76,19.61,0.15722,208.3
51.0,5.01,205,207,El Centro Array #7,El Centro Differential Array,4.675,0.15,29.51,29.36,0.16614,206.4
51.0,5.01,206,207,El Centro Array #8,El Centro Differential Array,1.691,19.76,29.51,9.75,0.14306,204.2
58.0,5.91,237,238,Long Valley Dam (Downst),Long Valley Dam (L Abut),0.0,59.84,59.84,0.0,0.08072,537.2
58.0,5.91,237,239,Long Valley Dam (Downst),Long Valley Dam (Upr L Abut),0.0,59.84,59.84,0.0,0.21151,537.2
58.0,5.91,238,239,Long Valley Dam (L Abut),Long Valley Dam (Upr L Abut),0.0,59.84,59.84,0.0,0.21018,537.2
59.0,5.7,241,242,Long Valley Dam (Downst),Long Valley Dam (L Abut),0.0,84.84,84.84,0.0,0.07517,537.2
59.0,5.7,241,243,Long Valley Dam (Downst),Long Valley Dam (Upr L Abut),0.0,84.84,84.84,0.0,0.16054,537.2
59.0,5.7,242,243,Long Valley Dam (L Abut),Long Valley Dam (Upr L Abut),0.0,84.84,84.84,0.0,0.16783,537.2
61.0,5.94,248,249,Convict Creek,Fish & Game (FIS),0.088,24.11,23.69,0.42,0.34899,377.6
67.0,7.2,280,281,Rio Dell Overpass - FF,"Rio Dell Overpass, E Ground",0.0,82.29,82.29,0.0,0.12934,311.8
67.0,7.2,280,282,Rio Dell Overpass - FF,"Rio Dell Overpass, W Ground",0.0,82.29,82.29,0.0,0.12778,311.8
67.0,7.2,281,282,"Rio Dell Overpass, E Ground","Rio Dell Overpass, W Ground",0.0,82.29,82.29,0.0,0.15253,311.8
71.0,5.9,306,307,SMART1 C00,SMART1 I06,0.199,44.92,44.87,0.05,0.09832,309.4
71.0,5.9,306,308,SMART1 C00,SMART1 I12,0.196,44.92,45.0,0.08,0.1151,292.6
71.0,5.9,306,309,SMART1 C00,SMART1 M01,0.956,44.92,46.02,1.1,0.12606,288.9
71.0,5.9,306,310,SMART1 C00,SMART1 M07,1.024,44.92,43.62,1.3,0.10711,318.5
71.0,5.9,306,311,SMART1 C00,SMART1 O01,2.086,44.92,47.19,2.27,0.111,288.5
71.0,5.9,306,312,SMART1 C00,SMART1 O07,1.984,44.92,42.74,2.18,0.09651,311.9
71.0,5.9,306,3559,SMART1 C00,SMART1 I03,0.222,44.92,45.34,0.42,0.10217,312.1
71.0,5.9,306,3560,SMART1 C00,SMART1 I09,0.184,44.92,44.56,0.36,0.09862,309.4
71.0,5.9,306,3561,SMART1 C00,SMART1 M02,1.117,44.92,46.82,1.9,0.11303,308.1
71.0,5.9,306,3562,SMART1 C00,SMART1 M03,0.963,44.92,46.74,1.82,0.10215,308.1
71.0,5.9,306,3563,SMART1 C00,SMART1 M04,1.025,44.92,46.47,1.55,0.12736,307.9
71.0,5.9,306,3564,SMART1 C00,SMART1 M05,0.974,44.92,45.73,0.81,0.10761,307.9
71.0,5.9,306,3565,SMART1 C00,SMART1 M06,1.017,44.92,44.64,0.28,0.09634,308.9
71.0,5.9,306,3566,SMART1 C00,SMART1 M08,0.976,44.92,43.22,1.7,0.10465,305.2
71.0,5.9,306,3567,SMART1 C00,SMART1 M09,1.017,44.92,43.01,1.91,0.09306,315.5
71.0,5.9,306,3568,SMART1 C00,SMART1 M10,0.899,44.92,43.55,1.37,0.11447,315.5
71.0,5.9,306,3570,SMART1 C00,SMART1 M12,0.994,44.92,45.25,0.33,0.12406,292.6
71.0,5.9,306,3571,SMART1 C00,SMART1 O02,2.012,44.92,48.39,3.47,0.15473,297.2
71.0,5.9,306,3572,SMART1 C00,SMART1 O03,2.053,44.92,48.8,3.88,0.13555,293.9
71.0,5.9,306,3573,SMART1 C00,SMART1 O04,1.999,44.92,48.05,3.13,0.11089,298.8
71.0,5.9,306,3574,SMART1 C00,SMART1 O05,2.028,44.92,46.56,1.64,0.10399,297.7
71.0,5.9,306,3575,SMART1 C00,SMART1 O06,2.023,44.92,44.35,0.57,0.11034,301.4
71.0,5.9,306,3576,SMART1 C00,SMART1 O09,2.019,44.92,41.15,3.77,0.10848,319.2
71.0,5.9,306,3577,SMART1 C00,SMART1 O10,1.993,44.92,42.12,2.8,0.1064,314.8
71.0,5.9,306,3578,SMART1 C00,SMART1 O12,1.997,44.92,45.5,0.58,0.12803,306.4
71.0,5.9,307,308,SMART1 I06,SMART1 I12,0.394,44.87,45.0,0.13,0.104,292.6
71.0,5.9,307,309,SMART1 I06,SMART1 M01,1.132,44.87,46.02,1.15,0.11495,288.9
71.0,5.9,307,310,SMART1 I06,SMART1 M07,0.863,44.87,43.62,1.25,0.09601,318.5
71.0,5.9,307,311,SMART1 I06,SMART1 O01,2.261,44.87,47.19,2.32,0.0999,288.5
71.0,5.9,307,312,SMART1 I06,SMART1 O07,1.806,44.87,42.74,2.13,0.08541,311.9
71.0,5.9,307,3559,SMART1 I06,SMART1 I03,0.297,44.87,45.34,0.47,0.09107,312.1
71.0,5.9,307,3560,SMART1 I06,SMART1 I09,0.263,44.87,44.56,0.31,0.08752,309.4
71.0,5.9,307,3561,SMART1 I06,SMART1 M02,1.234,44.87,46.82,1.95,0.10192,308.1
71.0,5.9,307,3562,SMART1 I06,SMART1 M03,0.994,44.87,46.74,1.87,0.09105,308.1
71.0,5.9,307,3563,SMART1 I06,SMART1 M04,0.94,44.87,46.47,1.6,0.11626,307.9
71.0,5.9,307,3564,SMART1 I06,SMART1 M05,0.815,44.87,45.73,0.86,0.09651,307.9
71.0,5.9,307,3565,SMART1 I06,SMART1 M06,0.818,44.87,44.64,0.23,0.08524,308.9
71.0,5.9,307,3566,SMART1 I06,SMART1 M08,0.883,44.87,43.22,1.65,0.09355,305.2
71.0,5.9,307,3567,SMART1 I06,SMART1 M09,1.02,44.87,43.01,1.86,0.08196,315.5
71.0,5.9,307,3568,SMART1 I06,SMART1 M10,1.003,44.87,43.55,1.32,0.10337,315.5
71.0,5.9,307,3570,SMART1 I06,SMART1 M12,1.193,44.87,45.25,0.38,0.11296,292.6
71.0,5.9,307,3571,SMART1 I06,SMART1 O02,2.117,44.87,48.39,3.52,0.14363,297.2
71.0,5.9,307,3572,SMART1 I06,SMART1 O03,2.061,44.87,48.8,3.93,0.12445,293.9
71.0,5.9,307,3573,SMART1 I06,SMART1 O04,1.91,44.87,48.05,3.18,0.09978,298.8
71.0,5.9,307,3574,SMART1 I06,SMART1 O05,1.862,44.87,46.56,1.69,0.09289,297.7
71.0,5.9,307,3575,SMART1 I06,SMART1 O06,1.825,44.87,44.35,0.52,0.09924,301.4
71.0,5.9,307,3576,SMART1 I06,SMART1 O09,2.019,44.87,41.15,3.72,0.09737,319.2
71.0,5.9,307,3577,SMART1 I06,SMART1 O10,2.102,44.87,42.12,2.75,0.09529,314.8
71.0,5.9,307,3578,SMART1 I06,SMART1 O12,2.196,44.87,45.5,0.63,0.11693,306.4
71.0,5.9,308,309,SMART1 I12,SMART1 M01,0.787,45.0,46.02,1.02,0.13174,272.1
71.0,5.9,308,310,SMART1 I12,SMART1 M07,1.198,45.0,43.62,1.38,0.1128,301.7
71.0,5.9,308,311,SMART1 I12,SMART1 O01,1.912,45.0,47.19,2.19,0.11669,271.7
71.0,5.9,308,312,SMART1 I12,SMART1 O07,2.167,45.0,42.74,2.26,0.10219,295.1
71.0,5.9,308,3559,SMART1 I12,SMART1 I03,0.29,45.0,45.34,0.34,0.10786,295.4
71.0,5.9,308,3560,SMART1 I12,SMART1 I09,0.283,45.0,44.56,0.44,0.1043,292.6
71.0,5.9,308,3561,SMART1 I12,SMART1 M02,1.017,45.0,46.82,1.82,0.11871,291.3
71.0,5.9,308,3562,SMART1 I12,SMART1 M03,0.962,45.0,46.74,1.74,0.10783,291.3
71.0,5.9,308,3563,SMART1 I12,SMART1 M04,1.129,45.0,46.47,1.47,0.13304,291.1
71.0,5.9,308,3564,SMART1 I12,SMART1 M05,1.138,45.0,45.73,0.73,0.1133,291.1
71.0,5.9,308,3565,SMART1 I12,SMART1 M06,1.212,45.0,44.64,0.36,0.10203,292.1
71.0,5.9,308,3566,SMART1 I12,SMART1 M08,1.102,45.0,43.22,1.78,0.11033,288.4
71.0,5.9,308,3567,SMART1 I12,SMART1 M09,1.061,45.0,43.01,1.99,0.09874,298.7
71.0,5.9,308,3568,SMART1 I12,SMART1 M10,0.84,45.0,43.55,1.45,0.12016,298.7
71.0,5.9,308,3570,SMART1 I12,SMART1 M12,0.799,45.0,45.25,0.25,0.12974,275.8
71.0,5.9,308,3571,SMART1 I12,SMART1 O02,1.914,45.0,48.39,3.39,0.16042,280.5
71.0,5.9,308,3572,SMART1 I12,SMART1 O03,2.055,45.0,48.8,3.8,0.14123,277.1
71.0,5.9,308,3573,SMART1 I12,SMART1 O04,2.092,45.0,48.05,3.05,0.11657,282.0
71.0,5.9,308,3574,SMART1 I12,SMART1 O05,2.191,45.0,46.56,1.56,0.10967,280.9
71.0,5.9,308,3575,SMART1 I12,SMART1 O06,2.219,45.0,44.35,0.65,0.11603,284.6
71.0,5.9,308,3576,SMART1 I12,SMART1 O09,2.048,45.0,41.15,3.85,0.11416,302.4
71.0,5.9,308,3577,SMART1 I12,SMART1 O10,1.908,45.0,42.12,2.88,0.11208,298.0
71.0,5.9,308,3578,SMART1 I12,SMART1 O12,1.802,45.0,45.5,0.5,0.13372,289.6
71.0,5.9,309,310,SMART1 M01,SMART1 M07,1.979,46.02,43.62,2.4,0.12375,298.0
71.0,5.9,309,311,SMART1 M01,SMART1 O01,1.13,46.02,47.19,1.17,0.12764,268.0
71.0,5.9,309,312,SMART1 M01,SMART1 O07,2.938,46.02,42.74,3.28,0.11314,291.4
71.0,5.9,309,3559,SMART1 M01,SMART1 I03,0.867,46.02,45.34,0.68,0.11881,291.6
71.0,5.9,309,3560,SMART1 M01,SMART1 I09,1.068,46.02,44.56,1.46,0.11525,288.9
71.0,5.9,309,3561,SMART1 M01,SMART1 M02,0.521,46.02,46.82,0.8,0.12966,287.6
71.0,5.9,309,3562,SMART1 M01,SMART1 M03,0.913,46.02,46.74,0.72,0.11878,287.6
71.0,5.9,309,3563,SMART1 M01,SMART1 M04,1.405,46.02,46.47,0.45,0.144,287.4
71.0,5.9,309,3564,SMART1 M01,SMART1 M05,1.642,46.02,45.73,0.29,0.12425,287.4
71.0,5.9,309,3565,SMART1 M01,SMART1 M06,1.905,46.02,44.64,1.38,0.11298,288.4
71.0,5.9,309,3566,SMART1 M01,SMART1 M08,1.878,46.02,43.22,2.8,0.12128,284.7
71.0,5.9,309,3567,SMART1 M01,SMART1 M09,1.748,46.02,43.01,3.01,0.10969,295.0
71.0,5.9,309,3568,SMART1 M01,SMART1 M10,1.353,46.02,43.55,2.47,0.13111,295.0
71.0,5.9,309,3570,SMART1 M01,SMART1 M12,0.475,46.02,45.25,0.77,0.1407,272.1
71.0,5.9,309,3571,SMART1 M01,SMART1 O02,1.283,46.02,48.39,2.37,0.17136,276.7
71.0,5.9,309,3572,SMART1 M01,SMART1 O03,1.787,46.02,48.8,2.78,0.15219,273.3
71.0,5.9,309,3573,SMART1 M01,SMART1 O04,2.2,46.02,48.05,2.03,0.12752,278.3
71.0,5.9,309,3574,SMART1 M01,SMART1 O05,2.617,46.02,46.56,0.54,0.12062,277.2
71.0,5.9,309,3575,SMART1 M01,SMART1 O06,2.889,46.02,44.35,1.67,0.12698,280.9
71.0,5.9,309,3576,SMART1 M01,SMART1 O09,2.661,46.02,41.15,4.87,0.12511,298.7
71.0,5.9,309,3577,SMART1 M01,SMART1 O10,2.195,46.02,42.12,3.9,0.12303,294.2
71.0,5.9,309,3578,SMART1 M01,SMART1 O12,1.25,46.02,45.5,0.52,0.14466,285.9
71.0,5.9,310,311,SMART1 M07,SMART1 O01,3.108,43.62,47.19,3.57,0.10869,297.6
71.0,5.9,310,312,SMART1 M07,SMART1 O07,0.979,43.62,42.74,0.88,0.0942,321.0
71.0,5.9,310,3559,SMART1 M07,SMART1 I03,1.158,43.62,45.34,1.72,0.09986,321.2
71.0,5.9,310,3560,SMART1 M07,SMART1 I09,0.927,43.62,44.56,0.94,0.09631,318.5
71.0,5.9,310,3561,SMART1 M07,SMART1 M02,2.09,43.62,46.82,3.2,0.11072,317.2
71.0,5.9,310,3562,SMART1 M07,SMART1 M03,1.769,43.62,46.74,3.12,0.09984,317.2
71.0,5.9,310,3563,SMART1 M07,SMART1 M04,1.478,43.62,46.47,2.85,0.12505,317.0
71.0,5.9,310,3564,SMART1 M07,SMART1 M05,1.088,43.62,45.73,2.11,0.1053,317.0
71.0,5.9,310,3565,SMART1 M07,SMART1 M06,0.576,43.62,44.64,1.02,0.09403,318.0
71.0,5.9,310,3566,SMART1 M07,SMART1 M08,0.424,43.62,43.22,0.4,0.10234,314.3
71.0,5.9,310,3567,SMART1 M07,SMART1 M09,0.905,43.62,43.01,0.61,0.09075,324.6
71.0,5.9,310,3568,SMART1 M07,SMART1 M10,1.286,43.62,43.55,0.07,0.11217,324.6
71.0,5.9,310,3570,SMART1 M07,SMART1 M12,1.946,43.62,45.25,1.63,0.12175,301.7
71.0,5.9,310,3571,SMART1 M07,SMART1 O02,2.956,43.62,48.39,4.77,0.15242,306.4
71.0,5.9,310,3572,SMART1 M07,SMART1 O03,2.74,43.62,48.8,5.18,0.13324,303.0
71.0,5.9,310,3573,SMART1 M07,SMART1 O04,2.303,43.62,48.05,4.43,0.10858,307.9
71.0,5.9,310,3574,SMART1 M07,SMART1 O05,1.837,43.62,46.56,2.94,0.10168,306.8
71.0,5.9,310,3575,SMART1 M07,SMART1 O06,1.29,43.62,44.35,0.73,0.10803,310.5
71.0,5.9,310,3576,SMART1 M07,SMART1 O09,1.65,43.62,41.15,2.47,0.10617,328.3
71.0,5.9,310,3577,SMART1 M07,SMART1 O10,2.214,43.62,42.12,1.5,0.10409,323.9
71.0,5.9,310,3578,SMART1 M07,SMART1 O12,2.919,43.62,45.5,1.88,0.12572,315.5
71.0,5.9,311,312,SMART1 O01,SMART1 O07,4.068,47.19,42.74,4.45,0.09809,291.0
71.0,5.9,311,3559,SMART1 O01,SMART1 I03,1.989,47.19,45.34,1.85,0.10376,291.3
71.0,5.9,311,3560,SMART1 O01,SMART1 I09,2.19,47.19,44.56,2.63,0.1002,288.5
71.0,5.9,311,3561,SMART1 O01,SMART1 M02,1.23,47.19,46.82,0.37,0.11461,287.2
71.0,5.9,311,3562,SMART1 O01,SMART1 M03,1.772,47.19,46.74,0.45,0.10373,287.2
71.0,5.9,311,3563,SMART1 O01,SMART1 M04,2.345,47.19,46.47,0.72,0.12895,287.0
71.0,5.9,311,3564,SMART1 O01,SMART1 M05,2.681,47.19,45.73,1.46,0.1092,287.0
71.0,5.9,311,3565,SMART1 O01,SMART1 M06,3.015,47.19,44.64,2.55,0.09793,288.0
71.0,5.9,311,3566,SMART1 O01,SMART1 M08,2.982,47.19,43.22,3.97,0.10623,284.4
71.0,5.9,311,3567,SMART1 O01,SMART1 M09,2.781,47.19,43.01,4.18,0.09464,294.6
71.0,5.9,311,3568,SMART1 O01,SMART1 M10,2.309,47.19,43.55,3.64,0.11606,294.6
71.0,5.9,311,3570,SMART1 O01,SMART1 M12,1.283,47.19,45.25,1.94,0.12565,271.7
71.0,5.9,311,3571,SMART1 O01,SMART1 O02,1.115,47.19,48.39,1.2,0.15631,276.4
71.0,5.9,311,3572,SMART1 O01,SMART1 O03,2.116,47.19,48.8,1.61,0.13714,273.0
71.0,5.9,311,3573,SMART1 O01,SMART1 O04,2.89,47.19,48.05,0.86,0.11247,278.0
71.0,5.9,311,3574,SMART1 O01,SMART1 O05,3.547,47.19,46.56,0.63,0.10557,276.9
71.0,5.9,311,3575,SMART1 O01,SMART1 O06,3.976,47.19,44.35,2.84,0.11193,280.6
71.0,5.9,311,3576,SMART1 O01,SMART1 O09,3.587,47.19,41.15,6.04,0.11006,298.4
71.0,5.9,311,3577,SMART1 O01,SMART1 O10,2.832,47.19,42.12,5.07,0.10798,293.9
71.0,5.9,311,3578,SMART1 O01,SMART1 O12,0.989,47.19,45.5,1.69,0.12961,285.5
71.0,5.9,312,3559,SMART1 O07,SMART1 I03,2.087,42.74,45.34,2.6,0.08926,314.6
71.0,5.9,312,3560,SMART1 O07,SMART1 I09,1.903,42.74,44.56,1.82,0.0857,311.9
71.0,5.9,312,3561,SMART1 O07,SMART1 M02,2.986,42.74,46.82,4.08,0.10011,310.6
71.0,5.9,312,3562,SMART1 O07,SMART1 M03,2.584,42.74,46.74,4.0,0.08924,310.6
71.0,5.9,312,3563,SMART1 O07,SMART1 M04,2.149,42.74,46.47,3.73,0.11445,310.4
71.0,5.9,312,3564,SMART1 O07,SMART1 M05,1.692,42.74,45.73,2.99,0.0947,310.4
71.0,5.9,312,3565,SMART1 O07,SMART1 M06,1.15,42.74,44.64,1.9,0.08343,311.4
71.0,5.9,312,3566,SMART1 O07,SMART1 M08,1.265,42.74,43.22,0.48,0.09174,307.7
71.0,5.9,312,3567,SMART1 O07,SMART1 M09,1.722,42.74,43.01,0.27,0.08015,318.0
71.0,5.9,312,3568,SMART1 O07,SMART1 M10,2.196,42.74,43.55,0.81,0.10156,318.0
71.0,5.9,312,3570,SMART1 O07,SMART1 M12,2.924,42.74,45.25,2.51,0.11115,295.1
71.0,5.9,312,3571,SMART1 O07,SMART1 O02,3.807,42.74,48.39,5.65,0.14182,299.7
71.0,5.9,312,3572,SMART1 O07,SMART1 O03,3.399,42.74,48.8,6.06,0.12264,296.3
71.0,5.9,312,3573,SMART1 O07,SMART1 O04,2.719,42.74,48.05,5.31,0.09797,301.3
71.0,5.9,312,3574,SMART1 O07,SMART1 O05,1.915,42.74,46.56,3.82,0.09108,300.2
71.0,5.9,312,3575,SMART1 O07,SMART1 O06,0.88,42.74,44.35,1.61,0.09743,303.9
71.0,5.9,312,3576,SMART1 O07,SMART1 O09,2.064,42.74,41.15,1.59,0.09556,321.7
71.0,5.9,312,3577,SMART1 O07,SMART1 O10,2.954,42.74,42.12,0.62,0.09348,317.2
71.0,5.9,312,3578,SMART1 O07,SMART1 O12,3.894,42.74,45.5,2.76,0.11512,308.8
71.0,5.9,3559,3560,SMART1 I03,SMART1 I09,0.406,45.34,44.56,0.78,0.09137,312.1
71.0,5.9,3559,3561,SMART1 I03,SMART1 M02,0.937,45.34,46.82,1.48,0.10578,310.8
71.0,5.9,3559,3562,SMART1 I03,SMART1 M03,0.741,45.34,46.74,1.4,0.0949,310.8
71.0,5.9,3559,3563,SMART1 I03,SMART1 M04,0.839,45.34,46.47,1.13,0.12011,310.6
71.0,5.9,3559,3564,SMART1 I03,SMART1 M05,0.871,45.34,45.73,0.39,0.10036,310.6
71.0,5.9,3559,3565,SMART1 I03,SMART1 M06,1.039,45.34,44.64,0.7,0.0891,311.6
71.0,5.9,3559,3566,SMART1 I03,SMART1 M08,1.168,45.34,43.22,2.12,0.0974,308.0
71.0,5.9,3559,3567,SMART1 I03,SMART1 M09,1.239,45.34,43.01,2.33,0.08581,318.3
71.0,5.9,3559,3568,SMART1 I03,SMART1 M10,1.103,45.34,43.55,1.79,0.10723,318.3
71.0,5.9,3559,3570,SMART1 I03,SMART1 M12,1.013,45.34,45.25,0.09,0.11681,295.4
71.0,5.9,3559,3571,SMART1 I03,SMART1 O02,1.822,45.34,48.39,3.05,0.14748,300.0
71.0,5.9,3559,3572,SMART1 I03,SMART1 O03,1.831,45.34,48.8,3.46,0.1283,296.6
71.0,5.9,3559,3573,SMART1 I03,SMART1 O04,1.807,45.34,48.05,2.71,0.10364,301.6
71.0,5.9,3559,3574,SMART1 I03,SMART1 O05,1.918,45.34,46.56,1.22,0.09674,300.5
71.0,5.9,3559,3575,SMART1 I03,SMART1 O06,2.033,45.34,44.35,0.99,0.1031,304.2
71.0,5.9,3559,3576,SMART1 I03,SMART1 O09,2.241,45.34,41.15,4.19,0.10123,322.0
71.0,5.9,3559,3577,SMART1 I03,SMART1 O10,2.187,45.34,42.12,3.22,0.09915,317.5
71.0,5.9,3559,3578,SMART1 I03,SMART1 O12,2.007,45.34,45.5,0.16,0.12078,309.1
71.0,5.9,3560,3561,SMART1 I09,SMART1 M02,1.282,44.56,46.82,2.26,0.10222,308.1
71.0,5.9,3560,3562,SMART1 I09,SMART1 M03,1.147,44.56,46.74,2.18,0.09135,308.1
71.0,5.9,3560,3563,SMART1 I09,SMART1 M04,1.182,44.56,46.47,1.91,0.11656,307.9
71.0,5.9,3560,3564,SMART1 I09,SMART1 M05,1.078,44.56,45.73,1.17,0.09681,307.9
71.0,5.9,3560,3565,SMART1 I09,SMART1 M06,1.023,44.56,44.64,0.08,0.08554,308.9
71.0,5.9,3560,3566,SMART1 I09,SMART1 M08,0.82,44.56,43.22,1.34,0.09384,305.2
71.0,5.9,3560,3567,SMART1 I09,SMART1 M09,0.833,44.56,43.01,1.55,0.08225,315.5
71.0,5.9,3560,3568,SMART1 I09,SMART1 M10,0.745,44.56,43.55,1.01,0.10367,315.5
71.0,5.9,3560,3570,SMART1 I09,SMART1 M12,1.028,44.56,45.25,0.69,0.11326,292.6
71.0,5.9,3560,3571,SMART1 I09,SMART1 O02,2.179,44.56,48.39,3.83,0.14393,297.2
71.0,5.9,3560,3572,SMART1 I09,SMART1 O03,2.237,44.56,48.8,4.24,0.12475,293.9
71.0,5.9,3560,3573,SMART1 I09,SMART1 O04,2.156,44.56,48.05,3.49,0.10008,298.8
71.0,5.9,3560,3574,SMART1 I09,SMART1 O05,2.122,44.56,46.56,2.0,0.09319,297.7
71.0,5.9,3560,3575,SMART1 I09,SMART1 O06,2.021,44.56,44.35,0.21,0.09954,301.4
71.0,5.9,3560,3576,SMART1 I09,SMART1 O09,1.835,44.56,41.15,3.41,0.09767,319.2
71.0,5.9,3560,3577,SMART1 I09,SMART1 O10,1.844,44.56,42.12,2.44,0.09559,314.8
71.0,5.9,3560,3578,SMART1 I09,SMART1 O12,2.02,44.56,45.5,0.94,0.11723,306.4
71.0,5.9,3561,3562,SMART1 M02,SMART1 M03,0.543,46.82,46.74,0.08,0.10575,306.8
71.0,5.9,3561,3563,SMART1 M02,SMART1 M04,1.115,46.82,46.47,0.35,0.13096,306.6
71.0,5.9,3561,3564,SMART1 M02,SMART1 M05,1.468,46.82,45.73,1.09,0.11122,306.6
71.0,5.9,3561,3565,SMART1 M02,SMART1 M06,1.868,46.82,44.64,2.18,0.09995,307.6
71.0,5.9,3561,3566,SMART1 M02,SMART1 M08,2.092,46.82,43.22,3.6,0.10825,303.9
71.0,5.9,3561,3567,SMART1 M02,SMART1 M09,2.073,46.82,43.01,3.81,0.09666,314.2
71.0,5.9,3561,3568,SMART1 M02,SMART1 M10,1.762,46.82,43.55,3.27,0.11808,314.2
71.0,5.9,3561,3570,SMART1 M02,SMART1 M12,0.995,46.82,45.25,1.57,0.12767,291.3
71.0,5.9,3561,3571,SMART1 M02,SMART1 O02,0.898,46.82,48.39,1.57,0.15834,295.9
71.0,5.9,3561,3572,SMART1 M02,SMART1 O03,1.267,46.82,48.8,1.98,0.13916,292.5
71.0,5.9,3561,3573,SMART1 M02,SMART1 O04,1.759,46.82,48.05,1.23,0.11449,297.5
71.0,5.9,3561,3574,SMART1 M02,SMART1 O05,2.321,46.82,46.56,0.26,0.10759,296.4
71.0,5.9,3561,3575,SMART1 M02,SMART1 O06,2.781,46.82,44.35,2.47,0.11395,300.1
71.0,5.9,3561,3576,SMART1 M02,SMART1 O09,3.042,46.82,41.15,5.67,0.11208,317.9
71.0,5.9,3561,3577,SMART1 M02,SMART1 O10,2.687,46.82,42.12,4.7,0.11,313.4
71.0,5.9,3561,3578,SMART1 M02,SMART1 O12,1.67,46.82,45.5,1.32,0.13164,305.1
71.0,5.9,3562,3563,SMART1 M03,SMART1 M04,0.576,46.74,46.47,0.27,0.12009,306.6
71.0,5.9,3562,3564,SMART1 M03,SMART1 M05,0.967,46.74,45.73,1.01,0.10034,306.6
71.0,5.9,3562,3565,SMART1 M03,SMART1 M06,1.437,46.74,44.64,2.1,0.08907,307.6
71.0,5.9,3562,3566,SMART1 M03,SMART1 M08,1.873,46.74,43.22,3.52,0.09738,303.9
71.0,5.9,3562,3567,SMART1 M03,SMART1 M09,1.98,46.74,43.01,3.73,0.08579,314.2
71.0,5.9,3562,3568,SMART1 M03,SMART1 M10,1.801,46.74,43.55,3.19,0.1072,314.2
71.0,5.9,3562,3570,SMART1 M03,SMART1 M12,1.322,46.74,45.25,1.49,0.11679,291.3
71.0,5.9,3562,3571,SMART1 M03,SMART1 O02,1.226,46.74,48.39,1.65,0.14746,295.9
71.0,5.9,3562,3572,SMART1 M03,SMART1 O03,1.094,46.74,48.8,2.06,0.12828,292.5
71.0,5.9,3562,3573,SMART1 M03,SMART1 O04,1.29,46.74,48.05,1.31,0.10361,297.5
71.0,5.9,3562,3574,SMART1 M03,SMART1 O05,1.779,46.74,46.56,0.18,0.09672,296.4
71.0,5.9,3562,3575,SMART1 M03,SMART1 O06,2.285,46.74,44.35,2.39,0.10307,300.1
71.0,5.9,3562,3576,SMART1 M03,SMART1 O09,2.982,46.74,41.15,5.59,0.1012,317.9
71.0,5.9,3562,3577,SMART1 M03,SMART1 O10,2.841,46.74,42.12,4.62,0.09912,313.4
71.0,5.9,3562,3578,SMART1 M03,SMART1 O12,2.153,46.74,45.5,1.24,0.12076,305.1
71.0,5.9,3563,3564,SMART1 M04,SMART1 M05,0.459,46.47,45.73,0.74,0.12555,306.4
71.0,5.9,3563,3565,SMART1 M04,SMART1 M06,1.013,46.47,44.64,1.83,0.11428,307.4
71.0,5.9,3563,3566,SMART1 M04,SMART1 M08,1.703,46.47,43.22,3.25,0.12259,303.7
71.0,5.9,3563,3567,SMART1 M04,SMART1 M09,1.947,46.47,43.01,3.46,0.111,314.0
71.0,5.9,3563,3568,SMART1 M04,SMART1 M10,1.923,46.47,43.55,2.92,0.13242,314.0
71.0,5.9,3563,3570,SMART1 M04,SMART1 M12,1.735,46.47,45.25,1.22,0.142,291.1
71.0,5.9,3563,3571,SMART1 M04,SMART1 O02,1.74,46.47,48.39,1.92,0.17267,295.7
71.0,5.9,3563,3572,SMART1 M04,SMART1 O03,1.272,46.47,48.8,2.33,0.15349,292.4
71.0,5.9,3563,3573,SMART1 M04,SMART1 O04,0.974,46.47,48.05,1.58,0.12883,297.3
71.0,5.9,3563,3574,SMART1 M04,SMART1 O05,1.219,46.47,46.56,0.09,0.12193,296.2
71.0,5.9,3563,3575,SMART1 M04,SMART1 O06,1.742,46.47,44.35,2.12,0.12829,299.9
71.0,5.9,3563,3576,SMART1 M04,SMART1 O09,2.931,46.47,41.15,5.32,0.12641,317.7
71.0,5.9,3563,3577,SMART1 M04,SMART1 O10,3.018,46.47,42.12,4.35,0.12434,313.2
71.0,5.9,3563,3578,SMART1 M04,SMART1 O12,2.654,46.47,45.5,0.97,0.14597,304.9
71.0,5.9,3564,3565,SMART1 M05,SMART1 M06,0.569,45.73,44.64,1.09,0.09453,307.4
71.0,5.9,3564,3566,SMART1 M05,SMART1 M08,1.382,45.73,43.22,2.51,0.10284,303.7
71.0,5.9,3564,3567,SMART1 M05,SMART1 M09,1.712,45.73,43.01,2.72,0.09125,314.0
71.0,5.9,3564,3568,SMART1 M05,SMART1 M10,1.808,45.73,43.55,2.18,0.11267,314.0
71.0,5.9,3564,3570,SMART1 M05,SMART1 M12,1.876,45.73,45.25,0.48,0.12225,291.1
71.0,5.9,3564,3571,SMART1 M05,SMART1 O02,2.177,45.73,48.39,2.66,0.15292,295.7
71.0,5.9,3564,3572,SMART1 M05,SMART1 O03,1.715,45.73,48.8,3.07,0.13374,292.4
71.0,5.9,3564,3573,SMART1 M05,SMART1 O04,1.223,45.73,48.05,2.32,0.10908,297.3
71.0,5.9,3564,3574,SMART1 M05,SMART1 O05,1.055,45.73,46.56,0.83,0.10218,296.2
71.0,5.9,3564,3575,SMART1 M05,SMART1 O06,1.319,45.73,44.35,1.38,0.10853,299.9
71.0,5.9,3564,3576,SMART1 M05,SMART1 O09,2.649,45.73,41.15,4.58,0.10667,317.7
71.0,5.9,3564,3577,SMART1 M05,SMART1 O10,2.901,45.73,42.12,3.61,0.10459,313.2
71.0,5.9,3564,3578,SMART1 M05,SMART1 O12,2.855,45.73,45.5,0.23,0.12622,304.9
71.0,5.9,3565,3566,SMART1 M06,SMART1 M08,0.953,44.64,43.22,1.42,0.09157,304.7
71.0,5.9,3565,3567,SMART1 M06,SMART1 M09,1.38,44.64,43.01,1.63,0.07998,315.0
71.0,5.9,3565,3568,SMART1 M06,SMART1 M10,1.63,44.64,43.55,1.09,0.1014,315.0
71.0,5.9,3565,3570,SMART1 M06,SMART1 M12,2.011,44.64,45.25,0.61,0.11098,292.1
71.0,5.9,3565,3571,SMART1 M06,SMART1 O02,2.662,44.64,48.39,3.75,0.14165,296.7
71.0,5.9,3565,3572,SMART1 M06,SMART1 O03,2.282,44.64,48.8,4.16,0.12247,293.4
71.0,5.9,3565,3573,SMART1 M06,SMART1 O04,1.746,44.64,48.05,3.41,0.09781,298.3
71.0,5.9,3565,3574,SMART1 M06,SMART1 O05,1.28,44.64,46.56,1.92,0.09091,297.2
71.0,5.9,3565,3575,SMART1 M06,SMART1 O06,1.006,44.64,44.35,0.29,0.09727,300.9
71.0,5.9,3565,3576,SMART1 M06,SMART1 O09,2.218,44.64,41.15,3.49,0.0954,318.7
71.0,5.9,3565,3577,SMART1 M06,SMART1 O10,2.665,44.64,42.12,2.52,0.09332,314.2
71.0,5.9,3565,3578,SMART1 M06,SMART1 O12,3.014,44.64,45.5,0.86,0.11495,305.9
71.0,5.9,3566,3567,SMART1 M08,SMART1 M09,0.489,43.22,43.01,0.21,0.08829,311.3
71.0,5.9,3566,3568,SMART1 M08,SMART1 M10,0.93,43.22,43.55,0.33,0.1097,311.3
71.0,5.9,3566,3570,SMART1 M08,SMART1 M12,1.747,43.22,45.25,2.03,0.11929,288.4
71.0,5.9,3566,3571,SMART1 M08,SMART1 O02,2.986,43.22,48.39,5.17,0.14996,293.1
71.0,5.9,3566,3572,SMART1 M08,SMART1 O03,2.917,43.22,48.8,5.58,0.13078,289.7
71.0,5.9,3566,3573,SMART1 M08,SMART1 O04,2.603,43.22,48.05,4.83,0.10611,294.6
71.0,5.9,3566,3574,SMART1 M08,SMART1 O05,2.233,43.22,46.56,3.34,0.09922,293.5
71.0,5.9,3566,3575,SMART1 M08,SMART1 O06,1.705,43.22,44.35,1.13,0.10557,297.3
71.0,5.9,3566,3576,SMART1 M08,SMART1 O09,1.274,43.22,41.15,2.07,0.1037,315.1
71.0,5.9,3566,3577,SMART1 M08,SMART1 O10,1.795,43.22,42.12,1.1,0.10162,310.6
71.0,5.9,3566,3578,SMART1 M08,SMART1 O12,2.669,43.22,45.5,2.28,0.12326,302.2
71.0,5.9,3567,3568,SMART1 M09,SMART1 M10,0.525,43.01,43.55,0.54,0.09811,321.6
71.0,5.9,3567,3570,SMART1 M09,SMART1 M12,1.502,43.01,45.25,2.24,0.1077,298.7
71.0,5.9,3567,3571,SMART1 M09,SMART1 O02,2.966,43.01,48.39,5.38,0.13837,303.4
71.0,5.9,3567,3572,SMART1 M09,SMART1 O03,3.068,43.01,48.8,5.79,0.11919,300.0
71.0,5.9,3567,3573,SMART1 M09,SMART1 O04,2.9,43.01,48.05,5.04,0.09452,304.9
71.0,5.9,3567,3574,SMART1 M09,SMART1 O05,2.652,43.01,46.56,3.55,0.08763,303.8
71.0,5.9,3567,3575,SMART1 M09,SMART1 O06,2.193,43.01,44.35,1.34,0.09398,307.5
71.0,5.9,3567,3576,SMART1 M09,SMART1 O09,1.003,43.01,41.15,1.86,0.09211,325.4
71.0,5.9,3567,3577,SMART1 M09,SMART1 O10,1.31,43.01,42.12,0.89,0.09003,320.9
71.0,5.9,3567,3578,SMART1 M09,SMART1 O12,2.33,43.01,45.5,2.49,0.11167,312.5
71.0,5.9,3568,3570,SMART1 M10,SMART1 M12,1.028,43.55,45.25,1.7,0.12911,298.7
71.0,5.9,3568,3571,SMART1 M10,SMART1 O02,2.624,43.55,48.39,4.84,0.15979,303.4
71.0,5.9,3568,3572,SMART1 M10,SMART1 O03,2.889,43.55,48.8,5.25,0.1406,300.0
71.0,5.9,3568,3573,SMART1 M10,SMART1 O04,2.897,43.55,48.05,4.5,0.11594,304.9
71.0,5.9,3568,3574,SMART1 M10,SMART1 O05,2.832,43.55,46.56,3.01,0.10904,303.8
71.0,5.9,3568,3575,SMART1 M10,SMART1 O06,2.555,43.55,44.35,0.8,0.1154,307.5
71.0,5.9,3568,3576,SMART1 M10,SMART1 O09,1.31,43.55,41.15,2.4,0.11353,325.4
71.0,5.9,3568,3577,SMART1 M10,SMART1 O10,1.099,43.55,42.12,1.43,0.11145,320.9
71.0,5.9,3568,3578,SMART1 M10,SMART1 O12,1.806,43.55,45.5,1.95,0.13309,312.5
71.0,5.9,3570,3571,SMART1 M12,SMART1 O02,1.718,45.25,48.39,3.14,0.16937,280.5
71.0,5.9,3570,3572,SMART1 M12,SMART1 O03,2.259,45.25,48.8,3.55,0.15019,277.1
71.0,5.9,3570,3573,SMART1 M12,SMART1 O04,2.607,45.25,48.05,2.8,0.12552,282.0
71.0,5.9,3570,3574,SMART1 M12,SMART1 O05,2.907,45.25,46.56,1.31,0.11863,280.9
71.0,5.9,3570,3575,SMART1 M12,SMART1 O06,3.017,45.25,44.35,0.9,0.12498,284.6
71.0,5.9,3570,3576,SMART1 M12,SMART1 O09,2.323,45.25,41.15,4.1,0.12312,302.4
71.0,5.9,3570,3577,SMART1 M12,SMART1 O10,1.741,45.25,42.12,3.13,0.12104,298.0
71.0,5.9,3570,3578,SMART1 M12,SMART1 O12,1.003,45.25,45.5,0.25,0.14267,289.6
71.0,5.9,3571,3572,SMART1 O02,SMART1 O03,1.052,48.39,48.8,0.41,0.18086,281.7
71.0,5.9,3571,3573,SMART1 O02,SMART1 O04,1.961,48.39,48.05,0.34,0.1562,286.7
71.0,5.9,3571,3574,SMART1 O02,SMART1 O05,2.797,48.39,46.56,1.83,0.1493,285.6
71.0,5.9,3571,3575,SMART1 O02,SMART1 O06,3.482,48.39,44.35,4.04,0.15565,289.3
71.0,5.9,3571,3576,SMART1 O02,SMART1 O09,3.922,48.39,41.15,7.24,0.15379,307.1
71.0,5.9,3571,3577,SMART1 O02,SMART1 O10,3.459,48.39,42.12,6.27,0.15171,302.6
71.0,5.9,3571,3578,SMART1 O02,SMART1 O12,1.988,48.39,45.5,2.89,0.17334,294.2
71.0,5.9,3572,3573,SMART1 O03,SMART1 O04,1.001,48.8,48.05,0.75,0.13701,283.3
71.0,5.9,3572,3574,SMART1 O03,SMART1 O05,1.968,48.8,46.56,2.24,0.13012,282.2
71.0,5.9,3572,3575,SMART1 O03,SMART1 O06,2.865,48.8,44.35,4.45,0.13647,285.9
71.0,5.9,3572,3576,SMART1 O03,SMART1 O09,4.071,48.8,41.15,7.65,0.13461,303.7
71.0,5.9,3572,3577,SMART1 O03,SMART1 O10,3.903,48.8,42.12,6.68,0.13253,299.2
71.0,5.9,3572,3578,SMART1 O03,SMART1 O12,2.85,48.8,45.5,3.3,0.15416,290.8
71.0,5.9,3573,3574,SMART1 O04,SMART1 O05,1.012,48.05,46.56,1.49,0.10545,287.1
71.0,5.9,3573,3575,SMART1 O04,SMART1 O06,2.033,48.05,44.35,3.7,0.11181,290.9
71.0,5.9,3573,3576,SMART1 O04,SMART1 O09,3.863,48.05,41.15,6.9,0.10994,308.7
71.0,5.9,3573,3577,SMART1 O04,SMART1 O10,3.991,48.05,42.12,5.93,0.10786,304.2
71.0,5.9,3573,3578,SMART1 O04,SMART1 O12,3.425,48.05,45.5,2.55,0.12949,295.8
71.0,5.9,3574,3575,SMART1 O05,SMART1 O06,1.104,46.56,44.35,2.21,0.10491,289.7
71.0,5.9,3574,3576,SMART1 O05,SMART1 O09,3.488,46.56,41.15,5.41,0.10304,307.6
71.0,5.9,3574,3577,SMART1 O05,SMART1 O10,3.909,46.56,42.12,4.44,0.10096,303.1
71.0,5.9,3574,3578,SMART1 O05,SMART1 O12,3.86,46.56,45.5,1.06,0.1226,294.7
71.0,5.9,3575,3576,SMART1 O06,SMART1 O09,2.793,44.35,41.15,3.2,0.1094,311.3
71.0,5.9,3575,3577,SMART1 O06,SMART1 O10,3.5,44.35,42.12,2.23,0.10732,306.8
71.0,5.9,3575,3578,SMART1 O06,SMART1 O12,4.02,44.35,45.5,1.15,0.12895,298.4
71.0,5.9,3576,3577,SMART1 O09,SMART1 O10,1.169,41.15,42.12,0.97,0.10545,324.6
71.0,5.9,3576,3578,SMART1 O09,SMART1 O12,2.935,41.15,45.5,4.35,0.12709,316.2
71.0,5.9,3577,3578,SMART1 O10,SMART1 O12,1.996,42.12,45.5,3.38,0.12501,311.7
76.0,6.36,324,325,Parkfield - Cholame 1E,Parkfield - Cholame 2E,1.852,39.87,38.09,1.78,0.06088,424.7
76.0,6.36,324,326,Parkfield - Cholame 1E,Parkfield - Cholame 2WA,1.617,39.87,41.14,1.27,0.10104,249.8
76.0,6.36,324,327,Parkfield - Cholame 1E,Parkfield - Cholame 3E,4.042,39.87,36.7,3.17,0.06867,362.0
76.0,6.36,324,328,Parkfield - Cholame 1E,Parkfield - Cholame 3W,2.611,39.87,41.54,1.67,0.09219,278.6
76.0,6.36,324,330,Parkfield - Cholame 1E,Parkfield - Cholame 4W,3.697,39.87,42.46,2.59,0.11306,368.5
76.0,6.36,324,334,Parkfield - Cholame 1E,Parkfield - Fault Zone 1,3.18,39.87,42.71,2.84,0.10704,252.5
76.0,6.36,325,326,Parkfield - Cholame 2E,Parkfield - Cholame 2WA,3.44,38.09,41.14,3.05,0.07013,347.9
76.0,6.36,325,327,Parkfield - Cholame 2E,Parkfield - Cholame 3E,2.374,38.09,36.7,1.39,0.03776,460.1
76.0,6.36,325,328,Parkfield - Cholame 2E,Parkfield - Cholame 3W,4.358,38.09,41.54,3.45,0.06128,376.7
76.0,6.36,325,334,Parkfield - Cholame 2E,Parkfield - Fault Zone 1,4.401,38.09,42.71,4.62,0.07613,350.5
76.0,6.36,326,328,Parkfield - Cholame 2WA,Parkfield - Cholame 3W,1.064,41.14,41.54,0.4,0.10144,201.8
76.0,6.36,326,329,Parkfield - Cholame 2WA,Parkfield - Cholame 4AW,3.724,41.14,43.53,2.39,0.08661,228.2
76.0,6.36,326,330,Parkfield - Cholame 2WA,Parkfield - Cholame 4W,2.093,41.14,42.46,1.32,0.12231,291.7
76.0,6.36,326,334,Parkfield - Cholame 2WA,Parkfield - Fault Zone 1,3.175,41.14,42.71,1.57,0.11629,175.6
76.0,6.36,328,329,Parkfield - Cholame 3W,Parkfield - Cholame 4AW,2.742,41.54,43.53,1.99,0.07776,257.0
76.0,6.36,328,330,Parkfield - Cholame 3W,Parkfield - Cholame 4W,1.123,41.54,42.46,0.92,0.11346,320.5
76.0,6.36,328,331,Parkfield - Cholame 3W,Parkfield - Cholame 5W,4.294,41.54,44.56,3.02,0.11458,233.6
76.0,6.36,328,334,Parkfield - Cholame 3W,Parkfield - Fault Zone 1,3.959,41.54,42.71,1.17,0.10744,204.4
76.0,6.36,329,330,Parkfield - Cholame 4AW,Parkfield - Cholame 4W,1.634,43.53,42.46,1.07,0.09863,346.9
76.0,6.36,329,331,Parkfield - Cholame 4AW,Parkfield - Cholame 5W,1.553,43.53,44.56,1.03,0.09975,260.0
76.0,6.36,329,332,Parkfield - Cholame 4AW,Parkfield - Cholame 6W,3.472,43.53,45.71,2.18,0.0922,267.5
76.0,6.36,330,331,Parkfield - Cholame 4W,Parkfield - Cholame 5W,3.186,42.46,44.56,2.1,0.13545,323.5
76.0,6.36,330,334,Parkfield - Cholame 4W,Parkfield - Fault Zone 1,4.456,42.46,42.71,0.25,0.12831,294.3
76.0,6.36,331,332,Parkfield - Cholame 5W,Parkfield - Cholame 6W,1.92,44.56,45.71,1.15,0.12903,244.1
76.0,6.36,331,333,Parkfield - Cholame 5W,Parkfield - Cholame 8W,4.025,44.56,47.05,2.49,0.11762,246.7
76.0,6.36,332,333,Parkfield - Cholame 6W,Parkfield - Cholame 8W,2.109,45.71,47.05,1.34,0.11006,254.2
76.0,6.36,334,341,Parkfield - Fault Zone 1,Parkfield - Fault Zone 2,4.041,42.71,45.5,2.79,0.12123,236.3
76.0,6.36,335,336,Parkfield - Fault Zone 10,Parkfield - Fault Zone 11,3.435,57.11,54.94,2.17,0.09103,457.2
76.0,6.36,335,337,Parkfield - Fault Zone 10,Parkfield - Fault Zone 12,3.162,57.11,59.61,2.5,0.10649,319.0
76.0,6.36,335,343,Parkfield - Fault Zone 10,Parkfield - Fault Zone 4,4.685,57.11,52.85,4.26,0.09731,296.7
76.0,6.36,335,344,Parkfield - Fault Zone 10,Parkfield - Fault Zone 6,1.457,57.11,56.41,0.7,0.07854,319.7
76.0,6.36,335,345,Parkfield - Fault Zone 10,Parkfield - Fault Zone 7,1.626,57.11,54.88,2.23,0.10955,335.1
76.0,6.36,335,346,Parkfield - Fault Zone 10,Parkfield - Fault Zone 8,3.754,57.11,52.21,4.9,0.11084,340.8
76.0,6.36,335,347,Parkfield - Fault Zone 10,Parkfield - Fault Zone 9,2.214,57.11,60.17,3.06,0.07574,372.5
76.0,6.36,336,337,Parkfield - Fault Zone 11,Parkfield - Fault Zone 12,3.17,54.94,59.61,4.67,0.0969,403.5
76.0,6.36,336,344,Parkfield - Fault Zone 11,Parkfield - Fault Zone 6,4.567,54.94,56.41,1.47,0.06895,404.2
76.0,6.36,336,345,Parkfield - Fault Zone 11,Parkfield - Fault Zone 7,2.832,54.94,54.88,0.06,0.09997,419.6
76.0,6.36,336,346,Parkfield - Fault Zone 11,Parkfield - Fault Zone 8,2.52,54.94,52.21,2.73,0.10126,425.3
76.0,6.36,336,347,Parkfield - Fault Zone 11,Parkfield - Fault Zone 9,4.637,54.94,60.17,5.23,0.06615,457.0
76.0,6.36,337,338,Parkfield - Fault Zone 12,Parkfield - Fault Zone 14,2.464,59.61,63.25,3.64,0.1858,255.6
76.0,6.36,337,339,Parkfield - Fault Zone 12,Parkfield - Fault Zone 15,4.967,59.61,66.94,7.33,0.13731,286.4
76.0,6.36,337,340,Parkfield - Fault Zone 12,Parkfield - Fault Zone 16,3.74,59.61,64.13,4.52,0.13805,324.7
76.0,6.36,337,344,Parkfield - Fault Zone 12,Parkfield - Fault Zone 6,4.599,59.61,56.41,3.2,0.08441,265.9
76.0,6.36,337,345,Parkfield - Fault Zone 12,Parkfield - Fault Zone 7,4.064,59.61,54.88,4.73,0.11542,281.3
76.0,6.36,337,347,Parkfield - Fault Zone 12,Parkfield - Fault Zone 9,2.473,59.61,60.17,0.56,0.08161,318.7
76.0,6.36,338,339,Parkfield - Fault Zone 14,Parkfield - Fault Zone 15,2.526,63.25,66.94,3.69,0.21075,276.8
76.0,6.36,338,340,Parkfield - Fault Zone 14,Parkfield - Fault Zone 16,2.12,63.25,64.13,0.88,0.21148,315.2
76.0,6.36,338,347,Parkfield - Fault Zone 14,Parkfield - Fault Zone 9,3.431,63.25,60.17,3.08,0.15504,309.2
76.0,6.36,338,360,Parkfield - Fault Zone 14,Parkfield - Vineyard Cany 1W,4.549,63.25,69.87,6.62,0.17415,265.1
76.0,6.36,339,340,Parkfield - Fault Zone 15,Parkfield - Fault Zone 16,2.348,66.94,64.13,2.81,0.163,345.9
76.0,6.36,339,359,Parkfield - Fault Zone 15,Parkfield - Vineyard Cany 1E,4.003,66.94,69.64,2.7,0.17022,344.4
76.0,6.36,339,360,Parkfield - Fault Zone 15,Parkfield - Vineyard Cany 1W,2.041,66.94,69.87,2.93,0.12567,295.9
76.0,6.36,339,362,Parkfield - Fault Zone 15,Parkfield - Vineyard Cany 2W,2.608,66.94,70.78,3.84,0.12189,373.2
76.0,6.36,339,363,Parkfield - Fault Zone 15,Parkfield - Vineyard Cany 3W,4.774,66.94,73.27,6.33,0.14153,308.2
76.0,6.36,340,359,Parkfield - Fault Zone 16,Parkfield - Vineyard Cany 1E,4.024,64.13,69.64,5.51,0.17095,382.8
76.0,6.36,340,360,Parkfield - Fault Zone 16,Parkfield - Vineyard Cany 1W,3.773,64.13,69.87,5.74,0.1264,334.2
76.0,6.36,340,362,Parkfield - Fault Zone 16,Parkfield - Vineyard Cany 2W,4.772,64.13,70.78,6.65,0.12262,411.5
76.0,6.36,341,342,Parkfield - Fault Zone 2,Parkfield - Fault Zone 3,1.779,45.5,45.59,0.09,0.13791,253.0
76.0,6.36,342,348,Parkfield - Fault Zone 3,Parkfield - Gold Hill 1W,4.304,45.59,50.57,4.98,0.12487,213.1
76.0,6.36,342,349,Parkfield - Fault Zone 3,Parkfield - Gold Hill 2E,4.623,45.59,47.52,1.93,0.11878,286.3
76.0,6.36,342,356,Parkfield - Fault Zone 3,Parkfield - Stone Corral 2E,4.753,45.59,39.93,5.66,0.1149,389.0
76.0,6.36,343,344,Parkfield - Fault Zone 4,Parkfield - Fault Zone 6,3.409,52.85,56.41,3.56,0.07522,243.7
76.0,6.36,343,345,Parkfield - Fault Zone 4,Parkfield - Fault Zone 7,3.975,52.85,54.88,2.03,0.10624,259.1
76.0,6.36,343,346,Parkfield - Fault Zone 4,Parkfield - Fault Zone 8,4.838,52.85,52.21,0.64,0.10753,264.8
76.0,6.36,343,348,Parkfield - Fault Zone 4,Parkfield - Gold Hill 1W,2.521,52.85,50.57,2.28,0.09404,217.6
76.0,6.36,343,349,Parkfield - Fault Zone 4,Parkfield - Gold Hill 2E,4.308,52.85,47.52,5.33,0.08795,290.8
76.0,6.36,343,350,Parkfield - Fault Zone 4,Parkfield - Gold Hill 2W,2.693,52.85,51.87,0.98,0.08751,255.6
76.0,6.36,343,352,Parkfield - Fault Zone 4,Parkfield - Gold Hill 3W,4.676,52.85,53.62,0.77,0.11339,365.8
76.0,6.36,344,345,Parkfield - Fault Zone 6,Parkfield - Fault Zone 7,1.964,56.41,54.88,1.53,0.08747,282.1
76.0,6.36,344,346,Parkfield - Fault Zone 6,Parkfield - Fault Zone 8,4.1,56.41,52.21,4.2,0.08876,287.7
76.0,6.36,344,347,Parkfield - Fault Zone 6,Parkfield - Fault Zone 9,3.165,56.41,60.17,3.76,0.05366,319.5
76.0,6.36,345,346,Parkfield - Fault Zone 7,Parkfield - Fault Zone 8,2.214,54.88,52.21,2.67,0.11978,303.1
76.0,6.36,345,347,Parkfield - Fault Zone 7,Parkfield - Fault Zone 9,3.8,54.88,60.17,5.29,0.08467,334.9
76.0,6.36,346,349,Parkfield - Fault Zone 8,Parkfield - Gold Hill 2E,4.898,52.21,47.52,4.69,0.10149,334.9
76.0,6.36,346,351,Parkfield - Fault Zone 8,Parkfield - Gold Hill 3E,4.327,52.21,46.07,6.14,0.1055,379.7
76.0,6.36,348,349,Parkfield - Gold Hill 1W,Parkfield - Gold Hill 2E,3.878,50.57,47.52,3.05,0.088,287.7
76.0,6.36,348,350,Parkfield - Gold Hill 1W,Parkfield - Gold Hill 2W,1.349,50.57,51.87,1.3,0.08755,252.5
76.0,6.36,348,352,Parkfield - Gold Hill 1W,Parkfield - Gold Hill 3W,3.852,50.57,53.62,3.05,0.11343,362.7
76.0,6.36,349,351,Parkfield - Gold Hill 2E,Parkfield - Gold Hill 3E,3.257,47.52,46.07,1.45,0.08592,405.8
76.0,6.36,350,352,Parkfield - Gold Hill 2W,Parkfield - Gold Hill 3W,2.533,51.87,53.62,1.75,0.1069,400.7
76.0,6.36,352,353,Parkfield - Gold Hill 3W,Parkfield - Gold Hill 4W,3.218,53.62,56.64,3.02,0.10373,466.1
76.0,6.36,353,354,Parkfield - Gold Hill 4W,Parkfield - Gold Hill 5W,3.412,56.64,59.32,2.68,0.06877,431.3
76.0,6.36,354,355,Parkfield - Gold Hill 5W,Parkfield - Gold Hill 6W,4.471,59.32,60.91,1.59,0.06298,336.9
76.0,6.36,356,357,Parkfield - Stone Corral 2E,Parkfield - Stone Corral 3E,2.777,39.93,38.36,1.57,0.0981,565.7
76.0,6.36,357,358,Parkfield - Stone Corral 3E,Parkfield - Stone Corral 4E,2.64,38.36,39.44,1.08,0.09322,528.8
76.0,6.36,359,360,Parkfield - Vineyard Cany 1E,Parkfield - Vineyard Cany 1W,2.935,69.64,69.87,0.23,0.13362,332.7
76.0,6.36,359,362,Parkfield - Vineyard Cany 1E,Parkfield - Vineyard Cany 2W,4.181,69.64,70.78,1.14,0.12984,410.0
76.0,6.36,360,362,Parkfield - Vineyard Cany 1W,Parkfield - Vineyard Cany 2W,1.332,69.87,70.78,0.91,0.0853,361.5
76.0,6.36,360,363,Parkfield - Vineyard Cany 1W,Parkfield - Vineyard Cany 3W,3.589,69.87,73.27,3.4,0.10493,296.5
76.0,6.36,362,363,Parkfield - Vineyard Cany 2W,Parkfield - Vineyard Cany 3W,2.319,70.78,73.27,2.49,0.10115,373.8
76.0,6.36,362,364,Parkfield - Vineyard Cany 2W,Parkfield - Vineyard Cany 4W,4.429,70.78,73.67,2.89,0.06605,412.5
76.0,6.36,363,364,Parkfield - Vineyard Cany 3W,Parkfield - Vineyard Cany 4W,2.377,73.27,73.67,0.4,0.08569,347.5
76.0,6.36,367,368,Pleasant Valley P.P. - bldg,Pleasant Valley P.P. - yard,0.0,76.24,76.24,0.0,0.40753,257.4
77.0,5.09,371,372,Anticline Ridge - Palmer Ave,Anticline Ridge Free-Field,3.585,51.69,71.33,19.64,0.39393,470.9
77.0,5.09,371,373,Anticline Ridge - Palmer Ave,Anticline Ridge Pad,3.585,51.69,71.33,19.64,0.35651,470.9
77.0,5.09,371,377,Anticline Ridge - Palmer Ave,LLN (temp),3.769,51.69,4.49,47.2,0.17008,474.9
77.0,5.09,371,381,Anticline Ridge - Palmer Ave,Oil Fields Fire Station,4.193,51.69,41.24,10.45,0.22268,468.7
77.0,5.09,371,382,Anticline Ridge - Palmer Ave,Palmer Ave,1.172,51.69,35.35,16.34,0.23127,460.6
77.0,5.09,371,388,Anticline Ridge - Palmer Ave,TRA (temp),4.939,51.69,49.77,1.92,0.17274,354.9
77.0,5.09,371,389,Anticline Ridge - Palmer Ave,VEW (temp),0.723,51.69,61.82,10.13,0.17789,459.7
77.0,5.09,372,373,Anticline Ridge Free-Field,Anticline Ridge Pad,0.0,71.33,71.33,0.0,0.5203,478.6
77.0,5.09,372,379,Anticline Ridge Free-Field,Oil City,2.462,71.33,65.02,6.31,0.42258,438.6
77.0,5.09,372,381,Anticline Ridge Free-Field,Oil Fields Fire Station,2.308,71.33,41.24,30.09,0.38647,476.4
77.0,5.09,372,382,Anticline Ridge Free-Field,Palmer Ave,4.544,71.33,35.35,35.98,0.39506,468.4
77.0,5.09,372,384,Anticline Ridge Free-Field,SGT (temp),4.325,71.33,53.95,17.38,0.3891,479.9
77.0,5.09,372,389,Anticline Ridge Free-Field,VEW (temp),3.052,71.33,61.82,9.51,0.34168,467.4
77.0,5.09,373,379,Anticline Ridge Pad,Oil City,2.462,71.33,65.02,6.31,0.38516,438.6
77.0,5.09,373,381,Anticline Ridge Pad,Oil Fields Fire Station,2.308,71.33,41.24,30.09,0.34905,476.4
77.0,5.09,373,382,Anticline Ridge Pad,Palmer Ave,4.544,71.33,35.35,35.98,0.35764,468.4
77.0,5.09,373,384,Anticline Ridge Pad,SGT (temp),4.325,71.33,53.95,17.38,0.35168,479.9
77.0,5.09,373,389,Anticline Ridge Pad,VEW (temp),3.052,71.33,61.82,9.51,0.30426,467.4
77.0,5.09,374,375,Burnett Construction,Coalinga-14th & Elm (Old CHP),1.489,67.48,68.68,1.2,0.10399,319.3
77.0,5.09,374,387,Burnett Construction,Sulphur Baths (temp),4.059,67.48,76.38,8.9,0.04538,484.8
77.0,5.09,375,388,Coalinga-14th & Elm (Old CHP),TRA (temp),4.275,68.68,49.77,18.91,0.11956,266.5
77.0,5.09,376,383,Harris Ranch - Hdqtrs (temp),Pleasant Valley P.P. - yard,4.887,78.59,77.04,1.55,0.13798,265.8
77.0,5.09,377,382,LLN (temp),Palmer Ave,2.61,4.49,35.35,30.86,0.17121,472.4
77.0,5.09,377,389,LLN (temp),VEW (temp),4.486,4.49,61.82,57.33,0.11783,471.4
77.0,5.09,379,381,Oil City,Oil Fields Fire Station,4.585,65.02,41.24,23.78,0.25133,436.3
77.0,5.09,379,384,Oil City,SGT (temp),2.069,65.02,53.95,11.07,0.25397,439.8
77.0,5.09,379,389,Oil City,VEW (temp),4.677,65.02,61.82,3.2,0.20654,427.3
77.0,5.09,380,381,Oil Fields - Skunk Hollow,Oil Fields Fire Station,3.975,36.37,41.24,4.87,0.26926,475.6
77.0,5.09,380,386,Oil Fields - Skunk Hollow,Skunk Hollow,0.784,36.37,33.01,3.36,0.22728,478.7
77.0,5.09,381,382,Oil Fields Fire Station,Palmer Ave,4.663,41.24,35.35,5.89,0.22381,466.1
77.0,5.09,381,386,Oil Fields Fire Station,Skunk Hollow,3.195,41.24,33.01,8.23,0.17324,477.2
77.0,5.09,381,389,Oil Fields Fire Station,VEW (temp),4.026,41.24,61.82,20.58,0.17043,465.1
77.0,5.09,382,389,Palmer Ave,VEW (temp),1.895,35.35,61.82,26.47,0.17902,457.1
77.0,5.09,383,385,Pleasant Valley P.P. - yard,SUB (temp),0.188,77.04,76.19,0.85,0.16158,263.9
78.0,5.38,391,392,Burnett Construction,Coalinga-14th & Elm (Old CHP),1.489,49.5,53.75,4.25,0.1201,319.3
78.0,5.38,391,393,Burnett Construction,Sulphur Baths (temp),4.059,49.5,34.61,14.89,0.11238,484.8
79.0,5.18,394,395,Anticline Ridge Free-Field,Anticline Ridge Pad,0.0,89.6,89.6,0.0,0.31354,478.6
79.0,5.18,394,398,Anticline Ridge Free-Field,Oil City,2.462,89.6,73.72,15.88,0.34226,438.6
79.0,5.18,394,399,Anticline Ridge Free-Field,Oil Fields Fire Station - FF,2.308,89.6,75.28,14.32,0.20127,476.4
79.0,5.18,394,400,Anticline Ridge Free-Field,Oil Fields Fire Station - Pad,2.308,89.6,75.28,14.32,0.20652,476.4
79.0,5.18,394,401,Anticline Ridge Free-Field,Palmer Ave,4.544,89.6,82.29,7.31,0.23411,468.4
79.0,5.18,394,404,Anticline Ridge Free-Field,Transmitter Hill,1.992,89.6,74.47,15.13,0.24754,477.9
79.0,5.18,395,398,Anticline Ridge Pad,Oil City,2.462,89.6,73.72,15.88,0.34504,438.6
79.0,5.18,395,399,Anticline Ridge Pad,Oil Fields Fire Station - FF,2.308,89.6,75.28,14.32,0.20405,476.4
79.0,5.18,395,400,Anticline Ridge Pad,Oil Fields Fire Station - Pad,2.308,89.6,75.28,14.32,0.2093,476.4
79.0,5.18,395,401,Anticline Ridge Pad,Palmer Ave,4.544,89.6,82.29,7.31,0.23689,468.4
79.0,5.18,395,404,Anticline Ridge Pad,Transmitter Hill,1.992,89.6,74.47,15.13,0.25033,477.9
79.0,5.18,396,397,Burnett Construction,Coalinga-14th & Elm (Old CHP),1.489,35.08,38.78,3.7,0.14925,319.3
79.0,5.18,396,403,Burnett Construction,Sulphur Baths (temp),4.059,35.08,19.07,16.01,0.09403,484.8
79.0,5.18,398,399,Oil City,Oil Fields Fire Station - FF,4.585,73.72,75.28,1.56,0.23278,436.3
79.0,5.18,398,400,Oil City,Oil Fields Fire Station - Pad,4.585,73.72,75.28,1.56,0.23803,436.3
79.0,5.18,398,404,Oil City,Transmitter Hill,2.696,73.72,74.47,0.75,0.27905,437.9
79.0,5.18,399,400,Oil Fields Fire Station - FF,Oil Fields Fire Station - Pad,0.0,75.28,75.28,0.0,0.09704,474.1
79.0,5.18,399,401,Oil Fields Fire Station - FF,Palmer Ave,4.663,75.28,82.29,7.01,0.12462,466.1
79.0,5.18,399,402,Oil Fields Fire Station - FF,Skunk Hollow,3.195,75.28,54.4,20.88,0.11754,477.2
79.0,5.18,399,404,Oil Fields Fire Station - FF,Transmitter Hill,2.61,75.28,74.47,0.81,0.13806,475.7
79.0,5.18,400,401,Oil Fields Fire Station - Pad,Palmer Ave,4.663,75.28,82.29,7.01,0.12987,466.1
79.0,5.18,400,402,Oil Fields Fire Station - Pad,Skunk Hollow,3.195,75.28,54.4,20.88,0.1228,477.2
79.0,5.18,400,404,Oil Fields Fire Station - Pad,Transmitter Hill,2.61,75.28,74.47,0.81,0.14331,475.7
79.0,5.18,402,404,Skunk Hollow,Transmitter Hill,4.4,54.4,74.47,20.07,0.16381,478.8
80.0,5.77,405,406,Burnett Construction,Coalinga-14th & Elm (Old CHP),1.489,17.18,21.67,4.49,0.35464,319.3
80.0,5.77,405,414,Burnett Construction,Sulphur Baths (temp),4.059,17.18,0.39,16.79,0.20066,484.8
80.0,5.77,407,408,Oil City,Oil Fields Fire Station - FF,4.585,68.12,89.5,21.38,0.4392,436.3
80.0,5.77,407,409,Oil City,Oil Fields Fire Station - Pad,4.585,68.12,89.5,21.38,0.44883,436.3
80.0,5.77,407,415,Oil City,Transmitter Hill,2.696,68.12,86.44,18.32,0.76533,437.9
80.0,5.77,408,409,Oil Fields Fire Station - FF,Oil Fields Fire Station - Pad,0.0,89.5,89.5,0.0,0.20199,474.1
80.0,5.77,408,410,Oil Fields Fire Station - FF,Palmer Ave,4.663,89.5,66.3,23.2,0.24354,466.1
80.0,5.77,408,413,Oil Fields Fire Station - FF,Skunk Hollow,3.195,89.5,72.71,16.79,0.25039,477.2
80.0,5.77,408,415,Oil Fields Fire Station - FF,Transmitter Hill,2.61,89.5,86.44,3.06,0.51849,475.7
80.0,5.77,409,410,Oil Fields Fire Station - Pad,Palmer Ave,4.663,89.5,66.3,23.2,0.25318,466.1
80.0,5.77,409,413,Oil Fields Fire Station - Pad,Skunk Hollow,3.195,89.5,72.71,16.79,0.26003,477.2
80.0,5.77,409,415,Oil Fields Fire Station - Pad,Transmitter Hill,2.61,89.5,86.44,3.06,0.52813,475.7
80.0,5.77,411,412,Pleasant Valley P.P. - FF,Pleasant Valley P.P. - yard,0.0,67.51,67.51,0.0,0.37737,257.4
80.0,5.77,413,415,Skunk Hollow,Transmitter Hill,4.4,72.71,86.44,13.73,0.57653,478.8
84.0,5.7,421,422,"Rio Dell Overpass, E Ground","Rio Dell Overpass, W Ground",0.0,63.02,63.02,0.0,0.14086,311.8
86.0,6.5,425,426,SMART1 C00,SMART1 E01,2.791,72.73,71.79,0.94,0.02762,308.9
86.0,6.5,425,427,SMART1 C00,SMART1 E02,4.928,72.73,70.88,1.85,0.0235,490.5
86.0,6.5,425,428,SMART1 C00,SMART1 I01,0.193,72.73,72.81,0.08,0.03065,292.6
86.0,6.5,425,429,SMART1 C00,SMART1 I07,0.204,72.73,72.65,0.08,0.02841,309.4
86.0,6.5,425,430,SMART1 C00,SMART1 M01,0.956,72.73,73.13,0.4,0.02988,288.9
86.0,6.5,425,431,SMART1 C00,SMART1 M06,1.017,72.73,72.56,0.17,0.02707,308.9
86.0,6.5,425,432,SMART1 C00,SMART1 O01,2.086,72.73,73.58,0.85,0.02818,288.5
86.0,6.5,425,433,SMART1 C00,SMART1 O07,1.984,72.73,71.96,0.77,0.02621,311.9
86.0,6.5,425,3579,SMART1 C00,SMART1 I02,0.202,72.73,72.85,0.12,0.02941,309.4
86.0,6.5,425,3580,SMART1 C00,SMART1 I03,0.222,72.73,72.85,0.12,0.02813,312.1
86.0,6.5,425,3581,SMART1 C00,SMART1 I04,0.227,72.73,72.82,0.09,0.02853,312.1
86.0,6.5,425,3582,SMART1 C00,SMART1 I06,0.199,72.73,72.7,0.03,0.02928,309.4
86.0,6.5,425,3583,SMART1 C00,SMART1 I08,0.176,72.73,72.64,0.09,0.02969,309.4
86.0,6.5,425,3584,SMART1 C00,SMART1 I10,0.175,72.73,72.66,0.07,0.02763,309.4
86.0,6.5,425,3585,SMART1 C00,SMART1 I11,0.172,72.73,72.71,0.02,0.02697,309.4
86.0,6.5,425,3586,SMART1 C00,SMART1 I12,0.196,72.73,72.77,0.04,0.02917,292.6
86.0,6.5,425,3587,SMART1 C00,SMART1 M02,1.117,72.73,73.35,0.62,0.03041,308.1
86.0,6.5,425,3588,SMART1 C00,SMART1 M03,0.963,72.73,73.27,0.54,0.02891,308.1
86.0,6.5,425,3589,SMART1 C00,SMART1 M04,1.025,72.73,73.14,0.41,0.02795,307.9
86.0,6.5,425,3590,SMART1 C00,SMART1 M05,0.974,72.73,72.89,0.16,0.0269,307.9
86.0,6.5,425,3591,SMART1 C00,SMART1 M08,0.976,72.73,72.19,0.54,0.02713,305.2
86.0,6.5,425,3592,SMART1 C00,SMART1 M09,1.017,72.73,72.16,0.57,0.02896,315.5
86.0,6.5,425,3593,SMART1 C00,SMART1 M10,0.899,72.73,72.35,0.38,0.02606,315.5
86.0,6.5,425,3594,SMART1 C00,SMART1 M11,0.987,72.73,72.61,0.12,0.02722,304.8
86.0,6.5,425,3595,SMART1 C00,SMART1 M12,0.994,72.73,72.91,0.18,0.02693,292.6
86.0,6.5,425,3596,SMART1 C00,SMART1 O02,2.012,72.73,73.86,1.13,0.02941,297.2
86.0,6.5,425,3597,SMART1 C00,SMART1 O03,2.053,72.73,73.87,1.14,0.0312,293.9
86.0,6.5,425,3598,SMART1 C00,SMART1 O04,1.999,72.73,73.55,0.82,0.02856,298.8
86.0,6.5,425,3599,SMART1 C00,SMART1 O05,2.028,72.73,73.05,0.32,0.02648,297.7
86.0,6.5,425,3600,SMART1 C00,SMART1 O08,2.058,72.73,71.58,1.15,0.02895,333.4
86.0,6.5,425,3601,SMART1 C00,SMART1 O09,2.019,72.73,71.6,1.13,0.02396,319.2
86.0,6.5,425,3602,SMART1 C00,SMART1 O10,1.993,72.73,71.96,0.77,0.02556,314.8
86.0,6.5,425,3603,SMART1 C00,SMART1 O11,1.929,72.73,72.49,0.24,0.02906,302.3
86.0,6.5,425,3604,SMART1 C00,SMART1 O12,1.997,72.73,73.08,0.35,0.02531,306.4
86.0,6.5,426,427,SMART1 E01,SMART1 E02,2.151,71.79,70.88,0.91,0.02395,490.0
86.0,6.5,426,428,SMART1 E01,SMART1 I01,2.981,71.79,72.81,1.02,0.03111,292.1
86.0,6.5,426,429,SMART1 E01,SMART1 I07,2.591,71.79,72.65,0.86,0.02886,308.9
86.0,6.5,426,430,SMART1 E01,SMART1 M01,3.732,71.79,73.13,1.34,0.03034,288.4
86.0,6.5,426,431,SMART1 E01,SMART1 M06,1.854,71.79,72.56,0.77,0.02752,308.4
86.0,6.5,426,432,SMART1 E01,SMART1 O01,4.856,71.79,73.58,1.79,0.02863,288.0
86.0,6.5,426,433,SMART1 E01,SMART1 O07,0.855,71.79,71.96,0.17,0.02666,311.4
86.0,6.5,426,3579,SMART1 E01,SMART1 I02,2.929,71.79,72.85,1.06,0.02987,308.9
86.0,6.5,426,3580,SMART1 E01,SMART1 I03,2.867,71.79,72.85,1.06,0.02858,311.6
86.0,6.5,426,3581,SMART1 E01,SMART1 I04,2.757,71.79,72.82,1.03,0.02898,311.6
86.0,6.5,426,3582,SMART1 E01,SMART1 I06,2.603,71.79,72.7,0.91,0.02974,308.9
86.0,6.5,426,3583,SMART1 E01,SMART1 I08,2.648,71.79,72.64,0.85,0.03014,308.9
86.0,6.5,426,3584,SMART1 E01,SMART1 I10,2.828,71.79,72.66,0.87,0.02808,308.9
86.0,6.5,426,3585,SMART1 E01,SMART1 I11,2.915,71.79,72.71,0.92,0.02742,308.9
86.0,6.5,426,3586,SMART1 E01,SMART1 I12,2.98,71.79,72.77,0.98,0.02962,292.1
86.0,6.5,426,3587,SMART1 E01,SMART1 M02,3.721,71.79,73.35,1.56,0.03086,307.6
86.0,6.5,426,3588,SMART1 E01,SMART1 M03,3.268,71.79,73.27,1.48,0.02936,307.6
86.0,6.5,426,3589,SMART1 E01,SMART1 M04,2.764,71.79,73.14,1.35,0.0284,307.4
86.0,6.5,426,3590,SMART1 E01,SMART1 M05,2.314,71.79,72.89,1.1,0.02735,307.4
86.0,6.5,426,3591,SMART1 E01,SMART1 M08,2.12,71.79,72.19,0.4,0.02759,304.7
86.0,6.5,426,3592,SMART1 E01,SMART1 M09,2.572,71.79,72.16,0.37,0.02942,315.0
86.0,6.5,426,3593,SMART1 E01,SMART1 M10,3.051,71.79,72.35,0.56,0.02651,315.0
86.0,6.5,426,3594,SMART1 E01,SMART1 M11,3.539,71.79,72.61,0.82,0.02767,304.3
86.0,6.5,426,3595,SMART1 E01,SMART1 M12,3.756,71.79,72.91,1.12,0.02738,292.1
86.0,6.5,426,3596,SMART1 E01,SMART1 O02,4.489,71.79,73.86,2.07,0.02986,296.7
86.0,6.5,426,3597,SMART1 E01,SMART1 O03,3.937,71.79,73.87,2.08,0.03165,293.4
86.0,6.5,426,3598,SMART1 E01,SMART1 O04,3.113,71.79,73.55,1.76,0.02902,298.3
86.0,6.5,426,3599,SMART1 E01,SMART1 O05,2.154,71.79,73.05,1.26,0.02694,297.2
86.0,6.5,426,3600,SMART1 E01,SMART1 O08,1.743,71.79,71.58,0.21,0.0294,332.9
86.0,6.5,426,3601,SMART1 E01,SMART1 O09,2.796,71.79,71.6,0.19,0.02442,318.7
86.0,6.5,426,3602,SMART1 E01,SMART1 O10,3.772,71.79,71.96,0.17,0.02602,314.2
86.0,6.5,426,3603,SMART1 E01,SMART1 O11,4.334,71.79,72.49,0.7,0.02951,301.8
86.0,6.5,426,3604,SMART1 E01,SMART1 O12,4.736,71.79,73.08,1.29,0.02576,305.9
86.0,6.5,427,429,SMART1 E02,SMART1 I07,4.726,70.88,72.65,1.77,0.02474,490.5
86.0,6.5,427,431,SMART1 E02,SMART1 M06,4.005,70.88,72.56,1.68,0.0234,490.0
86.0,6.5,427,433,SMART1 E02,SMART1 O07,2.949,70.88,71.96,1.08,0.02254,492.9
86.0,6.5,427,3581,SMART1 E02,SMART1 I04,4.905,70.88,72.82,1.94,0.02486,493.2
86.0,6.5,427,3582,SMART1 E02,SMART1 I06,4.745,70.88,72.7,1.82,0.02562,490.5
86.0,6.5,427,3583,SMART1 E02,SMART1 I08,4.777,70.88,72.64,1.76,0.02603,490.5
86.0,6.5,427,3584,SMART1 E02,SMART1 I10,4.952,70.88,72.66,1.78,0.02396,490.5
86.0,6.5,427,3589,SMART1 E02,SMART1 M04,4.887,70.88,73.14,2.26,0.02428,488.9
86.0,6.5,427,3590,SMART1 E02,SMART1 M05,4.447,70.88,72.89,2.01,0.02323,488.9
86.0,6.5,427,3591,SMART1 E02,SMART1 M08,4.166,70.88,72.19,1.31,0.02347,486.3
86.0,6.5,427,3592,SMART1 E02,SMART1 M09,4.562,70.88,72.16,1.28,0.0253,496.6
86.0,6.5,427,3599,SMART1 E02,SMART1 O05,4.078,70.88,73.05,2.17,0.02282,478.8
86.0,6.5,427,3600,SMART1 E02,SMART1 O08,3.442,70.88,71.58,0.7,0.02528,514.5
86.0,6.5,427,3601,SMART1 E02,SMART1 O09,4.472,70.88,71.6,0.72,0.0203,500.3
86.0,6.5,428,429,SMART1 I01,SMART1 I07,0.397,72.81,72.65,0.16,0.0319,292.6
86.0,6.5,428,430,SMART1 I01,SMART1 M01,0.762,72.81,73.13,0.32,0.03337,272.1
86.0,6.5,428,431,SMART1 I01,SMART1 M06,1.188,72.81,72.56,0.25,0.03055,292.1
86.0,6.5,428,432,SMART1 I01,SMART1 O01,1.892,72.81,73.58,0.77,0.03167,271.7
86.0,6.5,428,433,SMART1 I01,SMART1 O07,2.177,72.81,71.96,0.85,0.0297,295.1
86.0,6.5,428,3579,SMART1 I01,SMART1 I02,0.124,72.81,72.85,0.04,0.0329,292.6
86.0,6.5,428,3580,SMART1 I01,SMART1 I03,0.211,72.81,72.85,0.04,0.03162,295.4
86.0,6.5,428,3581,SMART1 I01,SMART1 I04,0.296,72.81,72.82,0.01,0.03202,295.4
86.0,6.5,428,3582,SMART1 I01,SMART1 I06,0.379,72.81,72.7,0.11,0.03277,292.6
86.0,6.5,428,3583,SMART1 I01,SMART1 I08,0.362,72.81,72.64,0.17,0.03318,292.6
86.0,6.5,428,3584,SMART1 I01,SMART1 I10,0.263,72.81,72.66,0.15,0.03112,292.6
86.0,6.5,428,3585,SMART1 I01,SMART1 I11,0.175,72.81,72.71,0.1,0.03046,292.6
86.0,6.5,428,3586,SMART1 I01,SMART1 I12,0.091,72.81,72.77,0.04,0.03265,275.8
86.0,6.5,428,3587,SMART1 I01,SMART1 M02,0.95,72.81,73.35,0.54,0.0339,291.3
86.0,6.5,428,3588,SMART1 I01,SMART1 M03,0.873,72.81,73.27,0.46,0.0324,291.3
86.0,6.5,428,3589,SMART1 I01,SMART1 M04,1.044,72.81,73.14,0.33,0.03143,291.1
86.0,6.5,428,3590,SMART1 I01,SMART1 M05,1.075,72.81,72.89,0.08,0.03039,291.1
86.0,6.5,428,3591,SMART1 I01,SMART1 M08,1.151,72.81,72.19,0.62,0.03062,288.4
86.0,6.5,428,3592,SMART1 I01,SMART1 M09,1.138,72.81,72.16,0.65,0.03245,298.7
86.0,6.5,428,3593,SMART1 I01,SMART1 M10,0.931,72.81,72.35,0.46,0.02955,298.7
86.0,6.5,428,3594,SMART1 I01,SMART1 M11,0.902,72.81,72.61,0.2,0.03071,288.0
86.0,6.5,428,3595,SMART1 I01,SMART1 M12,0.829,72.81,72.91,0.1,0.03041,275.8
86.0,6.5,428,3596,SMART1 I01,SMART1 O02,1.848,72.81,73.86,1.05,0.0329,280.5
86.0,6.5,428,3597,SMART1 I01,SMART1 O03,1.966,72.81,73.87,1.06,0.03468,277.1
86.0,6.5,428,3598,SMART1 I01,SMART1 O04,2.005,72.81,73.55,0.74,0.03205,282.0
86.0,6.5,428,3599,SMART1 I01,SMART1 O05,2.126,72.81,73.05,0.24,0.02997,280.9
86.0,6.5,428,3600,SMART1 I01,SMART1 O08,2.233,72.81,71.58,1.23,0.03243,316.6
86.0,6.5,428,3601,SMART1 I01,SMART1 O09,2.13,72.81,71.6,1.21,0.02745,302.4
86.0,6.5,428,3602,SMART1 I01,SMART1 O10,1.998,72.81,71.96,0.85,0.02905,298.0
86.0,6.5,428,3603,SMART1 I01,SMART1 O11,1.838,72.81,72.49,0.32,0.03254,285.5
86.0,6.5,428,3604,SMART1 I01,SMART1 O12,1.83,72.81,73.08,0.27,0.0288,289.6
86.0,6.5,429,430,SMART1 I07,SMART1 M01,1.16,72.65,73.13,0.48,0.03113,288.9
86.0,6.5,429,431,SMART1 I07,SMART1 M06,0.845,72.65,72.56,0.09,0.02831,308.9
86.0,6.5,429,432,SMART1 I07,SMART1 O01,2.29,72.65,73.58,0.93,0.02942,288.5
86.0,6.5,429,433,SMART1 I07,SMART1 O07,1.781,72.65,71.96,0.69,0.02745,311.9
86.0,6.5,429,3579,SMART1 I07,SMART1 I02,0.385,72.65,72.85,0.2,0.03066,309.4
86.0,6.5,429,3580,SMART1 I07,SMART1 I03,0.367,72.65,72.85,0.2,0.02937,312.1
86.0,6.5,429,3581,SMART1 I07,SMART1 I04,0.305,72.65,72.82,0.17,0.02977,312.1
86.0,6.5,429,3582,SMART1 I07,SMART1 I06,0.102,72.65,72.7,0.05,0.03053,309.4
86.0,6.5,429,3583,SMART1 I07,SMART1 I08,0.082,72.65,72.64,0.01,0.03094,309.4
86.0,6.5,429,3584,SMART1 I07,SMART1 I10,0.268,72.65,72.66,0.01,0.02887,309.4
86.0,6.5,429,3585,SMART1 I07,SMART1 I11,0.332,72.65,72.71,0.06,0.02822,309.4
86.0,6.5,429,3586,SMART1 I07,SMART1 I12,0.389,72.65,72.77,0.12,0.03041,292.6
86.0,6.5,429,3587,SMART1 I07,SMART1 M02,1.3,72.65,73.35,0.7,0.03165,308.1
86.0,6.5,429,3588,SMART1 I07,SMART1 M03,1.086,72.65,73.27,0.62,0.03016,308.1
86.0,6.5,429,3589,SMART1 I07,SMART1 M04,1.041,72.65,73.14,0.49,0.02919,307.9
86.0,6.5,429,3590,SMART1 I07,SMART1 M05,0.898,72.65,72.89,0.24,0.02815,307.9
86.0,6.5,429,3591,SMART1 I07,SMART1 M08,0.801,72.65,72.19,0.46,0.02838,305.2
86.0,6.5,429,3592,SMART1 I07,SMART1 M09,0.919,72.65,72.16,0.49,0.03021,315.5
86.0,6.5,429,3593,SMART1 I07,SMART1 M10,0.912,72.65,72.35,0.3,0.0273,315.5
86.0,6.5,429,3594,SMART1 I07,SMART1 M11,1.109,72.65,72.61,0.04,0.02846,304.8
86.0,6.5,429,3595,SMART1 I07,SMART1 M12,1.18,72.65,72.91,0.26,0.02817,292.6
86.0,6.5,429,3596,SMART1 I07,SMART1 O02,2.189,72.65,73.86,1.21,0.03065,297.2
86.0,6.5,429,3597,SMART1 I07,SMART1 O03,2.159,72.65,73.87,1.22,0.03244,293.9
86.0,6.5,429,3598,SMART1 I07,SMART1 O04,2.01,72.65,73.55,0.9,0.02981,298.8
86.0,6.5,429,3599,SMART1 I07,SMART1 O05,1.937,72.65,73.05,0.4,0.02773,297.7
86.0,6.5,429,3600,SMART1 I07,SMART1 O08,1.88,72.65,71.58,1.07,0.03019,333.4
86.0,6.5,429,3601,SMART1 I07,SMART1 O09,1.919,72.65,71.6,1.05,0.02521,319.2
86.0,6.5,429,3602,SMART1 I07,SMART1 O10,2.01,72.65,71.96,0.69,0.02681,314.8
86.0,6.5,429,3603,SMART1 I07,SMART1 O11,2.043,72.65,72.49,0.16,0.0303,302.3
86.0,6.5,429,3604,SMART1 I07,SMART1 O12,2.18,72.65,73.08,0.43,0.02655,306.4
86.0,6.5,430,431,SMART1 M01,SMART1 M06,1.905,73.13,72.56,0.57,0.02978,288.4
86.0,6.5,430,432,SMART1 M01,SMART1 O01,1.13,73.13,73.58,0.45,0.0309,268.0
86.0,6.5,430,433,SMART1 M01,SMART1 O07,2.938,73.13,71.96,1.17,0.02892,291.4
86.0,6.5,430,3579,SMART1 M01,SMART1 I02,0.802,73.13,72.85,0.28,0.03213,288.9
86.0,6.5,430,3580,SMART1 M01,SMART1 I03,0.867,73.13,72.85,0.28,0.03084,291.6
86.0,6.5,430,3581,SMART1 M01,SMART1 I04,0.979,73.13,72.82,0.31,0.03125,291.6
86.0,6.5,430,3582,SMART1 M01,SMART1 I06,1.132,73.13,72.7,0.43,0.032,288.9
86.0,6.5,430,3583,SMART1 M01,SMART1 I08,1.12,73.13,72.64,0.49,0.03241,288.9
86.0,6.5,430,3584,SMART1 M01,SMART1 I10,0.975,73.13,72.66,0.47,0.03035,288.9
86.0,6.5,430,3585,SMART1 M01,SMART1 I11,0.874,73.13,72.71,0.42,0.02969,288.9
86.0,6.5,430,3586,SMART1 M01,SMART1 I12,0.787,73.13,72.77,0.36,0.03188,272.1
86.0,6.5,430,3587,SMART1 M01,SMART1 M02,0.521,73.13,73.35,0.22,0.03313,287.6
86.0,6.5,430,3588,SMART1 M01,SMART1 M03,0.913,73.13,73.27,0.14,0.03163,287.6
86.0,6.5,430,3589,SMART1 M01,SMART1 M04,1.405,73.13,73.14,0.01,0.03066,287.4
86.0,6.5,430,3590,SMART1 M01,SMART1 M05,1.642,73.13,72.89,0.24,0.02962,287.4
86.0,6.5,430,3591,SMART1 M01,SMART1 M08,1.878,73.13,72.19,0.94,0.02985,284.7
86.0,6.5,430,3592,SMART1 M01,SMART1 M09,1.748,73.13,72.16,0.97,0.03168,295.0
86.0,6.5,430,3593,SMART1 M01,SMART1 M10,1.353,73.13,72.35,0.78,0.02878,295.0
86.0,6.5,430,3594,SMART1 M01,SMART1 M11,0.954,73.13,72.61,0.52,0.02993,284.3
86.0,6.5,430,3595,SMART1 M01,SMART1 M12,0.475,73.13,72.91,0.22,0.02964,272.1
86.0,6.5,430,3596,SMART1 M01,SMART1 O02,1.283,73.13,73.86,0.73,0.03213,276.7
86.0,6.5,430,3597,SMART1 M01,SMART1 O03,1.787,73.13,73.87,0.74,0.03391,273.3
86.0,6.5,430,3598,SMART1 M01,SMART1 O04,2.2,73.13,73.55,0.42,0.03128,278.3
86.0,6.5,430,3599,SMART1 M01,SMART1 O05,2.617,73.13,73.05,0.08,0.0292,277.2
86.0,6.5,430,3600,SMART1 M01,SMART1 O08,2.943,73.13,71.58,1.55,0.03166,312.9
86.0,6.5,430,3601,SMART1 M01,SMART1 O09,2.661,73.13,71.6,1.53,0.02668,298.7
86.0,6.5,430,3602,SMART1 M01,SMART1 O10,2.195,73.13,71.96,1.17,0.02828,294.2
86.0,6.5,430,3603,SMART1 M01,SMART1 O11,1.66,73.13,72.49,0.64,0.03177,281.8
86.0,6.5,430,3604,SMART1 M01,SMART1 O12,1.25,73.13,73.08,0.05,0.02803,285.9
86.0,6.5,431,432,SMART1 M06,SMART1 O01,3.015,72.56,73.58,1.02,0.02808,288.0
86.0,6.5,431,433,SMART1 M06,SMART1 O07,1.15,72.56,71.96,0.6,0.02611,311.4
86.0,6.5,431,3579,SMART1 M06,SMART1 I02,1.113,72.56,72.85,0.29,0.02931,308.9
86.0,6.5,431,3580,SMART1 M06,SMART1 I03,1.039,72.56,72.85,0.29,0.02803,311.6
86.0,6.5,431,3581,SMART1 M06,SMART1 I04,0.927,72.56,72.82,0.26,0.02843,311.6
86.0,6.5,431,3582,SMART1 M06,SMART1 I06,0.818,72.56,72.7,0.14,0.02918,308.9
86.0,6.5,431,3583,SMART1 M06,SMART1 I08,0.921,72.56,72.64,0.08,0.02959,308.9
86.0,6.5,431,3584,SMART1 M06,SMART1 I10,1.112,72.56,72.66,0.1,0.02753,308.9
86.0,6.5,431,3585,SMART1 M06,SMART1 I11,1.173,72.56,72.71,0.15,0.02687,308.9
86.0,6.5,431,3586,SMART1 M06,SMART1 I12,1.212,72.56,72.77,0.21,0.02907,292.1
86.0,6.5,431,3587,SMART1 M06,SMART1 M02,1.868,72.56,73.35,0.79,0.03031,307.6
86.0,6.5,431,3588,SMART1 M06,SMART1 M03,1.437,72.56,73.27,0.71,0.02881,307.6
86.0,6.5,431,3589,SMART1 M06,SMART1 M04,1.013,72.56,73.14,0.58,0.02785,307.4
86.0,6.5,431,3590,SMART1 M06,SMART1 M05,0.569,72.56,72.89,0.33,0.0268,307.4
86.0,6.5,431,3591,SMART1 M06,SMART1 M08,0.953,72.56,72.19,0.37,0.02704,304.7
86.0,6.5,431,3592,SMART1 M06,SMART1 M09,1.38,72.56,72.16,0.4,0.02887,315.0
86.0,6.5,431,3593,SMART1 M06,SMART1 M10,1.63,72.56,72.35,0.21,0.02596,315.0
86.0,6.5,431,3594,SMART1 M06,SMART1 M11,1.942,72.56,72.61,0.05,0.02712,304.3
86.0,6.5,431,3595,SMART1 M06,SMART1 M12,2.011,72.56,72.91,0.35,0.02683,292.1
86.0,6.5,431,3596,SMART1 M06,SMART1 O02,2.662,72.56,73.86,1.3,0.02931,296.7
86.0,6.5,431,3597,SMART1 M06,SMART1 O03,2.282,72.56,73.87,1.31,0.0311,293.4
86.0,6.5,431,3598,SMART1 M06,SMART1 O04,1.746,72.56,73.55,0.99,0.02846,298.3
86.0,6.5,431,3599,SMART1 M06,SMART1 O05,1.28,72.56,73.05,0.49,0.02638,297.2
86.0,6.5,431,3600,SMART1 M06,SMART1 O08,1.727,72.56,71.58,0.98,0.02885,332.9
86.0,6.5,431,3601,SMART1 M06,SMART1 O09,2.218,72.56,71.6,0.96,0.02387,318.7
86.0,6.5,431,3602,SMART1 M06,SMART1 O10,2.665,72.56,71.96,0.6,0.02547,314.2
86.0,6.5,431,3603,SMART1 M06,SMART1 O11,2.86,72.56,72.49,0.07,0.02896,301.8
86.0,6.5,431,3604,SMART1 M06,SMART1 O12,3.014,72.56,73.08,0.52,0.02521,305.9
86.0,6.5,432,433,SMART1 O01,SMART1 O07,4.068,73.58,71.96,1.62,0.02722,291.0
86.0,6.5,432,3579,SMART1 O01,SMART1 I02,1.929,73.58,72.85,0.73,0.03043,288.5
86.0,6.5,432,3580,SMART1 O01,SMART1 I03,1.989,73.58,72.85,0.73,0.02914,291.3
86.0,6.5,432,3581,SMART1 O01,SMART1 I04,2.098,73.58,72.82,0.76,0.02954,291.3
86.0,6.5,432,3582,SMART1 O01,SMART1 I06,2.261,73.58,72.7,0.88,0.0303,288.5
86.0,6.5,432,3583,SMART1 O01,SMART1 I08,2.248,73.58,72.64,0.94,0.03071,288.5
86.0,6.5,432,3584,SMART1 O01,SMART1 I10,2.093,73.58,72.66,0.92,0.02864,288.5
86.0,6.5,432,3585,SMART1 O01,SMART1 I11,1.994,73.58,72.71,0.87,0.02798,288.5
86.0,6.5,432,3586,SMART1 O01,SMART1 I12,1.912,73.58,72.77,0.81,0.03018,271.7
86.0,6.5,432,3587,SMART1 O01,SMART1 M02,1.23,73.58,73.35,0.23,0.03142,287.2
86.0,6.5,432,3588,SMART1 O01,SMART1 M03,1.772,73.58,73.27,0.31,0.02992,287.2
86.0,6.5,432,3589,SMART1 O01,SMART1 M04,2.345,73.58,73.14,0.44,0.02896,287.0
86.0,6.5,432,3590,SMART1 O01,SMART1 M05,2.681,73.58,72.89,0.69,0.02791,287.0
86.0,6.5,432,3591,SMART1 O01,SMART1 M08,2.982,73.58,72.19,1.39,0.02815,284.4
86.0,6.5,432,3592,SMART1 O01,SMART1 M09,2.781,73.58,72.16,1.42,0.02998,294.6
86.0,6.5,432,3593,SMART1 O01,SMART1 M10,2.309,73.58,72.35,1.23,0.02707,294.6
86.0,6.5,432,3594,SMART1 O01,SMART1 M11,1.769,73.58,72.61,0.97,0.02823,283.9
86.0,6.5,432,3595,SMART1 O01,SMART1 M12,1.283,73.58,72.91,0.67,0.02794,271.7
86.0,6.5,432,3596,SMART1 O01,SMART1 O02,1.115,73.58,73.86,0.28,0.03042,276.4
86.0,6.5,432,3597,SMART1 O01,SMART1 O03,2.116,73.58,73.87,0.29,0.03221,273.0
86.0,6.5,432,3598,SMART1 O01,SMART1 O04,2.89,73.58,73.55,0.03,0.02958,278.0
86.0,6.5,432,3599,SMART1 O01,SMART1 O05,3.547,73.58,73.05,0.53,0.0275,276.9
86.0,6.5,432,3600,SMART1 O01,SMART1 O08,4.023,73.58,71.58,2.0,0.02996,312.6
86.0,6.5,432,3601,SMART1 O01,SMART1 O09,3.587,73.58,71.6,1.98,0.02498,298.4
86.0,6.5,432,3602,SMART1 O01,SMART1 O10,2.832,73.58,71.96,1.62,0.02658,293.9
86.0,6.5,432,3603,SMART1 O01,SMART1 O11,1.961,73.58,72.49,1.09,0.03007,281.4
86.0,6.5,432,3604,SMART1 O01,SMART1 O12,0.989,73.58,73.08,0.5,0.02632,285.5
86.0,6.5,433,3579,SMART1 O07,SMART1 I02,2.14,71.96,72.85,0.89,0.02845,311.9
86.0,6.5,433,3580,SMART1 O07,SMART1 I03,2.087,71.96,72.85,0.89,0.02717,314.6
86.0,6.5,433,3581,SMART1 O07,SMART1 I04,1.981,71.96,72.82,0.86,0.02757,314.6
86.0,6.5,433,3582,SMART1 O07,SMART1 I06,1.806,71.96,72.7,0.74,0.02832,311.9
86.0,6.5,433,3583,SMART1 O07,SMART1 I08,1.83,71.96,72.64,0.68,0.02873,311.9
86.0,6.5,433,3584,SMART1 O07,SMART1 I10,2.003,71.96,72.66,0.7,0.02667,311.9
86.0,6.5,433,3585,SMART1 O07,SMART1 I11,2.095,71.96,72.71,0.75,0.02601,311.9
86.0,6.5,433,3586,SMART1 O07,SMART1 I12,2.167,71.96,72.77,0.81,0.02821,295.1
86.0,6.5,433,3587,SMART1 O07,SMART1 M02,2.986,71.96,73.35,1.39,0.02945,310.6
86.0,6.5,433,3588,SMART1 O07,SMART1 M03,2.584,71.96,73.27,1.31,0.02795,310.6
86.0,6.5,433,3589,SMART1 O07,SMART1 M04,2.149,71.96,73.14,1.18,0.02699,310.4
86.0,6.5,433,3590,SMART1 O07,SMART1 M05,1.692,71.96,72.89,0.93,0.02594,310.4
86.0,6.5,433,3591,SMART1 O07,SMART1 M08,1.265,71.96,72.19,0.23,0.02618,307.7
86.0,6.5,433,3592,SMART1 O07,SMART1 M09,1.722,71.96,72.16,0.2,0.02801,318.0
86.0,6.5,433,3593,SMART1 O07,SMART1 M10,2.196,71.96,72.35,0.39,0.0251,318.0
86.0,6.5,433,3594,SMART1 O07,SMART1 M11,2.687,71.96,72.61,0.65,0.02626,307.3
86.0,6.5,433,3595,SMART1 O07,SMART1 M12,2.924,71.96,72.91,0.95,0.02597,295.1
86.0,6.5,433,3596,SMART1 O07,SMART1 O02,3.807,71.96,73.86,1.9,0.02845,299.7
86.0,6.5,433,3597,SMART1 O07,SMART1 O03,3.399,71.96,73.87,1.91,0.03024,296.3
86.0,6.5,433,3598,SMART1 O07,SMART1 O04,2.719,71.96,73.55,1.59,0.02761,301.3
86.0,6.5,433,3599,SMART1 O07,SMART1 O05,1.915,71.96,73.05,1.09,0.02552,300.2
86.0,6.5,433,3600,SMART1 O07,SMART1 O08,1.104,71.96,71.58,0.38,0.02799,335.9
86.0,6.5,433,3601,SMART1 O07,SMART1 O09,2.064,71.96,71.6,0.36,0.02301,321.7
86.0,6.5,433,3602,SMART1 O07,SMART1 O10,2.954,71.96,71.96,0.0,0.02461,317.2
86.0,6.5,433,3603,SMART1 O07,SMART1 O11,3.48,71.96,72.49,0.53,0.0281,304.8
86.0,6.5,433,3604,SMART1 O07,SMART1 O12,3.894,71.96,73.08,1.12,0.02435,308.8
86.0,6.5,3579,3580,SMART1 I02,SMART1 I03,0.09,72.85,72.85,0.0,0.03037,312.1
86.0,6.5,3579,3581,SMART1 I02,SMART1 I04,0.191,72.85,72.82,0.03,0.03078,312.1
86.0,6.5,3579,3582,SMART1 I02,SMART1 I06,0.335,72.85,72.7,0.15,0.03153,309.4
86.0,6.5,3579,3583,SMART1 I02,SMART1 I08,0.376,72.85,72.64,0.21,0.03194,309.4
86.0,6.5,3579,3584,SMART1 I02,SMART1 I10,0.338,72.85,72.66,0.19,0.02988,309.4
86.0,6.5,3579,3585,SMART1 I02,SMART1 I11,0.273,72.85,72.71,0.14,0.02922,309.4
86.0,6.5,3579,3586,SMART1 I02,SMART1 I12,0.21,72.85,72.77,0.08,0.03141,292.6
86.0,6.5,3579,3587,SMART1 I02,SMART1 M02,0.918,72.85,73.35,0.5,0.03266,308.1
86.0,6.5,3579,3588,SMART1 I02,SMART1 M03,0.777,72.85,73.27,0.42,0.03116,308.1
86.0,6.5,3579,3589,SMART1 I02,SMART1 M04,0.92,72.85,73.14,0.29,0.03019,307.9
86.0,6.5,3579,3590,SMART1 I02,SMART1 M05,0.961,72.85,72.89,0.04,0.02915,307.9
86.0,6.5,3579,3591,SMART1 I02,SMART1 M08,1.175,72.85,72.19,0.66,0.02938,305.2
86.0,6.5,3579,3592,SMART1 I02,SMART1 M09,1.21,72.85,72.16,0.69,0.03121,315.5
86.0,6.5,3579,3593,SMART1 I02,SMART1 M10,1.041,72.85,72.35,0.5,0.02831,315.5
86.0,6.5,3579,3594,SMART1 I02,SMART1 M11,1.026,72.85,72.61,0.24,0.02946,304.8
86.0,6.5,3579,3595,SMART1 I02,SMART1 M12,0.926,72.85,72.91,0.06,0.02917,292.6
86.0,6.5,3579,3596,SMART1 I02,SMART1 O02,1.811,72.85,73.86,1.01,0.03166,297.2
86.0,6.5,3579,3597,SMART1 I02,SMART1 O03,1.871,72.85,73.87,1.02,0.03344,293.9
86.0,6.5,3579,3598,SMART1 I02,SMART1 O04,1.883,72.85,73.55,0.7,0.03081,298.8
86.0,6.5,3579,3599,SMART1 I02,SMART1 O05,2.008,72.85,73.05,0.2,0.02873,297.7
86.0,6.5,3579,3600,SMART1 I02,SMART1 O08,2.258,72.85,71.58,1.27,0.03119,333.4
86.0,6.5,3579,3601,SMART1 I02,SMART1 O09,2.209,72.85,71.6,1.25,0.02621,319.2
86.0,6.5,3579,3602,SMART1 I02,SMART1 O10,2.116,72.85,71.96,0.89,0.02781,314.8
86.0,6.5,3579,3603,SMART1 I02,SMART1 O11,1.96,72.85,72.49,0.36,0.0313,302.3
86.0,6.5,3579,3604,SMART1 I02,SMART1 O12,1.922,72.85,73.08,0.23,0.02755,306.4
86.0,6.5,3580,3581,SMART1 I03,SMART1 I04,0.112,72.85,72.82,0.03,0.02949,314.9
86.0,6.5,3580,3582,SMART1 I03,SMART1 I06,0.297,72.85,72.7,0.15,0.03025,312.1
86.0,6.5,3580,3583,SMART1 I03,SMART1 I08,0.378,72.85,72.64,0.21,0.03065,312.1
86.0,6.5,3580,3584,SMART1 I03,SMART1 I10,0.385,72.85,72.66,0.19,0.02859,312.1
86.0,6.5,3580,3585,SMART1 I03,SMART1 I11,0.338,72.85,72.71,0.14,0.02793,312.1
86.0,6.5,3580,3586,SMART1 I03,SMART1 I12,0.29,72.85,72.77,0.08,0.03013,295.4
86.0,6.5,3580,3587,SMART1 I03,SMART1 M02,0.937,72.85,73.35,0.5,0.03137,310.8
86.0,6.5,3580,3588,SMART1 I03,SMART1 M03,0.741,72.85,73.27,0.42,0.02987,310.8
86.0,6.5,3580,3589,SMART1 I03,SMART1 M04,0.839,72.85,73.14,0.29,0.02891,310.6
86.0,6.5,3580,3590,SMART1 I03,SMART1 M05,0.871,72.85,72.89,0.04,0.02786,310.6
86.0,6.5,3580,3591,SMART1 I03,SMART1 M08,1.168,72.85,72.19,0.66,0.0281,308.0
86.0,6.5,3580,3592,SMART1 I03,SMART1 M09,1.239,72.85,72.16,0.69,0.02993,318.3
86.0,6.5,3580,3593,SMART1 I03,SMART1 M10,1.103,72.85,72.35,0.5,0.02702,318.3
86.0,6.5,3580,3594,SMART1 I03,SMART1 M11,1.113,72.85,72.61,0.24,0.02818,307.6
86.0,6.5,3580,3595,SMART1 I03,SMART1 M12,1.013,72.85,72.91,0.06,0.02789,295.4
86.0,6.5,3580,3596,SMART1 I03,SMART1 O02,1.822,72.85,73.86,1.01,0.03037,300.0
86.0,6.5,3580,3597,SMART1 I03,SMART1 O03,1.831,72.85,73.87,1.02,0.03216,296.6
86.0,6.5,3580,3598,SMART1 I03,SMART1 O04,1.807,72.85,73.55,0.7,0.02953,301.6
86.0,6.5,3580,3599,SMART1 I03,SMART1 O05,1.918,72.85,73.05,0.2,0.02745,300.5
86.0,6.5,3580,3600,SMART1 I03,SMART1 O08,2.247,72.85,71.58,1.27,0.02991,336.2
86.0,6.5,3580,3601,SMART1 I03,SMART1 O09,2.241,72.85,71.6,1.25,0.02493,322.0
86.0,6.5,3580,3602,SMART1 I03,SMART1 O10,2.187,72.85,71.96,0.89,0.02653,317.5
86.0,6.5,3580,3603,SMART1 I03,SMART1 O11,2.049,72.85,72.49,0.36,0.03002,305.0
86.0,6.5,3580,3604,SMART1 I03,SMART1 O12,2.007,72.85,73.08,0.23,0.02627,309.1
86.0,6.5,3581,3582,SMART1 I04,SMART1 I06,0.217,72.82,72.7,0.12,0.03065,312.1
86.0,6.5,3581,3583,SMART1 I04,SMART1 I08,0.338,72.82,72.64,0.18,0.03105,312.1
86.0,6.5,3581,3584,SMART1 I04,SMART1 I10,0.402,72.82,72.66,0.16,0.02899,312.1
86.0,6.5,3581,3585,SMART1 I04,SMART1 I11,0.382,72.82,72.71,0.11,0.02833,312.1
86.0,6.5,3581,3586,SMART1 I04,SMART1 I12,0.359,72.82,72.77,0.05,0.03053,295.4
86.0,6.5,3581,3587,SMART1 I04,SMART1 M02,1.028,72.82,73.35,0.53,0.03177,310.8
86.0,6.5,3581,3588,SMART1 I04,SMART1 M03,0.781,72.82,73.27,0.45,0.03027,310.8
86.0,6.5,3581,3589,SMART1 I04,SMART1 M04,0.798,72.82,73.14,0.32,0.02931,310.6
86.0,6.5,3581,3590,SMART1 I04,SMART1 M05,0.78,72.82,72.89,0.07,0.02826,310.6
86.0,6.5,3581,3591,SMART1 I04,SMART1 M08,1.1,72.82,72.19,0.63,0.0285,308.0
86.0,6.5,3581,3592,SMART1 I04,SMART1 M09,1.212,72.82,72.16,0.66,0.03033,318.3
86.0,6.5,3581,3593,SMART1 I04,SMART1 M10,1.126,72.82,72.35,0.47,0.02742,318.3
86.0,6.5,3581,3594,SMART1 I04,SMART1 M11,1.185,72.82,72.61,0.21,0.02858,307.6
86.0,6.5,3581,3595,SMART1 I04,SMART1 M12,1.117,72.82,72.91,0.09,0.02829,295.4
86.0,6.5,3581,3596,SMART1 I04,SMART1 O02,1.904,72.82,73.86,1.04,0.03077,300.0
86.0,6.5,3581,3597,SMART1 I04,SMART1 O03,1.858,72.82,73.87,1.05,0.03256,296.6
86.0,6.5,3581,3598,SMART1 I04,SMART1 O04,1.772,72.82,73.55,0.73,0.02993,301.6
86.0,6.5,3581,3599,SMART1 I04,SMART1 O05,1.833,72.82,73.05,0.23,0.02785,300.5
86.0,6.5,3581,3600,SMART1 I04,SMART1 O08,2.173,72.82,71.58,1.24,0.03031,336.2
86.0,6.5,3581,3601,SMART1 I04,SMART1 O09,2.215,72.82,71.6,1.22,0.02533,322.0
86.0,6.5,3581,3602,SMART1 I04,SMART1 O10,2.219,72.82,71.96,0.86,0.02693,317.5
86.0,6.5,3581,3603,SMART1 I04,SMART1 O11,2.126,72.82,72.49,0.33,0.03042,305.0
86.0,6.5,3581,3604,SMART1 I04,SMART1 O12,2.114,72.82,73.08,0.26,0.02667,309.1
86.0,6.5,3582,3583,SMART1 I06,SMART1 I08,0.168,72.7,72.64,0.06,0.03181,309.4
86.0,6.5,3582,3584,SMART1 I06,SMART1 I10,0.322,72.7,72.66,0.04,0.02975,309.4
86.0,6.5,3582,3585,SMART1 I06,SMART1 I11,0.361,72.7,72.71,0.01,0.02909,309.4
86.0,6.5,3582,3586,SMART1 I06,SMART1 I12,0.394,72.7,72.77,0.07,0.03128,292.6
86.0,6.5,3582,3587,SMART1 I06,SMART1 M02,1.234,72.7,73.35,0.65,0.03253,308.1
86.0,6.5,3582,3588,SMART1 I06,SMART1 M03,0.994,72.7,73.27,0.57,0.03103,308.1
86.0,6.5,3582,3589,SMART1 I06,SMART1 M04,0.94,72.7,73.14,0.44,0.03006,307.9
86.0,6.5,3582,3590,SMART1 I06,SMART1 M05,0.815,72.7,72.89,0.19,0.02902,307.9
86.0,6.5,3582,3591,SMART1 I06,SMART1 M08,0.883,72.7,72.19,0.51,0.02925,305.2
86.0,6.5,3582,3592,SMART1 I06,SMART1 M09,1.02,72.7,72.16,0.54,0.03108,315.5
86.0,6.5,3582,3593,SMART1 I06,SMART1 M10,1.003,72.7,72.35,0.35,0.02818,315.5
86.0,6.5,3582,3594,SMART1 I06,SMART1 M11,1.165,72.7,72.61,0.09,0.02933,304.8
86.0,6.5,3582,3595,SMART1 I06,SMART1 M12,1.193,72.7,72.91,0.21,0.02904,292.6
86.0,6.5,3582,3596,SMART1 I06,SMART1 O02,2.117,72.7,73.86,1.16,0.03153,297.2
86.0,6.5,3582,3597,SMART1 I06,SMART1 O03,2.061,72.7,73.87,1.17,0.03331,293.9
86.0,6.5,3582,3598,SMART1 I06,SMART1 O04,1.91,72.7,73.55,0.85,0.03068,298.8
86.0,6.5,3582,3599,SMART1 I06,SMART1 O05,1.862,72.7,73.05,0.35,0.0286,297.7
86.0,6.5,3582,3600,SMART1 I06,SMART1 O08,1.956,72.7,71.58,1.12,0.03106,333.4
86.0,6.5,3582,3601,SMART1 I06,SMART1 O09,2.019,72.7,71.6,1.1,0.02608,319.2
86.0,6.5,3582,3602,SMART1 I06,SMART1 O10,2.102,72.7,71.96,0.74,0.02768,314.8
86.0,6.5,3582,3603,SMART1 I06,SMART1 O11,2.105,72.7,72.49,0.21,0.03117,302.3
86.0,6.5,3582,3604,SMART1 I06,SMART1 O12,2.196,72.7,73.08,0.38,0.02742,306.4
86.0,6.5,3583,3584,SMART1 I08,SMART1 I10,0.191,72.64,72.66,0.02,0.03016,309.4
86.0,6.5,3583,3585,SMART1 I08,SMART1 I11,0.268,72.64,72.71,0.07,0.0295,309.4
86.0,6.5,3583,3586,SMART1 I08,SMART1 I12,0.337,72.64,72.77,0.13,0.03169,292.6
86.0,6.5,3583,3587,SMART1 I08,SMART1 M02,1.293,72.64,73.35,0.71,0.03294,308.1
86.0,6.5,3583,3588,SMART1 I08,SMART1 M03,1.114,72.64,73.27,0.63,0.03144,308.1
86.0,6.5,3583,3589,SMART1 I08,SMART1 M04,1.104,72.64,73.14,0.5,0.03047,307.9
86.0,6.5,3583,3590,SMART1 I08,SMART1 M05,0.978,72.64,72.89,0.25,0.02943,307.9
86.0,6.5,3583,3591,SMART1 I08,SMART1 M08,0.8,72.64,72.19,0.45,0.02966,305.2
86.0,6.5,3583,3592,SMART1 I08,SMART1 M09,0.874,72.64,72.16,0.48,0.03149,315.5
86.0,6.5,3583,3593,SMART1 I08,SMART1 M10,0.836,72.64,72.35,0.29,0.02859,315.5
86.0,6.5,3583,3594,SMART1 I08,SMART1 M11,1.028,72.64,72.61,0.03,0.02974,304.8
86.0,6.5,3583,3595,SMART1 I08,SMART1 M12,1.114,72.64,72.91,0.27,0.02945,292.6
86.0,6.5,3583,3596,SMART1 I08,SMART1 O02,2.187,72.64,73.86,1.22,0.03194,297.2
86.0,6.5,3583,3597,SMART1 I08,SMART1 O03,2.196,72.64,73.87,1.23,0.03372,293.9
86.0,6.5,3583,3598,SMART1 I08,SMART1 O04,2.076,72.64,73.55,0.91,0.03109,298.8
86.0,6.5,3583,3599,SMART1 I08,SMART1 O05,2.019,72.64,73.05,0.41,0.02901,297.7
86.0,6.5,3583,3600,SMART1 I08,SMART1 O08,1.882,72.64,71.58,1.06,0.03147,333.4
86.0,6.5,3583,3601,SMART1 I08,SMART1 O09,1.876,72.64,71.6,1.04,0.02649,319.2
86.0,6.5,3583,3602,SMART1 I08,SMART1 O10,1.935,72.64,71.96,0.68,0.02809,314.8
86.0,6.5,3583,3603,SMART1 I08,SMART1 O11,1.961,72.64,72.49,0.15,0.03158,302.3
86.0,6.5,3583,3604,SMART1 I08,SMART1 O12,2.111,72.64,73.08,0.44,0.02783,306.4
86.0,6.5,3584,3585,SMART1 I10,SMART1 I11,0.102,72.66,72.71,0.05,0.02744,309.4
86.0,6.5,3584,3586,SMART1 I10,SMART1 I12,0.197,72.66,72.77,0.11,0.02963,292.6
86.0,6.5,3584,3587,SMART1 I10,SMART1 M02,1.211,72.66,73.35,0.69,0.03087,308.1
86.0,6.5,3584,3588,SMART1 I10,SMART1 M03,1.115,72.66,73.27,0.61,0.02938,308.1
86.0,6.5,3584,3589,SMART1 I10,SMART1 M04,1.2,72.66,73.14,0.48,0.02841,307.9
86.0,6.5,3584,3590,SMART1 I10,SMART1 M05,1.131,72.66,72.89,0.23,0.02737,307.9
86.0,6.5,3584,3591,SMART1 I10,SMART1 M08,0.906,72.66,72.19,0.47,0.0276,305.2
86.0,6.5,3584,3592,SMART1 I10,SMART1 M09,0.877,72.66,72.16,0.5,0.02943,315.5
86.0,6.5,3584,3593,SMART1 I10,SMART1 M10,0.724,72.66,72.35,0.31,0.02652,315.5
86.0,6.5,3584,3594,SMART1 I10,SMART1 M11,0.845,72.66,72.61,0.05,0.02768,304.8
86.0,6.5,3584,3595,SMART1 I10,SMART1 M12,0.928,72.66,72.91,0.25,0.02739,292.6
86.0,6.5,3584,3596,SMART1 I10,SMART1 O02,2.109,72.66,73.86,1.2,0.02987,297.2
86.0,6.5,3584,3597,SMART1 I10,SMART1 O03,2.209,72.66,73.87,1.21,0.03166,293.9
86.0,6.5,3584,3598,SMART1 I10,SMART1 O04,2.173,72.66,73.55,0.89,0.02903,298.8
86.0,6.5,3584,3599,SMART1 I10,SMART1 O05,2.182,72.66,73.05,0.39,0.02695,297.7
86.0,6.5,3584,3600,SMART1 I10,SMART1 O08,1.982,72.66,71.58,1.08,0.02941,333.4
86.0,6.5,3584,3601,SMART1 I10,SMART1 O09,1.872,72.66,71.6,1.06,0.02443,319.2
86.0,6.5,3584,3602,SMART1 I10,SMART1 O10,1.818,72.66,71.96,0.7,0.02603,314.8
86.0,6.5,3584,3603,SMART1 I10,SMART1 O11,1.783,72.66,72.49,0.17,0.02952,302.3
86.0,6.5,3584,3604,SMART1 I10,SMART1 O12,1.922,72.66,73.08,0.42,0.02577,306.4
86.0,6.5,3585,3586,SMART1 I11,SMART1 I12,0.097,72.71,72.77,0.06,0.02897,292.6
86.0,6.5,3585,3587,SMART1 I11,SMART1 M02,1.114,72.71,73.35,0.64,0.03021,308.1
86.0,6.5,3585,3588,SMART1 I11,SMART1 M03,1.044,72.71,73.27,0.56,0.02872,308.1
86.0,6.5,3585,3589,SMART1 I11,SMART1 M04,1.173,72.71,73.14,0.43,0.02775,307.9
86.0,6.5,3585,3590,SMART1 I11,SMART1 M05,1.145,72.71,72.89,0.18,0.02671,307.9
86.0,6.5,3585,3591,SMART1 I11,SMART1 M08,1.008,72.71,72.19,0.52,0.02694,305.2
86.0,6.5,3585,3592,SMART1 I11,SMART1 M09,0.965,72.71,72.16,0.55,0.02877,315.5
86.0,6.5,3585,3593,SMART1 I11,SMART1 M10,0.768,72.71,72.35,0.36,0.02586,315.5
86.0,6.5,3585,3594,SMART1 I11,SMART1 M11,0.815,72.71,72.61,0.1,0.02702,304.8
86.0,6.5,3585,3595,SMART1 I11,SMART1 M12,0.848,72.71,72.91,0.2,0.02673,292.6
86.0,6.5,3585,3596,SMART1 I11,SMART1 O02,2.012,72.71,73.86,1.15,0.02922,297.2
86.0,6.5,3585,3597,SMART1 I11,SMART1 O03,2.138,72.71,73.87,1.16,0.031,293.9
86.0,6.5,3585,3598,SMART1 I11,SMART1 O04,2.143,72.71,73.55,0.84,0.02837,298.8
86.0,6.5,3585,3599,SMART1 I11,SMART1 O05,2.199,72.71,73.05,0.34,0.02629,297.7
86.0,6.5,3585,3600,SMART1 I11,SMART1 O08,2.084,72.71,71.58,1.13,0.02875,333.4
86.0,6.5,3585,3601,SMART1 I11,SMART1 O09,1.955,72.71,71.6,1.11,0.02377,319.2
86.0,6.5,3585,3602,SMART1 I11,SMART1 O10,1.849,72.71,71.96,0.75,0.02537,314.8
86.0,6.5,3585,3603,SMART1 I11,SMART1 O11,1.757,72.71,72.49,0.22,0.02886,302.3
86.0,6.5,3585,3604,SMART1 I11,SMART1 O12,1.847,72.71,73.08,0.37,0.02511,306.4
86.0,6.5,3586,3587,SMART1 I12,SMART1 M02,1.017,72.77,73.35,0.58,0.03241,291.3
86.0,6.5,3586,3588,SMART1 I12,SMART1 M03,0.962,72.77,73.27,0.5,0.03091,291.3
86.0,6.5,3586,3589,SMART1 I12,SMART1 M04,1.129,72.77,73.14,0.37,0.02995,291.1
86.0,6.5,3586,3590,SMART1 I12,SMART1 M05,1.138,72.77,72.89,0.12,0.0289,291.1
86.0,6.5,3586,3591,SMART1 I12,SMART1 M08,1.102,72.77,72.19,0.58,0.02913,288.4
86.0,6.5,3586,3592,SMART1 I12,SMART1 M09,1.061,72.77,72.16,0.61,0.03096,298.7
86.0,6.5,3586,3593,SMART1 I12,SMART1 M10,0.84,72.77,72.35,0.42,0.02806,298.7
86.0,6.5,3586,3594,SMART1 I12,SMART1 M11,0.827,72.77,72.61,0.16,0.02922,288.0
86.0,6.5,3586,3595,SMART1 I12,SMART1 M12,0.799,72.77,72.91,0.14,0.02893,275.8
86.0,6.5,3586,3596,SMART1 I12,SMART1 O02,1.914,72.77,73.86,1.09,0.03141,280.5
86.0,6.5,3586,3597,SMART1 I12,SMART1 O03,2.055,72.77,73.87,1.1,0.0332,277.1
86.0,6.5,3586,3598,SMART1 I12,SMART1 O04,2.092,72.77,73.55,0.78,0.03056,282.0
86.0,6.5,3586,3599,SMART1 I12,SMART1 O05,2.191,72.77,73.05,0.28,0.02848,280.9
86.0,6.5,3586,3600,SMART1 I12,SMART1 O08,2.179,72.77,71.58,1.19,0.03095,316.6
86.0,6.5,3586,3601,SMART1 I12,SMART1 O09,2.048,72.77,71.6,1.17,0.02596,302.4
86.0,6.5,3586,3602,SMART1 I12,SMART1 O10,1.908,72.77,71.96,0.81,0.02756,298.0
86.0,6.5,3586,3603,SMART1 I12,SMART1 O11,1.767,72.77,72.49,0.28,0.03106,285.5
86.0,6.5,3586,3604,SMART1 I12,SMART1 O12,1.802,72.77,73.08,0.31,0.02731,289.6
86.0,6.5,3587,3588,SMART1 M02,SMART1 M03,0.543,73.35,73.27,0.08,0.03215,306.8
86.0,6.5,3587,3589,SMART1 M02,SMART1 M04,1.115,73.35,73.14,0.21,0.03119,306.6
86.0,6.5,3587,3590,SMART1 M02,SMART1 M05,1.468,73.35,72.89,0.46,0.03014,306.6
86.0,6.5,3587,3591,SMART1 M02,SMART1 M08,2.092,73.35,72.19,1.16,0.03038,303.9
86.0,6.5,3587,3592,SMART1 M02,SMART1 M09,2.073,73.35,72.16,1.19,0.03221,314.2
86.0,6.5,3587,3593,SMART1 M02,SMART1 M10,1.762,73.35,72.35,1.0,0.0293,314.2
86.0,6.5,3587,3594,SMART1 M02,SMART1 M11,1.446,73.35,72.61,0.74,0.03046,303.5
86.0,6.5,3587,3595,SMART1 M02,SMART1 M12,0.995,73.35,72.91,0.44,0.03017,291.3
86.0,6.5,3587,3596,SMART1 M02,SMART1 O02,0.898,73.35,73.86,0.51,0.03265,295.9
86.0,6.5,3587,3597,SMART1 M02,SMART1 O03,1.267,73.35,73.87,0.52,0.03444,292.5
86.0,6.5,3587,3598,SMART1 M02,SMART1 O04,1.759,73.35,73.55,0.2,0.03181,297.5
86.0,6.5,3587,3599,SMART1 M02,SMART1 O05,2.321,73.35,73.05,0.3,0.02973,296.4
86.0,6.5,3587,3600,SMART1 M02,SMART1 O08,3.175,73.35,71.58,1.77,0.03219,332.1
86.0,6.5,3587,3601,SMART1 M02,SMART1 O09,3.042,73.35,71.6,1.75,0.02721,317.9
86.0,6.5,3587,3602,SMART1 M02,SMART1 O10,2.687,73.35,71.96,1.39,0.02881,313.4
86.0,6.5,3587,3603,SMART1 M02,SMART1 O11,2.18,73.35,72.49,0.86,0.0323,301.0
86.0,6.5,3587,3604,SMART1 M02,SMART1 O12,1.67,73.35,73.08,0.27,0.02855,305.1
86.0,6.5,3588,3589,SMART1 M03,SMART1 M04,0.576,73.27,73.14,0.13,0.02969,306.6
86.0,6.5,3588,3590,SMART1 M03,SMART1 M05,0.967,73.27,72.89,0.38,0.02865,306.6
86.0,6.5,3588,3591,SMART1 M03,SMART1 M08,1.873,73.27,72.19,1.08,0.02888,303.9
86.0,6.5,3588,3592,SMART1 M03,SMART1 M09,1.98,73.27,72.16,1.11,0.03071,314.2
86.0,6.5,3588,3593,SMART1 M03,SMART1 M10,1.801,73.27,72.35,0.92,0.0278,314.2
86.0,6.5,3588,3594,SMART1 M03,SMART1 M11,1.651,73.27,72.61,0.66,0.02896,303.5
86.0,6.5,3588,3595,SMART1 M03,SMART1 M12,1.322,73.27,72.91,0.36,0.02867,291.3
86.0,6.5,3588,3596,SMART1 M03,SMART1 O02,1.226,73.27,73.86,0.59,0.03115,295.9
86.0,6.5,3588,3597,SMART1 M03,SMART1 O03,1.094,73.27,73.87,0.6,0.03294,292.5
86.0,6.5,3588,3598,SMART1 M03,SMART1 O04,1.29,73.27,73.55,0.28,0.03031,297.5
86.0,6.5,3588,3599,SMART1 M03,SMART1 O05,1.779,73.27,73.05,0.22,0.02823,296.4
86.0,6.5,3588,3600,SMART1 M03,SMART1 O08,2.932,73.27,71.58,1.69,0.03069,332.1
86.0,6.5,3588,3601,SMART1 M03,SMART1 O09,2.982,73.27,71.6,1.67,0.02571,317.9
86.0,6.5,3588,3602,SMART1 M03,SMART1 O10,2.841,73.27,71.96,1.31,0.02731,313.4
86.0,6.5,3588,3603,SMART1 M03,SMART1 O11,2.508,73.27,72.49,0.78,0.0308,301.0
86.0,6.5,3588,3604,SMART1 M03,SMART1 O12,2.153,73.27,73.08,0.19,0.02705,305.1
86.0,6.5,3589,3590,SMART1 M04,SMART1 M05,0.459,73.14,72.89,0.25,0.02768,306.4
86.0,6.5,3589,3591,SMART1 M04,SMART1 M08,1.703,73.14,72.19,0.95,0.02791,303.7
86.0,6.5,3589,3592,SMART1 M04,SMART1 M09,1.947,73.14,72.16,0.98,0.02975,314.0
86.0,6.5,3589,3593,SMART1 M04,SMART1 M10,1.923,73.14,72.35,0.79,0.02684,314.0
86.0,6.5,3589,3594,SMART1 M04,SMART1 M11,1.94,73.14,72.61,0.53,0.028,303.3
86.0,6.5,3589,3595,SMART1 M04,SMART1 M12,1.735,73.14,72.91,0.23,0.02771,291.1
86.0,6.5,3589,3596,SMART1 M04,SMART1 O02,1.74,73.14,73.86,0.72,0.03019,295.7
86.0,6.5,3589,3597,SMART1 M04,SMART1 O03,1.272,73.14,73.87,0.73,0.03198,292.4
86.0,6.5,3589,3598,SMART1 M04,SMART1 O04,0.974,73.14,73.55,0.41,0.02934,297.3
86.0,6.5,3589,3599,SMART1 M04,SMART1 O05,1.219,73.14,73.05,0.09,0.02726,296.2
86.0,6.5,3589,3600,SMART1 M04,SMART1 O08,2.676,73.14,71.58,1.56,0.02973,331.9
86.0,6.5,3589,3601,SMART1 M04,SMART1 O09,2.931,73.14,71.6,1.54,0.02474,317.7
86.0,6.5,3589,3602,SMART1 M04,SMART1 O10,3.018,73.14,71.96,1.18,0.02634,313.2
86.0,6.5,3589,3603,SMART1 M04,SMART1 O11,2.861,73.14,72.49,0.65,0.02984,300.8
86.0,6.5,3589,3604,SMART1 M04,SMART1 O12,2.654,73.14,73.08,0.06,0.02609,304.9
86.0,6.5,3590,3591,SMART1 M05,SMART1 M08,1.382,72.89,72.19,0.7,0.02687,303.7
86.0,6.5,3590,3592,SMART1 M05,SMART1 M09,1.712,72.89,72.16,0.73,0.0287,314.0
86.0,6.5,3590,3593,SMART1 M05,SMART1 M10,1.808,72.89,72.35,0.54,0.02579,314.0
86.0,6.5,3590,3594,SMART1 M05,SMART1 M11,1.96,72.89,72.61,0.28,0.02695,303.3
86.0,6.5,3590,3595,SMART1 M05,SMART1 M12,1.876,72.89,72.91,0.02,0.02666,291.1
86.0,6.5,3590,3596,SMART1 M05,SMART1 O02,2.177,72.89,73.86,0.97,0.02915,295.7
86.0,6.5,3590,3597,SMART1 M05,SMART1 O03,1.715,72.89,73.87,0.98,0.03093,292.4
86.0,6.5,3590,3598,SMART1 M05,SMART1 O04,1.223,72.89,73.55,0.66,0.0283,297.3
86.0,6.5,3590,3599,SMART1 M05,SMART1 O05,1.055,72.89,73.05,0.16,0.02622,296.2
86.0,6.5,3590,3600,SMART1 M05,SMART1 O08,2.278,72.89,71.58,1.31,0.02868,331.9
86.0,6.5,3590,3601,SMART1 M05,SMART1 O09,2.649,72.89,71.6,1.29,0.0237,317.7
86.0,6.5,3590,3602,SMART1 M05,SMART1 O10,2.901,72.89,71.96,0.93,0.0253,313.2
86.0,6.5,3590,3603,SMART1 M05,SMART1 O11,2.902,72.89,72.49,0.4,0.02879,300.8
86.0,6.5,3590,3604,SMART1 M05,SMART1 O12,2.855,72.89,73.08,0.19,0.02504,304.9
86.0,6.5,3591,3592,SMART1 M08,SMART1 M09,0.489,72.19,72.16,0.03,0.02893,311.3
86.0,6.5,3591,3593,SMART1 M08,SMART1 M10,0.93,72.19,72.35,0.16,0.02603,311.3
86.0,6.5,3591,3594,SMART1 M08,SMART1 M11,1.438,72.19,72.61,0.42,0.02719,300.6
86.0,6.5,3591,3595,SMART1 M08,SMART1 M12,1.747,72.19,72.91,0.72,0.02689,288.4
86.0,6.5,3591,3596,SMART1 M08,SMART1 O02,2.986,72.19,73.86,1.67,0.02938,293.1
86.0,6.5,3591,3597,SMART1 M08,SMART1 O03,2.917,72.19,73.87,1.68,0.03116,289.7
86.0,6.5,3591,3598,SMART1 M08,SMART1 O04,2.603,72.19,73.55,1.36,0.02853,294.6
86.0,6.5,3591,3599,SMART1 M08,SMART1 O05,2.233,72.19,73.05,0.86,0.02645,293.5
86.0,6.5,3591,3600,SMART1 M08,SMART1 O08,1.083,72.19,71.58,0.61,0.02891,329.2
86.0,6.5,3591,3601,SMART1 M08,SMART1 O09,1.274,72.19,71.6,0.59,0.02393,315.1
86.0,6.5,3591,3602,SMART1 M08,SMART1 O10,1.795,72.19,71.96,0.23,0.02553,310.6
86.0,6.5,3591,3603,SMART1 M08,SMART1 O11,2.217,72.19,72.49,0.3,0.02902,298.1
86.0,6.5,3591,3604,SMART1 M08,SMART1 O12,2.669,72.19,73.08,0.89,0.02528,302.2
86.0,6.5,3592,3593,SMART1 M09,SMART1 M10,0.525,72.16,72.35,0.19,0.02786,321.6
86.0,6.5,3592,3594,SMART1 M09,SMART1 M11,1.09,72.16,72.61,0.45,0.02902,310.9
86.0,6.5,3592,3595,SMART1 M09,SMART1 M12,1.502,72.16,72.91,0.75,0.02873,298.7
86.0,6.5,3592,3596,SMART1 M09,SMART1 O02,2.966,72.16,73.86,1.7,0.03121,303.4
86.0,6.5,3592,3597,SMART1 M09,SMART1 O03,3.068,72.16,73.87,1.71,0.03299,300.0
86.0,6.5,3592,3598,SMART1 M09,SMART1 O04,2.9,72.16,73.55,1.39,0.03036,304.9
86.0,6.5,3592,3599,SMART1 M09,SMART1 O05,2.652,72.16,73.05,0.89,0.02828,303.8
86.0,6.5,3592,3600,SMART1 M09,SMART1 O08,1.263,72.16,71.58,0.58,0.03075,339.5
86.0,6.5,3592,3601,SMART1 M09,SMART1 O09,1.003,72.16,71.6,0.56,0.02576,325.4
86.0,6.5,3592,3602,SMART1 M09,SMART1 O10,1.31,72.16,71.96,0.2,0.02736,320.9
86.0,6.5,3592,3603,SMART1 M09,SMART1 O11,1.766,72.16,72.49,0.33,0.03086,308.4
86.0,6.5,3592,3604,SMART1 M09,SMART1 O12,2.33,72.16,73.08,0.92,0.02711,312.5
86.0,6.5,3593,3594,SMART1 M10,SMART1 M11,0.571,72.35,72.61,0.26,0.02611,310.9
86.0,6.5,3593,3595,SMART1 M10,SMART1 M12,1.028,72.35,72.91,0.56,0.02582,298.7
86.0,6.5,3593,3596,SMART1 M10,SMART1 O02,2.624,72.35,73.86,1.51,0.0283,303.4
86.0,6.5,3593,3597,SMART1 M10,SMART1 O03,2.889,72.35,73.87,1.52,0.03009,300.0
86.0,6.5,3593,3598,SMART1 M10,SMART1 O04,2.897,72.35,73.55,1.2,0.02746,304.9
86.0,6.5,3593,3599,SMART1 M10,SMART1 O05,2.832,72.35,73.05,0.7,0.02538,303.8
86.0,6.5,3593,3600,SMART1 M10,SMART1 O08,1.781,72.35,71.58,0.77,0.02784,339.5
86.0,6.5,3593,3601,SMART1 M10,SMART1 O09,1.31,72.35,71.6,0.75,0.02286,325.4
86.0,6.5,3593,3602,SMART1 M10,SMART1 O10,1.099,72.35,71.96,0.39,0.02446,320.9
86.0,6.5,3593,3603,SMART1 M10,SMART1 O11,1.29,72.35,72.49,0.14,0.02795,308.4
86.0,6.5,3593,3604,SMART1 M10,SMART1 O12,1.806,72.35,73.08,0.73,0.0242,312.5
86.0,6.5,3594,3595,SMART1 M11,SMART1 M12,0.524,72.61,72.91,0.3,0.02698,288.0
86.0,6.5,3594,3596,SMART1 M11,SMART1 O02,2.23,72.61,73.86,1.25,0.02946,292.7
86.0,6.5,3594,3597,SMART1 M11,SMART1 O03,2.678,72.61,73.87,1.26,0.03125,289.3
86.0,6.5,3594,3598,SMART1 M11,SMART1 O04,2.883,72.61,73.55,0.94,0.02862,294.2
86.0,6.5,3594,3599,SMART1 M11,SMART1 O05,3.014,72.61,73.05,0.44,0.02654,293.1
86.0,6.5,3594,3600,SMART1 M11,SMART1 O08,2.351,72.61,71.58,1.03,0.029,328.8
86.0,6.5,3594,3601,SMART1 M11,SMART1 O09,1.818,72.61,71.6,1.01,0.02402,314.6
86.0,6.5,3594,3602,SMART1 M11,SMART1 O10,1.243,72.61,71.96,0.65,0.02562,310.2
86.0,6.5,3594,3603,SMART1 M11,SMART1 O11,0.942,72.61,72.49,0.12,0.02911,297.7
86.0,6.5,3594,3604,SMART1 M11,SMART1 O12,1.242,72.61,73.08,0.47,0.02536,301.8
86.0,6.5,3595,3596,SMART1 M12,SMART1 O02,1.718,72.91,73.86,0.95,0.02917,280.5
86.0,6.5,3595,3597,SMART1 M12,SMART1 O03,2.259,72.91,73.87,0.96,0.03096,277.1
86.0,6.5,3595,3598,SMART1 M12,SMART1 O04,2.607,72.91,73.55,0.64,0.02832,282.0
86.0,6.5,3595,3599,SMART1 M12,SMART1 O05,2.907,72.91,73.05,0.14,0.02624,280.9
86.0,6.5,3595,3600,SMART1 M12,SMART1 O08,2.754,72.91,71.58,1.33,0.02871,316.6
86.0,6.5,3595,3601,SMART1 M12,SMART1 O09,2.323,72.91,71.6,1.31,0.02372,302.4
86.0,6.5,3595,3602,SMART1 M12,SMART1 O10,1.741,72.91,71.96,0.95,0.02533,298.0
86.0,6.5,3595,3603,SMART1 M12,SMART1 O11,1.196,72.91,72.49,0.42,0.02882,285.5
86.0,6.5,3595,3604,SMART1 M12,SMART1 O12,1.003,72.91,73.08,0.17,0.02507,289.6
86.0,6.5,3596,3597,SMART1 O02,SMART1 O03,1.052,73.86,73.87,0.01,0.03344,281.7
86.0,6.5,3596,3598,SMART1 O02,SMART1 O04,1.961,73.86,73.55,0.31,0.03081,286.7
86.0,6.5,3596,3599,SMART1 O02,SMART1 O05,2.797,73.86,73.05,0.81,0.02873,285.6
86.0,6.5,3596,3600,SMART1 O02,SMART1 O08,4.068,73.86,71.58,2.28,0.03119,321.3
86.0,6.5,3596,3601,SMART1 O02,SMART1 O09,3.922,73.86,71.6,2.26,0.02621,307.1
86.0,6.5,3596,3602,SMART1 O02,SMART1 O10,3.459,73.86,71.96,1.9,0.02781,302.6
86.0,6.5,3596,3603,SMART1 O02,SMART1 O11,2.783,73.86,72.49,1.37,0.0313,290.1
86.0,6.5,3596,3604,SMART1 O02,SMART1 O12,1.988,73.86,73.08,0.78,0.02755,294.2
86.0,6.5,3597,3598,SMART1 O03,SMART1 O04,1.001,73.87,73.55,0.32,0.03259,283.3
86.0,6.5,3597,3599,SMART1 O03,SMART1 O05,1.968,73.87,73.05,0.82,0.03051,282.2
86.0,6.5,3597,3600,SMART1 O03,SMART1 O08,3.935,73.87,71.58,2.29,0.03298,317.9
86.0,6.5,3597,3601,SMART1 O03,SMART1 O09,4.071,73.87,71.6,2.27,0.02799,303.7
86.0,6.5,3597,3602,SMART1 O03,SMART1 O10,3.903,73.87,71.96,1.91,0.02959,299.2
86.0,6.5,3597,3603,SMART1 O03,SMART1 O11,3.447,73.87,72.49,1.38,0.03309,286.7
86.0,6.5,3597,3604,SMART1 O03,SMART1 O12,2.85,73.87,73.08,0.79,0.02934,290.8
86.0,6.5,3598,3599,SMART1 O04,SMART1 O05,1.012,73.55,73.05,0.5,0.02788,287.1
86.0,6.5,3598,3600,SMART1 O04,SMART1 O08,3.472,73.55,71.58,1.97,0.03034,322.8
86.0,6.5,3598,3601,SMART1 O04,SMART1 O09,3.863,73.55,71.6,1.95,0.02536,308.7
86.0,6.5,3598,3602,SMART1 O04,SMART1 O10,3.991,73.55,71.96,1.59,0.02696,304.2
86.0,6.5,3598,3603,SMART1 O04,SMART1 O11,3.779,73.55,72.49,1.06,0.03045,291.7
86.0,6.5,3598,3604,SMART1 O04,SMART1 O12,3.425,73.55,73.08,0.47,0.02671,295.8
86.0,6.5,3599,3600,SMART1 O05,SMART1 O08,2.854,73.05,71.58,1.47,0.02826,321.7
86.0,6.5,3599,3601,SMART1 O05,SMART1 O09,3.488,73.05,71.6,1.45,0.02328,307.6
86.0,6.5,3599,3602,SMART1 O05,SMART1 O10,3.909,73.05,71.96,1.09,0.02488,303.1
86.0,6.5,3599,3603,SMART1 O05,SMART1 O11,3.956,73.05,72.49,0.56,0.02837,290.6
86.0,6.5,3599,3604,SMART1 O05,SMART1 O12,3.86,73.05,73.08,0.03,0.02463,294.7
86.0,6.5,3600,3601,SMART1 O08,SMART1 O09,1.071,71.58,71.6,0.02,0.02574,343.3
86.0,6.5,3600,3602,SMART1 O08,SMART1 O10,2.156,71.58,71.96,0.38,0.02734,338.8
86.0,6.5,3600,3603,SMART1 O08,SMART1 O11,2.916,71.58,72.49,0.91,0.03084,326.3
86.0,6.5,3600,3604,SMART1 O08,SMART1 O12,3.586,71.58,73.08,1.5,0.02709,330.4
86.0,6.5,3601,3602,SMART1 O09,SMART1 O10,1.169,71.6,71.96,0.36,0.02236,324.6
86.0,6.5,3601,3603,SMART1 O09,SMART1 O11,2.079,71.6,72.49,0.89,0.02585,312.1
86.0,6.5,3601,3604,SMART1 O09,SMART1 O12,2.935,71.6,73.08,1.48,0.02211,316.2
86.0,6.5,3602,3603,SMART1 O10,SMART1 O11,1.005,71.96,72.49,0.53,0.02746,307.6
86.0,6.5,3602,3604,SMART1 O10,SMART1 O12,1.996,71.96,73.08,1.12,0.02371,311.7
86.0,6.5,3603,3604,SMART1 O11,SMART1 O12,1.031,72.49,73.08,0.59,0.0272,299.3
87.0,6.88,434,435,ANL-767 Reactor Plant (Bsmt),ANL-768 Power Plant (Bsmt),0.0,39.59,39.59,0.0,0.04148,445.7
87.0,6.88,436,437,CPP-601,CPP-610,0.678,32.88,32.5,0.38,0.05492,280.0
87.0,6.88,436,440,CPP-601,TRA-642 ETR Reactor Bldg(Bsmt),3.01,32.88,33.02,0.14,0.03558,302.1
87.0,6.88,436,441,CPP-601,TRA-670 ATR Reactor Bldg(Bsmt),2.615,32.88,32.9,0.02,0.0317,302.1
87.0,6.88,437,438,CPP-610,PBF (second bsmt),4.972,32.5,33.19,0.69,0.05957,327.7
87.0,6.88,437,440,CPP-610,TRA-642 ETR Reactor Bldg(Bsmt),3.426,32.5,33.02,0.52,0.04896,302.1
87.0,6.88,437,441,CPP-610,TRA-670 ATR Reactor Bldg(Bsmt),3.01,32.5,32.9,0.4,0.04508,302.1
87.0,6.88,440,441,TRA-642 ETR Reactor Bldg(Bsmt),TRA-670 ATR Reactor Bldg(Bsmt),0.426,33.02,32.9,0.12,0.02574,324.2
90.0,6.19,454,455,Gilroy - Gavilan Coll.,Gilroy Array #1,0.355,15.05,15.56,0.51,0.09242,1078.9
90.0,6.19,454,456,Gilroy - Gavilan Coll.,Gilroy Array #2,1.462,15.05,13.08,1.97,0.14087,500.2
90.0,6.19,454,457,Gilroy - Gavilan Coll.,Gilroy Array #3,3.241,15.05,10.29,4.76,0.15298,539.8
90.0,6.19,455,456,Gilroy Array #1,Gilroy Array #2,1.738,15.56,13.08,2.48,0.1255,849.5
90.0,6.19,455,457,Gilroy Array #1,Gilroy Array #3,3.557,15.56,10.29,5.27,0.13761,889.0
90.0,6.19,456,457,Gilroy Array #2,Gilroy Array #3,1.861,13.08,10.29,2.79,0.18606,310.3
90.0,6.19,456,458,Gilroy Array #2,Gilroy Array #4,3.685,13.08,7.62,5.46,0.23355,246.3
90.0,6.19,457,458,Gilroy Array #3,Gilroy Array #4,1.992,10.29,7.62,2.67,0.24566,285.8
90.0,6.19,458,459,Gilroy Array #4,Gilroy Array #6,4.372,7.62,0.95,6.67,0.28018,442.5
90.0,6.19,459,460,Gilroy Array #6,Gilroy Array #7,4.506,0.95,5.38,4.43,0.20443,498.6
90.0,6.19,462,464,Hollister City Hall,Hollister Differential Array #3,4.381,4.61,3.63,0.98,0.07269,207.2
90.0,6.19,462,471,Hollister City Hall,San Justo Dam (L Abut),4.752,4.61,9.32,4.71,0.07297,371.2
90.0,6.19,462,472,Hollister City Hall,San Justo Dam (R Abut),4.752,4.61,9.32,4.71,0.06869,371.2
90.0,6.19,471,472,San Justo Dam (L Abut),San Justo Dam (R Abut),0.0,9.32,9.32,0.0,0.07153,543.6
91.0,5.8,478,3606,Garigliano-Centrale Nucleare,Garigliano-Centrale Nucleare 2,0.0,63.55,63.55,0.0,0.06395,247.6
91.0,5.8,479,3607,Isernia-Sant'Agapito,San Agapito,1.892,0.13,3.07,2.94,0.0689,468.8
95.0,5.8,486,487,SMART1 C00,SMART1 I01,0.193,35.6,35.84,0.24,0.0873,292.6
95.0,5.8,486,488,SMART1 C00,SMART1 I07,0.204,35.6,35.34,0.26,0.05362,309.4
95.0,5.8,486,489,SMART1 C00,SMART1 M01,0.956,35.6,36.82,1.22,0.05186,288.9
95.0,5.8,486,490,SMART1 C00,SMART1 M07,1.024,35.6,34.29,1.31,0.06924,318.5
95.0,5.8,486,491,SMART1 C00,SMART1 O01,2.086,35.6,38.25,2.65,0.05968,288.5
95.0,5.8,486,492,SMART1 C00,SMART1 O07,1.984,35.6,33.07,2.53,0.06094,311.9
95.0,5.8,486,3608,SMART1 C00,SMART1 I02,0.202,35.6,35.81,0.21,0.0836,309.4
95.0,5.8,486,3609,SMART1 C00,SMART1 I03,0.222,35.6,35.75,0.15,0.06467,312.1
95.0,5.8,486,3610,SMART1 C00,SMART1 I04,0.227,35.6,35.61,0.01,0.08992,312.1
95.0,5.8,486,3611,SMART1 C00,SMART1 I05,0.218,35.6,35.49,0.11,0.06675,309.4
95.0,5.8,486,3612,SMART1 C00,SMART1 I06,0.199,35.6,35.38,0.22,0.059,309.4
95.0,5.8,486,3613,SMART1 C00,SMART1 I08,0.176,35.6,35.39,0.21,0.05506,309.4
95.0,5.8,486,3614,SMART1 C00,SMART1 I09,0.184,35.6,35.46,0.14,0.0576,309.4
95.0,5.8,486,3615,SMART1 C00,SMART1 I11,0.172,35.6,35.7,0.1,0.07408,309.4
95.0,5.8,486,3616,SMART1 C00,SMART1 I12,0.196,35.6,35.82,0.22,0.07039,292.6
95.0,5.8,486,3617,SMART1 C00,SMART1 M02,1.117,35.6,36.88,1.28,0.0693,308.1
95.0,5.8,486,3618,SMART1 C00,SMART1 M03,0.963,35.6,36.32,0.72,0.05492,308.1
95.0,5.8,486,3619,SMART1 C00,SMART1 M04,1.025,35.6,35.64,0.04,0.08933,307.9
95.0,5.8,486,3620,SMART1 C00,SMART1 M05,0.974,35.6,35.07,0.53,0.06394,307.9
95.0,5.8,486,3621,SMART1 C00,SMART1 M06,1.017,35.6,34.49,1.11,0.06102,308.9
95.0,5.8,486,3622,SMART1 C00,SMART1 M09,1.017,35.6,34.83,0.77,0.06054,315.5
95.0,5.8,486,3623,SMART1 C00,SMART1 M10,0.899,35.6,35.48,0.12,0.05675,315.5
95.0,5.8,486,3624,SMART1 C00,SMART1 M11,0.987,35.6,36.2,0.6,0.07168,304.8
95.0,5.8,486,3625,SMART1 C00,SMART1 M12,0.994,35.6,36.68,1.08,0.06381,292.6
95.0,5.8,486,3626,SMART1 C00,SMART1 O02,2.012,35.6,37.91,2.31,0.05432,297.2
95.0,5.8,486,3627,SMART1 C00,SMART1 O03,2.053,35.6,37.03,1.43,0.04811,293.9
95.0,5.8,486,3628,SMART1 C00,SMART1 O04,1.999,35.6,35.74,0.14,0.05759,298.8
95.0,5.8,486,3629,SMART1 C00,SMART1 O05,2.028,35.6,34.42,1.18,0.05192,297.7
95.0,5.8,486,3630,SMART1 C00,SMART1 O06,2.023,35.6,33.37,2.23,0.08049,301.4
95.0,5.8,486,3631,SMART1 C00,SMART1 O10,1.993,35.6,35.54,0.06,0.05417,314.8
95.0,5.8,486,3632,SMART1 C00,SMART1 O11,1.929,35.6,36.73,1.13,0.05086,302.3
95.0,5.8,486,3633,SMART1 C00,SMART1 O12,1.997,35.6,37.73,2.13,0.04547,306.4
95.0,5.8,487,488,SMART1 I01,SMART1 I07,0.397,35.84,35.34,0.5,0.07719,292.6
95.0,5.8,487,489,SMART1 I01,SMART1 M01,0.762,35.84,36.82,0.98,0.07542,272.1
95.0,5.8,487,490,SMART1 I01,SMART1 M07,1.217,35.84,34.29,1.55,0.0928,301.7
95.0,5.8,487,491,SMART1 I01,SMART1 O01,1.892,35.84,38.25,2.41,0.08324,271.7
95.0,5.8,487,492,SMART1 I01,SMART1 O07,2.177,35.84,33.07,2.77,0.0845,295.1
95.0,5.8,487,3608,SMART1 I01,SMART1 I02,0.124,35.84,35.81,0.03,0.10717,292.6
95.0,5.8,487,3609,SMART1 I01,SMART1 I03,0.211,35.84,35.75,0.09,0.08824,295.4
95.0,5.8,487,3610,SMART1 I01,SMART1 I04,0.296,35.84,35.61,0.23,0.11349,295.4
95.0,5.8,487,3611,SMART1 I01,SMART1 I05,0.348,35.84,35.49,0.35,0.09031,292.6
95.0,5.8,487,3612,SMART1 I01,SMART1 I06,0.379,35.84,35.38,0.46,0.08256,292.6
95.0,5.8,487,3613,SMART1 I01,SMART1 I08,0.362,35.84,35.39,0.45,0.07862,292.6
95.0,5.8,487,3614,SMART1 I01,SMART1 I09,0.332,35.84,35.46,0.38,0.08117,292.6
95.0,5.8,487,3615,SMART1 I01,SMART1 I11,0.175,35.84,35.7,0.14,0.09764,292.6
95.0,5.8,487,3616,SMART1 I01,SMART1 I12,0.091,35.84,35.82,0.02,0.09396,275.8
95.0,5.8,487,3617,SMART1 I01,SMART1 M02,0.95,35.84,36.88,1.04,0.09286,291.3
95.0,5.8,487,3618,SMART1 I01,SMART1 M03,0.873,35.84,36.32,0.48,0.07848,291.3
95.0,5.8,487,3619,SMART1 I01,SMART1 M04,1.044,35.84,35.64,0.2,0.11289,291.1
95.0,5.8,487,3620,SMART1 I01,SMART1 M05,1.075,35.84,35.07,0.77,0.08751,291.1
95.0,5.8,487,3621,SMART1 I01,SMART1 M06,1.188,35.84,34.49,1.35,0.08458,292.1
95.0,5.8,487,3622,SMART1 I01,SMART1 M09,1.138,35.84,34.83,1.01,0.0841,298.7
95.0,5.8,487,3623,SMART1 I01,SMART1 M10,0.931,35.84,35.48,0.36,0.08032,298.7
95.0,5.8,487,3624,SMART1 I01,SMART1 M11,0.902,35.84,36.2,0.36,0.09524,288.0
95.0,5.8,487,3625,SMART1 I01,SMART1 M12,0.829,35.84,36.68,0.84,0.08737,275.8
95.0,5.8,487,3626,SMART1 I01,SMART1 O02,1.848,35.84,37.91,2.07,0.07789,280.5
95.0,5.8,487,3627,SMART1 I01,SMART1 O03,1.966,35.84,37.03,1.19,0.07167,277.1
95.0,5.8,487,3628,SMART1 I01,SMART1 O04,2.005,35.84,35.74,0.1,0.08116,282.0
95.0,5.8,487,3629,SMART1 I01,SMART1 O05,2.126,35.84,34.42,1.42,0.07548,280.9
95.0,5.8,487,3630,SMART1 I01,SMART1 O06,2.192,35.84,33.37,2.47,0.10405,284.6
95.0,5.8,487,3631,SMART1 I01,SMART1 O10,1.998,35.84,35.54,0.3,0.07773,298.0
95.0,5.8,487,3632,SMART1 I01,SMART1 O11,1.838,35.84,36.73,0.89,0.07443,285.5
95.0,5.8,487,3633,SMART1 I01,SMART1 O12,1.83,35.84,37.73,1.89,0.06904,289.6
95.0,5.8,488,489,SMART1 I07,SMART1 M01,1.16,35.34,36.82,1.48,0.04175,288.9
95.0,5.8,488,490,SMART1 I07,SMART1 M07,0.82,35.34,34.29,1.05,0.05913,318.5
95.0,5.8,488,491,SMART1 I07,SMART1 O01,2.29,35.34,38.25,2.91,0.04957,288.5
95.0,5.8,488,492,SMART1 I07,SMART1 O07,1.781,35.34,33.07,2.27,0.05083,311.9
95.0,5.8,488,3608,SMART1 I07,SMART1 I02,0.385,35.34,35.81,0.47,0.07349,309.4
95.0,5.8,488,3609,SMART1 I07,SMART1 I03,0.367,35.34,35.75,0.41,0.05456,312.1
95.0,5.8,488,3610,SMART1 I07,SMART1 I04,0.305,35.34,35.61,0.27,0.07981,312.1
95.0,5.8,488,3611,SMART1 I07,SMART1 I05,0.222,35.34,35.49,0.15,0.05664,309.4
95.0,5.8,488,3612,SMART1 I07,SMART1 I06,0.102,35.34,35.38,0.04,0.04889,309.4
95.0,5.8,488,3613,SMART1 I07,SMART1 I08,0.082,35.34,35.39,0.05,0.04495,309.4
95.0,5.8,488,3614,SMART1 I07,SMART1 I09,0.187,35.34,35.46,0.12,0.04749,309.4
95.0,5.8,488,3615,SMART1 I07,SMART1 I11,0.332,35.34,35.7,0.36,0.06397,309.4
95.0,5.8,488,3616,SMART1 I07,SMART1 I12,0.389,35.34,35.82,0.48,0.06028,292.6
95.0,5.8,488,3617,SMART1 I07,SMART1 M02,1.3,35.34,36.88,1.54,0.05919,308.1
95.0,5.8,488,3618,SMART1 I07,SMART1 M03,1.086,35.34,36.32,0.98,0.0448,308.1
95.0,5.8,488,3619,SMART1 I07,SMART1 M04,1.041,35.34,35.64,0.3,0.07922,307.9
95.0,5.8,488,3620,SMART1 I07,SMART1 M05,0.898,35.34,35.07,0.27,0.05383,307.9
95.0,5.8,488,3621,SMART1 I07,SMART1 M06,0.845,35.34,34.49,0.85,0.0509,308.9
95.0,5.8,488,3622,SMART1 I07,SMART1 M09,0.919,35.34,34.83,0.51,0.05043,315.5
95.0,5.8,488,3623,SMART1 I07,SMART1 M10,0.912,35.34,35.48,0.14,0.04664,315.5
95.0,5.8,488,3624,SMART1 I07,SMART1 M11,1.109,35.34,36.2,0.86,0.06157,304.8
95.0,5.8,488,3625,SMART1 I07,SMART1 M12,1.18,35.34,36.68,1.34,0.0537,292.6
95.0,5.8,488,3626,SMART1 I07,SMART1 O02,2.189,35.34,37.91,2.57,0.04421,297.2
95.0,5.8,488,3627,SMART1 I07,SMART1 O03,2.159,35.34,37.03,1.69,0.038,293.9
95.0,5.8,488,3628,SMART1 I07,SMART1 O04,2.01,35.34,35.74,0.4,0.04748,298.8
95.0,5.8,488,3629,SMART1 I07,SMART1 O05,1.937,35.34,34.42,0.92,0.04181,297.7
95.0,5.8,488,3630,SMART1 I07,SMART1 O06,1.848,35.34,33.37,1.97,0.07038,301.4
95.0,5.8,488,3631,SMART1 I07,SMART1 O10,2.01,35.34,35.54,0.2,0.04406,314.8
95.0,5.8,488,3632,SMART1 I07,SMART1 O11,2.043,35.34,36.73,1.39,0.04075,302.3
95.0,5.8,488,3633,SMART1 I07,SMART1 O12,2.18,35.34,37.73,2.39,0.03536,306.4
95.0,5.8,489,490,SMART1 M01,SMART1 M07,1.979,36.82,34.29,2.53,0.05736,298.0
95.0,5.8,489,491,SMART1 M01,SMART1 O01,1.13,36.82,38.25,1.43,0.04781,268.0
95.0,5.8,489,492,SMART1 M01,SMART1 O07,2.938,36.82,33.07,3.75,0.04906,291.4
95.0,5.8,489,3608,SMART1 M01,SMART1 I02,0.802,36.82,35.81,1.01,0.07173,288.9
95.0,5.8,489,3609,SMART1 M01,SMART1 I03,0.867,36.82,35.75,1.07,0.0528,291.6
95.0,5.8,489,3610,SMART1 M01,SMART1 I04,0.979,36.82,35.61,1.21,0.07805,291.6
95.0,5.8,489,3611,SMART1 M01,SMART1 I05,1.068,36.82,35.49,1.33,0.05488,288.9
95.0,5.8,489,3612,SMART1 M01,SMART1 I06,1.132,36.82,35.38,1.44,0.04712,288.9
95.0,5.8,489,3613,SMART1 M01,SMART1 I08,1.12,36.82,35.39,1.43,0.04318,288.9
95.0,5.8,489,3614,SMART1 M01,SMART1 I09,1.068,36.82,35.46,1.36,0.04573,288.9
95.0,5.8,489,3615,SMART1 M01,SMART1 I11,0.874,36.82,35.7,1.12,0.0622,288.9
95.0,5.8,489,3616,SMART1 M01,SMART1 I12,0.787,36.82,35.82,1.0,0.05852,272.1
95.0,5.8,489,3617,SMART1 M01,SMART1 M02,0.521,36.82,36.88,0.06,0.05743,287.6
95.0,5.8,489,3618,SMART1 M01,SMART1 M03,0.913,36.82,36.32,0.5,0.04304,287.6
95.0,5.8,489,3619,SMART1 M01,SMART1 M04,1.405,36.82,35.64,1.18,0.07746,287.4
95.0,5.8,489,3620,SMART1 M01,SMART1 M05,1.642,36.82,35.07,1.75,0.05207,287.4
95.0,5.8,489,3621,SMART1 M01,SMART1 M06,1.905,36.82,34.49,2.33,0.04914,288.4
95.0,5.8,489,3622,SMART1 M01,SMART1 M09,1.748,36.82,34.83,1.99,0.04867,295.0
95.0,5.8,489,3623,SMART1 M01,SMART1 M10,1.353,36.82,35.48,1.34,0.04488,295.0
95.0,5.8,489,3624,SMART1 M01,SMART1 M11,0.954,36.82,36.2,0.62,0.05981,284.3
95.0,5.8,489,3625,SMART1 M01,SMART1 M12,0.475,36.82,36.68,0.14,0.05193,272.1
95.0,5.8,489,3626,SMART1 M01,SMART1 O02,1.283,36.82,37.91,1.09,0.04245,276.7
95.0,5.8,489,3627,SMART1 M01,SMART1 O03,1.787,36.82,37.03,0.21,0.03623,273.3
95.0,5.8,489,3628,SMART1 M01,SMART1 O04,2.2,36.82,35.74,1.08,0.04572,278.3
95.0,5.8,489,3629,SMART1 M01,SMART1 O05,2.617,36.82,34.42,2.4,0.04005,277.2
95.0,5.8,489,3630,SMART1 M01,SMART1 O06,2.889,36.82,33.37,3.45,0.06861,280.9
95.0,5.8,489,3631,SMART1 M01,SMART1 O10,2.195,36.82,35.54,1.28,0.0423,294.2
95.0,5.8,489,3632,SMART1 M01,SMART1 O11,1.66,36.82,36.73,0.09,0.03899,281.8
95.0,5.8,489,3633,SMART1 M01,SMART1 O12,1.25,36.82,37.73,0.91,0.0336,285.9
95.0,5.8,490,491,SMART1 M07,SMART1 O01,3.108,34.29,38.25,3.96,0.06518,297.6
95.0,5.8,490,492,SMART1 M07,SMART1 O07,0.979,34.29,33.07,1.22,0.06644,321.0
95.0,5.8,490,3608,SMART1 M07,SMART1 I02,1.197,34.29,35.81,1.52,0.08911,318.5
95.0,5.8,490,3609,SMART1 M07,SMART1 I03,1.158,34.29,35.75,1.46,0.07018,321.2
95.0,5.8,490,3610,SMART1 M07,SMART1 I04,1.062,34.29,35.61,1.32,0.09543,321.2
95.0,5.8,490,3611,SMART1 M07,SMART1 I05,0.96,34.29,35.49,1.2,0.07225,318.5
95.0,5.8,490,3612,SMART1 M07,SMART1 I06,0.863,34.29,35.38,1.09,0.0645,318.5
95.0,5.8,490,3613,SMART1 M07,SMART1 I08,0.86,34.29,35.39,1.1,0.06056,318.5
95.0,5.8,490,3614,SMART1 M07,SMART1 I09,0.927,34.29,35.46,1.17,0.06311,318.5
95.0,5.8,490,3615,SMART1 M07,SMART1 I11,1.121,34.29,35.7,1.41,0.07958,318.5
95.0,5.8,490,3616,SMART1 M07,SMART1 I12,1.198,34.29,35.82,1.53,0.0759,301.7
95.0,5.8,490,3617,SMART1 M07,SMART1 M02,2.09,34.29,36.88,2.59,0.0748,317.2
95.0,5.8,490,3618,SMART1 M07,SMART1 M03,1.769,34.29,36.32,2.03,0.06042,317.2
95.0,5.8,490,3619,SMART1 M07,SMART1 M04,1.478,34.29,35.64,1.35,0.09484,317.0
95.0,5.8,490,3620,SMART1 M07,SMART1 M05,1.088,34.29,35.07,0.78,0.06945,317.0
95.0,5.8,490,3621,SMART1 M07,SMART1 M06,0.576,34.29,34.49,0.2,0.06652,318.0
95.0,5.8,490,3622,SMART1 M07,SMART1 M09,0.905,34.29,34.83,0.54,0.06604,324.6
95.0,5.8,490,3623,SMART1 M07,SMART1 M10,1.286,34.29,35.48,1.19,0.06226,324.6
95.0,5.8,490,3624,SMART1 M07,SMART1 M11,1.729,34.29,36.2,1.91,0.07719,313.9
95.0,5.8,490,3625,SMART1 M07,SMART1 M12,1.946,34.29,36.68,2.39,0.06931,301.7
95.0,5.8,490,3626,SMART1 M07,SMART1 O02,2.956,34.29,37.91,3.62,0.05983,306.4
95.0,5.8,490,3627,SMART1 M07,SMART1 O03,2.74,34.29,37.03,2.74,0.05361,303.0
95.0,5.8,490,3628,SMART1 M07,SMART1 O04,2.303,34.29,35.74,1.45,0.0631,307.9
95.0,5.8,490,3629,SMART1 M07,SMART1 O05,1.837,34.29,34.42,0.13,0.05742,306.8
95.0,5.8,490,3630,SMART1 M07,SMART1 O06,1.29,34.29,33.37,0.92,0.08599,310.5
95.0,5.8,490,3631,SMART1 M07,SMART1 O10,2.214,34.29,35.54,1.25,0.05968,323.9
95.0,5.8,490,3632,SMART1 M07,SMART1 O11,2.574,34.29,36.73,2.44,0.05637,311.4
95.0,5.8,490,3633,SMART1 M07,SMART1 O12,2.919,34.29,37.73,3.44,0.05098,315.5
95.0,5.8,491,492,SMART1 O01,SMART1 O07,4.068,38.25,33.07,5.18,0.05688,291.0
95.0,5.8,491,3608,SMART1 O01,SMART1 I02,1.929,38.25,35.81,2.44,0.07955,288.5
95.0,5.8,491,3609,SMART1 O01,SMART1 I03,1.989,38.25,35.75,2.5,0.06062,291.3
95.0,5.8,491,3610,SMART1 O01,SMART1 I04,2.098,38.25,35.61,2.64,0.08587,291.3
95.0,5.8,491,3611,SMART1 O01,SMART1 I05,2.192,38.25,35.49,2.76,0.0627,288.5
95.0,5.8,491,3612,SMART1 O01,SMART1 I06,2.261,38.25,35.38,2.87,0.05494,288.5
95.0,5.8,491,3613,SMART1 O01,SMART1 I08,2.248,38.25,35.39,2.86,0.051,288.5
95.0,5.8,491,3614,SMART1 O01,SMART1 I09,2.19,38.25,35.46,2.79,0.05355,288.5
95.0,5.8,491,3615,SMART1 O01,SMART1 I11,1.994,38.25,35.7,2.55,0.07002,288.5
95.0,5.8,491,3616,SMART1 O01,SMART1 I12,1.912,38.25,35.82,2.43,0.06634,271.7
95.0,5.8,491,3617,SMART1 O01,SMART1 M02,1.23,38.25,36.88,1.37,0.06524,287.2
95.0,5.8,491,3618,SMART1 O01,SMART1 M03,1.772,38.25,36.32,1.93,0.05086,287.2
95.0,5.8,491,3619,SMART1 O01,SMART1 M04,2.345,38.25,35.64,2.61,0.08528,287.0
95.0,5.8,491,3620,SMART1 O01,SMART1 M05,2.681,38.25,35.07,3.18,0.05989,287.0
95.0,5.8,491,3621,SMART1 O01,SMART1 M06,3.015,38.25,34.49,3.76,0.05696,288.0
95.0,5.8,491,3622,SMART1 O01,SMART1 M09,2.781,38.25,34.83,3.42,0.05649,294.6
95.0,5.8,491,3623,SMART1 O01,SMART1 M10,2.309,38.25,35.48,2.77,0.0527,294.6
95.0,5.8,491,3624,SMART1 O01,SMART1 M11,1.769,38.25,36.2,2.05,0.06763,283.9
95.0,5.8,491,3625,SMART1 O01,SMART1 M12,1.283,38.25,36.68,1.57,0.05975,271.7
95.0,5.8,491,3626,SMART1 O01,SMART1 O02,1.115,38.25,37.91,0.34,0.05027,276.4
95.0,5.8,491,3627,SMART1 O01,SMART1 O03,2.116,38.25,37.03,1.22,0.04405,273.0
95.0,5.8,491,3628,SMART1 O01,SMART1 O04,2.89,38.25,35.74,2.51,0.05354,278.0
95.0,5.8,491,3629,SMART1 O01,SMART1 O05,3.547,38.25,34.42,3.83,0.04787,276.9
95.0,5.8,491,3630,SMART1 O01,SMART1 O06,3.976,38.25,33.37,4.88,0.07643,280.6
95.0,5.8,491,3631,SMART1 O01,SMART1 O10,2.832,38.25,35.54,2.71,0.05012,293.9
95.0,5.8,491,3632,SMART1 O01,SMART1 O11,1.961,38.25,36.73,1.52,0.04681,281.4
95.0,5.8,491,3633,SMART1 O01,SMART1 O12,0.989,38.25,37.73,0.52,0.04142,285.5
95.0,5.8,492,3608,SMART1 O07,SMART1 I02,2.14,33.07,35.81,2.74,0.08081,311.9
95.0,5.8,492,3609,SMART1 O07,SMART1 I03,2.087,33.07,35.75,2.68,0.06188,314.6
95.0,5.8,492,3610,SMART1 O07,SMART1 I04,1.981,33.07,35.61,2.54,0.08713,314.6
95.0,5.8,492,3611,SMART1 O07,SMART1 I05,1.883,33.07,35.49,2.42,0.06395,311.9
95.0,5.8,492,3612,SMART1 O07,SMART1 I06,1.806,33.07,35.38,2.31,0.0562,311.9
95.0,5.8,492,3613,SMART1 O07,SMART1 I08,1.83,33.07,35.39,2.32,0.05226,311.9
95.0,5.8,492,3614,SMART1 O07,SMART1 I09,1.903,33.07,35.46,2.39,0.05481,311.9
95.0,5.8,492,3615,SMART1 O07,SMART1 I11,2.095,33.07,35.7,2.63,0.07128,311.9
95.0,5.8,492,3616,SMART1 O07,SMART1 I12,2.167,33.07,35.82,2.75,0.0676,295.1
95.0,5.8,492,3617,SMART1 O07,SMART1 M02,2.986,33.07,36.88,3.81,0.0665,310.6
95.0,5.8,492,3618,SMART1 O07,SMART1 M03,2.584,33.07,36.32,3.25,0.05212,310.6
95.0,5.8,492,3619,SMART1 O07,SMART1 M04,2.149,33.07,35.64,2.57,0.08654,310.4
95.0,5.8,492,3620,SMART1 O07,SMART1 M05,1.692,33.07,35.07,2.0,0.06115,310.4
95.0,5.8,492,3621,SMART1 O07,SMART1 M06,1.15,33.07,34.49,1.42,0.05822,311.4
95.0,5.8,492,3622,SMART1 O07,SMART1 M09,1.722,33.07,34.83,1.76,0.05774,318.0
95.0,5.8,492,3623,SMART1 O07,SMART1 M10,2.196,33.07,35.48,2.41,0.05396,318.0
95.0,5.8,492,3624,SMART1 O07,SMART1 M11,2.687,33.07,36.2,3.13,0.06889,307.3
95.0,5.8,492,3625,SMART1 O07,SMART1 M12,2.924,33.07,36.68,3.61,0.06101,295.1
95.0,5.8,492,3626,SMART1 O07,SMART1 O02,3.807,33.07,37.91,4.84,0.05153,299.7
95.0,5.8,492,3627,SMART1 O07,SMART1 O03,3.399,33.07,37.03,3.96,0.04531,296.3
95.0,5.8,492,3628,SMART1 O07,SMART1 O04,2.719,33.07,35.74,2.67,0.0548,301.3
95.0,5.8,492,3629,SMART1 O07,SMART1 O05,1.915,33.07,34.42,1.35,0.04912,300.2
95.0,5.8,492,3630,SMART1 O07,SMART1 O06,0.88,33.07,33.37,0.3,0.07769,303.9
95.0,5.8,492,3631,SMART1 O07,SMART1 O10,2.954,33.07,35.54,2.47,0.05138,317.2
95.0,5.8,492,3632,SMART1 O07,SMART1 O11,3.48,33.07,36.73,3.66,0.04807,304.8
95.0,5.8,492,3633,SMART1 O07,SMART1 O12,3.894,33.07,37.73,4.66,0.04268,308.8
95.0,5.8,3608,3609,SMART1 I02,SMART1 I03,0.09,35.81,35.75,0.06,0.08454,312.1
95.0,5.8,3608,3610,SMART1 I02,SMART1 I04,0.191,35.81,35.61,0.2,0.10979,312.1
95.0,5.8,3608,3611,SMART1 I02,SMART1 I05,0.268,35.81,35.49,0.32,0.08662,309.4
95.0,5.8,3608,3612,SMART1 I02,SMART1 I06,0.335,35.81,35.38,0.43,0.07887,309.4
95.0,5.8,3608,3613,SMART1 I02,SMART1 I08,0.376,35.81,35.39,0.42,0.07493,309.4
95.0,5.8,3608,3614,SMART1 I02,SMART1 I09,0.38,35.81,35.46,0.35,0.07747,309.4
95.0,5.8,3608,3615,SMART1 I02,SMART1 I11,0.273,35.81,35.7,0.11,0.09395,309.4
95.0,5.8,3608,3616,SMART1 I02,SMART1 I12,0.21,35.81,35.82,0.01,0.09026,292.6
95.0,5.8,3608,3617,SMART1 I02,SMART1 M02,0.918,35.81,36.88,1.07,0.08917,308.1
95.0,5.8,3608,3618,SMART1 I02,SMART1 M03,0.777,35.81,36.32,0.51,0.07478,308.1
95.0,5.8,3608,3619,SMART1 I02,SMART1 M04,0.92,35.81,35.64,0.17,0.1092,307.9
95.0,5.8,3608,3620,SMART1 I02,SMART1 M05,0.961,35.81,35.07,0.74,0.08381,307.9
95.0,5.8,3608,3621,SMART1 I02,SMART1 M06,1.113,35.81,34.49,1.32,0.08088,308.9
95.0,5.8,3608,3622,SMART1 I02,SMART1 M09,1.21,35.81,34.83,0.98,0.08041,315.5
95.0,5.8,3608,3623,SMART1 I02,SMART1 M10,1.041,35.81,35.48,0.33,0.07662,315.5
95.0,5.8,3608,3624,SMART1 I02,SMART1 M11,1.026,35.81,36.2,0.39,0.09155,304.8
95.0,5.8,3608,3625,SMART1 I02,SMART1 M12,0.926,35.81,36.68,0.87,0.08367,292.6
95.0,5.8,3608,3626,SMART1 I02,SMART1 O02,1.811,35.81,37.91,2.1,0.07419,297.2
95.0,5.8,3608,3627,SMART1 I02,SMART1 O03,1.871,35.81,37.03,1.22,0.06798,293.9
95.0,5.8,3608,3628,SMART1 I02,SMART1 O04,1.883,35.81,35.74,0.07,0.07746,298.8
95.0,5.8,3608,3629,SMART1 I02,SMART1 O05,2.008,35.81,34.42,1.39,0.07179,297.7
95.0,5.8,3608,3630,SMART1 I02,SMART1 O06,2.111,35.81,33.37,2.44,0.10036,301.4
95.0,5.8,3608,3631,SMART1 I02,SMART1 O10,2.116,35.81,35.54,0.27,0.07404,314.8
95.0,5.8,3608,3632,SMART1 I02,SMART1 O11,1.96,35.81,36.73,0.92,0.07073,302.3
95.0,5.8,3608,3633,SMART1 I02,SMART1 O12,1.922,35.81,37.73,1.92,0.06534,306.4
95.0,5.8,3609,3610,SMART1 I03,SMART1 I04,0.112,35.75,35.61,0.14,0.09086,314.9
95.0,5.8,3609,3611,SMART1 I03,SMART1 I05,0.204,35.75,35.49,0.26,0.06769,312.1
95.0,5.8,3609,3612,SMART1 I03,SMART1 I06,0.297,35.75,35.38,0.37,0.05994,312.1
95.0,5.8,3609,3613,SMART1 I03,SMART1 I08,0.378,35.75,35.39,0.36,0.056,312.1
95.0,5.8,3609,3614,SMART1 I03,SMART1 I09,0.406,35.75,35.46,0.29,0.05854,312.1
95.0,5.8,3609,3615,SMART1 I03,SMART1 I11,0.338,35.75,35.7,0.05,0.07502,312.1
95.0,5.8,3609,3616,SMART1 I03,SMART1 I12,0.29,35.75,35.82,0.07,0.07133,295.4
95.0,5.8,3609,3617,SMART1 I03,SMART1 M02,0.937,35.75,36.88,1.13,0.07024,310.8
95.0,5.8,3609,3618,SMART1 I03,SMART1 M03,0.741,35.75,36.32,0.57,0.05586,310.8
95.0,5.8,3609,3619,SMART1 I03,SMART1 M04,0.839,35.75,35.64,0.11,0.09027,310.6
95.0,5.8,3609,3620,SMART1 I03,SMART1 M05,0.871,35.75,35.07,0.68,0.06488,310.6
95.0,5.8,3609,3621,SMART1 I03,SMART1 M06,1.039,35.75,34.49,1.26,0.06196,311.6
95.0,5.8,3609,3622,SMART1 I03,SMART1 M09,1.239,35.75,34.83,0.92,0.06148,318.3
95.0,5.8,3609,3623,SMART1 I03,SMART1 M10,1.103,35.75,35.48,0.27,0.05769,318.3
95.0,5.8,3609,3624,SMART1 I03,SMART1 M11,1.113,35.75,36.2,0.45,0.07262,307.6
95.0,5.8,3609,3625,SMART1 I03,SMART1 M12,1.013,35.75,36.68,0.93,0.06475,295.4
95.0,5.8,3609,3626,SMART1 I03,SMART1 O02,1.822,35.75,37.91,2.16,0.05526,300.0
95.0,5.8,3609,3627,SMART1 I03,SMART1 O03,1.831,35.75,37.03,1.28,0.04905,296.6
95.0,5.8,3609,3628,SMART1 I03,SMART1 O04,1.807,35.75,35.74,0.01,0.05853,301.6
95.0,5.8,3609,3629,SMART1 I03,SMART1 O05,1.918,35.75,34.42,1.33,0.05286,300.5
95.0,5.8,3609,3630,SMART1 I03,SMART1 O06,2.033,35.75,33.37,2.38,0.08143,304.2
95.0,5.8,3609,3631,SMART1 I03,SMART1 O10,2.187,35.75,35.54,0.21,0.05511,317.5
95.0,5.8,3609,3632,SMART1 I03,SMART1 O11,2.049,35.75,36.73,0.98,0.0518,305.0
95.0,5.8,3609,3633,SMART1 I03,SMART1 O12,2.007,35.75,37.73,1.98,0.04641,309.1
95.0,5.8,3610,3611,SMART1 I04,SMART1 I05,0.102,35.61,35.49,0.12,0.09294,312.1
95.0,5.8,3610,3612,SMART1 I04,SMART1 I06,0.217,35.61,35.38,0.23,0.08519,312.1
95.0,5.8,3610,3613,SMART1 I04,SMART1 I08,0.338,35.61,35.39,0.22,0.08125,312.1
95.0,5.8,3610,3614,SMART1 I04,SMART1 I09,0.395,35.61,35.46,0.15,0.08379,312.1
95.0,5.8,3610,3615,SMART1 I04,SMART1 I11,0.382,35.61,35.7,0.09,0.10027,312.1
95.0,5.8,3610,3616,SMART1 I04,SMART1 I12,0.359,35.61,35.82,0.21,0.09658,295.4
95.0,5.8,3610,3617,SMART1 I04,SMART1 M02,1.028,35.61,36.88,1.27,0.09549,310.8
95.0,5.8,3610,3618,SMART1 I04,SMART1 M03,0.781,35.61,36.32,0.71,0.0811,310.8
95.0,5.8,3610,3619,SMART1 I04,SMART1 M04,0.798,35.61,35.64,0.03,0.11552,310.6
95.0,5.8,3610,3620,SMART1 I04,SMART1 M05,0.78,35.61,35.07,0.54,0.09013,310.6
95.0,5.8,3610,3621,SMART1 I04,SMART1 M06,0.927,35.61,34.49,1.12,0.0872,311.6
95.0,5.8,3610,3622,SMART1 I04,SMART1 M09,1.212,35.61,34.83,0.78,0.08673,318.3
95.0,5.8,3610,3623,SMART1 I04,SMART1 M10,1.126,35.61,35.48,0.13,0.08294,318.3
95.0,5.8,3610,3624,SMART1 I04,SMART1 M11,1.185,35.61,36.2,0.59,0.09787,307.6
95.0,5.8,3610,3625,SMART1 I04,SMART1 M12,1.117,35.61,36.68,1.07,0.09,295.4
95.0,5.8,3610,3626,SMART1 I04,SMART1 O02,1.904,35.61,37.91,2.3,0.08051,300.0
95.0,5.8,3610,3627,SMART1 I04,SMART1 O03,1.858,35.61,37.03,1.42,0.0743,296.6
95.0,5.8,3610,3628,SMART1 I04,SMART1 O04,1.772,35.61,35.74,0.13,0.08378,301.6
95.0,5.8,3610,3629,SMART1 I04,SMART1 O05,1.833,35.61,34.42,1.19,0.07811,300.5
95.0,5.8,3610,3630,SMART1 I04,SMART1 O06,1.922,35.61,33.37,2.24,0.10668,304.2
95.0,5.8,3610,3631,SMART1 I04,SMART1 O10,2.219,35.61,35.54,0.07,0.08036,317.5
95.0,5.8,3610,3632,SMART1 I04,SMART1 O11,2.126,35.61,36.73,1.12,0.07705,305.0
95.0,5.8,3610,3633,SMART1 I04,SMART1 O12,2.114,35.61,37.73,2.12,0.07166,309.1
95.0,5.8,3611,3612,SMART1 I05,SMART1 I06,0.124,35.49,35.38,0.11,0.06202,309.4
95.0,5.8,3611,3613,SMART1 I05,SMART1 I08,0.273,35.49,35.39,0.1,0.05808,309.4
95.0,5.8,3611,3614,SMART1 I05,SMART1 I09,0.35,35.49,35.46,0.03,0.06062,309.4
95.0,5.8,3611,3615,SMART1 I05,SMART1 I11,0.389,35.49,35.7,0.21,0.0771,309.4
95.0,5.8,3611,3616,SMART1 I05,SMART1 I12,0.392,35.49,35.82,0.33,0.07341,292.6
95.0,5.8,3611,3617,SMART1 I05,SMART1 M02,1.13,35.49,36.88,1.39,0.07232,308.1
95.0,5.8,3611,3618,SMART1 I05,SMART1 M03,0.871,35.49,36.32,0.83,0.05793,308.1
95.0,5.8,3611,3619,SMART1 I05,SMART1 M04,0.833,35.49,35.64,0.15,0.09235,307.9
95.0,5.8,3611,3620,SMART1 I05,SMART1 M05,0.756,35.49,35.07,0.42,0.06696,307.9
95.0,5.8,3611,3621,SMART1 I05,SMART1 M06,0.846,35.49,34.49,1.0,0.06403,308.9
95.0,5.8,3611,3622,SMART1 I05,SMART1 M09,1.141,35.49,34.83,0.66,0.06356,315.5
95.0,5.8,3611,3623,SMART1 I05,SMART1 M10,1.094,35.49,35.48,0.01,0.05977,315.5
95.0,5.8,3611,3624,SMART1 I05,SMART1 M11,1.204,35.49,36.2,0.71,0.0747,304.8
95.0,5.8,3611,3625,SMART1 I05,SMART1 M12,1.177,35.49,36.68,1.19,0.06682,292.6
95.0,5.8,3611,3626,SMART1 I05,SMART1 O02,2.005,35.49,37.91,2.42,0.05734,297.2
95.0,5.8,3611,3627,SMART1 I05,SMART1 O03,1.937,35.49,37.03,1.54,0.05112,293.9
95.0,5.8,3611,3628,SMART1 I05,SMART1 O04,1.807,35.49,35.74,0.25,0.06061,298.8
95.0,5.8,3611,3629,SMART1 I05,SMART1 O05,1.81,35.49,34.42,1.07,0.05494,297.7
95.0,5.8,3611,3630,SMART1 I05,SMART1 O06,1.847,35.49,33.37,2.12,0.0835,301.4
95.0,5.8,3611,3631,SMART1 I05,SMART1 O10,2.192,35.49,35.54,0.05,0.05719,314.8
95.0,5.8,3611,3632,SMART1 I05,SMART1 O11,2.146,35.49,36.73,1.24,0.05388,302.3
95.0,5.8,3611,3633,SMART1 I05,SMART1 O12,2.178,35.49,37.73,2.24,0.04849,306.4
95.0,5.8,3612,3613,SMART1 I06,SMART1 I08,0.168,35.38,35.39,0.01,0.05032,309.4
95.0,5.8,3612,3614,SMART1 I06,SMART1 I09,0.263,35.38,35.46,0.08,0.05287,309.4
95.0,5.8,3612,3615,SMART1 I06,SMART1 I11,0.361,35.38,35.7,0.32,0.06934,309.4
95.0,5.8,3612,3616,SMART1 I06,SMART1 I12,0.394,35.38,35.82,0.44,0.06566,292.6
95.0,5.8,3612,3617,SMART1 I06,SMART1 M02,1.234,35.38,36.88,1.5,0.06456,308.1
95.0,5.8,3612,3618,SMART1 I06,SMART1 M03,0.994,35.38,36.32,0.94,0.05018,308.1
95.0,5.8,3612,3619,SMART1 I06,SMART1 M04,0.94,35.38,35.64,0.26,0.0846,307.9
95.0,5.8,3612,3620,SMART1 I06,SMART1 M05,0.815,35.38,35.07,0.31,0.05921,307.9
95.0,5.8,3612,3621,SMART1 I06,SMART1 M06,0.818,35.38,34.49,0.89,0.05628,308.9
95.0,5.8,3612,3622,SMART1 I06,SMART1 M09,1.02,35.38,34.83,0.55,0.05581,315.5
95.0,5.8,3612,3623,SMART1 I06,SMART1 M10,1.003,35.38,35.48,0.1,0.05202,315.5
95.0,5.8,3612,3624,SMART1 I06,SMART1 M11,1.165,35.38,36.2,0.82,0.06695,304.8
95.0,5.8,3612,3625,SMART1 I06,SMART1 M12,1.193,35.38,36.68,1.3,0.05907,292.6
95.0,5.8,3612,3626,SMART1 I06,SMART1 O02,2.117,35.38,37.91,2.53,0.04959,297.2
95.0,5.8,3612,3627,SMART1 I06,SMART1 O03,2.061,35.38,37.03,1.65,0.04337,293.9
95.0,5.8,3612,3628,SMART1 I06,SMART1 O04,1.91,35.38,35.74,0.36,0.05286,298.8
95.0,5.8,3612,3629,SMART1 I06,SMART1 O05,1.862,35.38,34.42,0.96,0.04719,297.7
95.0,5.8,3612,3630,SMART1 I06,SMART1 O06,1.825,35.38,33.37,2.01,0.07575,301.4
95.0,5.8,3612,3631,SMART1 I06,SMART1 O10,2.102,35.38,35.54,0.16,0.04944,314.8
95.0,5.8,3612,3632,SMART1 I06,SMART1 O11,2.105,35.38,36.73,1.35,0.04613,302.3
95.0,5.8,3612,3633,SMART1 I06,SMART1 O12,2.196,35.38,37.73,2.35,0.04074,306.4
95.0,5.8,3613,3614,SMART1 I08,SMART1 I09,0.105,35.39,35.46,0.07,0.04893,309.4
95.0,5.8,3613,3615,SMART1 I08,SMART1 I11,0.268,35.39,35.7,0.31,0.0654,309.4
95.0,5.8,3613,3616,SMART1 I08,SMART1 I12,0.337,35.39,35.82,0.43,0.06172,292.6
95.0,5.8,3613,3617,SMART1 I08,SMART1 M02,1.293,35.39,36.88,1.49,0.06062,308.1
95.0,5.8,3613,3618,SMART1 I08,SMART1 M03,1.114,35.39,36.32,0.93,0.04624,308.1
95.0,5.8,3613,3619,SMART1 I08,SMART1 M04,1.104,35.39,35.64,0.25,0.08066,307.9
95.0,5.8,3613,3620,SMART1 I08,SMART1 M05,0.978,35.39,35.07,0.32,0.05527,307.9
95.0,5.8,3613,3621,SMART1 I08,SMART1 M06,0.921,35.39,34.49,0.9,0.05234,308.9
95.0,5.8,3613,3622,SMART1 I08,SMART1 M09,0.874,35.39,34.83,0.56,0.05187,315.5
95.0,5.8,3613,3623,SMART1 I08,SMART1 M10,0.836,35.39,35.48,0.09,0.04808,315.5
95.0,5.8,3613,3624,SMART1 I08,SMART1 M11,1.028,35.39,36.2,0.81,0.06301,304.8
95.0,5.8,3613,3625,SMART1 I08,SMART1 M12,1.114,35.39,36.68,1.29,0.05513,292.6
95.0,5.8,3613,3626,SMART1 I08,SMART1 O02,2.187,35.39,37.91,2.52,0.04565,297.2
95.0,5.8,3613,3627,SMART1 I08,SMART1 O03,2.196,35.39,37.03,1.64,0.03943,293.9
95.0,5.8,3613,3628,SMART1 I08,SMART1 O04,2.076,35.39,35.74,0.35,0.04892,298.8
95.0,5.8,3613,3629,SMART1 I08,SMART1 O05,2.019,35.39,34.42,0.97,0.04325,297.7
95.0,5.8,3613,3630,SMART1 I08,SMART1 O06,1.922,35.39,33.37,2.02,0.07181,301.4
95.0,5.8,3613,3631,SMART1 I08,SMART1 O10,1.935,35.39,35.54,0.15,0.0455,314.8
95.0,5.8,3613,3632,SMART1 I08,SMART1 O11,1.961,35.39,36.73,1.34,0.04219,302.3
95.0,5.8,3613,3633,SMART1 I08,SMART1 O12,2.111,35.39,37.73,2.34,0.0368,306.4
95.0,5.8,3614,3615,SMART1 I09,SMART1 I11,0.196,35.46,35.7,0.24,0.06795,309.4
95.0,5.8,3614,3616,SMART1 I09,SMART1 I12,0.283,35.46,35.82,0.36,0.06426,292.6
95.0,5.8,3614,3617,SMART1 I09,SMART1 M02,1.282,35.46,36.88,1.42,0.06317,308.1
95.0,5.8,3614,3618,SMART1 I09,SMART1 M03,1.147,35.46,36.32,0.86,0.04879,308.1
95.0,5.8,3614,3619,SMART1 I09,SMART1 M04,1.182,35.46,35.64,0.18,0.0832,307.9
95.0,5.8,3614,3620,SMART1 I09,SMART1 M05,1.078,35.46,35.07,0.39,0.05781,307.9
95.0,5.8,3614,3621,SMART1 I09,SMART1 M06,1.023,35.46,34.49,0.97,0.05489,308.9
95.0,5.8,3614,3622,SMART1 I09,SMART1 M09,0.833,35.46,34.83,0.63,0.05441,315.5
95.0,5.8,3614,3623,SMART1 I09,SMART1 M10,0.745,35.46,35.48,0.02,0.05062,315.5
95.0,5.8,3614,3624,SMART1 I09,SMART1 M11,0.923,35.46,36.2,0.74,0.06555,304.8
95.0,5.8,3614,3625,SMART1 I09,SMART1 M12,1.028,35.46,36.68,1.22,0.05768,292.6
95.0,5.8,3614,3626,SMART1 I09,SMART1 O02,2.179,35.46,37.91,2.45,0.04819,297.2
95.0,5.8,3614,3627,SMART1 I09,SMART1 O03,2.237,35.46,37.03,1.57,0.04198,293.9
95.0,5.8,3614,3628,SMART1 I09,SMART1 O04,2.156,35.46,35.74,0.28,0.05146,298.8
95.0,5.8,3614,3629,SMART1 I09,SMART1 O05,2.122,35.46,34.42,1.04,0.04579,297.7
95.0,5.8,3614,3630,SMART1 I09,SMART1 O06,2.021,35.46,33.37,2.09,0.07436,301.4
95.0,5.8,3614,3631,SMART1 I09,SMART1 O10,1.844,35.46,35.54,0.08,0.04804,314.8
95.0,5.8,3614,3632,SMART1 I09,SMART1 O11,1.856,35.46,36.73,1.27,0.04473,302.3
95.0,5.8,3614,3633,SMART1 I09,SMART1 O12,2.02,35.46,37.73,2.27,0.03934,306.4
95.0,5.8,3615,3616,SMART1 I11,SMART1 I12,0.097,35.7,35.82,0.12,0.08074,292.6
95.0,5.8,3615,3617,SMART1 I11,SMART1 M02,1.114,35.7,36.88,1.18,0.07964,308.1
95.0,5.8,3615,3618,SMART1 I11,SMART1 M03,1.044,35.7,36.32,0.62,0.06526,308.1
95.0,5.8,3615,3619,SMART1 I11,SMART1 M04,1.173,35.7,35.64,0.06,0.09968,307.9
95.0,5.8,3615,3620,SMART1 I11,SMART1 M05,1.145,35.7,35.07,0.63,0.07429,307.9
95.0,5.8,3615,3621,SMART1 I11,SMART1 M06,1.173,35.7,34.49,1.21,0.07136,308.9
95.0,5.8,3615,3622,SMART1 I11,SMART1 M09,0.965,35.7,34.83,0.87,0.07089,315.5
95.0,5.8,3615,3623,SMART1 I11,SMART1 M10,0.768,35.7,35.48,0.22,0.0671,315.5
95.0,5.8,3615,3624,SMART1 I11,SMART1 M11,0.815,35.7,36.2,0.5,0.08203,304.8
95.0,5.8,3615,3625,SMART1 I11,SMART1 M12,0.848,35.7,36.68,0.98,0.07415,292.6
95.0,5.8,3615,3626,SMART1 I11,SMART1 O02,2.012,35.7,37.91,2.21,0.06467,297.2
95.0,5.8,3615,3627,SMART1 I11,SMART1 O03,2.138,35.7,37.03,1.33,0.05845,293.9
95.0,5.8,3615,3628,SMART1 I11,SMART1 O04,2.143,35.7,35.74,0.04,0.06794,298.8
95.0,5.8,3615,3629,SMART1 I11,SMART1 O05,2.199,35.7,34.42,1.28,0.06227,297.7
95.0,5.8,3615,3630,SMART1 I11,SMART1 O06,2.178,35.7,33.37,2.33,0.09083,301.4
95.0,5.8,3615,3631,SMART1 I11,SMART1 O10,1.849,35.7,35.54,0.16,0.06452,314.8
95.0,5.8,3615,3632,SMART1 I11,SMART1 O11,1.757,35.7,36.73,1.03,0.06121,302.3
95.0,5.8,3615,3633,SMART1 I11,SMART1 O12,1.847,35.7,37.73,2.03,0.05582,306.4
95.0,5.8,3616,3617,SMART1 I12,SMART1 M02,1.017,35.82,36.88,1.06,0.07596,291.3
95.0,5.8,3616,3618,SMART1 I12,SMART1 M03,0.962,35.82,36.32,0.5,0.06157,291.3
95.0,5.8,3616,3619,SMART1 I12,SMART1 M04,1.129,35.82,35.64,0.18,0.09599,291.1
95.0,5.8,3616,3620,SMART1 I12,SMART1 M05,1.138,35.82,35.07,0.75,0.0706,291.1
95.0,5.8,3616,3621,SMART1 I12,SMART1 M06,1.212,35.82,34.49,1.33,0.06767,292.1
95.0,5.8,3616,3622,SMART1 I12,SMART1 M09,1.061,35.82,34.83,0.99,0.0672,298.7
95.0,5.8,3616,3623,SMART1 I12,SMART1 M10,0.84,35.82,35.48,0.34,0.06341,298.7
95.0,5.8,3616,3624,SMART1 I12,SMART1 M11,0.827,35.82,36.2,0.38,0.07834,288.0
95.0,5.8,3616,3625,SMART1 I12,SMART1 M12,0.799,35.82,36.68,0.86,0.07047,275.8
95.0,5.8,3616,3626,SMART1 I12,SMART1 O02,1.914,35.82,37.91,2.09,0.06098,280.5
95.0,5.8,3616,3627,SMART1 I12,SMART1 O03,2.055,35.82,37.03,1.21,0.05477,277.1
95.0,5.8,3616,3628,SMART1 I12,SMART1 O04,2.092,35.82,35.74,0.08,0.06425,282.0
95.0,5.8,3616,3629,SMART1 I12,SMART1 O05,2.191,35.82,34.42,1.4,0.05858,280.9
95.0,5.8,3616,3630,SMART1 I12,SMART1 O06,2.219,35.82,33.37,2.45,0.08715,284.6
95.0,5.8,3616,3631,SMART1 I12,SMART1 O10,1.908,35.82,35.54,0.28,0.06083,298.0
95.0,5.8,3616,3632,SMART1 I12,SMART1 O11,1.767,35.82,36.73,0.91,0.05752,285.5
95.0,5.8,3616,3633,SMART1 I12,SMART1 O12,1.802,35.82,37.73,1.91,0.05213,289.6
95.0,5.8,3617,3618,SMART1 M02,SMART1 M03,0.543,36.88,36.32,0.56,0.06048,306.8
95.0,5.8,3617,3619,SMART1 M02,SMART1 M04,1.115,36.88,35.64,1.24,0.0949,306.6
95.0,5.8,3617,3620,SMART1 M02,SMART1 M05,1.468,36.88,35.07,1.81,0.06951,306.6
95.0,5.8,3617,3621,SMART1 M02,SMART1 M06,1.868,36.88,34.49,2.39,0.06658,307.6
95.0,5.8,3617,3622,SMART1 M02,SMART1 M09,2.073,36.88,34.83,2.05,0.06611,314.2
95.0,5.8,3617,3623,SMART1 M02,SMART1 M10,1.762,36.88,35.48,1.4,0.06232,314.2
95.0,5.8,3617,3624,SMART1 M02,SMART1 M11,1.446,36.88,36.2,0.68,0.07725,303.5
95.0,5.8,3617,3625,SMART1 M02,SMART1 M12,0.995,36.88,36.68,0.2,0.06937,291.3
95.0,5.8,3617,3626,SMART1 M02,SMART1 O02,0.898,36.88,37.91,1.03,0.05989,295.9
95.0,5.8,3617,3627,SMART1 M02,SMART1 O03,1.267,36.88,37.03,0.15,0.05367,292.5
95.0,5.8,3617,3628,SMART1 M02,SMART1 O04,1.759,36.88,35.74,1.14,0.06316,297.5
95.0,5.8,3617,3629,SMART1 M02,SMART1 O05,2.321,36.88,34.42,2.46,0.05749,296.4
95.0,5.8,3617,3630,SMART1 M02,SMART1 O06,2.781,36.88,33.37,3.51,0.08605,300.1
95.0,5.8,3617,3631,SMART1 M02,SMART1 O10,2.687,36.88,35.54,1.34,0.05974,313.4
95.0,5.8,3617,3632,SMART1 M02,SMART1 O11,2.18,36.88,36.73,0.15,0.05643,301.0
95.0,5.8,3617,3633,SMART1 M02,SMART1 O12,1.67,36.88,37.73,0.85,0.05104,305.1
95.0,5.8,3618,3619,SMART1 M03,SMART1 M04,0.576,36.32,35.64,0.68,0.08051,306.6
95.0,5.8,3618,3620,SMART1 M03,SMART1 M05,0.967,36.32,35.07,1.25,0.05513,306.6
95.0,5.8,3618,3621,SMART1 M03,SMART1 M06,1.437,36.32,34.49,1.83,0.0522,307.6
95.0,5.8,3618,3622,SMART1 M03,SMART1 M09,1.98,36.32,34.83,1.49,0.05172,314.2
95.0,5.8,3618,3623,SMART1 M03,SMART1 M10,1.801,36.32,35.48,0.84,0.04794,314.2
95.0,5.8,3618,3624,SMART1 M03,SMART1 M11,1.651,36.32,36.2,0.12,0.06286,303.5
95.0,5.8,3618,3625,SMART1 M03,SMART1 M12,1.322,36.32,36.68,0.36,0.05499,291.3
95.0,5.8,3618,3626,SMART1 M03,SMART1 O02,1.226,36.32,37.91,1.59,0.04551,295.9
95.0,5.8,3618,3627,SMART1 M03,SMART1 O03,1.094,36.32,37.03,0.71,0.03929,292.5
95.0,5.8,3618,3628,SMART1 M03,SMART1 O04,1.29,36.32,35.74,0.58,0.04878,297.5
95.0,5.8,3618,3629,SMART1 M03,SMART1 O05,1.779,36.32,34.42,1.9,0.0431,296.4
95.0,5.8,3618,3630,SMART1 M03,SMART1 O06,2.285,36.32,33.37,2.95,0.07167,300.1
95.0,5.8,3618,3631,SMART1 M03,SMART1 O10,2.841,36.32,35.54,0.78,0.04535,313.4
95.0,5.8,3618,3632,SMART1 M03,SMART1 O11,2.508,36.32,36.73,0.41,0.04205,301.0
95.0,5.8,3618,3633,SMART1 M03,SMART1 O12,2.153,36.32,37.73,1.41,0.03666,305.1
95.0,5.8,3619,3620,SMART1 M04,SMART1 M05,0.459,35.64,35.07,0.57,0.08954,306.4
95.0,5.8,3619,3621,SMART1 M04,SMART1 M06,1.013,35.64,34.49,1.15,0.08661,307.4
95.0,5.8,3619,3622,SMART1 M04,SMART1 M09,1.947,35.64,34.83,0.81,0.08614,314.0
95.0,5.8,3619,3623,SMART1 M04,SMART1 M10,1.923,35.64,35.48,0.16,0.08235,314.0
95.0,5.8,3619,3624,SMART1 M04,SMART1 M11,1.94,35.64,36.2,0.56,0.09728,303.3
95.0,5.8,3619,3625,SMART1 M04,SMART1 M12,1.735,35.64,36.68,1.04,0.08941,291.1
95.0,5.8,3619,3626,SMART1 M04,SMART1 O02,1.74,35.64,37.91,2.27,0.07992,295.7
95.0,5.8,3619,3627,SMART1 M04,SMART1 O03,1.272,35.64,37.03,1.39,0.07371,292.4
95.0,5.8,3619,3628,SMART1 M04,SMART1 O04,0.974,35.64,35.74,0.1,0.08319,297.3
95.0,5.8,3619,3629,SMART1 M04,SMART1 O05,1.219,35.64,34.42,1.22,0.07752,296.2
95.0,5.8,3619,3630,SMART1 M04,SMART1 O06,1.742,35.64,33.37,2.27,0.10609,299.9
95.0,5.8,3619,3631,SMART1 M04,SMART1 O10,3.018,35.64,35.54,0.1,0.07977,313.2
95.0,5.8,3619,3632,SMART1 M04,SMART1 O11,2.861,35.64,36.73,1.09,0.07646,300.8
95.0,5.8,3619,3633,SMART1 M04,SMART1 O12,2.654,35.64,37.73,2.09,0.07107,304.9
95.0,5.8,3620,3621,SMART1 M05,SMART1 M06,0.569,35.07,34.49,0.58,0.06123,307.4
95.0,5.8,3620,3622,SMART1 M05,SMART1 M09,1.712,35.07,34.83,0.24,0.06075,314.0
95.0,5.8,3620,3623,SMART1 M05,SMART1 M10,1.808,35.07,35.48,0.41,0.05696,314.0
95.0,5.8,3620,3624,SMART1 M05,SMART1 M11,1.96,35.07,36.2,1.13,0.07189,303.3
95.0,5.8,3620,3625,SMART1 M05,SMART1 M12,1.876,35.07,36.68,1.61,0.06402,291.1
95.0,5.8,3620,3626,SMART1 M05,SMART1 O02,2.177,35.07,37.91,2.84,0.05453,295.7
95.0,5.8,3620,3627,SMART1 M05,SMART1 O03,1.715,35.07,37.03,1.96,0.04832,292.4
95.0,5.8,3620,3628,SMART1 M05,SMART1 O04,1.223,35.07,35.74,0.67,0.0578,297.3
95.0,5.8,3620,3629,SMART1 M05,SMART1 O05,1.055,35.07,34.42,0.65,0.05213,296.2
95.0,5.8,3620,3630,SMART1 M05,SMART1 O06,1.319,35.07,33.37,1.7,0.0807,299.9
95.0,5.8,3620,3631,SMART1 M05,SMART1 O10,2.901,35.07,35.54,0.47,0.05438,313.2
95.0,5.8,3620,3632,SMART1 M05,SMART1 O11,2.902,35.07,36.73,1.66,0.05107,300.8
95.0,5.8,3620,3633,SMART1 M05,SMART1 O12,2.855,35.07,37.73,2.66,0.04568,304.9
95.0,5.8,3621,3622,SMART1 M06,SMART1 M09,1.38,34.49,34.83,0.34,0.05782,315.0
95.0,5.8,3621,3623,SMART1 M06,SMART1 M10,1.63,34.49,35.48,0.99,0.05404,315.0
95.0,5.8,3621,3624,SMART1 M06,SMART1 M11,1.942,34.49,36.2,1.71,0.06896,304.3
95.0,5.8,3621,3625,SMART1 M06,SMART1 M12,2.011,34.49,36.68,2.19,0.06109,292.1
95.0,5.8,3621,3626,SMART1 M06,SMART1 O02,2.662,34.49,37.91,3.42,0.05161,296.7
95.0,5.8,3621,3627,SMART1 M06,SMART1 O03,2.282,34.49,37.03,2.54,0.04539,293.4
95.0,5.8,3621,3628,SMART1 M06,SMART1 O04,1.746,34.49,35.74,1.25,0.05488,298.3
95.0,5.8,3621,3629,SMART1 M06,SMART1 O05,1.28,34.49,34.42,0.07,0.0492,297.2
95.0,5.8,3621,3630,SMART1 M06,SMART1 O06,1.006,34.49,33.37,1.12,0.07777,300.9
95.0,5.8,3621,3631,SMART1 M06,SMART1 O10,2.665,34.49,35.54,1.05,0.05145,314.2
95.0,5.8,3621,3632,SMART1 M06,SMART1 O11,2.86,34.49,36.73,2.24,0.04815,301.8
95.0,5.8,3621,3633,SMART1 M06,SMART1 O12,3.014,34.49,37.73,3.24,0.04276,305.9
95.0,5.8,3622,3623,SMART1 M09,SMART1 M10,0.525,34.83,35.48,0.65,0.05356,321.6
95.0,5.8,3622,3624,SMART1 M09,SMART1 M11,1.09,34.83,36.2,1.37,0.06849,310.9
95.0,5.8,3622,3625,SMART1 M09,SMART1 M12,1.502,34.83,36.68,1.85,0.06061,298.7
95.0,5.8,3622,3626,SMART1 M09,SMART1 O02,2.966,34.83,37.91,3.08,0.05113,303.4
95.0,5.8,3622,3627,SMART1 M09,SMART1 O03,3.068,34.83,37.03,2.2,0.04491,300.0
95.0,5.8,3622,3628,SMART1 M09,SMART1 O04,2.9,34.83,35.74,0.91,0.0544,304.9
95.0,5.8,3622,3629,SMART1 M09,SMART1 O05,2.652,34.83,34.42,0.41,0.04873,303.8
95.0,5.8,3622,3630,SMART1 M09,SMART1 O06,2.193,34.83,33.37,1.46,0.07729,307.5
95.0,5.8,3622,3631,SMART1 M09,SMART1 O10,1.31,34.83,35.54,0.71,0.05098,320.9
95.0,5.8,3622,3632,SMART1 M09,SMART1 O11,1.766,34.83,36.73,1.9,0.04767,308.4
95.0,5.8,3622,3633,SMART1 M09,SMART1 O12,2.33,34.83,37.73,2.9,0.04228,312.5
95.0,5.8,3623,3624,SMART1 M10,SMART1 M11,0.571,35.48,36.2,0.72,0.0647,310.9
95.0,5.8,3623,3625,SMART1 M10,SMART1 M12,1.028,35.48,36.68,1.2,0.05683,298.7
95.0,5.8,3623,3626,SMART1 M10,SMART1 O02,2.624,35.48,37.91,2.43,0.04734,303.4
95.0,5.8,3623,3627,SMART1 M10,SMART1 O03,2.889,35.48,37.03,1.55,0.04113,300.0
95.0,5.8,3623,3628,SMART1 M10,SMART1 O04,2.897,35.48,35.74,0.26,0.05061,304.9
95.0,5.8,3623,3629,SMART1 M10,SMART1 O05,2.832,35.48,34.42,1.06,0.04494,303.8
95.0,5.8,3623,3630,SMART1 M10,SMART1 O06,2.555,35.48,33.37,2.11,0.07351,307.5
95.0,5.8,3623,3631,SMART1 M10,SMART1 O10,1.099,35.48,35.54,0.06,0.04719,320.9
95.0,5.8,3623,3632,SMART1 M10,SMART1 O11,1.29,35.48,36.73,1.25,0.04388,308.4
95.0,5.8,3623,3633,SMART1 M10,SMART1 O12,1.806,35.48,37.73,2.25,0.03849,312.5
95.0,5.8,3624,3625,SMART1 M11,SMART1 M12,0.524,36.2,36.68,0.48,0.07175,288.0
95.0,5.8,3624,3626,SMART1 M11,SMART1 O02,2.23,36.2,37.91,1.71,0.06227,292.7
95.0,5.8,3624,3627,SMART1 M11,SMART1 O03,2.678,36.2,37.03,0.83,0.05606,289.3
95.0,5.8,3624,3628,SMART1 M11,SMART1 O04,2.883,36.2,35.74,0.46,0.06554,294.2
95.0,5.8,3624,3629,SMART1 M11,SMART1 O05,3.014,36.2,34.42,1.78,0.05987,293.1
95.0,5.8,3624,3630,SMART1 M11,SMART1 O06,2.929,36.2,33.37,2.83,0.08843,296.8
95.0,5.8,3624,3631,SMART1 M11,SMART1 O10,1.243,36.2,35.54,0.66,0.06212,310.2
95.0,5.8,3624,3632,SMART1 M11,SMART1 O11,0.942,36.2,36.73,0.53,0.05881,297.7
95.0,5.8,3624,3633,SMART1 M11,SMART1 O12,1.242,36.2,37.73,1.53,0.05342,301.8
95.0,5.8,3625,3626,SMART1 M12,SMART1 O02,1.718,36.68,37.91,1.23,0.0544,280.5
95.0,5.8,3625,3627,SMART1 M12,SMART1 O03,2.259,36.68,37.03,0.35,0.04818,277.1
95.0,5.8,3625,3628,SMART1 M12,SMART1 O04,2.607,36.68,35.74,0.94,0.05767,282.0
95.0,5.8,3625,3629,SMART1 M12,SMART1 O05,2.907,36.68,34.42,2.26,0.05199,280.9
95.0,5.8,3625,3630,SMART1 M12,SMART1 O06,3.017,36.68,33.37,3.31,0.08056,284.6
95.0,5.8,3625,3631,SMART1 M12,SMART1 O10,1.741,36.68,35.54,1.14,0.05425,298.0
95.0,5.8,3625,3632,SMART1 M12,SMART1 O11,1.196,36.68,36.73,0.05,0.05094,285.5
95.0,5.8,3625,3633,SMART1 M12,SMART1 O12,1.003,36.68,37.73,1.05,0.04555,289.6
95.0,5.8,3626,3627,SMART1 O02,SMART1 O03,1.052,37.91,37.03,0.88,0.0387,281.7
95.0,5.8,3626,3628,SMART1 O02,SMART1 O04,1.961,37.91,35.74,2.17,0.04818,286.7
95.0,5.8,3626,3629,SMART1 O02,SMART1 O05,2.797,37.91,34.42,3.49,0.04251,285.6
95.0,5.8,3626,3630,SMART1 O02,SMART1 O06,3.482,37.91,33.37,4.54,0.07108,289.3
95.0,5.8,3626,3631,SMART1 O02,SMART1 O10,3.459,37.91,35.54,2.37,0.04476,302.6
95.0,5.8,3626,3632,SMART1 O02,SMART1 O11,2.783,37.91,36.73,1.18,0.04145,290.1
95.0,5.8,3626,3633,SMART1 O02,SMART1 O12,1.988,37.91,37.73,0.18,0.03606,294.2
95.0,5.8,3627,3628,SMART1 O03,SMART1 O04,1.001,37.03,35.74,1.29,0.04197,283.3
95.0,5.8,3627,3629,SMART1 O03,SMART1 O05,1.968,37.03,34.42,2.61,0.03629,282.2
95.0,5.8,3627,3630,SMART1 O03,SMART1 O06,2.865,37.03,33.37,3.66,0.06486,285.9
95.0,5.8,3627,3631,SMART1 O03,SMART1 O10,3.903,37.03,35.54,1.49,0.03855,299.2
95.0,5.8,3627,3632,SMART1 O03,SMART1 O11,3.447,37.03,36.73,0.3,0.03524,286.7
95.0,5.8,3627,3633,SMART1 O03,SMART1 O12,2.85,37.03,37.73,0.7,0.02985,290.8
95.0,5.8,3628,3629,SMART1 O04,SMART1 O05,1.012,35.74,34.42,1.32,0.04578,287.1
95.0,5.8,3628,3630,SMART1 O04,SMART1 O06,2.033,35.74,33.37,2.37,0.07435,290.9
95.0,5.8,3628,3631,SMART1 O04,SMART1 O10,3.991,35.74,35.54,0.2,0.04803,304.2
95.0,5.8,3628,3632,SMART1 O04,SMART1 O11,3.779,35.74,36.73,0.99,0.04472,291.7
95.0,5.8,3628,3633,SMART1 O04,SMART1 O12,3.425,35.74,37.73,1.99,0.03933,295.8
95.0,5.8,3629,3630,SMART1 O05,SMART1 O06,1.104,34.42,33.37,1.05,0.06867,289.7
95.0,5.8,3629,3631,SMART1 O05,SMART1 O10,3.909,34.42,35.54,1.12,0.04236,303.1
95.0,5.8,3629,3632,SMART1 O05,SMART1 O11,3.956,34.42,36.73,2.31,0.03905,290.6
95.0,5.8,3629,3633,SMART1 O05,SMART1 O12,3.86,34.42,37.73,3.31,0.03366,294.7
95.0,5.8,3630,3631,SMART1 O06,SMART1 O10,3.5,33.37,35.54,2.17,0.07093,306.8
95.0,5.8,3630,3632,SMART1 O06,SMART1 O11,3.826,33.37,36.73,3.36,0.06762,294.3
95.0,5.8,3630,3633,SMART1 O06,SMART1 O12,4.02,33.37,37.73,4.36,0.06223,298.4
95.0,5.8,3631,3632,SMART1 O10,SMART1 O11,1.005,35.54,36.73,1.19,0.0413,307.6
95.0,5.8,3631,3633,SMART1 O10,SMART1 O12,1.996,35.54,37.73,2.19,0.03591,311.7
95.0,5.8,3632,3633,SMART1 O11,SMART1 O12,1.031,36.73,37.73,1.0,0.0326,299.3
100.0,6.32,503,504,SMART1 C00,SMART1 E01,2.791,28.13,27.52,0.61,0.19556,308.9
100.0,6.32,503,505,SMART1 C00,SMART1 I01,0.193,28.13,28.14,0.01,0.18984,292.6
100.0,6.32,503,506,SMART1 C00,SMART1 I07,0.204,28.13,28.12,0.01,0.17884,309.4
100.0,6.32,503,507,SMART1 C00,SMART1 M01,0.956,28.13,28.17,0.04,0.17808,288.9
100.0,6.32,503,508,SMART1 C00,SMART1 M07,1.024,28.13,28.13,0.0,0.20727,318.5
100.0,6.32,503,509,SMART1 C00,SMART1 O01,2.086,28.13,28.25,0.12,0.16554,288.5
100.0,6.32,503,510,SMART1 C00,SMART1 O07,1.984,28.13,27.91,0.22,0.17664,311.9
100.0,6.32,503,3634,SMART1 C00,SMART1 I02,0.202,28.13,28.04,0.09,0.19993,309.4
100.0,6.32,503,3635,SMART1 C00,SMART1 I03,0.222,28.13,27.98,0.15,0.19431,312.1
100.0,6.32,503,3636,SMART1 C00,SMART1 I04,0.227,28.13,27.94,0.19,0.1932,312.1
100.0,6.32,503,3637,SMART1 C00,SMART1 I05,0.218,28.13,27.97,0.16,0.17876,309.4
100.0,6.32,503,3638,SMART1 C00,SMART1 I06,0.199,28.13,28.04,0.09,0.1788,309.4
100.0,6.32,503,3639,SMART1 C00,SMART1 I08,0.176,28.13,28.19,0.06,0.18786,309.4
100.0,6.32,503,3640,SMART1 C00,SMART1 I09,0.184,28.13,28.27,0.14,0.18049,309.4
100.0,6.32,503,3641,SMART1 C00,SMART1 I11,0.172,28.13,28.26,0.13,0.17156,309.4
100.0,6.32,503,3642,SMART1 C00,SMART1 I12,0.196,28.13,28.22,0.09,0.18446,292.6
100.0,6.32,503,3643,SMART1 C00,SMART1 M02,1.117,28.13,27.74,0.39,0.20543,308.1
100.0,6.32,503,3644,SMART1 C00,SMART1 M03,0.963,28.13,27.48,0.65,0.19363,308.1
100.0,6.32,503,3645,SMART1 C00,SMART1 M04,1.025,28.13,27.27,0.86,0.1894,307.9
100.0,6.32,503,3646,SMART1 C00,SMART1 M05,0.974,28.13,27.38,0.75,0.19532,307.9
100.0,6.32,503,3647,SMART1 C00,SMART1 M06,1.017,28.13,27.66,0.47,0.1926,308.9
100.0,6.32,503,3648,SMART1 C00,SMART1 M08,0.976,28.13,28.48,0.35,0.18589,305.2
100.0,6.32,503,3649,SMART1 C00,SMART1 M09,1.017,28.13,28.82,0.69,0.17851,315.5
100.0,6.32,503,3650,SMART1 C00,SMART1 M10,0.899,28.13,28.89,0.76,0.1778,315.5
100.0,6.32,503,3651,SMART1 C00,SMART1 M11,0.987,28.13,28.86,0.73,0.17651,304.8
100.0,6.32,503,3652,SMART1 C00,SMART1 M12,0.994,28.13,28.56,0.43,0.17245,292.6
100.0,6.32,503,3653,SMART1 C00,SMART1 O02,2.012,28.13,27.37,0.76,0.18505,297.2
100.0,6.32,503,3654,SMART1 C00,SMART1 O03,2.053,28.13,26.7,1.43,0.19753,293.9
100.0,6.32,503,3655,SMART1 C00,SMART1 O04,1.999,28.13,26.46,1.67,0.20496,298.8
100.0,6.32,503,3656,SMART1 C00,SMART1 O05,2.028,28.13,26.57,1.56,0.18973,297.7
100.0,6.32,503,3657,SMART1 C00,SMART1 O06,2.023,28.13,27.18,0.95,0.19067,301.4
100.0,6.32,503,3658,SMART1 C00,SMART1 O08,2.058,28.13,28.86,0.73,0.19926,333.4
100.0,6.32,503,3659,SMART1 C00,SMART1 O10,1.993,28.13,29.81,1.68,0.18261,314.8
100.0,6.32,503,3660,SMART1 C00,SMART1 O11,1.929,28.13,29.55,1.42,0.18278,302.3
100.0,6.32,503,3661,SMART1 C00,SMART1 O12,1.997,28.13,29.0,0.87,0.15627,306.4
100.0,6.32,504,505,SMART1 E01,SMART1 I01,2.981,27.52,28.14,0.62,0.1889,292.1
100.0,6.32,504,506,SMART1 E01,SMART1 I07,2.591,27.52,28.12,0.6,0.1779,308.9
100.0,6.32,504,507,SMART1 E01,SMART1 M01,3.732,27.52,28.17,0.65,0.17714,288.4
100.0,6.32,504,508,SMART1 E01,SMART1 M07,1.818,27.52,28.13,0.61,0.20634,318.0
100.0,6.32,504,509,SMART1 E01,SMART1 O01,4.856,27.52,28.25,0.73,0.16461,288.0
100.0,6.32,504,510,SMART1 E01,SMART1 O07,0.855,27.52,27.91,0.39,0.17571,311.4
100.0,6.32,504,3634,SMART1 E01,SMART1 I02,2.929,27.52,28.04,0.52,0.199,308.9
100.0,6.32,504,3635,SMART1 E01,SMART1 I03,2.867,27.52,27.98,0.46,0.19337,311.6
100.0,6.32,504,3636,SMART1 E01,SMART1 I04,2.757,27.52,27.94,0.42,0.19226,311.6
100.0,6.32,504,3637,SMART1 E01,SMART1 I05,2.664,27.52,27.97,0.45,0.17783,308.9
100.0,6.32,504,3638,SMART1 E01,SMART1 I06,2.603,27.52,28.04,0.52,0.17786,308.9
100.0,6.32,504,3639,SMART1 E01,SMART1 I08,2.648,27.52,28.19,0.67,0.18693,308.9
100.0,6.32,504,3640,SMART1 E01,SMART1 I09,2.728,27.52,28.27,0.75,0.17955,308.9
100.0,6.32,504,3641,SMART1 E01,SMART1 I11,2.915,27.52,28.26,0.74,0.17062,308.9
100.0,6.32,504,3642,SMART1 E01,SMART1 I12,2.98,27.52,28.22,0.7,0.18352,292.1
100.0,6.32,504,3643,SMART1 E01,SMART1 M02,3.721,27.52,27.74,0.22,0.20449,307.6
100.0,6.32,504,3644,SMART1 E01,SMART1 M03,3.268,27.52,27.48,0.04,0.1927,307.6
100.0,6.32,504,3645,SMART1 E01,SMART1 M04,2.764,27.52,27.27,0.25,0.18847,307.4
100.0,6.32,504,3646,SMART1 E01,SMART1 M05,2.314,27.52,27.38,0.14,0.19438,307.4
100.0,6.32,504,3647,SMART1 E01,SMART1 M06,1.854,27.52,27.66,0.14,0.19166,308.4
100.0,6.32,504,3648,SMART1 E01,SMART1 M08,2.12,27.52,28.48,0.96,0.18495,304.7
100.0,6.32,504,3649,SMART1 E01,SMART1 M09,2.572,27.52,28.82,1.3,0.17757,315.0
100.0,6.32,504,3650,SMART1 E01,SMART1 M10,3.051,27.52,28.89,1.37,0.17686,315.0
100.0,6.32,504,3651,SMART1 E01,SMART1 M11,3.539,27.52,28.86,1.34,0.17557,304.3
100.0,6.32,504,3652,SMART1 E01,SMART1 M12,3.756,27.52,28.56,1.04,0.17151,292.1
100.0,6.32,504,3653,SMART1 E01,SMART1 O02,4.489,27.52,27.37,0.15,0.18412,296.7
100.0,6.32,504,3654,SMART1 E01,SMART1 O03,3.937,27.52,26.7,0.82,0.19659,293.4
100.0,6.32,504,3655,SMART1 E01,SMART1 O04,3.113,27.52,26.46,1.06,0.20403,298.3
100.0,6.32,504,3656,SMART1 E01,SMART1 O05,2.154,27.52,26.57,0.95,0.18879,297.2
100.0,6.32,504,3657,SMART1 E01,SMART1 O06,1.082,27.52,27.18,0.34,0.18973,300.9
100.0,6.32,504,3658,SMART1 E01,SMART1 O08,1.743,27.52,28.86,1.34,0.19832,332.9
100.0,6.32,504,3659,SMART1 E01,SMART1 O10,3.772,27.52,29.81,2.29,0.18168,314.2
100.0,6.32,504,3660,SMART1 E01,SMART1 O11,4.334,27.52,29.55,2.03,0.18184,301.8
100.0,6.32,504,3661,SMART1 E01,SMART1 O12,4.736,27.52,29.0,1.48,0.15534,305.9
100.0,6.32,505,506,SMART1 I01,SMART1 I07,0.397,28.14,28.12,0.02,0.17217,292.6
100.0,6.32,505,507,SMART1 I01,SMART1 M01,0.762,28.14,28.17,0.03,0.17141,272.1
100.0,6.32,505,508,SMART1 I01,SMART1 M07,1.217,28.14,28.13,0.01,0.20061,301.7
100.0,6.32,505,509,SMART1 I01,SMART1 O01,1.892,28.14,28.25,0.11,0.15887,271.7
100.0,6.32,505,510,SMART1 I01,SMART1 O07,2.177,28.14,27.91,0.23,0.16997,295.1
100.0,6.32,505,3634,SMART1 I01,SMART1 I02,0.124,28.14,28.04,0.1,0.19327,292.6
100.0,6.32,505,3635,SMART1 I01,SMART1 I03,0.211,28.14,27.98,0.16,0.18764,295.4
100.0,6.32,505,3636,SMART1 I01,SMART1 I04,0.296,28.14,27.94,0.2,0.18653,295.4
100.0,6.32,505,3637,SMART1 I01,SMART1 I05,0.348,28.14,27.97,0.17,0.17209,292.6
100.0,6.32,505,3638,SMART1 I01,SMART1 I06,0.379,28.14,28.04,0.1,0.17213,292.6
100.0,6.32,505,3639,SMART1 I01,SMART1 I08,0.362,28.14,28.19,0.05,0.18119,292.6
100.0,6.32,505,3640,SMART1 I01,SMART1 I09,0.332,28.14,28.27,0.13,0.17383,292.6
100.0,6.32,505,3641,SMART1 I01,SMART1 I11,0.175,28.14,28.26,0.12,0.16489,292.6
100.0,6.32,505,3642,SMART1 I01,SMART1 I12,0.091,28.14,28.22,0.08,0.17779,275.8
100.0,6.32,505,3643,SMART1 I01,SMART1 M02,0.95,28.14,27.74,0.4,0.19876,291.3
100.0,6.32,505,3644,SMART1 I01,SMART1 M03,0.873,28.14,27.48,0.66,0.18696,291.3
100.0,6.32,505,3645,SMART1 I01,SMART1 M04,1.044,28.14,27.27,0.87,0.18274,291.1
100.0,6.32,505,3646,SMART1 I01,SMART1 M05,1.075,28.14,27.38,0.76,0.18865,291.1
100.0,6.32,505,3647,SMART1 I01,SMART1 M06,1.188,28.14,27.66,0.48,0.18593,292.1
100.0,6.32,505,3648,SMART1 I01,SMART1 M08,1.151,28.14,28.48,0.34,0.17922,288.4
100.0,6.32,505,3649,SMART1 I01,SMART1 M09,1.138,28.14,28.82,0.68,0.17184,298.7
100.0,6.32,505,3650,SMART1 I01,SMART1 M10,0.931,28.14,28.89,0.75,0.17113,298.7
100.0,6.32,505,3651,SMART1 I01,SMART1 M11,0.902,28.14,28.86,0.72,0.16984,288.0
100.0,6.32,505,3652,SMART1 I01,SMART1 M12,0.829,28.14,28.56,0.42,0.16578,275.8
100.0,6.32,505,3653,SMART1 I01,SMART1 O02,1.848,28.14,27.37,0.77,0.17839,280.5
100.0,6.32,505,3654,SMART1 I01,SMART1 O03,1.966,28.14,26.7,1.44,0.19087,277.1
100.0,6.32,505,3655,SMART1 I01,SMART1 O04,2.005,28.14,26.46,1.68,0.19829,282.0
100.0,6.32,505,3656,SMART1 I01,SMART1 O05,2.126,28.14,26.57,1.57,0.18307,280.9
100.0,6.32,505,3657,SMART1 I01,SMART1 O06,2.192,28.14,27.18,0.96,0.18401,284.6
100.0,6.32,505,3658,SMART1 I01,SMART1 O08,2.233,28.14,28.86,0.72,0.19259,316.6
100.0,6.32,505,3659,SMART1 I01,SMART1 O10,1.998,28.14,29.81,1.67,0.17595,298.0
100.0,6.32,505,3660,SMART1 I01,SMART1 O11,1.838,28.14,29.55,1.41,0.17611,285.5
100.0,6.32,505,3661,SMART1 I01,SMART1 O12,1.83,28.14,29.0,0.86,0.1496,289.6
100.0,6.32,506,507,SMART1 I07,SMART1 M01,1.16,28.12,28.17,0.05,0.16042,288.9
100.0,6.32,506,508,SMART1 I07,SMART1 M07,0.82,28.12,28.13,0.01,0.18961,318.5
100.0,6.32,506,509,SMART1 I07,SMART1 O01,2.29,28.12,28.25,0.13,0.14788,288.5
100.0,6.32,506,510,SMART1 I07,SMART1 O07,1.781,28.12,27.91,0.21,0.15898,311.9
100.0,6.32,506,3634,SMART1 I07,SMART1 I02,0.385,28.12,28.04,0.08,0.18227,309.4
100.0,6.32,506,3635,SMART1 I07,SMART1 I03,0.367,28.12,27.98,0.14,0.17664,312.1
100.0,6.32,506,3636,SMART1 I07,SMART1 I04,0.305,28.12,27.94,0.18,0.17553,312.1
100.0,6.32,506,3637,SMART1 I07,SMART1 I05,0.222,28.12,27.97,0.15,0.1611,309.4
100.0,6.32,506,3638,SMART1 I07,SMART1 I06,0.102,28.12,28.04,0.08,0.16114,309.4
100.0,6.32,506,3639,SMART1 I07,SMART1 I08,0.082,28.12,28.19,0.07,0.1702,309.4
100.0,6.32,506,3640,SMART1 I07,SMART1 I09,0.187,28.12,28.27,0.15,0.16283,309.4
100.0,6.32,506,3641,SMART1 I07,SMART1 I11,0.332,28.12,28.26,0.14,0.1539,309.4
100.0,6.32,506,3642,SMART1 I07,SMART1 I12,0.389,28.12,28.22,0.1,0.16679,292.6
100.0,6.32,506,3643,SMART1 I07,SMART1 M02,1.3,28.12,27.74,0.38,0.18777,308.1
100.0,6.32,506,3644,SMART1 I07,SMART1 M03,1.086,28.12,27.48,0.64,0.17597,308.1
100.0,6.32,506,3645,SMART1 I07,SMART1 M04,1.041,28.12,27.27,0.85,0.17174,307.9
100.0,6.32,506,3646,SMART1 I07,SMART1 M05,0.898,28.12,27.38,0.74,0.17766,307.9
100.0,6.32,506,3647,SMART1 I07,SMART1 M06,0.845,28.12,27.66,0.46,0.17494,308.9
100.0,6.32,506,3648,SMART1 I07,SMART1 M08,0.801,28.12,28.48,0.36,0.16823,305.2
100.0,6.32,506,3649,SMART1 I07,SMART1 M09,0.919,28.12,28.82,0.7,0.16085,315.5
100.0,6.32,506,3650,SMART1 I07,SMART1 M10,0.912,28.12,28.89,0.77,0.16014,315.5
100.0,6.32,506,3651,SMART1 I07,SMART1 M11,1.109,28.12,28.86,0.74,0.15885,304.8
100.0,6.32,506,3652,SMART1 I07,SMART1 M12,1.18,28.12,28.56,0.44,0.15479,292.6
100.0,6.32,506,3653,SMART1 I07,SMART1 O02,2.189,28.12,27.37,0.75,0.16739,297.2
100.0,6.32,506,3654,SMART1 I07,SMART1 O03,2.159,28.12,26.7,1.42,0.17987,293.9
100.0,6.32,506,3655,SMART1 I07,SMART1 O04,2.01,28.12,26.46,1.66,0.1873,298.8
100.0,6.32,506,3656,SMART1 I07,SMART1 O05,1.937,28.12,26.57,1.55,0.17207,297.7
100.0,6.32,506,3657,SMART1 I07,SMART1 O06,1.848,28.12,27.18,0.94,0.17301,301.4
100.0,6.32,506,3658,SMART1 I07,SMART1 O08,1.88,28.12,28.86,0.74,0.1816,333.4
100.0,6.32,506,3659,SMART1 I07,SMART1 O10,2.01,28.12,29.81,1.69,0.16495,314.8
100.0,6.32,506,3660,SMART1 I07,SMART1 O11,2.043,28.12,29.55,1.43,0.16512,302.3
100.0,6.32,506,3661,SMART1 I07,SMART1 O12,2.18,28.12,29.0,0.88,0.13861,306.4
100.0,6.32,507,508,SMART1 M01,SMART1 M07,1.979,28.17,28.13,0.04,0.18885,298.0
100.0,6.32,507,509,SMART1 M01,SMART1 O01,1.13,28.17,28.25,0.08,0.14712,268.0
100.0,6.32,507,510,SMART1 M01,SMART1 O07,2.938,28.17,27.91,0.26,0.15822,291.4
100.0,6.32,507,3634,SMART1 M01,SMART1 I02,0.802,28.17,28.04,0.13,0.18151,288.9
100.0,6.32,507,3635,SMART1 M01,SMART1 I03,0.867,28.17,27.98,0.19,0.17589,291.6
100.0,6.32,507,3636,SMART1 M01,SMART1 I04,0.979,28.17,27.94,0.23,0.17478,291.6
100.0,6.32,507,3637,SMART1 M01,SMART1 I05,1.068,28.17,27.97,0.2,0.16034,288.9
100.0,6.32,507,3638,SMART1 M01,SMART1 I06,1.132,28.17,28.04,0.13,0.16037,288.9
100.0,6.32,507,3639,SMART1 M01,SMART1 I08,1.12,28.17,28.19,0.02,0.16944,288.9
100.0,6.32,507,3640,SMART1 M01,SMART1 I09,1.068,28.17,28.27,0.1,0.16207,288.9
100.0,6.32,507,3641,SMART1 M01,SMART1 I11,0.874,28.17,28.26,0.09,0.15313,288.9
100.0,6.32,507,3642,SMART1 M01,SMART1 I12,0.787,28.17,28.22,0.05,0.16603,272.1
100.0,6.32,507,3643,SMART1 M01,SMART1 M02,0.521,28.17,27.74,0.43,0.18701,287.6
100.0,6.32,507,3644,SMART1 M01,SMART1 M03,0.913,28.17,27.48,0.69,0.17521,287.6
100.0,6.32,507,3645,SMART1 M01,SMART1 M04,1.405,28.17,27.27,0.9,0.17098,287.4
100.0,6.32,507,3646,SMART1 M01,SMART1 M05,1.642,28.17,27.38,0.79,0.17689,287.4
100.0,6.32,507,3647,SMART1 M01,SMART1 M06,1.905,28.17,27.66,0.51,0.17417,288.4
100.0,6.32,507,3648,SMART1 M01,SMART1 M08,1.878,28.17,28.48,0.31,0.16747,284.7
100.0,6.32,507,3649,SMART1 M01,SMART1 M09,1.748,28.17,28.82,0.65,0.16009,295.0
100.0,6.32,507,3650,SMART1 M01,SMART1 M10,1.353,28.17,28.89,0.72,0.15938,295.0
100.0,6.32,507,3651,SMART1 M01,SMART1 M11,0.954,28.17,28.86,0.69,0.15809,284.3
100.0,6.32,507,3652,SMART1 M01,SMART1 M12,0.475,28.17,28.56,0.39,0.15402,272.1
100.0,6.32,507,3653,SMART1 M01,SMART1 O02,1.283,28.17,27.37,0.8,0.16663,276.7
100.0,6.32,507,3654,SMART1 M01,SMART1 O03,1.787,28.17,26.7,1.47,0.17911,273.3
100.0,6.32,507,3655,SMART1 M01,SMART1 O04,2.2,28.17,26.46,1.71,0.18654,278.3
100.0,6.32,507,3656,SMART1 M01,SMART1 O05,2.617,28.17,26.57,1.6,0.17131,277.2
100.0,6.32,507,3657,SMART1 M01,SMART1 O06,2.889,28.17,27.18,0.99,0.17225,280.9
100.0,6.32,507,3658,SMART1 M01,SMART1 O08,2.943,28.17,28.86,0.69,0.18083,312.9
100.0,6.32,507,3659,SMART1 M01,SMART1 O10,2.195,28.17,29.81,1.64,0.16419,294.2
100.0,6.32,507,3660,SMART1 M01,SMART1 O11,1.66,28.17,29.55,1.38,0.16436,281.8
100.0,6.32,507,3661,SMART1 M01,SMART1 O12,1.25,28.17,29.0,0.83,0.13785,285.9
100.0,6.32,508,509,SMART1 M07,SMART1 O01,3.108,28.13,28.25,0.12,0.17631,297.6
100.0,6.32,508,510,SMART1 M07,SMART1 O07,0.979,28.13,27.91,0.22,0.18741,321.0
100.0,6.32,508,3634,SMART1 M07,SMART1 I02,1.197,28.13,28.04,0.09,0.21071,318.5
100.0,6.32,508,3635,SMART1 M07,SMART1 I03,1.158,28.13,27.98,0.15,0.20508,321.2
100.0,6.32,508,3636,SMART1 M07,SMART1 I04,1.062,28.13,27.94,0.19,0.20397,321.2
100.0,6.32,508,3637,SMART1 M07,SMART1 I05,0.96,28.13,27.97,0.16,0.18954,318.5
100.0,6.32,508,3638,SMART1 M07,SMART1 I06,0.863,28.13,28.04,0.09,0.18957,318.5
100.0,6.32,508,3639,SMART1 M07,SMART1 I08,0.86,28.13,28.19,0.06,0.19864,318.5
100.0,6.32,508,3640,SMART1 M07,SMART1 I09,0.927,28.13,28.27,0.14,0.19126,318.5
100.0,6.32,508,3641,SMART1 M07,SMART1 I11,1.121,28.13,28.26,0.13,0.18233,318.5
100.0,6.32,508,3642,SMART1 M07,SMART1 I12,1.198,28.13,28.22,0.09,0.19523,301.7
100.0,6.32,508,3643,SMART1 M07,SMART1 M02,2.09,28.13,27.74,0.39,0.2162,317.2
100.0,6.32,508,3644,SMART1 M07,SMART1 M03,1.769,28.13,27.48,0.65,0.20441,317.2
100.0,6.32,508,3645,SMART1 M07,SMART1 M04,1.478,28.13,27.27,0.86,0.20018,317.0
100.0,6.32,508,3646,SMART1 M07,SMART1 M05,1.088,28.13,27.38,0.75,0.20609,317.0
100.0,6.32,508,3647,SMART1 M07,SMART1 M06,0.576,28.13,27.66,0.47,0.20337,318.0
100.0,6.32,508,3648,SMART1 M07,SMART1 M08,0.424,28.13,28.48,0.35,0.19666,314.3
100.0,6.32,508,3649,SMART1 M07,SMART1 M09,0.905,28.13,28.82,0.69,0.18928,324.6
100.0,6.32,508,3650,SMART1 M07,SMART1 M10,1.286,28.13,28.89,0.76,0.18857,324.6
100.0,6.32,508,3651,SMART1 M07,SMART1 M11,1.729,28.13,28.86,0.73,0.18728,313.9
100.0,6.32,508,3652,SMART1 M07,SMART1 M12,1.946,28.13,28.56,0.43,0.18322,301.7
100.0,6.32,508,3653,SMART1 M07,SMART1 O02,2.956,28.13,27.37,0.76,0.19583,306.4
100.0,6.32,508,3654,SMART1 M07,SMART1 O03,2.74,28.13,26.7,1.43,0.2083,303.0
100.0,6.32,508,3655,SMART1 M07,SMART1 O04,2.303,28.13,26.46,1.67,0.21574,307.9
100.0,6.32,508,3656,SMART1 M07,SMART1 O05,1.837,28.13,26.57,1.56,0.2005,306.8
100.0,6.32,508,3657,SMART1 M07,SMART1 O06,1.29,28.13,27.18,0.95,0.20144,310.5
100.0,6.32,508,3658,SMART1 M07,SMART1 O08,1.199,28.13,28.86,0.73,0.21003,342.5
100.0,6.32,508,3659,SMART1 M07,SMART1 O10,2.214,28.13,29.81,1.68,0.19339,323.9
100.0,6.32,508,3660,SMART1 M07,SMART1 O11,2.574,28.13,29.55,1.42,0.19355,311.4
100.0,6.32,508,3661,SMART1 M07,SMART1 O12,2.919,28.13,29.0,0.87,0.16704,315.5
100.0,6.32,509,510,SMART1 O01,SMART1 O07,4.068,28.25,27.91,0.34,0.14568,291.0
100.0,6.32,509,3634,SMART1 O01,SMART1 I02,1.929,28.25,28.04,0.21,0.16897,288.5
100.0,6.32,509,3635,SMART1 O01,SMART1 I03,1.989,28.25,27.98,0.27,0.16335,291.3
100.0,6.32,509,3636,SMART1 O01,SMART1 I04,2.098,28.25,27.94,0.31,0.16224,291.3
100.0,6.32,509,3637,SMART1 O01,SMART1 I05,2.192,28.25,27.97,0.28,0.1478,288.5
100.0,6.32,509,3638,SMART1 O01,SMART1 I06,2.261,28.25,28.04,0.21,0.14783,288.5
100.0,6.32,509,3639,SMART1 O01,SMART1 I08,2.248,28.25,28.19,0.06,0.1569,288.5
100.0,6.32,509,3640,SMART1 O01,SMART1 I09,2.19,28.25,28.27,0.02,0.14953,288.5
100.0,6.32,509,3641,SMART1 O01,SMART1 I11,1.994,28.25,28.26,0.01,0.14059,288.5
100.0,6.32,509,3642,SMART1 O01,SMART1 I12,1.912,28.25,28.22,0.03,0.15349,271.7
100.0,6.32,509,3643,SMART1 O01,SMART1 M02,1.23,28.25,27.74,0.51,0.17447,287.2
100.0,6.32,509,3644,SMART1 O01,SMART1 M03,1.772,28.25,27.48,0.77,0.16267,287.2
100.0,6.32,509,3645,SMART1 O01,SMART1 M04,2.345,28.25,27.27,0.98,0.15845,287.0
100.0,6.32,509,3646,SMART1 O01,SMART1 M05,2.681,28.25,27.38,0.87,0.16436,287.0
100.0,6.32,509,3647,SMART1 O01,SMART1 M06,3.015,28.25,27.66,0.59,0.16164,288.0
100.0,6.32,509,3648,SMART1 O01,SMART1 M08,2.982,28.25,28.48,0.23,0.15493,284.4
100.0,6.32,509,3649,SMART1 O01,SMART1 M09,2.781,28.25,28.82,0.57,0.14755,294.6
100.0,6.32,509,3650,SMART1 O01,SMART1 M10,2.309,28.25,28.89,0.64,0.14684,294.6
100.0,6.32,509,3651,SMART1 O01,SMART1 M11,1.769,28.25,28.86,0.61,0.14555,283.9
100.0,6.32,509,3652,SMART1 O01,SMART1 M12,1.283,28.25,28.56,0.31,0.14148,271.7
100.0,6.32,509,3653,SMART1 O01,SMART1 O02,1.115,28.25,27.37,0.88,0.15409,276.4
100.0,6.32,509,3654,SMART1 O01,SMART1 O03,2.116,28.25,26.7,1.55,0.16657,273.0
100.0,6.32,509,3655,SMART1 O01,SMART1 O04,2.89,28.25,26.46,1.79,0.174,278.0
100.0,6.32,509,3656,SMART1 O01,SMART1 O05,3.547,28.25,26.57,1.68,0.15877,276.9
100.0,6.32,509,3657,SMART1 O01,SMART1 O06,3.976,28.25,27.18,1.07,0.15971,280.6
100.0,6.32,509,3658,SMART1 O01,SMART1 O08,4.023,28.25,28.86,0.61,0.1683,312.6
100.0,6.32,509,3659,SMART1 O01,SMART1 O10,2.832,28.25,29.81,1.56,0.15165,293.9
100.0,6.32,509,3660,SMART1 O01,SMART1 O11,1.961,28.25,29.55,1.3,0.15182,281.4
100.0,6.32,509,3661,SMART1 O01,SMART1 O12,0.989,28.25,29.0,0.75,0.12531,285.5
100.0,6.32,510,3634,SMART1 O07,SMART1 I02,2.14,27.91,28.04,0.13,0.18007,311.9
100.0,6.32,510,3635,SMART1 O07,SMART1 I03,2.087,27.91,27.98,0.07,0.17445,314.6
100.0,6.32,510,3636,SMART1 O07,SMART1 I04,1.981,27.91,27.94,0.03,0.17334,314.6
100.0,6.32,510,3637,SMART1 O07,SMART1 I05,1.883,27.91,27.97,0.06,0.1589,311.9
100.0,6.32,510,3638,SMART1 O07,SMART1 I06,1.806,27.91,28.04,0.13,0.15893,311.9
100.0,6.32,510,3639,SMART1 O07,SMART1 I08,1.83,27.91,28.19,0.28,0.168,311.9
100.0,6.32,510,3640,SMART1 O07,SMART1 I09,1.903,27.91,28.27,0.36,0.16063,311.9
100.0,6.32,510,3641,SMART1 O07,SMART1 I11,2.095,27.91,28.26,0.35,0.15169,311.9
100.0,6.32,510,3642,SMART1 O07,SMART1 I12,2.167,27.91,28.22,0.31,0.16459,295.1
100.0,6.32,510,3643,SMART1 O07,SMART1 M02,2.986,27.91,27.74,0.17,0.18557,310.6
100.0,6.32,510,3644,SMART1 O07,SMART1 M03,2.584,27.91,27.48,0.43,0.17377,310.6
100.0,6.32,510,3645,SMART1 O07,SMART1 M04,2.149,27.91,27.27,0.64,0.16955,310.4
100.0,6.32,510,3646,SMART1 O07,SMART1 M05,1.692,27.91,27.38,0.53,0.17545,310.4
100.0,6.32,510,3647,SMART1 O07,SMART1 M06,1.15,27.91,27.66,0.25,0.17273,311.4
100.0,6.32,510,3648,SMART1 O07,SMART1 M08,1.265,27.91,28.48,0.57,0.16603,307.7
100.0,6.32,510,3649,SMART1 O07,SMART1 M09,1.722,27.91,28.82,0.91,0.15865,318.0
100.0,6.32,510,3650,SMART1 O07,SMART1 M10,2.196,27.91,28.89,0.98,0.15794,318.0
100.0,6.32,510,3651,SMART1 O07,SMART1 M11,2.687,27.91,28.86,0.95,0.15665,307.3
100.0,6.32,510,3652,SMART1 O07,SMART1 M12,2.924,27.91,28.56,0.65,0.15258,295.1
100.0,6.32,510,3653,SMART1 O07,SMART1 O02,3.807,27.91,27.37,0.54,0.16519,299.7
100.0,6.32,510,3654,SMART1 O07,SMART1 O03,3.399,27.91,26.7,1.21,0.17767,296.3
100.0,6.32,510,3655,SMART1 O07,SMART1 O04,2.719,27.91,26.46,1.45,0.1851,301.3
100.0,6.32,510,3656,SMART1 O07,SMART1 O05,1.915,27.91,26.57,1.34,0.16987,300.2
100.0,6.32,510,3657,SMART1 O07,SMART1 O06,0.88,27.91,27.18,0.73,0.17081,303.9
100.0,6.32,510,3658,SMART1 O07,SMART1 O08,1.104,27.91,28.86,0.95,0.17939,335.9
100.0,6.32,510,3659,SMART1 O07,SMART1 O10,2.954,27.91,29.81,1.9,0.16275,317.2
100.0,6.32,510,3660,SMART1 O07,SMART1 O11,3.48,27.91,29.55,1.64,0.16292,304.8
100.0,6.32,510,3661,SMART1 O07,SMART1 O12,3.894,27.91,29.0,1.09,0.13641,308.8
100.0,6.32,3634,3635,SMART1 I02,SMART1 I03,0.09,28.04,27.98,0.06,0.19773,312.1
100.0,6.32,3634,3636,SMART1 I02,SMART1 I04,0.191,28.04,27.94,0.1,0.19662,312.1
100.0,6.32,3634,3637,SMART1 I02,SMART1 I05,0.268,28.04,27.97,0.07,0.18219,309.4
100.0,6.32,3634,3638,SMART1 I02,SMART1 I06,0.335,28.04,28.04,0.0,0.18223,309.4
100.0,6.32,3634,3639,SMART1 I02,SMART1 I08,0.376,28.04,28.19,0.15,0.19129,309.4
100.0,6.32,3634,3640,SMART1 I02,SMART1 I09,0.38,28.04,28.27,0.23,0.18392,309.4
100.0,6.32,3634,3641,SMART1 I02,SMART1 I11,0.273,28.04,28.26,0.22,0.17499,309.4
100.0,6.32,3634,3642,SMART1 I02,SMART1 I12,0.21,28.04,28.22,0.18,0.18789,292.6
100.0,6.32,3634,3643,SMART1 I02,SMART1 M02,0.918,28.04,27.74,0.3,0.20886,308.1
100.0,6.32,3634,3644,SMART1 I02,SMART1 M03,0.777,28.04,27.48,0.56,0.19706,308.1
100.0,6.32,3634,3645,SMART1 I02,SMART1 M04,0.92,28.04,27.27,0.77,0.19284,307.9
100.0,6.32,3634,3646,SMART1 I02,SMART1 M05,0.961,28.04,27.38,0.66,0.19875,307.9
100.0,6.32,3634,3647,SMART1 I02,SMART1 M06,1.113,28.04,27.66,0.38,0.19603,308.9
100.0,6.32,3634,3648,SMART1 I02,SMART1 M08,1.175,28.04,28.48,0.44,0.18932,305.2
100.0,6.32,3634,3649,SMART1 I02,SMART1 M09,1.21,28.04,28.82,0.78,0.18194,315.5
100.0,6.32,3634,3650,SMART1 I02,SMART1 M10,1.041,28.04,28.89,0.85,0.18123,315.5
100.0,6.32,3634,3651,SMART1 I02,SMART1 M11,1.026,28.04,28.86,0.82,0.17994,304.8
100.0,6.32,3634,3652,SMART1 I02,SMART1 M12,0.926,28.04,28.56,0.52,0.17588,292.6
100.0,6.32,3634,3653,SMART1 I02,SMART1 O02,1.811,28.04,27.37,0.67,0.18849,297.2
100.0,6.32,3634,3654,SMART1 I02,SMART1 O03,1.871,28.04,26.7,1.34,0.20096,293.9
100.0,6.32,3634,3655,SMART1 I02,SMART1 O04,1.883,28.04,26.46,1.58,0.20839,298.8
100.0,6.32,3634,3656,SMART1 I02,SMART1 O05,2.008,28.04,26.57,1.47,0.19316,297.7
100.0,6.32,3634,3657,SMART1 I02,SMART1 O06,2.111,28.04,27.18,0.86,0.1941,301.4
100.0,6.32,3634,3658,SMART1 I02,SMART1 O08,2.258,28.04,28.86,0.82,0.20269,333.4
100.0,6.32,3634,3659,SMART1 I02,SMART1 O10,2.116,28.04,29.81,1.77,0.18604,314.8
100.0,6.32,3634,3660,SMART1 I02,SMART1 O11,1.96,28.04,29.55,1.51,0.18621,302.3
100.0,6.32,3634,3661,SMART1 I02,SMART1 O12,1.922,28.04,29.0,0.96,0.1597,306.4
100.0,6.32,3635,3636,SMART1 I03,SMART1 I04,0.112,27.98,27.94,0.04,0.191,314.9
100.0,6.32,3635,3637,SMART1 I03,SMART1 I05,0.204,27.98,27.97,0.01,0.17656,312.1
100.0,6.32,3635,3638,SMART1 I03,SMART1 I06,0.297,27.98,28.04,0.06,0.1766,312.1
100.0,6.32,3635,3639,SMART1 I03,SMART1 I08,0.378,27.98,28.19,0.21,0.18566,312.1
100.0,6.32,3635,3640,SMART1 I03,SMART1 I09,0.406,27.98,28.27,0.29,0.17829,312.1
100.0,6.32,3635,3641,SMART1 I03,SMART1 I11,0.338,27.98,28.26,0.28,0.16936,312.1
100.0,6.32,3635,3642,SMART1 I03,SMART1 I12,0.29,27.98,28.22,0.24,0.18226,295.4
100.0,6.32,3635,3643,SMART1 I03,SMART1 M02,0.937,27.98,27.74,0.24,0.20323,310.8
100.0,6.32,3635,3644,SMART1 I03,SMART1 M03,0.741,27.98,27.48,0.5,0.19144,310.8
100.0,6.32,3635,3645,SMART1 I03,SMART1 M04,0.839,27.98,27.27,0.71,0.18721,310.6
100.0,6.32,3635,3646,SMART1 I03,SMART1 M05,0.871,27.98,27.38,0.6,0.19312,310.6
100.0,6.32,3635,3647,SMART1 I03,SMART1 M06,1.039,27.98,27.66,0.32,0.1904,311.6
100.0,6.32,3635,3648,SMART1 I03,SMART1 M08,1.168,27.98,28.48,0.5,0.18369,308.0
100.0,6.32,3635,3649,SMART1 I03,SMART1 M09,1.239,27.98,28.82,0.84,0.17631,318.3
100.0,6.32,3635,3650,SMART1 I03,SMART1 M10,1.103,27.98,28.89,0.91,0.17561,318.3
100.0,6.32,3635,3651,SMART1 I03,SMART1 M11,1.113,27.98,28.86,0.88,0.17431,307.6
100.0,6.32,3635,3652,SMART1 I03,SMART1 M12,1.013,27.98,28.56,0.58,0.17025,295.4
100.0,6.32,3635,3653,SMART1 I03,SMART1 O02,1.822,27.98,27.37,0.61,0.18286,300.0
100.0,6.32,3635,3654,SMART1 I03,SMART1 O03,1.831,27.98,26.7,1.28,0.19533,296.6
100.0,6.32,3635,3655,SMART1 I03,SMART1 O04,1.807,27.98,26.46,1.52,0.20277,301.6
100.0,6.32,3635,3656,SMART1 I03,SMART1 O05,1.918,27.98,26.57,1.41,0.18754,300.5
100.0,6.32,3635,3657,SMART1 I03,SMART1 O06,2.033,27.98,27.18,0.8,0.18848,304.2
100.0,6.32,3635,3658,SMART1 I03,SMART1 O08,2.247,27.98,28.86,0.88,0.19706,336.2
100.0,6.32,3635,3659,SMART1 I03,SMART1 O10,2.187,27.98,29.81,1.83,0.18041,317.5
100.0,6.32,3635,3660,SMART1 I03,SMART1 O11,2.049,27.98,29.55,1.57,0.18058,305.0
100.0,6.32,3635,3661,SMART1 I03,SMART1 O12,2.007,27.98,29.0,1.02,0.15408,309.1
100.0,6.32,3636,3637,SMART1 I04,SMART1 I05,0.102,27.94,27.97,0.03,0.17545,312.1
100.0,6.32,3636,3638,SMART1 I04,SMART1 I06,0.217,27.94,28.04,0.1,0.17549,312.1
100.0,6.32,3636,3639,SMART1 I04,SMART1 I08,0.338,27.94,28.19,0.25,0.18455,312.1
100.0,6.32,3636,3640,SMART1 I04,SMART1 I09,0.395,27.94,28.27,0.33,0.17718,312.1
100.0,6.32,3636,3641,SMART1 I04,SMART1 I11,0.382,27.94,28.26,0.32,0.16825,312.1
100.0,6.32,3636,3642,SMART1 I04,SMART1 I12,0.359,27.94,28.22,0.28,0.18115,295.4
100.0,6.32,3636,3643,SMART1 I04,SMART1 M02,1.028,27.94,27.74,0.2,0.20212,310.8
100.0,6.32,3636,3644,SMART1 I04,SMART1 M03,0.781,27.94,27.48,0.46,0.19033,310.8
100.0,6.32,3636,3645,SMART1 I04,SMART1 M04,0.798,27.94,27.27,0.67,0.1861,310.6
100.0,6.32,3636,3646,SMART1 I04,SMART1 M05,0.78,27.94,27.38,0.56,0.19201,310.6
100.0,6.32,3636,3647,SMART1 I04,SMART1 M06,0.927,27.94,27.66,0.28,0.18929,311.6
100.0,6.32,3636,3648,SMART1 I04,SMART1 M08,1.1,27.94,28.48,0.54,0.18258,308.0
100.0,6.32,3636,3649,SMART1 I04,SMART1 M09,1.212,27.94,28.82,0.88,0.1752,318.3
100.0,6.32,3636,3650,SMART1 I04,SMART1 M10,1.126,27.94,28.89,0.95,0.1745,318.3
100.0,6.32,3636,3651,SMART1 I04,SMART1 M11,1.185,27.94,28.86,0.92,0.1732,307.6
100.0,6.32,3636,3652,SMART1 I04,SMART1 M12,1.117,27.94,28.56,0.62,0.16914,295.4
100.0,6.32,3636,3653,SMART1 I04,SMART1 O02,1.904,27.94,27.37,0.57,0.18175,300.0
100.0,6.32,3636,3654,SMART1 I04,SMART1 O03,1.858,27.94,26.7,1.24,0.19422,296.6
100.0,6.32,3636,3655,SMART1 I04,SMART1 O04,1.772,27.94,26.46,1.48,0.20166,301.6
100.0,6.32,3636,3656,SMART1 I04,SMART1 O05,1.833,27.94,26.57,1.37,0.18643,300.5
100.0,6.32,3636,3657,SMART1 I04,SMART1 O06,1.922,27.94,27.18,0.76,0.18737,304.2
100.0,6.32,3636,3658,SMART1 I04,SMART1 O08,2.173,27.94,28.86,0.92,0.19595,336.2
100.0,6.32,3636,3659,SMART1 I04,SMART1 O10,2.219,27.94,29.81,1.87,0.1793,317.5
100.0,6.32,3636,3660,SMART1 I04,SMART1 O11,2.126,27.94,29.55,1.61,0.17947,305.0
100.0,6.32,3636,3661,SMART1 I04,SMART1 O12,2.114,27.94,29.0,1.06,0.15297,309.1
100.0,6.32,3637,3638,SMART1 I05,SMART1 I06,0.124,27.97,28.04,0.07,0.16106,309.4
100.0,6.32,3637,3639,SMART1 I05,SMART1 I08,0.273,27.97,28.19,0.22,0.17012,309.4
100.0,6.32,3637,3640,SMART1 I05,SMART1 I09,0.35,27.97,28.27,0.3,0.16275,309.4
100.0,6.32,3637,3641,SMART1 I05,SMART1 I11,0.389,27.97,28.26,0.29,0.15381,309.4
100.0,6.32,3637,3642,SMART1 I05,SMART1 I12,0.392,27.97,28.22,0.25,0.16672,292.6
100.0,6.32,3637,3643,SMART1 I05,SMART1 M02,1.13,27.97,27.74,0.23,0.18769,308.1
100.0,6.32,3637,3644,SMART1 I05,SMART1 M03,0.871,27.97,27.48,0.49,0.17589,308.1
100.0,6.32,3637,3645,SMART1 I05,SMART1 M04,0.833,27.97,27.27,0.7,0.17167,307.9
100.0,6.32,3637,3646,SMART1 I05,SMART1 M05,0.756,27.97,27.38,0.59,0.17757,307.9
100.0,6.32,3637,3647,SMART1 I05,SMART1 M06,0.846,27.97,27.66,0.31,0.17485,308.9
100.0,6.32,3637,3648,SMART1 I05,SMART1 M08,1.004,27.97,28.48,0.51,0.16814,305.2
100.0,6.32,3637,3649,SMART1 I05,SMART1 M09,1.141,27.97,28.82,0.85,0.16077,315.5
100.0,6.32,3637,3650,SMART1 I05,SMART1 M10,1.094,27.97,28.89,0.92,0.16006,315.5
100.0,6.32,3637,3651,SMART1 I05,SMART1 M11,1.204,27.97,28.86,0.89,0.15877,304.8
100.0,6.32,3637,3652,SMART1 I05,SMART1 M12,1.177,27.97,28.56,0.59,0.1547,292.6
100.0,6.32,3637,3653,SMART1 I05,SMART1 O02,2.005,27.97,27.37,0.6,0.16731,297.2
100.0,6.32,3637,3654,SMART1 I05,SMART1 O03,1.937,27.97,26.7,1.27,0.17979,293.9
100.0,6.32,3637,3655,SMART1 I05,SMART1 O04,1.807,27.97,26.46,1.51,0.18722,298.8
100.0,6.32,3637,3656,SMART1 I05,SMART1 O05,1.81,27.97,26.57,1.4,0.17199,297.7
100.0,6.32,3637,3657,SMART1 I05,SMART1 O06,1.847,27.97,27.18,0.79,0.17293,301.4
100.0,6.32,3637,3658,SMART1 I05,SMART1 O08,2.074,27.97,28.86,0.89,0.18151,333.4
100.0,6.32,3637,3659,SMART1 I05,SMART1 O10,2.192,27.97,29.81,1.84,0.16487,314.8
100.0,6.32,3637,3660,SMART1 I05,SMART1 O11,2.146,27.97,29.55,1.58,0.16504,302.3
100.0,6.32,3637,3661,SMART1 I05,SMART1 O12,2.178,27.97,29.0,1.03,0.13853,306.4
100.0,6.32,3638,3639,SMART1 I06,SMART1 I08,0.168,28.04,28.19,0.15,0.17016,309.4
100.0,6.32,3638,3640,SMART1 I06,SMART1 I09,0.263,28.04,28.27,0.23,0.16279,309.4
100.0,6.32,3638,3641,SMART1 I06,SMART1 I11,0.361,28.04,28.26,0.22,0.15385,309.4
100.0,6.32,3638,3642,SMART1 I06,SMART1 I12,0.394,28.04,28.22,0.18,0.16675,292.6
100.0,6.32,3638,3643,SMART1 I06,SMART1 M02,1.234,28.04,27.74,0.3,0.18773,308.1
100.0,6.32,3638,3644,SMART1 I06,SMART1 M03,0.994,28.04,27.48,0.56,0.17592,308.1
100.0,6.32,3638,3645,SMART1 I06,SMART1 M04,0.94,28.04,27.27,0.77,0.1717,307.9
100.0,6.32,3638,3646,SMART1 I06,SMART1 M05,0.815,28.04,27.38,0.66,0.17761,307.9
100.0,6.32,3638,3647,SMART1 I06,SMART1 M06,0.818,28.04,27.66,0.38,0.17489,308.9
100.0,6.32,3638,3648,SMART1 I06,SMART1 M08,0.883,28.04,28.48,0.44,0.16818,305.2
100.0,6.32,3638,3649,SMART1 I06,SMART1 M09,1.02,28.04,28.82,0.78,0.16081,315.5
100.0,6.32,3638,3650,SMART1 I06,SMART1 M10,1.003,28.04,28.89,0.85,0.16009,315.5
100.0,6.32,3638,3651,SMART1 I06,SMART1 M11,1.165,28.04,28.86,0.82,0.15881,304.8
100.0,6.32,3638,3652,SMART1 I06,SMART1 M12,1.193,28.04,28.56,0.52,0.15474,292.6
100.0,6.32,3638,3653,SMART1 I06,SMART1 O02,2.117,28.04,27.37,0.67,0.16735,297.2
100.0,6.32,3638,3654,SMART1 I06,SMART1 O03,2.061,28.04,26.7,1.34,0.17983,293.9
100.0,6.32,3638,3655,SMART1 I06,SMART1 O04,1.91,28.04,26.46,1.58,0.18726,298.8
100.0,6.32,3638,3656,SMART1 I06,SMART1 O05,1.862,28.04,26.57,1.47,0.17203,297.7
100.0,6.32,3638,3657,SMART1 I06,SMART1 O06,1.825,28.04,27.18,0.86,0.17297,301.4
100.0,6.32,3638,3658,SMART1 I06,SMART1 O08,1.956,28.04,28.86,0.82,0.18155,333.4
100.0,6.32,3638,3659,SMART1 I06,SMART1 O10,2.102,28.04,29.81,1.77,0.16491,314.8
100.0,6.32,3638,3660,SMART1 I06,SMART1 O11,2.105,28.04,29.55,1.51,0.16507,302.3
100.0,6.32,3638,3661,SMART1 I06,SMART1 O12,2.196,28.04,29.0,0.96,0.13856,306.4
100.0,6.32,3639,3640,SMART1 I08,SMART1 I09,0.105,28.19,28.27,0.08,0.17185,309.4
100.0,6.32,3639,3641,SMART1 I08,SMART1 I11,0.268,28.19,28.26,0.07,0.16291,309.4
100.0,6.32,3639,3642,SMART1 I08,SMART1 I12,0.337,28.19,28.22,0.03,0.17581,292.6
100.0,6.32,3639,3643,SMART1 I08,SMART1 M02,1.293,28.19,27.74,0.45,0.19679,308.1
100.0,6.32,3639,3644,SMART1 I08,SMART1 M03,1.114,28.19,27.48,0.71,0.18499,308.1
100.0,6.32,3639,3645,SMART1 I08,SMART1 M04,1.104,28.19,27.27,0.92,0.18077,307.9
100.0,6.32,3639,3646,SMART1 I08,SMART1 M05,0.978,28.19,27.38,0.81,0.18667,307.9
100.0,6.32,3639,3647,SMART1 I08,SMART1 M06,0.921,28.19,27.66,0.53,0.18395,308.9
100.0,6.32,3639,3648,SMART1 I08,SMART1 M08,0.8,28.19,28.48,0.29,0.17724,305.2
100.0,6.32,3639,3649,SMART1 I08,SMART1 M09,0.874,28.19,28.82,0.63,0.16987,315.5
100.0,6.32,3639,3650,SMART1 I08,SMART1 M10,0.836,28.19,28.89,0.7,0.16916,315.5
100.0,6.32,3639,3651,SMART1 I08,SMART1 M11,1.028,28.19,28.86,0.67,0.16787,304.8
100.0,6.32,3639,3652,SMART1 I08,SMART1 M12,1.114,28.19,28.56,0.37,0.1638,292.6
100.0,6.32,3639,3653,SMART1 I08,SMART1 O02,2.187,28.19,27.37,0.82,0.17641,297.2
100.0,6.32,3639,3654,SMART1 I08,SMART1 O03,2.196,28.19,26.7,1.49,0.18889,293.9
100.0,6.32,3639,3655,SMART1 I08,SMART1 O04,2.076,28.19,26.46,1.73,0.19632,298.8
100.0,6.32,3639,3656,SMART1 I08,SMART1 O05,2.019,28.19,26.57,1.62,0.18109,297.7
100.0,6.32,3639,3657,SMART1 I08,SMART1 O06,1.922,28.19,27.18,1.01,0.18203,301.4
100.0,6.32,3639,3658,SMART1 I08,SMART1 O08,1.882,28.19,28.86,0.67,0.19061,333.4
100.0,6.32,3639,3659,SMART1 I08,SMART1 O10,1.935,28.19,29.81,1.62,0.17397,314.8
100.0,6.32,3639,3660,SMART1 I08,SMART1 O11,1.961,28.19,29.55,1.36,0.17414,302.3
100.0,6.32,3639,3661,SMART1 I08,SMART1 O12,2.111,28.19,29.0,0.81,0.14763,306.4
100.0,6.32,3640,3641,SMART1 I09,SMART1 I11,0.196,28.27,28.26,0.01,0.15554,309.4
100.0,6.32,3640,3642,SMART1 I09,SMART1 I12,0.283,28.27,28.22,0.05,0.16845,292.6
100.0,6.32,3640,3643,SMART1 I09,SMART1 M02,1.282,28.27,27.74,0.53,0.18942,308.1
100.0,6.32,3640,3644,SMART1 I09,SMART1 M03,1.147,28.27,27.48,0.79,0.17762,308.1
100.0,6.32,3640,3645,SMART1 I09,SMART1 M04,1.182,28.27,27.27,1.0,0.17339,307.9
100.0,6.32,3640,3646,SMART1 I09,SMART1 M05,1.078,28.27,27.38,0.89,0.1793,307.9
100.0,6.32,3640,3647,SMART1 I09,SMART1 M06,1.023,28.27,27.66,0.61,0.17658,308.9
100.0,6.32,3640,3648,SMART1 I09,SMART1 M08,0.82,28.27,28.48,0.21,0.16987,305.2
100.0,6.32,3640,3649,SMART1 I09,SMART1 M09,0.833,28.27,28.82,0.55,0.1625,315.5
100.0,6.32,3640,3650,SMART1 I09,SMART1 M10,0.745,28.27,28.89,0.62,0.16179,315.5
100.0,6.32,3640,3651,SMART1 I09,SMART1 M11,0.923,28.27,28.86,0.59,0.1605,304.8
100.0,6.32,3640,3652,SMART1 I09,SMART1 M12,1.028,28.27,28.56,0.29,0.15643,292.6
100.0,6.32,3640,3653,SMART1 I09,SMART1 O02,2.179,28.27,27.37,0.9,0.16905,297.2
100.0,6.32,3640,3654,SMART1 I09,SMART1 O03,2.237,28.27,26.7,1.57,0.18152,293.9
100.0,6.32,3640,3655,SMART1 I09,SMART1 O04,2.156,28.27,26.46,1.81,0.18895,298.8
100.0,6.32,3640,3656,SMART1 I09,SMART1 O05,2.122,28.27,26.57,1.7,0.17372,297.7
100.0,6.32,3640,3657,SMART1 I09,SMART1 O06,2.021,28.27,27.18,1.09,0.17466,301.4
100.0,6.32,3640,3658,SMART1 I09,SMART1 O08,1.901,28.27,28.86,0.59,0.18324,333.4
100.0,6.32,3640,3659,SMART1 I09,SMART1 O10,1.844,28.27,29.81,1.54,0.1666,314.8
100.0,6.32,3640,3660,SMART1 I09,SMART1 O11,1.856,28.27,29.55,1.28,0.16677,302.3
100.0,6.32,3640,3661,SMART1 I09,SMART1 O12,2.02,28.27,29.0,0.73,0.14026,306.4
100.0,6.32,3641,3642,SMART1 I11,SMART1 I12,0.097,28.26,28.22,0.04,0.15951,292.6
100.0,6.32,3641,3643,SMART1 I11,SMART1 M02,1.114,28.26,27.74,0.52,0.18049,308.1
100.0,6.32,3641,3644,SMART1 I11,SMART1 M03,1.044,28.26,27.48,0.78,0.16869,308.1
100.0,6.32,3641,3645,SMART1 I11,SMART1 M04,1.173,28.26,27.27,0.99,0.16446,307.9
100.0,6.32,3641,3646,SMART1 I11,SMART1 M05,1.145,28.26,27.38,0.88,0.17037,307.9
100.0,6.32,3641,3647,SMART1 I11,SMART1 M06,1.173,28.26,27.66,0.6,0.16765,308.9
100.0,6.32,3641,3648,SMART1 I11,SMART1 M08,1.008,28.26,28.48,0.22,0.16094,305.2
100.0,6.32,3641,3649,SMART1 I11,SMART1 M09,0.965,28.26,28.82,0.56,0.15357,315.5
100.0,6.32,3641,3650,SMART1 I11,SMART1 M10,0.768,28.26,28.89,0.63,0.15285,315.5
100.0,6.32,3641,3651,SMART1 I11,SMART1 M11,0.815,28.26,28.86,0.6,0.15157,304.8
100.0,6.32,3641,3652,SMART1 I11,SMART1 M12,0.848,28.26,28.56,0.3,0.1475,292.6
100.0,6.32,3641,3653,SMART1 I11,SMART1 O02,2.012,28.26,27.37,0.89,0.16011,297.2
100.0,6.32,3641,3654,SMART1 I11,SMART1 O03,2.138,28.26,26.7,1.56,0.17258,293.9
100.0,6.32,3641,3655,SMART1 I11,SMART1 O04,2.143,28.26,26.46,1.8,0.18001,298.8
100.0,6.32,3641,3656,SMART1 I11,SMART1 O05,2.199,28.26,26.57,1.69,0.16479,297.7
100.0,6.32,3641,3657,SMART1 I11,SMART1 O06,2.178,28.26,27.18,1.08,0.16573,301.4
100.0,6.32,3641,3658,SMART1 I11,SMART1 O08,2.084,28.26,28.86,0.6,0.17431,333.4
100.0,6.32,3641,3659,SMART1 I11,SMART1 O10,1.849,28.26,29.81,1.55,0.15766,314.8
100.0,6.32,3641,3660,SMART1 I11,SMART1 O11,1.757,28.26,29.55,1.29,0.15784,302.3
100.0,6.32,3641,3661,SMART1 I11,SMART1 O12,1.847,28.26,29.0,0.74,0.13132,306.4
100.0,6.32,3642,3643,SMART1 I12,SMART1 M02,1.017,28.22,27.74,0.48,0.19339,291.3
100.0,6.32,3642,3644,SMART1 I12,SMART1 M03,0.962,28.22,27.48,0.74,0.18158,291.3
100.0,6.32,3642,3645,SMART1 I12,SMART1 M04,1.129,28.22,27.27,0.95,0.17736,291.1
100.0,6.32,3642,3646,SMART1 I12,SMART1 M05,1.138,28.22,27.38,0.84,0.18327,291.1
100.0,6.32,3642,3647,SMART1 I12,SMART1 M06,1.212,28.22,27.66,0.56,0.18055,292.1
100.0,6.32,3642,3648,SMART1 I12,SMART1 M08,1.102,28.22,28.48,0.26,0.17384,288.4
100.0,6.32,3642,3649,SMART1 I12,SMART1 M09,1.061,28.22,28.82,0.6,0.16647,298.7
100.0,6.32,3642,3650,SMART1 I12,SMART1 M10,0.84,28.22,28.89,0.67,0.16575,298.7
100.0,6.32,3642,3651,SMART1 I12,SMART1 M11,0.827,28.22,28.86,0.64,0.16447,288.0
100.0,6.32,3642,3652,SMART1 I12,SMART1 M12,0.799,28.22,28.56,0.34,0.1604,275.8
100.0,6.32,3642,3653,SMART1 I12,SMART1 O02,1.914,28.22,27.37,0.85,0.17301,280.5
100.0,6.32,3642,3654,SMART1 I12,SMART1 O03,2.055,28.22,26.7,1.52,0.18549,277.1
100.0,6.32,3642,3655,SMART1 I12,SMART1 O04,2.092,28.22,26.46,1.76,0.19292,282.0
100.0,6.32,3642,3656,SMART1 I12,SMART1 O05,2.191,28.22,26.57,1.65,0.17769,280.9
100.0,6.32,3642,3657,SMART1 I12,SMART1 O06,2.219,28.22,27.18,1.04,0.17863,284.6
100.0,6.32,3642,3658,SMART1 I12,SMART1 O08,2.179,28.22,28.86,0.64,0.18721,316.6
100.0,6.32,3642,3659,SMART1 I12,SMART1 O10,1.908,28.22,29.81,1.59,0.17057,298.0
100.0,6.32,3642,3660,SMART1 I12,SMART1 O11,1.767,28.22,29.55,1.33,0.17073,285.5
100.0,6.32,3642,3661,SMART1 I12,SMART1 O12,1.802,28.22,29.0,0.78,0.14422,289.6
100.0,6.32,3643,3644,SMART1 M02,SMART1 M03,0.543,27.74,27.48,0.26,0.20256,306.8
100.0,6.32,3643,3645,SMART1 M02,SMART1 M04,1.115,27.74,27.27,0.47,0.19833,306.6
100.0,6.32,3643,3646,SMART1 M02,SMART1 M05,1.468,27.74,27.38,0.36,0.20425,306.6
100.0,6.32,3643,3647,SMART1 M02,SMART1 M06,1.868,27.74,27.66,0.08,0.20153,307.6
100.0,6.32,3643,3648,SMART1 M02,SMART1 M08,2.092,27.74,28.48,0.74,0.19482,303.9
100.0,6.32,3643,3649,SMART1 M02,SMART1 M09,2.073,27.74,28.82,1.08,0.18744,314.2
100.0,6.32,3643,3650,SMART1 M02,SMART1 M10,1.762,27.74,28.89,1.15,0.18673,314.2
100.0,6.32,3643,3651,SMART1 M02,SMART1 M11,1.446,27.74,28.86,1.12,0.18544,303.5
100.0,6.32,3643,3652,SMART1 M02,SMART1 M12,0.995,27.74,28.56,0.82,0.18138,291.3
100.0,6.32,3643,3653,SMART1 M02,SMART1 O02,0.898,27.74,27.37,0.37,0.19398,295.9
100.0,6.32,3643,3654,SMART1 M02,SMART1 O03,1.267,27.74,26.7,1.04,0.20646,292.5
100.0,6.32,3643,3655,SMART1 M02,SMART1 O04,1.759,27.74,26.46,1.28,0.21389,297.5
100.0,6.32,3643,3656,SMART1 M02,SMART1 O05,2.321,27.74,26.57,1.17,0.19866,296.4
100.0,6.32,3643,3657,SMART1 M02,SMART1 O06,2.781,27.74,27.18,0.56,0.1996,300.1
100.0,6.32,3643,3658,SMART1 M02,SMART1 O08,3.175,27.74,28.86,1.12,0.20819,332.1
100.0,6.32,3643,3659,SMART1 M02,SMART1 O10,2.687,27.74,29.81,2.07,0.19154,313.4
100.0,6.32,3643,3660,SMART1 M02,SMART1 O11,2.18,27.74,29.55,1.81,0.19171,301.0
100.0,6.32,3643,3661,SMART1 M02,SMART1 O12,1.67,27.74,29.0,1.26,0.1652,305.1
100.0,6.32,3644,3645,SMART1 M03,SMART1 M04,0.576,27.48,27.27,0.21,0.18654,306.6
100.0,6.32,3644,3646,SMART1 M03,SMART1 M05,0.967,27.48,27.38,0.1,0.19245,306.6
100.0,6.32,3644,3647,SMART1 M03,SMART1 M06,1.437,27.48,27.66,0.18,0.18973,307.6
100.0,6.32,3644,3648,SMART1 M03,SMART1 M08,1.873,27.48,28.48,1.0,0.18302,303.9
100.0,6.32,3644,3649,SMART1 M03,SMART1 M09,1.98,27.48,28.82,1.34,0.17564,314.2
100.0,6.32,3644,3650,SMART1 M03,SMART1 M10,1.801,27.48,28.89,1.41,0.17493,314.2
100.0,6.32,3644,3651,SMART1 M03,SMART1 M11,1.651,27.48,28.86,1.38,0.17364,303.5
100.0,6.32,3644,3652,SMART1 M03,SMART1 M12,1.322,27.48,28.56,1.08,0.16958,291.3
100.0,6.32,3644,3653,SMART1 M03,SMART1 O02,1.226,27.48,27.37,0.11,0.18218,295.9
100.0,6.32,3644,3654,SMART1 M03,SMART1 O03,1.094,27.48,26.7,0.78,0.19466,292.5
100.0,6.32,3644,3655,SMART1 M03,SMART1 O04,1.29,27.48,26.46,1.02,0.20209,297.5
100.0,6.32,3644,3656,SMART1 M03,SMART1 O05,1.779,27.48,26.57,0.91,0.18686,296.4
100.0,6.32,3644,3657,SMART1 M03,SMART1 O06,2.285,27.48,27.18,0.3,0.1878,300.1
100.0,6.32,3644,3658,SMART1 M03,SMART1 O08,2.932,27.48,28.86,1.38,0.19639,332.1
100.0,6.32,3644,3659,SMART1 M03,SMART1 O10,2.841,27.48,29.81,2.33,0.17974,313.4
100.0,6.32,3644,3660,SMART1 M03,SMART1 O11,2.508,27.48,29.55,2.07,0.17991,301.0
100.0,6.32,3644,3661,SMART1 M03,SMART1 O12,2.153,27.48,29.0,1.52,0.1534,305.1
100.0,6.32,3645,3646,SMART1 M04,SMART1 M05,0.459,27.27,27.38,0.11,0.18822,306.4
100.0,6.32,3645,3647,SMART1 M04,SMART1 M06,1.013,27.27,27.66,0.39,0.1855,307.4
100.0,6.32,3645,3648,SMART1 M04,SMART1 M08,1.703,27.27,28.48,1.21,0.17879,303.7
100.0,6.32,3645,3649,SMART1 M04,SMART1 M09,1.947,27.27,28.82,1.55,0.17141,314.0
100.0,6.32,3645,3650,SMART1 M04,SMART1 M10,1.923,27.27,28.89,1.62,0.1707,314.0
100.0,6.32,3645,3651,SMART1 M04,SMART1 M11,1.94,27.27,28.86,1.59,0.16941,303.3
100.0,6.32,3645,3652,SMART1 M04,SMART1 M12,1.735,27.27,28.56,1.29,0.16535,291.1
100.0,6.32,3645,3653,SMART1 M04,SMART1 O02,1.74,27.27,27.37,0.1,0.17796,295.7
100.0,6.32,3645,3654,SMART1 M04,SMART1 O03,1.272,27.27,26.7,0.57,0.19043,292.4
100.0,6.32,3645,3655,SMART1 M04,SMART1 O04,0.974,27.27,26.46,0.81,0.19787,297.3
100.0,6.32,3645,3656,SMART1 M04,SMART1 O05,1.219,27.27,26.57,0.7,0.18263,296.2
100.0,6.32,3645,3657,SMART1 M04,SMART1 O06,1.742,27.27,27.18,0.09,0.18357,299.9
100.0,6.32,3645,3658,SMART1 M04,SMART1 O08,2.676,27.27,28.86,1.59,0.19216,331.9
100.0,6.32,3645,3659,SMART1 M04,SMART1 O10,3.018,27.27,29.81,2.54,0.17552,313.2
100.0,6.32,3645,3660,SMART1 M04,SMART1 O11,2.861,27.27,29.55,2.28,0.17568,300.8
100.0,6.32,3645,3661,SMART1 M04,SMART1 O12,2.654,27.27,29.0,1.73,0.14918,304.9
100.0,6.32,3646,3647,SMART1 M05,SMART1 M06,0.569,27.38,27.66,0.28,0.19141,307.4
100.0,6.32,3646,3648,SMART1 M05,SMART1 M08,1.382,27.38,28.48,1.1,0.1847,303.7
100.0,6.32,3646,3649,SMART1 M05,SMART1 M09,1.712,27.38,28.82,1.44,0.17733,314.0
100.0,6.32,3646,3650,SMART1 M05,SMART1 M10,1.808,27.38,28.89,1.51,0.17661,314.0
100.0,6.32,3646,3651,SMART1 M05,SMART1 M11,1.96,27.38,28.86,1.48,0.17533,303.3
100.0,6.32,3646,3652,SMART1 M05,SMART1 M12,1.876,27.38,28.56,1.18,0.17126,291.1
100.0,6.32,3646,3653,SMART1 M05,SMART1 O02,2.177,27.38,27.37,0.01,0.18387,295.7
100.0,6.32,3646,3654,SMART1 M05,SMART1 O03,1.715,27.38,26.7,0.68,0.19634,292.4
100.0,6.32,3646,3655,SMART1 M05,SMART1 O04,1.223,27.38,26.46,0.92,0.20377,297.3
100.0,6.32,3646,3656,SMART1 M05,SMART1 O05,1.055,27.38,26.57,0.81,0.18855,296.2
100.0,6.32,3646,3657,SMART1 M05,SMART1 O06,1.319,27.38,27.18,0.2,0.18949,299.9
100.0,6.32,3646,3658,SMART1 M05,SMART1 O08,2.278,27.38,28.86,1.48,0.19807,331.9
100.0,6.32,3646,3659,SMART1 M05,SMART1 O10,2.901,27.38,29.81,2.43,0.18143,313.2
100.0,6.32,3646,3660,SMART1 M05,SMART1 O11,2.902,27.38,29.55,2.17,0.1816,300.8
100.0,6.32,3646,3661,SMART1 M05,SMART1 O12,2.855,27.38,29.0,1.62,0.15509,304.9
100.0,6.32,3647,3648,SMART1 M06,SMART1 M08,0.953,27.66,28.48,0.82,0.18198,304.7
100.0,6.32,3647,3649,SMART1 M06,SMART1 M09,1.38,27.66,28.82,1.16,0.17461,315.0
100.0,6.32,3647,3650,SMART1 M06,SMART1 M10,1.63,27.66,28.89,1.23,0.17389,315.0
100.0,6.32,3647,3651,SMART1 M06,SMART1 M11,1.942,27.66,28.86,1.2,0.17261,304.3
100.0,6.32,3647,3652,SMART1 M06,SMART1 M12,2.011,27.66,28.56,0.9,0.16854,292.1
100.0,6.32,3647,3653,SMART1 M06,SMART1 O02,2.662,27.66,27.37,0.29,0.18115,296.7
100.0,6.32,3647,3654,SMART1 M06,SMART1 O03,2.282,27.66,26.7,0.96,0.19362,293.4
100.0,6.32,3647,3655,SMART1 M06,SMART1 O04,1.746,27.66,26.46,1.2,0.20105,298.3
100.0,6.32,3647,3656,SMART1 M06,SMART1 O05,1.28,27.66,26.57,1.09,0.18583,297.2
100.0,6.32,3647,3657,SMART1 M06,SMART1 O06,1.006,27.66,27.18,0.48,0.18677,300.9
100.0,6.32,3647,3658,SMART1 M06,SMART1 O08,1.727,27.66,28.86,1.2,0.19535,332.9
100.0,6.32,3647,3659,SMART1 M06,SMART1 O10,2.665,27.66,29.81,2.15,0.17871,314.2
100.0,6.32,3647,3660,SMART1 M06,SMART1 O11,2.86,27.66,29.55,1.89,0.17888,301.8
100.0,6.32,3647,3661,SMART1 M06,SMART1 O12,3.014,27.66,29.0,1.34,0.15237,305.9
100.0,6.32,3648,3649,SMART1 M08,SMART1 M09,0.489,28.48,28.82,0.34,0.1679,311.3
100.0,6.32,3648,3650,SMART1 M08,SMART1 M10,0.93,28.48,28.89,0.41,0.16719,311.3
100.0,6.32,3648,3651,SMART1 M08,SMART1 M11,1.438,28.48,28.86,0.38,0.1659,300.6
100.0,6.32,3648,3652,SMART1 M08,SMART1 M12,1.747,28.48,28.56,0.08,0.16183,288.4
100.0,6.32,3648,3653,SMART1 M08,SMART1 O02,2.986,28.48,27.37,1.11,0.17444,293.1
100.0,6.32,3648,3654,SMART1 M08,SMART1 O03,2.917,28.48,26.7,1.78,0.18691,289.7
100.0,6.32,3648,3655,SMART1 M08,SMART1 O04,2.603,28.48,26.46,2.02,0.19434,294.6
100.0,6.32,3648,3656,SMART1 M08,SMART1 O05,2.233,28.48,26.57,1.91,0.17912,293.5
100.0,6.32,3648,3657,SMART1 M08,SMART1 O06,1.705,28.48,27.18,1.3,0.18006,297.3
100.0,6.32,3648,3658,SMART1 M08,SMART1 O08,1.083,28.48,28.86,0.38,0.18864,329.2
100.0,6.32,3648,3659,SMART1 M08,SMART1 O10,1.795,28.48,29.81,1.33,0.172,310.6
100.0,6.32,3648,3660,SMART1 M08,SMART1 O11,2.217,28.48,29.55,1.07,0.17217,298.1
100.0,6.32,3648,3661,SMART1 M08,SMART1 O12,2.669,28.48,29.0,0.52,0.14566,302.2
100.0,6.32,3649,3650,SMART1 M09,SMART1 M10,0.525,28.82,28.89,0.07,0.15981,321.6
100.0,6.32,3649,3651,SMART1 M09,SMART1 M11,1.09,28.82,28.86,0.04,0.15852,310.9
100.0,6.32,3649,3652,SMART1 M09,SMART1 M12,1.502,28.82,28.56,0.26,0.15446,298.7
100.0,6.32,3649,3653,SMART1 M09,SMART1 O02,2.966,28.82,27.37,1.45,0.16706,303.4
100.0,6.32,3649,3654,SMART1 M09,SMART1 O03,3.068,28.82,26.7,2.12,0.17954,300.0
100.0,6.32,3649,3655,SMART1 M09,SMART1 O04,2.9,28.82,26.46,2.36,0.18697,304.9
100.0,6.32,3649,3656,SMART1 M09,SMART1 O05,2.652,28.82,26.57,2.25,0.17174,303.8
100.0,6.32,3649,3657,SMART1 M09,SMART1 O06,2.193,28.82,27.18,1.64,0.17268,307.5
100.0,6.32,3649,3658,SMART1 M09,SMART1 O08,1.263,28.82,28.86,0.04,0.18127,339.5
100.0,6.32,3649,3659,SMART1 M09,SMART1 O10,1.31,28.82,29.81,0.99,0.16462,320.9
100.0,6.32,3649,3660,SMART1 M09,SMART1 O11,1.766,28.82,29.55,0.73,0.16479,308.4
100.0,6.32,3649,3661,SMART1 M09,SMART1 O12,2.33,28.82,29.0,0.18,0.13828,312.5
100.0,6.32,3650,3651,SMART1 M10,SMART1 M11,0.571,28.89,28.86,0.03,0.15781,310.9
100.0,6.32,3650,3652,SMART1 M10,SMART1 M12,1.028,28.89,28.56,0.33,0.15374,298.7
100.0,6.32,3650,3653,SMART1 M10,SMART1 O02,2.624,28.89,27.37,1.52,0.16635,303.4
100.0,6.32,3650,3654,SMART1 M10,SMART1 O03,2.889,28.89,26.7,2.19,0.17883,300.0
100.0,6.32,3650,3655,SMART1 M10,SMART1 O04,2.897,28.89,26.46,2.43,0.18626,304.9
100.0,6.32,3650,3656,SMART1 M10,SMART1 O05,2.832,28.89,26.57,2.32,0.17103,303.8
100.0,6.32,3650,3657,SMART1 M10,SMART1 O06,2.555,28.89,27.18,1.71,0.17197,307.5
100.0,6.32,3650,3658,SMART1 M10,SMART1 O08,1.781,28.89,28.86,0.03,0.18055,339.5
100.0,6.32,3650,3659,SMART1 M10,SMART1 O10,1.099,28.89,29.81,0.92,0.16391,320.9
100.0,6.32,3650,3660,SMART1 M10,SMART1 O11,1.29,28.89,29.55,0.66,0.16408,308.4
100.0,6.32,3650,3661,SMART1 M10,SMART1 O12,1.806,28.89,29.0,0.11,0.13757,312.5
100.0,6.32,3651,3652,SMART1 M11,SMART1 M12,0.524,28.86,28.56,0.3,0.15246,288.0
100.0,6.32,3651,3653,SMART1 M11,SMART1 O02,2.23,28.86,27.37,1.49,0.16506,292.7
100.0,6.32,3651,3654,SMART1 M11,SMART1 O03,2.678,28.86,26.7,2.16,0.17754,289.3
100.0,6.32,3651,3655,SMART1 M11,SMART1 O04,2.883,28.86,26.46,2.4,0.18497,294.2
100.0,6.32,3651,3656,SMART1 M11,SMART1 O05,3.014,28.86,26.57,2.29,0.16974,293.1
100.0,6.32,3651,3657,SMART1 M11,SMART1 O06,2.929,28.86,27.18,1.68,0.17068,296.8
100.0,6.32,3651,3658,SMART1 M11,SMART1 O08,2.351,28.86,28.86,0.0,0.17927,328.8
100.0,6.32,3651,3659,SMART1 M11,SMART1 O10,1.243,28.86,29.81,0.95,0.16262,310.2
100.0,6.32,3651,3660,SMART1 M11,SMART1 O11,0.942,28.86,29.55,0.69,0.16279,297.7
100.0,6.32,3651,3661,SMART1 M11,SMART1 O12,1.242,28.86,29.0,0.14,0.13628,301.8
100.0,6.32,3652,3653,SMART1 M12,SMART1 O02,1.718,28.56,27.37,1.19,0.161,280.5
100.0,6.32,3652,3654,SMART1 M12,SMART1 O03,2.259,28.56,26.7,1.86,0.17347,277.1
100.0,6.32,3652,3655,SMART1 M12,SMART1 O04,2.607,28.56,26.46,2.1,0.1809,282.0
100.0,6.32,3652,3656,SMART1 M12,SMART1 O05,2.907,28.56,26.57,1.99,0.16568,280.9
100.0,6.32,3652,3657,SMART1 M12,SMART1 O06,3.017,28.56,27.18,1.38,0.16662,284.6
100.0,6.32,3652,3658,SMART1 M12,SMART1 O08,2.754,28.56,28.86,0.3,0.1752,316.6
100.0,6.32,3652,3659,SMART1 M12,SMART1 O10,1.741,28.56,29.81,1.25,0.15856,298.0
100.0,6.32,3652,3660,SMART1 M12,SMART1 O11,1.196,28.56,29.55,0.99,0.15873,285.5
100.0,6.32,3652,3661,SMART1 M12,SMART1 O12,1.003,28.56,29.0,0.44,0.13221,289.6
100.0,6.32,3653,3654,SMART1 O02,SMART1 O03,1.052,27.37,26.7,0.67,0.18609,281.7
100.0,6.32,3653,3655,SMART1 O02,SMART1 O04,1.961,27.37,26.46,0.91,0.19351,286.7
100.0,6.32,3653,3656,SMART1 O02,SMART1 O05,2.797,27.37,26.57,0.8,0.17828,285.6
100.0,6.32,3653,3657,SMART1 O02,SMART1 O06,3.482,27.37,27.18,0.19,0.17922,289.3
100.0,6.32,3653,3658,SMART1 O02,SMART1 O08,4.068,27.37,28.86,1.49,0.18781,321.3
100.0,6.32,3653,3659,SMART1 O02,SMART1 O10,3.459,27.37,29.81,2.44,0.17117,302.6
100.0,6.32,3653,3660,SMART1 O02,SMART1 O11,2.783,27.37,29.55,2.18,0.17133,290.1
100.0,6.32,3653,3661,SMART1 O02,SMART1 O12,1.988,27.37,29.0,1.63,0.14482,294.2
100.0,6.32,3654,3655,SMART1 O03,SMART1 O04,1.001,26.7,26.46,0.24,0.20599,283.3
100.0,6.32,3654,3656,SMART1 O03,SMART1 O05,1.968,26.7,26.57,0.13,0.19076,282.2
100.0,6.32,3654,3657,SMART1 O03,SMART1 O06,2.865,26.7,27.18,0.48,0.1917,285.9
100.0,6.32,3654,3658,SMART1 O03,SMART1 O08,3.935,26.7,28.86,2.16,0.20028,317.9
100.0,6.32,3654,3659,SMART1 O03,SMART1 O10,3.903,26.7,29.81,3.11,0.18364,299.2
100.0,6.32,3654,3660,SMART1 O03,SMART1 O11,3.447,26.7,29.55,2.85,0.18381,286.7
100.0,6.32,3654,3661,SMART1 O03,SMART1 O12,2.85,26.7,29.0,2.3,0.1573,290.8
100.0,6.32,3655,3656,SMART1 O04,SMART1 O05,1.012,26.46,26.57,0.11,0.19819,287.1
100.0,6.32,3655,3657,SMART1 O04,SMART1 O06,2.033,26.46,27.18,0.72,0.19913,290.9
100.0,6.32,3655,3658,SMART1 O04,SMART1 O08,3.472,26.46,28.86,2.4,0.20771,322.8
100.0,6.32,3655,3659,SMART1 O04,SMART1 O10,3.991,26.46,29.81,3.35,0.19107,304.2
100.0,6.32,3655,3660,SMART1 O04,SMART1 O11,3.779,26.46,29.55,3.09,0.19124,291.7
100.0,6.32,3655,3661,SMART1 O04,SMART1 O12,3.425,26.46,29.0,2.54,0.16473,295.8
100.0,6.32,3656,3657,SMART1 O05,SMART1 O06,1.104,26.57,27.18,0.61,0.1839,289.7
100.0,6.32,3656,3658,SMART1 O05,SMART1 O08,2.854,26.57,28.86,2.29,0.19249,321.7
100.0,6.32,3656,3659,SMART1 O05,SMART1 O10,3.909,26.57,29.81,3.24,0.17584,303.1
100.0,6.32,3656,3660,SMART1 O05,SMART1 O11,3.956,26.57,29.55,2.98,0.17601,290.6
100.0,6.32,3656,3661,SMART1 O05,SMART1 O12,3.86,26.57,29.0,2.43,0.1495,294.7
100.0,6.32,3657,3658,SMART1 O06,SMART1 O08,1.947,27.18,28.86,1.68,0.19343,325.4
100.0,6.32,3657,3659,SMART1 O06,SMART1 O10,3.5,27.18,29.81,2.63,0.17678,306.8
100.0,6.32,3657,3660,SMART1 O06,SMART1 O11,3.826,27.18,29.55,2.37,0.17695,294.3
100.0,6.32,3657,3661,SMART1 O06,SMART1 O12,4.02,27.18,29.0,1.82,0.15044,298.4
100.0,6.32,3658,3659,SMART1 O08,SMART1 O10,2.156,28.86,29.81,0.95,0.18537,338.8
100.0,6.32,3658,3660,SMART1 O08,SMART1 O11,2.916,28.86,29.55,0.69,0.18554,326.3
100.0,6.32,3658,3661,SMART1 O08,SMART1 O12,3.586,28.86,29.0,0.14,0.15902,330.4
100.0,6.32,3659,3660,SMART1 O10,SMART1 O11,1.005,29.81,29.55,0.26,0.16889,307.6
100.0,6.32,3659,3661,SMART1 O10,SMART1 O12,1.996,29.81,29.0,0.81,0.14238,311.7
100.0,6.32,3660,3661,SMART1 O11,SMART1 O12,1.031,29.55,29.0,0.55,0.14255,299.3
101.0,6.06,519,535,Hemet Fire Station,San Jacinto - Valley Cemetary,3.869,58.52,56.6,1.92,0.10052,329.4
101.0,6.06,519,542,Hemet Fire Station,Winchester Page Bros R,4.161,58.52,56.5,2.02,0.12085,308.0
103.0,6.19,552,553,Lake Crowley - Shehorn Res.,Long Valley Dam (Downst),4.498,52.46,44.46,8.0,0.10125,497.0
103.0,6.19,552,554,Lake Crowley - Shehorn Res.,Long Valley Dam (L Abut),4.498,52.46,44.46,8.0,0.09963,497.0
103.0,6.19,553,554,Long Valley Dam (Downst),Long Valley Dam (L Abut),0.0,44.46,44.46,0.0,0.07682,537.2
107.0,5.4,565,566,Kalamata (bsmt) (1st trigger),Kalamata (bsmt) (2nd trigger),0.0,10.89,10.89,0.0,0.19787,382.2
108.0,5.8,568,569,Geotech Investig Center,National Geografical Inst,1.616,12.07,12.82,0.75,0.53543,472.6
109.0,7.3,570,571,SMART1 C00,SMART1 E01,2.791,48.22,48.44,0.22,0.15098,308.9
109.0,7.3,570,572,SMART1 C00,SMART1 E02,4.928,48.22,48.88,0.66,0.1412,490.5
109.0,7.3,570,573,SMART1 C00,SMART1 I01,0.193,48.22,48.18,0.04,0.13885,292.6
109.0,7.3,570,574,SMART1 C00,SMART1 I07,0.204,48.22,48.27,0.05,0.13112,309.4
109.0,7.3,570,575,SMART1 C00,SMART1 M01,0.956,48.22,48.01,0.21,0.13888,288.9
109.0,7.3,570,576,SMART1 C00,SMART1 M07,1.024,48.22,48.49,0.27,0.14794,318.5
109.0,7.3,570,577,SMART1 C00,SMART1 O01,2.086,48.22,47.79,0.43,0.14902,288.5
109.0,7.3,570,578,SMART1 C00,SMART1 O02,2.012,48.22,47.12,1.1,0.17112,297.2
109.0,7.3,570,579,SMART1 C00,SMART1 O04,1.999,48.22,46.77,1.45,0.1446,298.8
109.0,7.3,570,580,SMART1 C00,SMART1 O06,2.023,48.22,47.88,0.34,0.1561,301.4
109.0,7.3,570,581,SMART1 C00,SMART1 O07,1.984,48.22,48.56,0.34,0.14767,311.9
109.0,7.3,570,582,SMART1 C00,SMART1 O08,2.058,48.22,49.33,1.11,0.14758,333.4
109.0,7.3,570,583,SMART1 C00,SMART1 O10,1.993,48.22,49.64,1.42,0.12863,314.8
109.0,7.3,570,584,SMART1 C00,SMART1 O12,1.997,48.22,48.52,0.3,0.14108,306.4
109.0,7.3,570,3663,SMART1 C00,SMART1 I02,0.202,48.22,48.1,0.12,0.1446,309.4
109.0,7.3,570,3664,SMART1 C00,SMART1 I03,0.222,48.22,48.06,0.16,0.14231,312.1
109.0,7.3,570,3665,SMART1 C00,SMART1 I04,0.227,48.22,48.06,0.16,0.13931,312.1
109.0,7.3,570,3666,SMART1 C00,SMART1 I05,0.218,48.22,48.1,0.12,0.13021,309.4
109.0,7.3,570,3667,SMART1 C00,SMART1 I06,0.199,48.22,48.19,0.03,0.12746,309.4
109.0,7.3,570,3668,SMART1 C00,SMART1 I08,0.176,48.22,48.31,0.09,0.12985,309.4
109.0,7.3,570,3669,SMART1 C00,SMART1 I09,0.184,48.22,48.37,0.15,0.12962,309.4
109.0,7.3,570,3670,SMART1 C00,SMART1 I11,0.172,48.22,48.31,0.09,0.12518,309.4
109.0,7.3,570,3671,SMART1 C00,SMART1 I12,0.196,48.22,48.25,0.03,0.13403,292.6
109.0,7.3,570,3672,SMART1 C00,SMART1 M02,1.117,48.22,47.63,0.59,0.15798,308.1
109.0,7.3,570,3673,SMART1 C00,SMART1 M03,0.963,48.22,47.53,0.69,0.1291,308.1
109.0,7.3,570,3674,SMART1 C00,SMART1 M04,1.025,48.22,47.49,0.73,0.14571,307.9
109.0,7.3,570,3675,SMART1 C00,SMART1 M05,0.974,48.22,47.69,0.53,0.1442,307.9
109.0,7.3,570,3676,SMART1 C00,SMART1 M06,1.017,48.22,48.05,0.17,0.14503,308.9
109.0,7.3,570,3677,SMART1 C00,SMART1 M09,1.017,48.22,48.96,0.74,0.1245,315.5
109.0,7.3,570,3678,SMART1 C00,SMART1 M10,0.899,48.22,48.88,0.66,0.12588,315.5
109.0,7.3,570,3679,SMART1 C00,SMART1 M11,0.987,48.22,48.71,0.49,0.13195,304.8
109.0,7.3,570,3680,SMART1 C00,SMART1 M12,0.994,48.22,48.36,0.14,0.14122,292.6
109.0,7.3,570,3681,SMART1 C00,SMART1 O03,2.053,48.22,46.72,1.5,0.14491,293.9
109.0,7.3,570,3682,SMART1 C00,SMART1 O09,2.019,48.22,49.7,1.48,0.11982,319.2
109.0,7.3,570,3683,SMART1 C00,SMART1 O11,1.929,48.22,49.18,0.96,0.13571,302.3
109.0,7.3,571,572,SMART1 E01,SMART1 E02,2.151,48.44,48.88,0.44,0.15318,490.0
109.0,7.3,571,573,SMART1 E01,SMART1 I01,2.981,48.44,48.18,0.26,0.15082,292.1
109.0,7.3,571,574,SMART1 E01,SMART1 I07,2.591,48.44,48.27,0.17,0.14309,308.9
109.0,7.3,571,575,SMART1 E01,SMART1 M01,3.732,48.44,48.01,0.43,0.15086,288.4
109.0,7.3,571,576,SMART1 E01,SMART1 M07,1.818,48.44,48.49,0.05,0.15992,318.0
109.0,7.3,571,577,SMART1 E01,SMART1 O01,4.856,48.44,47.79,0.65,0.16099,288.0
109.0,7.3,571,578,SMART1 E01,SMART1 O02,4.489,48.44,47.12,1.32,0.1831,296.7
109.0,7.3,571,579,SMART1 E01,SMART1 O04,3.113,48.44,46.77,1.67,0.15657,298.3
109.0,7.3,571,580,SMART1 E01,SMART1 O06,1.082,48.44,47.88,0.56,0.16808,300.9
109.0,7.3,571,581,SMART1 E01,SMART1 O07,0.855,48.44,48.56,0.12,0.15965,311.4
109.0,7.3,571,582,SMART1 E01,SMART1 O08,1.743,48.44,49.33,0.89,0.15955,332.9
109.0,7.3,571,583,SMART1 E01,SMART1 O10,3.772,48.44,49.64,1.2,0.14061,314.2
109.0,7.3,571,584,SMART1 E01,SMART1 O12,4.736,48.44,48.52,0.08,0.15305,305.9
109.0,7.3,571,3663,SMART1 E01,SMART1 I02,2.929,48.44,48.1,0.34,0.15658,308.9
109.0,7.3,571,3664,SMART1 E01,SMART1 I03,2.867,48.44,48.06,0.38,0.15429,311.6
109.0,7.3,571,3665,SMART1 E01,SMART1 I04,2.757,48.44,48.06,0.38,0.15129,311.6
109.0,7.3,571,3666,SMART1 E01,SMART1 I05,2.664,48.44,48.1,0.34,0.14218,308.9
109.0,7.3,571,3667,SMART1 E01,SMART1 I06,2.603,48.44,48.19,0.25,0.13944,308.9
109.0,7.3,571,3668,SMART1 E01,SMART1 I08,2.648,48.44,48.31,0.13,0.14182,308.9
109.0,7.3,571,3669,SMART1 E01,SMART1 I09,2.728,48.44,48.37,0.07,0.14159,308.9
109.0,7.3,571,3670,SMART1 E01,SMART1 I11,2.915,48.44,48.31,0.13,0.13715,308.9
109.0,7.3,571,3671,SMART1 E01,SMART1 I12,2.98,48.44,48.25,0.19,0.146,292.1
109.0,7.3,571,3672,SMART1 E01,SMART1 M02,3.721,48.44,47.63,0.81,0.16996,307.6
109.0,7.3,571,3673,SMART1 E01,SMART1 M03,3.268,48.44,47.53,0.91,0.14108,307.6
109.0,7.3,571,3674,SMART1 E01,SMART1 M04,2.764,48.44,47.49,0.95,0.15768,307.4
109.0,7.3,571,3675,SMART1 E01,SMART1 M05,2.314,48.44,47.69,0.75,0.15618,307.4
109.0,7.3,571,3676,SMART1 E01,SMART1 M06,1.854,48.44,48.05,0.39,0.15701,308.4
109.0,7.3,571,3677,SMART1 E01,SMART1 M09,2.572,48.44,48.96,0.52,0.13647,315.0
109.0,7.3,571,3678,SMART1 E01,SMART1 M10,3.051,48.44,48.88,0.44,0.13786,315.0
109.0,7.3,571,3679,SMART1 E01,SMART1 M11,3.539,48.44,48.71,0.27,0.14392,304.3
109.0,7.3,571,3680,SMART1 E01,SMART1 M12,3.756,48.44,48.36,0.08,0.15319,292.1
109.0,7.3,571,3681,SMART1 E01,SMART1 O03,3.937,48.44,46.72,1.72,0.15688,293.4
109.0,7.3,571,3682,SMART1 E01,SMART1 O09,2.796,48.44,49.7,1.26,0.13179,318.7
109.0,7.3,571,3683,SMART1 E01,SMART1 O11,4.334,48.44,49.18,0.74,0.14768,301.8
109.0,7.3,572,574,SMART1 E02,SMART1 I07,4.726,48.88,48.27,0.61,0.13332,490.5
109.0,7.3,572,576,SMART1 E02,SMART1 M07,3.926,48.88,48.49,0.39,0.15014,499.6
109.0,7.3,572,580,SMART1 E02,SMART1 O06,3.151,48.88,47.88,1.0,0.15831,482.5
109.0,7.3,572,581,SMART1 E02,SMART1 O07,2.949,48.88,48.56,0.32,0.14987,492.9
109.0,7.3,572,582,SMART1 E02,SMART1 O08,3.442,48.88,49.33,0.45,0.14977,514.5
109.0,7.3,572,3665,SMART1 E02,SMART1 I04,4.905,48.88,48.06,0.82,0.14151,493.2
109.0,7.3,572,3666,SMART1 E02,SMART1 I05,4.811,48.88,48.1,0.78,0.1324,490.5
109.0,7.3,572,3667,SMART1 E02,SMART1 I06,4.745,48.88,48.19,0.69,0.12967,490.5
109.0,7.3,572,3668,SMART1 E02,SMART1 I08,4.777,48.88,48.31,0.57,0.13204,490.5
109.0,7.3,572,3669,SMART1 E02,SMART1 I09,4.852,48.88,48.37,0.51,0.13182,490.5
109.0,7.3,572,3674,SMART1 E02,SMART1 M04,4.887,48.88,47.49,1.39,0.14791,488.9
109.0,7.3,572,3675,SMART1 E02,SMART1 M05,4.447,48.88,47.69,1.19,0.14641,488.9
109.0,7.3,572,3676,SMART1 E02,SMART1 M06,4.005,48.88,48.05,0.83,0.14723,490.0
109.0,7.3,572,3677,SMART1 E02,SMART1 M09,4.562,48.88,48.96,0.08,0.1267,496.6
109.0,7.3,572,3682,SMART1 E02,SMART1 O09,4.472,48.88,49.7,0.82,0.12201,500.3
109.0,7.3,573,574,SMART1 I01,SMART1 I07,0.397,48.18,48.27,0.09,0.13096,292.6
109.0,7.3,573,575,SMART1 I01,SMART1 M01,0.762,48.18,48.01,0.17,0.13873,272.1
109.0,7.3,573,576,SMART1 I01,SMART1 M07,1.217,48.18,48.49,0.31,0.14779,301.7
109.0,7.3,573,577,SMART1 I01,SMART1 O01,1.892,48.18,47.79,0.39,0.14886,271.7
109.0,7.3,573,578,SMART1 I01,SMART1 O02,1.848,48.18,47.12,1.06,0.17097,280.5
109.0,7.3,573,579,SMART1 I01,SMART1 O04,2.005,48.18,46.77,1.41,0.14444,282.0
109.0,7.3,573,580,SMART1 I01,SMART1 O06,2.192,48.18,47.88,0.3,0.15596,284.6
109.0,7.3,573,581,SMART1 I01,SMART1 O07,2.177,48.18,48.56,0.38,0.14752,295.1
109.0,7.3,573,582,SMART1 I01,SMART1 O08,2.233,48.18,49.33,1.15,0.14743,316.6
109.0,7.3,573,583,SMART1 I01,SMART1 O10,1.998,48.18,49.64,1.46,0.12848,298.0
109.0,7.3,573,584,SMART1 I01,SMART1 O12,1.83,48.18,48.52,0.34,0.14092,289.6
109.0,7.3,573,3663,SMART1 I01,SMART1 I02,0.124,48.18,48.1,0.08,0.14445,292.6
109.0,7.3,573,3664,SMART1 I01,SMART1 I03,0.211,48.18,48.06,0.12,0.14216,295.4
109.0,7.3,573,3665,SMART1 I01,SMART1 I04,0.296,48.18,48.06,0.12,0.13916,295.4
109.0,7.3,573,3666,SMART1 I01,SMART1 I05,0.348,48.18,48.1,0.08,0.13006,292.6
109.0,7.3,573,3667,SMART1 I01,SMART1 I06,0.379,48.18,48.19,0.01,0.12732,292.6
109.0,7.3,573,3668,SMART1 I01,SMART1 I08,0.362,48.18,48.31,0.13,0.1297,292.6
109.0,7.3,573,3669,SMART1 I01,SMART1 I09,0.332,48.18,48.37,0.19,0.12946,292.6
109.0,7.3,573,3670,SMART1 I01,SMART1 I11,0.175,48.18,48.31,0.13,0.12502,292.6
109.0,7.3,573,3671,SMART1 I01,SMART1 I12,0.091,48.18,48.25,0.07,0.13387,275.8
109.0,7.3,573,3672,SMART1 I01,SMART1 M02,0.95,48.18,47.63,0.55,0.15783,291.3
109.0,7.3,573,3673,SMART1 I01,SMART1 M03,0.873,48.18,47.53,0.65,0.12895,291.3
109.0,7.3,573,3674,SMART1 I01,SMART1 M04,1.044,48.18,47.49,0.69,0.14555,291.1
109.0,7.3,573,3675,SMART1 I01,SMART1 M05,1.075,48.18,47.69,0.49,0.14405,291.1
109.0,7.3,573,3676,SMART1 I01,SMART1 M06,1.188,48.18,48.05,0.13,0.14488,292.1
109.0,7.3,573,3677,SMART1 I01,SMART1 M09,1.138,48.18,48.96,0.78,0.12434,298.7
109.0,7.3,573,3678,SMART1 I01,SMART1 M10,0.931,48.18,48.88,0.7,0.12573,298.7
109.0,7.3,573,3679,SMART1 I01,SMART1 M11,0.902,48.18,48.71,0.53,0.1318,288.0
109.0,7.3,573,3680,SMART1 I01,SMART1 M12,0.829,48.18,48.36,0.18,0.14106,275.8
109.0,7.3,573,3681,SMART1 I01,SMART1 O03,1.966,48.18,46.72,1.46,0.14475,277.1
109.0,7.3,573,3682,SMART1 I01,SMART1 O09,2.13,48.18,49.7,1.52,0.11966,302.4
109.0,7.3,573,3683,SMART1 I01,SMART1 O11,1.838,48.18,49.18,1.0,0.13555,285.5
109.0,7.3,574,575,SMART1 I07,SMART1 M01,1.16,48.27,48.01,0.26,0.131,288.9
109.0,7.3,574,576,SMART1 I07,SMART1 M07,0.82,48.27,48.49,0.22,0.14005,318.5
109.0,7.3,574,577,SMART1 I07,SMART1 O01,2.29,48.27,47.79,0.48,0.14113,288.5
109.0,7.3,574,578,SMART1 I07,SMART1 O02,2.189,48.27,47.12,1.15,0.16324,297.2
109.0,7.3,574,579,SMART1 I07,SMART1 O04,2.01,48.27,46.77,1.5,0.13671,298.8
109.0,7.3,574,580,SMART1 I07,SMART1 O06,1.848,48.27,47.88,0.39,0.14822,301.4
109.0,7.3,574,581,SMART1 I07,SMART1 O07,1.781,48.27,48.56,0.29,0.13978,311.9
109.0,7.3,574,582,SMART1 I07,SMART1 O08,1.88,48.27,49.33,1.06,0.13969,333.4
109.0,7.3,574,583,SMART1 I07,SMART1 O10,2.01,48.27,49.64,1.37,0.12075,314.8
109.0,7.3,574,584,SMART1 I07,SMART1 O12,2.18,48.27,48.52,0.25,0.13319,306.4
109.0,7.3,574,3663,SMART1 I07,SMART1 I02,0.385,48.27,48.1,0.17,0.13672,309.4
109.0,7.3,574,3664,SMART1 I07,SMART1 I03,0.367,48.27,48.06,0.21,0.13443,312.1
109.0,7.3,574,3665,SMART1 I07,SMART1 I04,0.305,48.27,48.06,0.21,0.13143,312.1
109.0,7.3,574,3666,SMART1 I07,SMART1 I05,0.222,48.27,48.1,0.17,0.12232,309.4
109.0,7.3,574,3667,SMART1 I07,SMART1 I06,0.102,48.27,48.19,0.08,0.11958,309.4
109.0,7.3,574,3668,SMART1 I07,SMART1 I08,0.082,48.27,48.31,0.04,0.12196,309.4
109.0,7.3,574,3669,SMART1 I07,SMART1 I09,0.187,48.27,48.37,0.1,0.12173,309.4
109.0,7.3,574,3670,SMART1 I07,SMART1 I11,0.332,48.27,48.31,0.04,0.11729,309.4
109.0,7.3,574,3671,SMART1 I07,SMART1 I12,0.389,48.27,48.25,0.02,0.12614,292.6
109.0,7.3,574,3672,SMART1 I07,SMART1 M02,1.3,48.27,47.63,0.64,0.1501,308.1
109.0,7.3,574,3673,SMART1 I07,SMART1 M03,1.086,48.27,47.53,0.74,0.12122,308.1
109.0,7.3,574,3674,SMART1 I07,SMART1 M04,1.041,48.27,47.49,0.78,0.13782,307.9
109.0,7.3,574,3675,SMART1 I07,SMART1 M05,0.898,48.27,47.69,0.58,0.13632,307.9
109.0,7.3,574,3676,SMART1 I07,SMART1 M06,0.845,48.27,48.05,0.22,0.13715,308.9
109.0,7.3,574,3677,SMART1 I07,SMART1 M09,0.919,48.27,48.96,0.69,0.11661,315.5
109.0,7.3,574,3678,SMART1 I07,SMART1 M10,0.912,48.27,48.88,0.61,0.118,315.5
109.0,7.3,574,3679,SMART1 I07,SMART1 M11,1.109,48.27,48.71,0.44,0.12407,304.8
109.0,7.3,574,3680,SMART1 I07,SMART1 M12,1.18,48.27,48.36,0.09,0.13333,292.6
109.0,7.3,574,3681,SMART1 I07,SMART1 O03,2.159,48.27,46.72,1.55,0.13702,293.9
109.0,7.3,574,3682,SMART1 I07,SMART1 O09,1.919,48.27,49.7,1.43,0.11193,319.2
109.0,7.3,574,3683,SMART1 I07,SMART1 O11,2.043,48.27,49.18,0.91,0.12782,302.3
109.0,7.3,575,576,SMART1 M01,SMART1 M07,1.979,48.01,48.49,0.48,0.14782,298.0
109.0,7.3,575,577,SMART1 M01,SMART1 O01,1.13,48.01,47.79,0.22,0.14889,268.0
109.0,7.3,575,578,SMART1 M01,SMART1 O02,1.283,48.01,47.12,0.89,0.171,276.7
109.0,7.3,575,579,SMART1 M01,SMART1 O04,2.2,48.01,46.77,1.24,0.14447,278.3
109.0,7.3,575,580,SMART1 M01,SMART1 O06,2.889,48.01,47.88,0.13,0.15598,280.9
109.0,7.3,575,581,SMART1 M01,SMART1 O07,2.938,48.01,48.56,0.55,0.14755,291.4
109.0,7.3,575,582,SMART1 M01,SMART1 O08,2.943,48.01,49.33,1.32,0.14746,312.9
109.0,7.3,575,583,SMART1 M01,SMART1 O10,2.195,48.01,49.64,1.63,0.12851,294.2
109.0,7.3,575,584,SMART1 M01,SMART1 O12,1.25,48.01,48.52,0.51,0.14095,285.9
109.0,7.3,575,3663,SMART1 M01,SMART1 I02,0.802,48.01,48.1,0.09,0.14448,288.9
109.0,7.3,575,3664,SMART1 M01,SMART1 I03,0.867,48.01,48.06,0.05,0.14219,291.6
109.0,7.3,575,3665,SMART1 M01,SMART1 I04,0.979,48.01,48.06,0.05,0.13919,291.6
109.0,7.3,575,3666,SMART1 M01,SMART1 I05,1.068,48.01,48.1,0.09,0.13009,288.9
109.0,7.3,575,3667,SMART1 M01,SMART1 I06,1.132,48.01,48.19,0.18,0.12734,288.9
109.0,7.3,575,3668,SMART1 M01,SMART1 I08,1.12,48.01,48.31,0.3,0.12973,288.9
109.0,7.3,575,3669,SMART1 M01,SMART1 I09,1.068,48.01,48.37,0.36,0.12949,288.9
109.0,7.3,575,3670,SMART1 M01,SMART1 I11,0.874,48.01,48.31,0.3,0.12505,288.9
109.0,7.3,575,3671,SMART1 M01,SMART1 I12,0.787,48.01,48.25,0.24,0.1339,272.1
109.0,7.3,575,3672,SMART1 M01,SMART1 M02,0.521,48.01,47.63,0.38,0.15786,287.6
109.0,7.3,575,3673,SMART1 M01,SMART1 M03,0.913,48.01,47.53,0.48,0.12898,287.6
109.0,7.3,575,3674,SMART1 M01,SMART1 M04,1.405,48.01,47.49,0.52,0.14558,287.4
109.0,7.3,575,3675,SMART1 M01,SMART1 M05,1.642,48.01,47.69,0.32,0.14408,287.4
109.0,7.3,575,3676,SMART1 M01,SMART1 M06,1.905,48.01,48.05,0.04,0.14491,288.4
109.0,7.3,575,3677,SMART1 M01,SMART1 M09,1.748,48.01,48.96,0.95,0.12437,295.0
109.0,7.3,575,3678,SMART1 M01,SMART1 M10,1.353,48.01,48.88,0.87,0.12576,295.0
109.0,7.3,575,3679,SMART1 M01,SMART1 M11,0.954,48.01,48.71,0.7,0.13183,284.3
109.0,7.3,575,3680,SMART1 M01,SMART1 M12,0.475,48.01,48.36,0.35,0.14109,272.1
109.0,7.3,575,3681,SMART1 M01,SMART1 O03,1.787,48.01,46.72,1.29,0.14478,273.3
109.0,7.3,575,3682,SMART1 M01,SMART1 O09,2.661,48.01,49.7,1.69,0.11969,298.7
109.0,7.3,575,3683,SMART1 M01,SMART1 O11,1.66,48.01,49.18,1.17,0.13559,281.8
109.0,7.3,576,577,SMART1 M07,SMART1 O01,3.108,48.49,47.79,0.7,0.15796,297.6
109.0,7.3,576,578,SMART1 M07,SMART1 O02,2.956,48.49,47.12,1.37,0.18006,306.4
109.0,7.3,576,579,SMART1 M07,SMART1 O04,2.303,48.49,46.77,1.72,0.15353,307.9
109.0,7.3,576,580,SMART1 M07,SMART1 O06,1.29,48.49,47.88,0.61,0.16504,310.5
109.0,7.3,576,581,SMART1 M07,SMART1 O07,0.979,48.49,48.56,0.07,0.15661,321.0
109.0,7.3,576,582,SMART1 M07,SMART1 O08,1.199,48.49,49.33,0.84,0.15652,342.5
109.0,7.3,576,583,SMART1 M07,SMART1 O10,2.214,48.49,49.64,1.15,0.13757,323.9
109.0,7.3,576,584,SMART1 M07,SMART1 O12,2.919,48.49,48.52,0.03,0.15002,315.5
109.0,7.3,576,3663,SMART1 M07,SMART1 I02,1.197,48.49,48.1,0.39,0.15354,318.5
109.0,7.3,576,3664,SMART1 M07,SMART1 I03,1.158,48.49,48.06,0.43,0.15125,321.2
109.0,7.3,576,3665,SMART1 M07,SMART1 I04,1.062,48.49,48.06,0.43,0.14825,321.2
109.0,7.3,576,3666,SMART1 M07,SMART1 I05,0.96,48.49,48.1,0.39,0.13914,318.5
109.0,7.3,576,3667,SMART1 M07,SMART1 I06,0.863,48.49,48.19,0.3,0.1364,318.5
109.0,7.3,576,3668,SMART1 M07,SMART1 I08,0.86,48.49,48.31,0.18,0.13878,318.5
109.0,7.3,576,3669,SMART1 M07,SMART1 I09,0.927,48.49,48.37,0.12,0.13855,318.5
109.0,7.3,576,3670,SMART1 M07,SMART1 I11,1.121,48.49,48.31,0.18,0.13411,318.5
109.0,7.3,576,3671,SMART1 M07,SMART1 I12,1.198,48.49,48.25,0.24,0.14297,301.7
109.0,7.3,576,3672,SMART1 M07,SMART1 M02,2.09,48.49,47.63,0.86,0.16692,317.2
109.0,7.3,576,3673,SMART1 M07,SMART1 M03,1.769,48.49,47.53,0.96,0.13804,317.2
109.0,7.3,576,3674,SMART1 M07,SMART1 M04,1.478,48.49,47.49,1.0,0.15464,317.0
109.0,7.3,576,3675,SMART1 M07,SMART1 M05,1.088,48.49,47.69,0.8,0.15314,317.0
109.0,7.3,576,3676,SMART1 M07,SMART1 M06,0.576,48.49,48.05,0.44,0.15397,318.0
109.0,7.3,576,3677,SMART1 M07,SMART1 M09,0.905,48.49,48.96,0.47,0.13343,324.6
109.0,7.3,576,3678,SMART1 M07,SMART1 M10,1.286,48.49,48.88,0.39,0.13482,324.6
109.0,7.3,576,3679,SMART1 M07,SMART1 M11,1.729,48.49,48.71,0.22,0.14089,313.9
109.0,7.3,576,3680,SMART1 M07,SMART1 M12,1.946,48.49,48.36,0.13,0.15015,301.7
109.0,7.3,576,3681,SMART1 M07,SMART1 O03,2.74,48.49,46.72,1.77,0.15385,303.0
109.0,7.3,576,3682,SMART1 M07,SMART1 O09,1.65,48.49,49.7,1.21,0.12876,328.3
109.0,7.3,576,3683,SMART1 M07,SMART1 O11,2.574,48.49,49.18,0.69,0.14464,311.4
109.0,7.3,577,578,SMART1 O01,SMART1 O02,1.115,47.79,47.12,0.67,0.18113,276.4
109.0,7.3,577,579,SMART1 O01,SMART1 O04,2.89,47.79,46.77,1.02,0.15461,278.0
109.0,7.3,577,580,SMART1 O01,SMART1 O06,3.976,47.79,47.88,0.09,0.16612,280.6
109.0,7.3,577,581,SMART1 O01,SMART1 O07,4.068,47.79,48.56,0.77,0.15769,291.0
109.0,7.3,577,582,SMART1 O01,SMART1 O08,4.023,47.79,49.33,1.54,0.15759,312.6
109.0,7.3,577,583,SMART1 O01,SMART1 O10,2.832,47.79,49.64,1.85,0.13865,293.9
109.0,7.3,577,584,SMART1 O01,SMART1 O12,0.989,47.79,48.52,0.73,0.15109,285.5
109.0,7.3,577,3663,SMART1 O01,SMART1 I02,1.929,47.79,48.1,0.31,0.15462,288.5
109.0,7.3,577,3664,SMART1 O01,SMART1 I03,1.989,47.79,48.06,0.27,0.15232,291.3
109.0,7.3,577,3665,SMART1 O01,SMART1 I04,2.098,47.79,48.06,0.27,0.14932,291.3
109.0,7.3,577,3666,SMART1 O01,SMART1 I05,2.192,47.79,48.1,0.31,0.14022,288.5
109.0,7.3,577,3667,SMART1 O01,SMART1 I06,2.261,47.79,48.19,0.4,0.13748,288.5
109.0,7.3,577,3668,SMART1 O01,SMART1 I08,2.248,47.79,48.31,0.52,0.13986,288.5
109.0,7.3,577,3669,SMART1 O01,SMART1 I09,2.19,47.79,48.37,0.58,0.13963,288.5
109.0,7.3,577,3670,SMART1 O01,SMART1 I11,1.994,47.79,48.31,0.52,0.13519,288.5
109.0,7.3,577,3671,SMART1 O01,SMART1 I12,1.912,47.79,48.25,0.46,0.14404,271.7
109.0,7.3,577,3672,SMART1 O01,SMART1 M02,1.23,47.79,47.63,0.16,0.168,287.2
109.0,7.3,577,3673,SMART1 O01,SMART1 M03,1.772,47.79,47.53,0.26,0.13911,287.2
109.0,7.3,577,3674,SMART1 O01,SMART1 M04,2.345,47.79,47.49,0.3,0.15572,287.0
109.0,7.3,577,3675,SMART1 O01,SMART1 M05,2.681,47.79,47.69,0.1,0.15422,287.0
109.0,7.3,577,3676,SMART1 O01,SMART1 M06,3.015,47.79,48.05,0.26,0.15504,288.0
109.0,7.3,577,3677,SMART1 O01,SMART1 M09,2.781,47.79,48.96,1.17,0.13451,294.6
109.0,7.3,577,3678,SMART1 O01,SMART1 M10,2.309,47.79,48.88,1.09,0.13589,294.6
109.0,7.3,577,3679,SMART1 O01,SMART1 M11,1.769,47.79,48.71,0.92,0.14197,283.9
109.0,7.3,577,3680,SMART1 O01,SMART1 M12,1.283,47.79,48.36,0.57,0.15123,271.7
109.0,7.3,577,3681,SMART1 O01,SMART1 O03,2.116,47.79,46.72,1.07,0.15492,273.0
109.0,7.3,577,3682,SMART1 O01,SMART1 O09,3.587,47.79,49.7,1.91,0.12983,298.4
109.0,7.3,577,3683,SMART1 O01,SMART1 O11,1.961,47.79,49.18,1.39,0.14572,281.4
109.0,7.3,578,579,SMART1 O02,SMART1 O04,1.961,47.12,46.77,0.35,0.17672,286.7
109.0,7.3,578,580,SMART1 O02,SMART1 O06,3.482,47.12,47.88,0.76,0.18823,289.3
109.0,7.3,578,581,SMART1 O02,SMART1 O07,3.807,47.12,48.56,1.44,0.17979,299.7
109.0,7.3,578,582,SMART1 O02,SMART1 O08,4.068,47.12,49.33,2.21,0.17969,321.3
109.0,7.3,578,583,SMART1 O02,SMART1 O10,3.459,47.12,49.64,2.52,0.16075,302.6
109.0,7.3,578,584,SMART1 O02,SMART1 O12,1.988,47.12,48.52,1.4,0.17319,294.2
109.0,7.3,578,3663,SMART1 O02,SMART1 I02,1.811,47.12,48.1,0.98,0.17672,297.2
109.0,7.3,578,3664,SMART1 O02,SMART1 I03,1.822,47.12,48.06,0.94,0.17443,300.0
109.0,7.3,578,3665,SMART1 O02,SMART1 I04,1.904,47.12,48.06,0.94,0.17143,300.0
109.0,7.3,578,3666,SMART1 O02,SMART1 I05,2.005,47.12,48.1,0.98,0.16232,297.2
109.0,7.3,578,3667,SMART1 O02,SMART1 I06,2.117,47.12,48.19,1.07,0.15959,297.2
109.0,7.3,578,3668,SMART1 O02,SMART1 I08,2.187,47.12,48.31,1.19,0.16196,297.2
109.0,7.3,578,3669,SMART1 O02,SMART1 I09,2.179,47.12,48.37,1.25,0.16174,297.2
109.0,7.3,578,3670,SMART1 O02,SMART1 I11,2.012,47.12,48.31,1.19,0.1573,297.2
109.0,7.3,578,3671,SMART1 O02,SMART1 I12,1.914,47.12,48.25,1.13,0.16614,280.5
109.0,7.3,578,3672,SMART1 O02,SMART1 M02,0.898,47.12,47.63,0.51,0.1901,295.9
109.0,7.3,578,3673,SMART1 O02,SMART1 M03,1.226,47.12,47.53,0.41,0.16122,295.9
109.0,7.3,578,3674,SMART1 O02,SMART1 M04,1.74,47.12,47.49,0.37,0.17783,295.7
109.0,7.3,578,3675,SMART1 O02,SMART1 M05,2.177,47.12,47.69,0.57,0.17633,295.7
109.0,7.3,578,3676,SMART1 O02,SMART1 M06,2.662,47.12,48.05,0.93,0.17715,296.7
109.0,7.3,578,3677,SMART1 O02,SMART1 M09,2.966,47.12,48.96,1.84,0.15662,303.4
109.0,7.3,578,3678,SMART1 O02,SMART1 M10,2.624,47.12,48.88,1.76,0.158,303.4
109.0,7.3,578,3679,SMART1 O02,SMART1 M11,2.23,47.12,48.71,1.59,0.16407,292.7
109.0,7.3,578,3680,SMART1 O02,SMART1 M12,1.718,47.12,48.36,1.24,0.17334,280.5
109.0,7.3,578,3681,SMART1 O02,SMART1 O03,1.052,47.12,46.72,0.4,0.17702,281.7
109.0,7.3,578,3682,SMART1 O02,SMART1 O09,3.922,47.12,49.7,2.58,0.15193,307.1
109.0,7.3,578,3683,SMART1 O02,SMART1 O11,2.783,47.12,49.18,2.06,0.16783,290.1
109.0,7.3,579,580,SMART1 O04,SMART1 O06,2.033,46.77,47.88,1.11,0.1617,290.9
109.0,7.3,579,581,SMART1 O04,SMART1 O07,2.719,46.77,48.56,1.79,0.15326,301.3
109.0,7.3,579,582,SMART1 O04,SMART1 O08,3.472,46.77,49.33,2.56,0.15317,322.8
109.0,7.3,579,583,SMART1 O04,SMART1 O10,3.991,46.77,49.64,2.87,0.13422,304.2
109.0,7.3,579,584,SMART1 O04,SMART1 O12,3.425,46.77,48.52,1.75,0.14667,295.8
109.0,7.3,579,3663,SMART1 O04,SMART1 I02,1.883,46.77,48.1,1.33,0.15019,298.8
109.0,7.3,579,3664,SMART1 O04,SMART1 I03,1.807,46.77,48.06,1.29,0.14791,301.6
109.0,7.3,579,3665,SMART1 O04,SMART1 I04,1.772,46.77,48.06,1.29,0.14491,301.6
109.0,7.3,579,3666,SMART1 O04,SMART1 I05,1.807,46.77,48.1,1.33,0.1358,298.8
109.0,7.3,579,3667,SMART1 O04,SMART1 I06,1.91,46.77,48.19,1.42,0.13306,298.8
109.0,7.3,579,3668,SMART1 O04,SMART1 I08,2.076,46.77,48.31,1.54,0.13544,298.8
109.0,7.3,579,3669,SMART1 O04,SMART1 I09,2.156,46.77,48.37,1.6,0.13521,298.8
109.0,7.3,579,3670,SMART1 O04,SMART1 I11,2.143,46.77,48.31,1.54,0.13077,298.8
109.0,7.3,579,3671,SMART1 O04,SMART1 I12,2.092,46.77,48.25,1.48,0.13962,282.0
109.0,7.3,579,3672,SMART1 O04,SMART1 M02,1.759,46.77,47.63,0.86,0.16357,297.5
109.0,7.3,579,3673,SMART1 O04,SMART1 M03,1.29,46.77,47.53,0.76,0.1347,297.5
109.0,7.3,579,3674,SMART1 O04,SMART1 M04,0.974,46.77,47.49,0.72,0.1513,297.3
109.0,7.3,579,3675,SMART1 O04,SMART1 M05,1.223,46.77,47.69,0.92,0.1498,297.3
109.0,7.3,579,3676,SMART1 O04,SMART1 M06,1.746,46.77,48.05,1.28,0.15063,298.3
109.0,7.3,579,3677,SMART1 O04,SMART1 M09,2.9,46.77,48.96,2.19,0.13009,304.9
109.0,7.3,579,3678,SMART1 O04,SMART1 M10,2.897,46.77,48.88,2.11,0.13148,304.9
109.0,7.3,579,3679,SMART1 O04,SMART1 M11,2.883,46.77,48.71,1.94,0.13755,294.2
109.0,7.3,579,3680,SMART1 O04,SMART1 M12,2.607,46.77,48.36,1.59,0.14681,282.0
109.0,7.3,579,3681,SMART1 O04,SMART1 O03,1.001,46.77,46.72,0.05,0.1505,283.3
109.0,7.3,579,3682,SMART1 O04,SMART1 O09,3.863,46.77,49.7,2.93,0.12541,308.7
109.0,7.3,579,3683,SMART1 O04,SMART1 O11,3.779,46.77,49.18,2.41,0.1413,291.7
109.0,7.3,580,581,SMART1 O06,SMART1 O07,0.88,47.88,48.56,0.68,0.16478,303.9
109.0,7.3,580,582,SMART1 O06,SMART1 O08,1.947,47.88,49.33,1.45,0.16468,325.4
109.0,7.3,580,583,SMART1 O06,SMART1 O10,3.5,47.88,49.64,1.76,0.14574,306.8
109.0,7.3,580,584,SMART1 O06,SMART1 O12,4.02,47.88,48.52,0.64,0.15818,298.4
109.0,7.3,580,3663,SMART1 O06,SMART1 I02,2.111,47.88,48.1,0.22,0.1617,301.4
109.0,7.3,580,3664,SMART1 O06,SMART1 I03,2.033,47.88,48.06,0.18,0.15942,304.2
109.0,7.3,580,3665,SMART1 O06,SMART1 I04,1.922,47.88,48.06,0.18,0.15641,304.2
109.0,7.3,580,3666,SMART1 O06,SMART1 I05,1.847,47.88,48.1,0.22,0.14731,301.4
109.0,7.3,580,3667,SMART1 O06,SMART1 I06,1.825,47.88,48.19,0.31,0.14457,301.4
109.0,7.3,580,3668,SMART1 O06,SMART1 I08,1.922,47.88,48.31,0.43,0.14695,301.4
109.0,7.3,580,3669,SMART1 O06,SMART1 I09,2.021,47.88,48.37,0.49,0.14672,301.4
109.0,7.3,580,3670,SMART1 O06,SMART1 I11,2.178,47.88,48.31,0.43,0.14228,301.4
109.0,7.3,580,3671,SMART1 O06,SMART1 I12,2.219,47.88,48.25,0.37,0.15113,284.6
109.0,7.3,580,3672,SMART1 O06,SMART1 M02,2.781,47.88,47.63,0.25,0.17508,300.1
109.0,7.3,580,3673,SMART1 O06,SMART1 M03,2.285,47.88,47.53,0.35,0.14621,300.1
109.0,7.3,580,3674,SMART1 O06,SMART1 M04,1.742,47.88,47.49,0.39,0.16281,299.9
109.0,7.3,580,3675,SMART1 O06,SMART1 M05,1.319,47.88,47.69,0.19,0.16131,299.9
109.0,7.3,580,3676,SMART1 O06,SMART1 M06,1.006,47.88,48.05,0.17,0.16214,300.9
109.0,7.3,580,3677,SMART1 O06,SMART1 M09,2.193,47.88,48.96,1.08,0.1416,307.5
109.0,7.3,580,3678,SMART1 O06,SMART1 M10,2.555,47.88,48.88,1.0,0.14299,307.5
109.0,7.3,580,3679,SMART1 O06,SMART1 M11,2.929,47.88,48.71,0.83,0.14905,296.8
109.0,7.3,580,3680,SMART1 O06,SMART1 M12,3.017,47.88,48.36,0.48,0.15832,284.6
109.0,7.3,580,3681,SMART1 O06,SMART1 O03,2.865,47.88,46.72,1.16,0.16201,285.9
109.0,7.3,580,3682,SMART1 O06,SMART1 O09,2.793,47.88,49.7,1.82,0.13692,311.3
109.0,7.3,580,3683,SMART1 O06,SMART1 O11,3.826,47.88,49.18,1.3,0.15281,294.3
109.0,7.3,581,582,SMART1 O07,SMART1 O08,1.104,48.56,49.33,0.77,0.15625,335.9
109.0,7.3,581,583,SMART1 O07,SMART1 O10,2.954,48.56,49.64,1.08,0.1373,317.2
109.0,7.3,581,584,SMART1 O07,SMART1 O12,3.894,48.56,48.52,0.04,0.14975,308.8
109.0,7.3,581,3663,SMART1 O07,SMART1 I02,2.14,48.56,48.1,0.46,0.15327,311.9
109.0,7.3,581,3664,SMART1 O07,SMART1 I03,2.087,48.56,48.06,0.5,0.15098,314.6
109.0,7.3,581,3665,SMART1 O07,SMART1 I04,1.981,48.56,48.06,0.5,0.14798,314.6
109.0,7.3,581,3666,SMART1 O07,SMART1 I05,1.883,48.56,48.1,0.46,0.13887,311.9
109.0,7.3,581,3667,SMART1 O07,SMART1 I06,1.806,48.56,48.19,0.37,0.13614,311.9
109.0,7.3,581,3668,SMART1 O07,SMART1 I08,1.83,48.56,48.31,0.25,0.13851,311.9
109.0,7.3,581,3669,SMART1 O07,SMART1 I09,1.903,48.56,48.37,0.19,0.13828,311.9
109.0,7.3,581,3670,SMART1 O07,SMART1 I11,2.095,48.56,48.31,0.25,0.13384,311.9
109.0,7.3,581,3671,SMART1 O07,SMART1 I12,2.167,48.56,48.25,0.31,0.1427,295.1
109.0,7.3,581,3672,SMART1 O07,SMART1 M02,2.986,48.56,47.63,0.93,0.16665,310.6
109.0,7.3,581,3673,SMART1 O07,SMART1 M03,2.584,48.56,47.53,1.03,0.13777,310.6
109.0,7.3,581,3674,SMART1 O07,SMART1 M04,2.149,48.56,47.49,1.07,0.15437,310.4
109.0,7.3,581,3675,SMART1 O07,SMART1 M05,1.692,48.56,47.69,0.87,0.15287,310.4
109.0,7.3,581,3676,SMART1 O07,SMART1 M06,1.15,48.56,48.05,0.51,0.1537,311.4
109.0,7.3,581,3677,SMART1 O07,SMART1 M09,1.722,48.56,48.96,0.4,0.13317,318.0
109.0,7.3,581,3678,SMART1 O07,SMART1 M10,2.196,48.56,48.88,0.32,0.13455,318.0
109.0,7.3,581,3679,SMART1 O07,SMART1 M11,2.687,48.56,48.71,0.15,0.14062,307.3
109.0,7.3,581,3680,SMART1 O07,SMART1 M12,2.924,48.56,48.36,0.2,0.14988,295.1
109.0,7.3,581,3681,SMART1 O07,SMART1 O03,3.399,48.56,46.72,1.84,0.15358,296.3
109.0,7.3,581,3682,SMART1 O07,SMART1 O09,2.064,48.56,49.7,1.14,0.12849,321.7
109.0,7.3,581,3683,SMART1 O07,SMART1 O11,3.48,48.56,49.18,0.62,0.14438,304.8
109.0,7.3,582,583,SMART1 O08,SMART1 O10,2.156,49.33,49.64,0.31,0.13721,338.8
109.0,7.3,582,584,SMART1 O08,SMART1 O12,3.586,49.33,48.52,0.81,0.14965,330.4
109.0,7.3,582,3663,SMART1 O08,SMART1 I02,2.258,49.33,48.1,1.23,0.15318,333.4
109.0,7.3,582,3664,SMART1 O08,SMART1 I03,2.247,49.33,48.06,1.27,0.15088,336.2
109.0,7.3,582,3665,SMART1 O08,SMART1 I04,2.173,49.33,48.06,1.27,0.14788,336.2
109.0,7.3,582,3666,SMART1 O08,SMART1 I05,2.074,49.33,48.1,1.23,0.13878,333.4
109.0,7.3,582,3667,SMART1 O08,SMART1 I06,1.956,49.33,48.19,1.14,0.13604,333.4
109.0,7.3,582,3668,SMART1 O08,SMART1 I08,1.882,49.33,48.31,1.02,0.13842,333.4
109.0,7.3,582,3669,SMART1 O08,SMART1 I09,1.901,49.33,48.37,0.96,0.13819,333.4
109.0,7.3,582,3670,SMART1 O08,SMART1 I11,2.084,49.33,48.31,1.02,0.13375,333.4
109.0,7.3,582,3671,SMART1 O08,SMART1 I12,2.179,49.33,48.25,1.08,0.1426,316.6
109.0,7.3,582,3672,SMART1 O08,SMART1 M02,3.175,49.33,47.63,1.7,0.16656,332.1
109.0,7.3,582,3673,SMART1 O08,SMART1 M03,2.932,49.33,47.53,1.8,0.13767,332.1
109.0,7.3,582,3674,SMART1 O08,SMART1 M04,2.676,49.33,47.49,1.84,0.15428,331.9
109.0,7.3,582,3675,SMART1 O08,SMART1 M05,2.278,49.33,47.69,1.64,0.15278,331.9
109.0,7.3,582,3676,SMART1 O08,SMART1 M06,1.727,49.33,48.05,1.28,0.1536,332.9
109.0,7.3,582,3677,SMART1 O08,SMART1 M09,1.263,49.33,48.96,0.37,0.13307,339.5
109.0,7.3,582,3678,SMART1 O08,SMART1 M10,1.781,49.33,48.88,0.45,0.13445,339.5
109.0,7.3,582,3679,SMART1 O08,SMART1 M11,2.351,49.33,48.71,0.62,0.14053,328.8
109.0,7.3,582,3680,SMART1 O08,SMART1 M12,2.754,49.33,48.36,0.97,0.14979,316.6
109.0,7.3,582,3681,SMART1 O08,SMART1 O03,3.935,49.33,46.72,2.61,0.15348,317.9
109.0,7.3,582,3682,SMART1 O08,SMART1 O09,1.071,49.33,49.7,0.37,0.12839,343.3
109.0,7.3,582,3683,SMART1 O08,SMART1 O11,2.916,49.33,49.18,0.15,0.14428,326.3
109.0,7.3,583,584,SMART1 O10,SMART1 O12,1.996,49.64,48.52,1.12,0.13071,311.7
109.0,7.3,583,3663,SMART1 O10,SMART1 I02,2.116,49.64,48.1,1.54,0.13423,314.8
109.0,7.3,583,3664,SMART1 O10,SMART1 I03,2.187,49.64,48.06,1.58,0.13194,317.5
109.0,7.3,583,3665,SMART1 O10,SMART1 I04,2.219,49.64,48.06,1.58,0.12894,317.5
109.0,7.3,583,3666,SMART1 O10,SMART1 I05,2.192,49.64,48.1,1.54,0.11983,314.8
109.0,7.3,583,3667,SMART1 O10,SMART1 I06,2.102,49.64,48.19,1.45,0.1171,314.8
109.0,7.3,583,3668,SMART1 O10,SMART1 I08,1.935,49.64,48.31,1.33,0.11947,314.8
109.0,7.3,583,3669,SMART1 O10,SMART1 I09,1.844,49.64,48.37,1.27,0.11925,314.8
109.0,7.3,583,3670,SMART1 O10,SMART1 I11,1.849,49.64,48.31,1.33,0.11481,314.8
109.0,7.3,583,3671,SMART1 O10,SMART1 I12,1.908,49.64,48.25,1.39,0.12366,298.0
109.0,7.3,583,3672,SMART1 O10,SMART1 M02,2.687,49.64,47.63,2.01,0.14761,313.4
109.0,7.3,583,3673,SMART1 O10,SMART1 M03,2.841,49.64,47.53,2.11,0.11873,313.4
109.0,7.3,583,3674,SMART1 O10,SMART1 M04,3.018,49.64,47.49,2.15,0.13533,313.2
109.0,7.3,583,3675,SMART1 O10,SMART1 M05,2.901,49.64,47.69,1.95,0.13383,313.2
109.0,7.3,583,3676,SMART1 O10,SMART1 M06,2.665,49.64,48.05,1.59,0.13466,314.2
109.0,7.3,583,3677,SMART1 O10,SMART1 M09,1.31,49.64,48.96,0.68,0.11413,320.9
109.0,7.3,583,3678,SMART1 O10,SMART1 M10,1.099,49.64,48.88,0.76,0.11551,320.9
109.0,7.3,583,3679,SMART1 O10,SMART1 M11,1.243,49.64,48.71,0.93,0.12158,310.2
109.0,7.3,583,3680,SMART1 O10,SMART1 M12,1.741,49.64,48.36,1.28,0.13084,298.0
109.0,7.3,583,3681,SMART1 O10,SMART1 O03,3.903,49.64,46.72,2.92,0.13454,299.2
109.0,7.3,583,3682,SMART1 O10,SMART1 O09,1.169,49.64,49.7,0.06,0.10945,324.6
109.0,7.3,583,3683,SMART1 O10,SMART1 O11,1.005,49.64,49.18,0.46,0.12534,307.6
109.0,7.3,584,3663,SMART1 O12,SMART1 I02,1.922,48.52,48.1,0.42,0.14667,306.4
109.0,7.3,584,3664,SMART1 O12,SMART1 I03,2.007,48.52,48.06,0.46,0.14438,309.1
109.0,7.3,584,3665,SMART1 O12,SMART1 I04,2.114,48.52,48.06,0.46,0.14138,309.1
109.0,7.3,584,3666,SMART1 O12,SMART1 I05,2.178,48.52,48.1,0.42,0.13228,306.4
109.0,7.3,584,3667,SMART1 O12,SMART1 I06,2.196,48.52,48.19,0.33,0.12954,306.4
109.0,7.3,584,3668,SMART1 O12,SMART1 I08,2.111,48.52,48.31,0.21,0.13192,306.4
109.0,7.3,584,3669,SMART1 O12,SMART1 I09,2.02,48.52,48.37,0.15,0.13169,306.4
109.0,7.3,584,3670,SMART1 O12,SMART1 I11,1.847,48.52,48.31,0.21,0.12725,306.4
109.0,7.3,584,3671,SMART1 O12,SMART1 I12,1.802,48.52,48.25,0.27,0.1361,289.6
109.0,7.3,584,3672,SMART1 O12,SMART1 M02,1.67,48.52,47.63,0.89,0.16006,305.1
109.0,7.3,584,3673,SMART1 O12,SMART1 M03,2.153,48.52,47.53,0.99,0.13117,305.1
109.0,7.3,584,3674,SMART1 O12,SMART1 M04,2.654,48.52,47.49,1.03,0.14778,304.9
109.0,7.3,584,3675,SMART1 O12,SMART1 M05,2.855,48.52,47.69,0.83,0.14628,304.9
109.0,7.3,584,3676,SMART1 O12,SMART1 M06,3.014,48.52,48.05,0.47,0.1471,305.9
109.0,7.3,584,3677,SMART1 O12,SMART1 M09,2.33,48.52,48.96,0.44,0.12657,312.5
109.0,7.3,584,3678,SMART1 O12,SMART1 M10,1.806,48.52,48.88,0.36,0.12795,312.5
109.0,7.3,584,3679,SMART1 O12,SMART1 M11,1.242,48.52,48.71,0.19,0.13403,301.8
109.0,7.3,584,3680,SMART1 O12,SMART1 M12,1.003,48.52,48.36,0.16,0.14329,289.6
109.0,7.3,584,3681,SMART1 O12,SMART1 O03,2.85,48.52,46.72,1.8,0.14698,290.8
109.0,7.3,584,3682,SMART1 O12,SMART1 O09,2.935,48.52,49.7,1.18,0.12189,316.2
109.0,7.3,584,3683,SMART1 O12,SMART1 O11,1.031,48.52,49.18,0.66,0.13778,299.3
109.0,7.3,3663,3664,SMART1 I02,SMART1 I03,0.09,48.1,48.06,0.04,0.14791,312.1
109.0,7.3,3663,3665,SMART1 I02,SMART1 I04,0.191,48.1,48.06,0.04,0.14491,312.1
109.0,7.3,3663,3666,SMART1 I02,SMART1 I05,0.268,48.1,48.1,0.0,0.13581,309.4
109.0,7.3,3663,3667,SMART1 I02,SMART1 I06,0.335,48.1,48.19,0.09,0.13306,309.4
109.0,7.3,3663,3668,SMART1 I02,SMART1 I08,0.376,48.1,48.31,0.21,0.13545,309.4
109.0,7.3,3663,3669,SMART1 I02,SMART1 I09,0.38,48.1,48.37,0.27,0.13522,309.4
109.0,7.3,3663,3670,SMART1 I02,SMART1 I11,0.273,48.1,48.31,0.21,0.13078,309.4
109.0,7.3,3663,3671,SMART1 I02,SMART1 I12,0.21,48.1,48.25,0.15,0.13962,292.6
109.0,7.3,3663,3672,SMART1 I02,SMART1 M02,0.918,48.1,47.63,0.47,0.16358,308.1
109.0,7.3,3663,3673,SMART1 I02,SMART1 M03,0.777,48.1,47.53,0.57,0.1347,308.1
109.0,7.3,3663,3674,SMART1 I02,SMART1 M04,0.92,48.1,47.49,0.61,0.1513,307.9
109.0,7.3,3663,3675,SMART1 I02,SMART1 M05,0.961,48.1,47.69,0.41,0.1498,307.9
109.0,7.3,3663,3676,SMART1 I02,SMART1 M06,1.113,48.1,48.05,0.05,0.15063,308.9
109.0,7.3,3663,3677,SMART1 I02,SMART1 M09,1.21,48.1,48.96,0.86,0.1301,315.5
109.0,7.3,3663,3678,SMART1 I02,SMART1 M10,1.041,48.1,48.88,0.78,0.13148,315.5
109.0,7.3,3663,3679,SMART1 I02,SMART1 M11,1.026,48.1,48.71,0.61,0.13755,304.8
109.0,7.3,3663,3680,SMART1 I02,SMART1 M12,0.926,48.1,48.36,0.26,0.14682,292.6
109.0,7.3,3663,3681,SMART1 I02,SMART1 O03,1.871,48.1,46.72,1.38,0.1505,293.9
109.0,7.3,3663,3682,SMART1 I02,SMART1 O09,2.209,48.1,49.7,1.6,0.12541,319.2
109.0,7.3,3663,3683,SMART1 I02,SMART1 O11,1.96,48.1,49.18,1.08,0.14131,302.3
109.0,7.3,3664,3665,SMART1 I03,SMART1 I04,0.112,48.06,48.06,0.0,0.14262,314.9
109.0,7.3,3664,3666,SMART1 I03,SMART1 I05,0.204,48.06,48.1,0.04,0.13351,312.1
109.0,7.3,3664,3667,SMART1 I03,SMART1 I06,0.297,48.06,48.19,0.13,0.13078,312.1
109.0,7.3,3664,3668,SMART1 I03,SMART1 I08,0.378,48.06,48.31,0.25,0.13315,312.1
109.0,7.3,3664,3669,SMART1 I03,SMART1 I09,0.406,48.06,48.37,0.31,0.13293,312.1
109.0,7.3,3664,3670,SMART1 I03,SMART1 I11,0.338,48.06,48.31,0.25,0.12849,312.1
109.0,7.3,3664,3671,SMART1 I03,SMART1 I12,0.29,48.06,48.25,0.19,0.13733,295.4
109.0,7.3,3664,3672,SMART1 I03,SMART1 M02,0.937,48.06,47.63,0.43,0.16129,310.8
109.0,7.3,3664,3673,SMART1 I03,SMART1 M03,0.741,48.06,47.53,0.53,0.13241,310.8
109.0,7.3,3664,3674,SMART1 I03,SMART1 M04,0.839,48.06,47.49,0.57,0.14902,310.6
109.0,7.3,3664,3675,SMART1 I03,SMART1 M05,0.871,48.06,47.69,0.37,0.14752,310.6
109.0,7.3,3664,3676,SMART1 I03,SMART1 M06,1.039,48.06,48.05,0.01,0.14834,311.6
109.0,7.3,3664,3677,SMART1 I03,SMART1 M09,1.239,48.06,48.96,0.9,0.12781,318.3
109.0,7.3,3664,3678,SMART1 I03,SMART1 M10,1.103,48.06,48.88,0.82,0.12919,318.3
109.0,7.3,3664,3679,SMART1 I03,SMART1 M11,1.113,48.06,48.71,0.65,0.13526,307.6
109.0,7.3,3664,3680,SMART1 I03,SMART1 M12,1.013,48.06,48.36,0.3,0.14453,295.4
109.0,7.3,3664,3681,SMART1 I03,SMART1 O03,1.831,48.06,46.72,1.34,0.14821,296.6
109.0,7.3,3664,3682,SMART1 I03,SMART1 O09,2.241,48.06,49.7,1.64,0.12312,322.0
109.0,7.3,3664,3683,SMART1 I03,SMART1 O11,2.049,48.06,49.18,1.12,0.13901,305.0
109.0,7.3,3665,3666,SMART1 I04,SMART1 I05,0.102,48.06,48.1,0.04,0.13051,312.1
109.0,7.3,3665,3667,SMART1 I04,SMART1 I06,0.217,48.06,48.19,0.13,0.12777,312.1
109.0,7.3,3665,3668,SMART1 I04,SMART1 I08,0.338,48.06,48.31,0.25,0.13015,312.1
109.0,7.3,3665,3669,SMART1 I04,SMART1 I09,0.395,48.06,48.37,0.31,0.12993,312.1
109.0,7.3,3665,3670,SMART1 I04,SMART1 I11,0.382,48.06,48.31,0.25,0.12549,312.1
109.0,7.3,3665,3671,SMART1 I04,SMART1 I12,0.359,48.06,48.25,0.19,0.13433,295.4
109.0,7.3,3665,3672,SMART1 I04,SMART1 M02,1.028,48.06,47.63,0.43,0.15829,310.8
109.0,7.3,3665,3673,SMART1 I04,SMART1 M03,0.781,48.06,47.53,0.53,0.12941,310.8
109.0,7.3,3665,3674,SMART1 I04,SMART1 M04,0.798,48.06,47.49,0.57,0.14602,310.6
109.0,7.3,3665,3675,SMART1 I04,SMART1 M05,0.78,48.06,47.69,0.37,0.14452,310.6
109.0,7.3,3665,3676,SMART1 I04,SMART1 M06,0.927,48.06,48.05,0.01,0.14534,311.6
109.0,7.3,3665,3677,SMART1 I04,SMART1 M09,1.212,48.06,48.96,0.9,0.1248,318.3
109.0,7.3,3665,3678,SMART1 I04,SMART1 M10,1.126,48.06,48.88,0.82,0.12619,318.3
109.0,7.3,3665,3679,SMART1 I04,SMART1 M11,1.185,48.06,48.71,0.65,0.13226,307.6
109.0,7.3,3665,3680,SMART1 I04,SMART1 M12,1.117,48.06,48.36,0.3,0.14153,295.4
109.0,7.3,3665,3681,SMART1 I04,SMART1 O03,1.858,48.06,46.72,1.34,0.14521,296.6
109.0,7.3,3665,3682,SMART1 I04,SMART1 O09,2.215,48.06,49.7,1.64,0.12012,322.0
109.0,7.3,3665,3683,SMART1 I04,SMART1 O11,2.126,48.06,49.18,1.12,0.13601,305.0
109.0,7.3,3666,3667,SMART1 I05,SMART1 I06,0.124,48.1,48.19,0.09,0.11867,309.4
109.0,7.3,3666,3668,SMART1 I05,SMART1 I08,0.273,48.1,48.31,0.21,0.12105,309.4
109.0,7.3,3666,3669,SMART1 I05,SMART1 I09,0.35,48.1,48.37,0.27,0.12082,309.4
109.0,7.3,3666,3670,SMART1 I05,SMART1 I11,0.389,48.1,48.31,0.21,0.11638,309.4
109.0,7.3,3666,3671,SMART1 I05,SMART1 I12,0.392,48.1,48.25,0.15,0.12523,292.6
109.0,7.3,3666,3672,SMART1 I05,SMART1 M02,1.13,48.1,47.63,0.47,0.14919,308.1
109.0,7.3,3666,3673,SMART1 I05,SMART1 M03,0.871,48.1,47.53,0.57,0.1203,308.1
109.0,7.3,3666,3674,SMART1 I05,SMART1 M04,0.833,48.1,47.49,0.61,0.13691,307.9
109.0,7.3,3666,3675,SMART1 I05,SMART1 M05,0.756,48.1,47.69,0.41,0.13541,307.9
109.0,7.3,3666,3676,SMART1 I05,SMART1 M06,0.846,48.1,48.05,0.05,0.13623,308.9
109.0,7.3,3666,3677,SMART1 I05,SMART1 M09,1.141,48.1,48.96,0.86,0.1157,315.5
109.0,7.3,3666,3678,SMART1 I05,SMART1 M10,1.094,48.1,48.88,0.78,0.11708,315.5
109.0,7.3,3666,3679,SMART1 I05,SMART1 M11,1.204,48.1,48.71,0.61,0.12316,304.8
109.0,7.3,3666,3680,SMART1 I05,SMART1 M12,1.177,48.1,48.36,0.26,0.13242,292.6
109.0,7.3,3666,3681,SMART1 I05,SMART1 O03,1.937,48.1,46.72,1.38,0.13611,293.9
109.0,7.3,3666,3682,SMART1 I05,SMART1 O09,2.141,48.1,49.7,1.6,0.11102,319.2
109.0,7.3,3666,3683,SMART1 I05,SMART1 O11,2.146,48.1,49.18,1.08,0.12691,302.3
109.0,7.3,3667,3668,SMART1 I06,SMART1 I08,0.168,48.19,48.31,0.12,0.11831,309.4
109.0,7.3,3667,3669,SMART1 I06,SMART1 I09,0.263,48.19,48.37,0.18,0.11808,309.4
109.0,7.3,3667,3670,SMART1 I06,SMART1 I11,0.361,48.19,48.31,0.12,0.11364,309.4
109.0,7.3,3667,3671,SMART1 I06,SMART1 I12,0.394,48.19,48.25,0.06,0.12249,292.6
109.0,7.3,3667,3672,SMART1 I06,SMART1 M02,1.234,48.19,47.63,0.56,0.14644,308.1
109.0,7.3,3667,3673,SMART1 I06,SMART1 M03,0.994,48.19,47.53,0.66,0.11757,308.1
109.0,7.3,3667,3674,SMART1 I06,SMART1 M04,0.94,48.19,47.49,0.7,0.13417,307.9
109.0,7.3,3667,3675,SMART1 I06,SMART1 M05,0.815,48.19,47.69,0.5,0.13267,307.9
109.0,7.3,3667,3676,SMART1 I06,SMART1 M06,0.818,48.19,48.05,0.14,0.1335,308.9
109.0,7.3,3667,3677,SMART1 I06,SMART1 M09,1.02,48.19,48.96,0.77,0.11296,315.5
109.0,7.3,3667,3678,SMART1 I06,SMART1 M10,1.003,48.19,48.88,0.69,0.11435,315.5
109.0,7.3,3667,3679,SMART1 I06,SMART1 M11,1.165,48.19,48.71,0.52,0.12041,304.8
109.0,7.3,3667,3680,SMART1 I06,SMART1 M12,1.193,48.19,48.36,0.17,0.12968,292.6
109.0,7.3,3667,3681,SMART1 I06,SMART1 O03,2.061,48.19,46.72,1.47,0.13337,293.9
109.0,7.3,3667,3682,SMART1 I06,SMART1 O09,2.019,48.19,49.7,1.51,0.10828,319.2
109.0,7.3,3667,3683,SMART1 I06,SMART1 O11,2.105,48.19,49.18,0.99,0.12417,302.3
109.0,7.3,3668,3669,SMART1 I08,SMART1 I09,0.105,48.31,48.37,0.06,0.12046,309.4
109.0,7.3,3668,3670,SMART1 I08,SMART1 I11,0.268,48.31,48.31,0.0,0.11602,309.4
109.0,7.3,3668,3671,SMART1 I08,SMART1 I12,0.337,48.31,48.25,0.06,0.12487,292.6
109.0,7.3,3668,3672,SMART1 I08,SMART1 M02,1.293,48.31,47.63,0.68,0.14883,308.1
109.0,7.3,3668,3673,SMART1 I08,SMART1 M03,1.114,48.31,47.53,0.78,0.11994,308.1
109.0,7.3,3668,3674,SMART1 I08,SMART1 M04,1.104,48.31,47.49,0.82,0.13655,307.9
109.0,7.3,3668,3675,SMART1 I08,SMART1 M05,0.978,48.31,47.69,0.62,0.13505,307.9
109.0,7.3,3668,3676,SMART1 I08,SMART1 M06,0.921,48.31,48.05,0.26,0.13587,308.9
109.0,7.3,3668,3677,SMART1 I08,SMART1 M09,0.874,48.31,48.96,0.65,0.11534,315.5
109.0,7.3,3668,3678,SMART1 I08,SMART1 M10,0.836,48.31,48.88,0.57,0.11672,315.5
109.0,7.3,3668,3679,SMART1 I08,SMART1 M11,1.028,48.31,48.71,0.4,0.1228,304.8
109.0,7.3,3668,3680,SMART1 I08,SMART1 M12,1.114,48.31,48.36,0.05,0.13206,292.6
109.0,7.3,3668,3681,SMART1 I08,SMART1 O03,2.196,48.31,46.72,1.59,0.13575,293.9
109.0,7.3,3668,3682,SMART1 I08,SMART1 O09,1.876,48.31,49.7,1.39,0.11066,319.2
109.0,7.3,3668,3683,SMART1 I08,SMART1 O11,1.961,48.31,49.18,0.87,0.12655,302.3
109.0,7.3,3669,3670,SMART1 I09,SMART1 I11,0.196,48.37,48.31,0.06,0.11579,309.4
109.0,7.3,3669,3671,SMART1 I09,SMART1 I12,0.283,48.37,48.25,0.12,0.12464,292.6
109.0,7.3,3669,3672,SMART1 I09,SMART1 M02,1.282,48.37,47.63,0.74,0.1486,308.1
109.0,7.3,3669,3673,SMART1 I09,SMART1 M03,1.147,48.37,47.53,0.84,0.11972,308.1
109.0,7.3,3669,3674,SMART1 I09,SMART1 M04,1.182,48.37,47.49,0.88,0.13632,307.9
109.0,7.3,3669,3675,SMART1 I09,SMART1 M05,1.078,48.37,47.69,0.68,0.13482,307.9
109.0,7.3,3669,3676,SMART1 I09,SMART1 M06,1.023,48.37,48.05,0.32,0.13565,308.9
109.0,7.3,3669,3677,SMART1 I09,SMART1 M09,0.833,48.37,48.96,0.59,0.11511,315.5
109.0,7.3,3669,3678,SMART1 I09,SMART1 M10,0.745,48.37,48.88,0.51,0.1165,315.5
109.0,7.3,3669,3679,SMART1 I09,SMART1 M11,0.923,48.37,48.71,0.34,0.12257,304.8
109.0,7.3,3669,3680,SMART1 I09,SMART1 M12,1.028,48.37,48.36,0.01,0.13183,292.6
109.0,7.3,3669,3681,SMART1 I09,SMART1 O03,2.237,48.37,46.72,1.65,0.13552,293.9
109.0,7.3,3669,3682,SMART1 I09,SMART1 O09,1.835,48.37,49.7,1.33,0.11043,319.2
109.0,7.3,3669,3683,SMART1 I09,SMART1 O11,1.856,48.37,49.18,0.81,0.12632,302.3
109.0,7.3,3670,3671,SMART1 I11,SMART1 I12,0.097,48.31,48.25,0.06,0.1202,292.6
109.0,7.3,3670,3672,SMART1 I11,SMART1 M02,1.114,48.31,47.63,0.68,0.14416,308.1
109.0,7.3,3670,3673,SMART1 I11,SMART1 M03,1.044,48.31,47.53,0.78,0.11528,308.1
109.0,7.3,3670,3674,SMART1 I11,SMART1 M04,1.173,48.31,47.49,0.82,0.13188,307.9
109.0,7.3,3670,3675,SMART1 I11,SMART1 M05,1.145,48.31,47.69,0.62,0.13038,307.9
109.0,7.3,3670,3676,SMART1 I11,SMART1 M06,1.173,48.31,48.05,0.26,0.13121,308.9
109.0,7.3,3670,3677,SMART1 I11,SMART1 M09,0.965,48.31,48.96,0.65,0.11067,315.5
109.0,7.3,3670,3678,SMART1 I11,SMART1 M10,0.768,48.31,48.88,0.57,0.11206,315.5
109.0,7.3,3670,3679,SMART1 I11,SMART1 M11,0.815,48.31,48.71,0.4,0.11813,304.8
109.0,7.3,3670,3680,SMART1 I11,SMART1 M12,0.848,48.31,48.36,0.05,0.12739,292.6
109.0,7.3,3670,3681,SMART1 I11,SMART1 O03,2.138,48.31,46.72,1.59,0.13108,293.9
109.0,7.3,3670,3682,SMART1 I11,SMART1 O09,1.955,48.31,49.7,1.39,0.10599,319.2
109.0,7.3,3670,3683,SMART1 I11,SMART1 O11,1.757,48.31,49.18,0.87,0.12188,302.3
109.0,7.3,3671,3672,SMART1 I12,SMART1 M02,1.017,48.25,47.63,0.62,0.15301,291.3
109.0,7.3,3671,3673,SMART1 I12,SMART1 M03,0.962,48.25,47.53,0.72,0.12412,291.3
109.0,7.3,3671,3674,SMART1 I12,SMART1 M04,1.129,48.25,47.49,0.76,0.14073,291.1
109.0,7.3,3671,3675,SMART1 I12,SMART1 M05,1.138,48.25,47.69,0.56,0.13923,291.1
109.0,7.3,3671,3676,SMART1 I12,SMART1 M06,1.212,48.25,48.05,0.2,0.14005,292.1
109.0,7.3,3671,3677,SMART1 I12,SMART1 M09,1.061,48.25,48.96,0.71,0.11952,298.7
109.0,7.3,3671,3678,SMART1 I12,SMART1 M10,0.84,48.25,48.88,0.63,0.1209,298.7
109.0,7.3,3671,3679,SMART1 I12,SMART1 M11,0.827,48.25,48.71,0.46,0.12698,288.0
109.0,7.3,3671,3680,SMART1 I12,SMART1 M12,0.799,48.25,48.36,0.11,0.13624,275.8
109.0,7.3,3671,3681,SMART1 I12,SMART1 O03,2.055,48.25,46.72,1.53,0.13993,277.1
109.0,7.3,3671,3682,SMART1 I12,SMART1 O09,2.048,48.25,49.7,1.45,0.11484,302.4
109.0,7.3,3671,3683,SMART1 I12,SMART1 O11,1.767,48.25,49.18,0.93,0.13073,285.5
109.0,7.3,3672,3673,SMART1 M02,SMART1 M03,0.543,47.63,47.53,0.1,0.14808,306.8
109.0,7.3,3672,3674,SMART1 M02,SMART1 M04,1.115,47.63,47.49,0.14,0.16468,306.6
109.0,7.3,3672,3675,SMART1 M02,SMART1 M05,1.468,47.63,47.69,0.06,0.16318,306.6
109.0,7.3,3672,3676,SMART1 M02,SMART1 M06,1.868,47.63,48.05,0.42,0.16401,307.6
109.0,7.3,3672,3677,SMART1 M02,SMART1 M09,2.073,47.63,48.96,1.33,0.14348,314.2
109.0,7.3,3672,3678,SMART1 M02,SMART1 M10,1.762,47.63,48.88,1.25,0.14486,314.2
109.0,7.3,3672,3679,SMART1 M02,SMART1 M11,1.446,47.63,48.71,1.08,0.15093,303.5
109.0,7.3,3672,3680,SMART1 M02,SMART1 M12,0.995,47.63,48.36,0.73,0.1602,291.3
109.0,7.3,3672,3681,SMART1 M02,SMART1 O03,1.267,47.63,46.72,0.91,0.16389,292.5
109.0,7.3,3672,3682,SMART1 M02,SMART1 O09,3.042,47.63,49.7,2.07,0.1388,317.9
109.0,7.3,3672,3683,SMART1 M02,SMART1 O11,2.18,47.63,49.18,1.55,0.15469,301.0
109.0,7.3,3673,3674,SMART1 M03,SMART1 M04,0.576,47.53,47.49,0.04,0.13581,306.6
109.0,7.3,3673,3675,SMART1 M03,SMART1 M05,0.967,47.53,47.69,0.16,0.13431,306.6
109.0,7.3,3673,3676,SMART1 M03,SMART1 M06,1.437,47.53,48.05,0.52,0.13513,307.6
109.0,7.3,3673,3677,SMART1 M03,SMART1 M09,1.98,47.53,48.96,1.43,0.1146,314.2
109.0,7.3,3673,3678,SMART1 M03,SMART1 M10,1.801,47.53,48.88,1.35,0.11598,314.2
109.0,7.3,3673,3679,SMART1 M03,SMART1 M11,1.651,47.53,48.71,1.18,0.12205,303.5
109.0,7.3,3673,3680,SMART1 M03,SMART1 M12,1.322,47.53,48.36,0.83,0.13132,291.3
109.0,7.3,3673,3681,SMART1 M03,SMART1 O03,1.094,47.53,46.72,0.81,0.135,292.5
109.0,7.3,3673,3682,SMART1 M03,SMART1 O09,2.982,47.53,49.7,2.17,0.10991,317.9
109.0,7.3,3673,3683,SMART1 M03,SMART1 O11,2.508,47.53,49.18,1.65,0.12581,301.0
109.0,7.3,3674,3675,SMART1 M04,SMART1 M05,0.459,47.49,47.69,0.2,0.15091,306.4
109.0,7.3,3674,3676,SMART1 M04,SMART1 M06,1.013,47.49,48.05,0.56,0.15174,307.4
109.0,7.3,3674,3677,SMART1 M04,SMART1 M09,1.947,47.49,48.96,1.47,0.1312,314.0
109.0,7.3,3674,3678,SMART1 M04,SMART1 M10,1.923,47.49,48.88,1.39,0.13259,314.0
109.0,7.3,3674,3679,SMART1 M04,SMART1 M11,1.94,47.49,48.71,1.22,0.13866,303.3
109.0,7.3,3674,3680,SMART1 M04,SMART1 M12,1.735,47.49,48.36,0.87,0.14792,291.1
109.0,7.3,3674,3681,SMART1 M04,SMART1 O03,1.272,47.49,46.72,0.77,0.15161,292.4
109.0,7.3,3674,3682,SMART1 M04,SMART1 O09,2.931,47.49,49.7,2.21,0.12652,317.7
109.0,7.3,3674,3683,SMART1 M04,SMART1 O11,2.861,47.49,49.18,1.69,0.14241,300.8
109.0,7.3,3675,3676,SMART1 M05,SMART1 M06,0.569,47.69,48.05,0.36,0.15024,307.4
109.0,7.3,3675,3677,SMART1 M05,SMART1 M09,1.712,47.69,48.96,1.27,0.1297,314.0
109.0,7.3,3675,3678,SMART1 M05,SMART1 M10,1.808,47.69,48.88,1.19,0.13109,314.0
109.0,7.3,3675,3679,SMART1 M05,SMART1 M11,1.96,47.69,48.71,1.02,0.13715,303.3
109.0,7.3,3675,3680,SMART1 M05,SMART1 M12,1.876,47.69,48.36,0.67,0.14642,291.1
109.0,7.3,3675,3681,SMART1 M05,SMART1 O03,1.715,47.69,46.72,0.97,0.15011,292.4
109.0,7.3,3675,3682,SMART1 M05,SMART1 O09,2.649,47.69,49.7,2.01,0.12502,317.7
109.0,7.3,3675,3683,SMART1 M05,SMART1 O11,2.902,47.69,49.18,1.49,0.14091,300.8
109.0,7.3,3676,3677,SMART1 M06,SMART1 M09,1.38,48.05,48.96,0.91,0.13053,315.0
109.0,7.3,3676,3678,SMART1 M06,SMART1 M10,1.63,48.05,48.88,0.83,0.13191,315.0
109.0,7.3,3676,3679,SMART1 M06,SMART1 M11,1.942,48.05,48.71,0.66,0.13798,304.3
109.0,7.3,3676,3680,SMART1 M06,SMART1 M12,2.011,48.05,48.36,0.31,0.14725,292.1
109.0,7.3,3676,3681,SMART1 M06,SMART1 O03,2.282,48.05,46.72,1.33,0.15093,293.4
109.0,7.3,3676,3682,SMART1 M06,SMART1 O09,2.218,48.05,49.7,1.65,0.12584,318.7
109.0,7.3,3676,3683,SMART1 M06,SMART1 O11,2.86,48.05,49.18,1.13,0.14173,301.8
109.0,7.3,3677,3678,SMART1 M09,SMART1 M10,0.525,48.96,48.88,0.08,0.11138,321.6
109.0,7.3,3677,3679,SMART1 M09,SMART1 M11,1.09,48.96,48.71,0.25,0.11744,310.9
109.0,7.3,3677,3680,SMART1 M09,SMART1 M12,1.502,48.96,48.36,0.6,0.12671,298.7
109.0,7.3,3677,3681,SMART1 M09,SMART1 O03,3.068,48.96,46.72,2.24,0.1304,300.0
109.0,7.3,3677,3682,SMART1 M09,SMART1 O09,1.003,48.96,49.7,0.74,0.10531,325.4
109.0,7.3,3677,3683,SMART1 M09,SMART1 O11,1.766,48.96,49.18,0.22,0.1212,308.4
109.0,7.3,3678,3679,SMART1 M10,SMART1 M11,0.571,48.88,48.71,0.17,0.11883,310.9
109.0,7.3,3678,3680,SMART1 M10,SMART1 M12,1.028,48.88,48.36,0.52,0.1281,298.7
109.0,7.3,3678,3681,SMART1 M10,SMART1 O03,2.889,48.88,46.72,2.16,0.13178,300.0
109.0,7.3,3678,3682,SMART1 M10,SMART1 O09,1.31,48.88,49.7,0.82,0.10669,325.4
109.0,7.3,3678,3683,SMART1 M10,SMART1 O11,1.29,48.88,49.18,0.3,0.12258,308.4
109.0,7.3,3679,3680,SMART1 M11,SMART1 M12,0.524,48.71,48.36,0.35,0.13417,288.0
109.0,7.3,3679,3681,SMART1 M11,SMART1 O03,2.678,48.71,46.72,1.99,0.13786,289.3
109.0,7.3,3679,3682,SMART1 M11,SMART1 O09,1.818,48.71,49.7,0.99,0.11277,314.6
109.0,7.3,3679,3683,SMART1 M11,SMART1 O11,0.942,48.71,49.18,0.47,0.12865,297.7
109.0,7.3,3680,3681,SMART1 M12,SMART1 O03,2.259,48.36,46.72,1.64,0.14712,277.1
109.0,7.3,3680,3682,SMART1 M12,SMART1 O09,2.323,48.36,49.7,1.34,0.12203,302.4
109.0,7.3,3680,3683,SMART1 M12,SMART1 O11,1.196,48.36,49.18,0.82,0.13792,285.5
109.0,7.3,3681,3682,SMART1 O03,SMART1 O09,4.071,46.72,49.7,2.98,0.12572,303.7
109.0,7.3,3681,3683,SMART1 O03,SMART1 O11,3.447,46.72,49.18,2.46,0.14161,286.7
109.0,7.3,3682,3683,SMART1 O09,SMART1 O11,2.079,49.7,49.18,0.52,0.11652,312.1
113.0,5.99,589,619,Alhambra - Fremont School,Garvey Res. - Control Bldg,4.208,9.93,10.66,0.73,0.37362,509.0
113.0,5.99,589,639,Alhambra - Fremont School,LA - Obregon Park,4.485,9.93,18.67,8.74,0.35863,449.6
113.0,5.99,590,674,Altadena - Eaton Canyon,Pasadena - Brown Gym,4.669,74.45,60.41,14.04,0.18388,358.1
113.0,5.99,590,675,Altadena - Eaton Canyon,Pasadena - CIT Athenaeum,4.811,74.45,59.75,14.7,0.18429,395.1
113.0,5.99,590,676,Altadena - Eaton Canyon,Pasadena - CIT Bridge Lab,4.669,74.45,60.41,14.04,0.19845,358.1
113.0,5.99,590,677,Altadena - Eaton Canyon,Pasadena - CIT Calif Blvd,4.669,74.45,60.41,14.04,0.22434,358.1
113.0,5.99,590,678,Altadena - Eaton Canyon,Pasadena - CIT Indust. Rel,4.669,74.45,60.41,14.04,0.23407,358.1
113.0,5.99,590,679,Altadena - Eaton Canyon,Pasadena - CIT Keck Lab,4.669,74.45,60.41,14.04,0.19277,358.1
113.0,5.99,590,681,Altadena - Eaton Canyon,Pasadena - CIT Lura St,4.669,74.45,60.41,14.04,0.2882,358.1
113.0,5.99,590,682,Altadena - Eaton Canyon,Pasadena - CIT Mudd Lab,4.669,74.45,60.41,14.04,0.19426,358.1
113.0,5.99,590,683,Altadena - Eaton Canyon,Pasadena - Old House Rd,1.935,74.45,81.2,6.75,0.2525,386.2
113.0,5.99,592,616,Arcadia - Campus Dr,El Monte - Fairview Av,4.402,75.22,50.41,24.81,0.24584,329.1
113.0,5.99,593,672,Arleta - Nordhoff Fire Sta,Pacoima Kagel Canyon USC,2.34,22.32,25.68,3.36,0.11061,310.7
113.0,5.99,593,673,Arleta - Nordhoff Fire Sta,Panorama City - Roscoe,1.581,22.32,20.13,2.19,0.09794,307.9
113.0,5.99,593,695,Arleta - Nordhoff Fire Sta,Sun Valley - Roscoe Blvd,2.35,22.32,21.49,0.83,0.14496,309.3
113.0,5.99,594,616,Baldwin Park - N Holly,El Monte - Fairview Av,4.216,39.8,50.41,10.61,0.16135,417.7
113.0,5.99,594,705,Baldwin Park - N Holly,West Covina - S Orange Ave,4.487,39.8,17.86,21.94,0.13252,439.7
113.0,5.99,595,615,Bell Gardens - Jaboneria,Downey - Co Maint Bldg,4.634,62.84,70.33,7.49,0.20761,269.5
113.0,5.99,596,597,Beverly Hills - 12520 Mulhol,Beverly Hills - 14145 Mulhol,3.178,6.24,5.69,0.55,0.11416,450.7
113.0,5.99,596,643,Beverly Hills - 12520 Mulhol,LA - Wonderland Ave,2.718,6.24,4.73,1.51,0.08004,884.1
113.0,5.99,596,694,Beverly Hills - 12520 Mulhol,Studio City - Ventura & Coldwater Cyn Av,2.209,6.24,9.53,3.29,0.16847,473.0
113.0,5.99,597,636,Beverly Hills - 14145 Mulhol,LA - N Faring Rd,4.796,5.69,2.19,3.5,0.08526,305.4
113.0,5.99,597,694,Beverly Hills - 14145 Mulhol,Studio City - Ventura & Coldwater Cyn Av,2.932,5.69,9.53,3.84,0.169,378.1
113.0,5.99,599,600,Brea - S Flower Av,Brea Dam (Downstream),4.067,30.94,41.24,10.3,0.18318,380.1
113.0,5.99,599,601,Brea - S Flower Av,Brea Dam (L Abut),3.958,30.94,40.95,10.01,0.11947,380.1
113.0,5.99,599,669,Brea - S Flower Av,Orange Co. Reservoir,2.425,30.94,24.84,6.1,0.15027,369.2
113.0,5.99,600,601,Brea Dam (Downstream),Brea Dam (L Abut),0.119,41.24,40.95,0.29,0.19479,437.5
113.0,5.99,606,669,Carbon Canyon Dam,Orange Co. Reservoir,4.973,24.19,24.84,0.65,0.18609,325.3
113.0,5.99,607,608,Carson - Catskill Ave,Carson - Water St,3.847,66.49,68.22,1.73,0.08008,232.9
113.0,5.99,608,646,Carson - Water St,LB - Rancho Los Cerritos,4.272,68.22,75.84,7.62,0.14499,231.7
113.0,5.99,611,615,Compton - Castlegate St,Downey - Co Maint Bldg,3.859,67.57,70.33,2.76,0.25235,269.4
113.0,5.99,611,645,Compton - Castlegate St,LB - Orange Ave,2.723,67.57,74.88,7.31,0.26788,305.8
113.0,5.99,612,613,Covina - S Grand Ave,Covina - W Badillo,4.174,19.42,25.38,5.96,0.08505,335.7
113.0,5.99,613,705,Covina - W Badillo,West Covina - S Orange Ave,4.261,25.38,17.86,7.52,0.12901,329.7
113.0,5.99,614,615,Downey - Birchdale,Downey - Co Maint Bldg,2.804,80.23,70.33,9.9,0.25123,258.5
113.0,5.99,615,645,Downey - Co Maint Bldg,LB - Orange Ave,4.853,70.33,74.88,4.55,0.19919,308.3
113.0,5.99,619,690,Garvey Res. - Control Bldg,San Gabriel - E Grand Ave,4.987,10.66,66.6,55.94,0.34781,434.8
113.0,5.99,620,648,Glendale - Las Palmas,La Crescenta - New York,4.725,40.56,42.86,2.3,0.1927,391.3
113.0,5.99,622,650,Hacienda Heights - Colima,La Puente - Rimgrove Av,4.619,17.37,0.26,17.11,0.1663,338.3
113.0,5.99,625,626,Inglewood - Union Oil,LA - 116th St School,3.193,51.25,48.97,2.28,0.27606,308.5
113.0,5.99,627,641,LA - Baldwin Hills,LA - Saturn St,4.151,19.77,10.75,9.02,0.14632,302.9
113.0,5.99,628,684,LA - Centinela St,Playa Del Rey - Saran,4.56,19.35,26.96,7.61,0.04372,333.8
113.0,5.99,628,693,LA - Centinela St,Santa Monica - Second St,4.998,19.35,17.42,1.93,0.04721,353.9
113.0,5.99,629,630,LA - Century City CC North,LA - Century City CC South,0.215,7.09,7.28,0.19,0.07762,278.0
113.0,5.99,629,636,LA - Century City CC North,LA - N Faring Rd,3.288,7.09,2.19,4.9,0.07385,266.5
113.0,5.99,630,636,LA - Century City CC South,LA - N Faring Rd,3.475,7.28,2.19,5.09,0.0596,266.5
113.0,5.99,631,636,LA - Chalon Rd,LA - N Faring Rd,4.249,3.56,2.19,1.37,0.04258,497.5
113.0,5.99,632,634,LA - Cypress Ave,LA - Fletcher Dr,3.622,8.37,16.0,7.63,0.17275,347.9
113.0,5.99,632,637,LA - Cypress Ave,LA - N Figueroa St,3.972,8.37,24.63,16.26,0.15,365.8
113.0,5.99,633,640,LA - E Vernon Ave,LA - S Grand Ave,4.518,30.1,25.05,5.05,0.1741,284.2
113.0,5.99,635,638,LA - Hollywood Stor FF,LA - N Westmoreland,3.879,0.86,0.37,0.49,0.18272,315.8
113.0,5.99,635,643,LA - Hollywood Stor FF,LA - Wonderland Ave,4.623,0.86,4.73,3.87,0.09927,769.5
113.0,5.99,637,680,LA - N Figueroa St,Pasadena - CIT Kresge Lab,4.539,24.63,43.25,18.62,0.13041,667.0
113.0,5.99,640,642,LA - S Grand Ave,LA - W 70th St,3.354,25.05,32.97,7.92,0.17425,263.3
113.0,5.99,643,694,LA - Wonderland Ave,Studio City - Ventura & Coldwater Cyn Av,4.619,4.73,9.53,4.8,0.13488,811.5
113.0,5.99,645,646,LB - Orange Ave,LB - Rancho Los Cerritos,4.853,74.88,75.84,0.96,0.19601,323.7
113.0,5.99,655,656,Leona Valley #5 - Ritter,Leona Valley #6,0.523,66.56,66.41,0.15,0.0453,351.3
113.0,5.99,658,659,Malibu - Point Dume Sch,Malibu - W Pacific Cst Hwy,1.649,13.28,12.27,1.01,0.0417,393.0
113.0,5.99,664,673,N Hollywood - Coldwater Can,Panorama City - Roscoe,4.16,17.93,20.13,2.2,0.14195,322.3
113.0,5.99,664,695,N Hollywood - Coldwater Can,Sun Valley - Roscoe Blvd,3.114,17.93,21.49,3.56,0.18898,323.7
113.0,5.99,668,692,"Norwalk - Imp Hwy, S Grnd",Santa Fe Springs - E.Joslin,3.586,76.11,82.71,6.6,0.32109,309.3
113.0,5.99,672,673,Pacoima Kagel Canyon USC,Panorama City - Roscoe,3.713,25.68,20.13,5.55,0.11915,321.0
113.0,5.99,672,695,Pacoima Kagel Canyon USC,Sun Valley - Roscoe Blvd,3.226,25.68,21.49,4.19,0.16617,322.3
113.0,5.99,673,695,Panorama City - Roscoe,Sun Valley - Roscoe Blvd,1.934,20.13,21.49,1.36,0.1535,319.5
113.0,5.99,674,675,Pasadena - Brown Gym,Pasadena - CIT Athenaeum,0.144,60.41,59.75,0.66,0.14105,378.1
113.0,5.99,674,676,Pasadena - Brown Gym,Pasadena - CIT Bridge Lab,0.0,60.41,60.41,0.0,0.15521,341.1
113.0,5.99,674,677,Pasadena - Brown Gym,Pasadena - CIT Calif Blvd,0.0,60.41,60.41,0.0,0.1811,341.1
113.0,5.99,674,678,Pasadena - Brown Gym,Pasadena - CIT Indust. Rel,0.0,60.41,60.41,0.0,0.19083,341.1
113.0,5.99,674,679,Pasadena - Brown Gym,Pasadena - CIT Keck Lab,0.0,60.41,60.41,0.0,0.14953,341.1
113.0,5.99,674,680,Pasadena - Brown Gym,Pasadena - CIT Kresge Lab,4.799,60.41,43.25,17.16,0.12201,655.1
113.0,5.99,674,681,Pasadena - Brown Gym,Pasadena - CIT Lura St,0.0,60.41,60.41,0.0,0.24496,341.1
113.0,5.99,674,682,Pasadena - Brown Gym,Pasadena - CIT Mudd Lab,0.0,60.41,60.41,0.0,0.15102,341.1
113.0,5.99,674,683,Pasadena - Brown Gym,Pasadena - Old House Rd,4.963,60.41,81.2,20.79,0.20927,369.2
113.0,5.99,674,691,Pasadena - Brown Gym,San Marino - SW Academy,2.928,60.41,48.31,12.1,0.15703,360.3
113.0,5.99,675,676,Pasadena - CIT Athenaeum,Pasadena - CIT Bridge Lab,0.144,59.75,60.41,0.66,0.15563,378.1
113.0,5.99,675,677,Pasadena - CIT Athenaeum,Pasadena - CIT Calif Blvd,0.144,59.75,60.41,0.66,0.18151,378.1
113.0,5.99,675,678,Pasadena - CIT Athenaeum,Pasadena - CIT Indust. Rel,0.144,59.75,60.41,0.66,0.19124,378.1
113.0,5.99,675,679,Pasadena - CIT Athenaeum,Pasadena - CIT Keck Lab,0.144,59.75,60.41,0.66,0.14994,378.1
113.0,5.99,675,680,Pasadena - CIT Athenaeum,Pasadena - CIT Kresge Lab,4.734,59.75,43.25,16.5,0.12242,692.1
113.0,5.99,675,681,Pasadena - CIT Athenaeum,Pasadena - CIT Lura St,0.144,59.75,60.41,0.66,0.24538,378.1
113.0,5.99,675,682,Pasadena - CIT Athenaeum,Pasadena - CIT Mudd Lab,0.144,59.75,60.41,0.66,0.15143,378.1
113.0,5.99,675,691,Pasadena - CIT Athenaeum,San Marino - SW Academy,2.794,59.75,48.31,11.44,0.15745,397.3
113.0,5.99,676,677,Pasadena - CIT Bridge Lab,Pasadena - CIT Calif Blvd,0.0,60.41,60.41,0.0,0.19567,341.1
113.0,5.99,676,678,Pasadena - CIT Bridge Lab,Pasadena - CIT Indust. Rel,0.0,60.41,60.41,0.0,0.20541,341.1
113.0,5.99,676,679,Pasadena - CIT Bridge Lab,Pasadena - CIT Keck Lab,0.0,60.41,60.41,0.0,0.16411,341.1
113.0,5.99,676,680,Pasadena - CIT Bridge Lab,Pasadena - CIT Kresge Lab,4.799,60.41,43.25,17.16,0.13658,655.1
113.0,5.99,676,681,Pasadena - CIT Bridge Lab,Pasadena - CIT Lura St,0.0,60.41,60.41,0.0,0.25954,341.1
113.0,5.99,676,682,Pasadena - CIT Bridge Lab,Pasadena - CIT Mudd Lab,0.0,60.41,60.41,0.0,0.16559,341.1
113.0,5.99,676,683,Pasadena - CIT Bridge Lab,Pasadena - Old House Rd,4.963,60.41,81.2,20.79,0.22384,369.2
113.0,5.99,676,691,Pasadena - CIT Bridge Lab,San Marino - SW Academy,2.928,60.41,48.31,12.1,0.17161,360.3
113.0,5.99,677,678,Pasadena - CIT Calif Blvd,Pasadena - CIT Indust. Rel,0.0,60.41,60.41,0.0,0.23129,341.1
113.0,5.99,677,679,Pasadena - CIT Calif Blvd,Pasadena - CIT Keck Lab,0.0,60.41,60.41,0.0,0.18999,341.1
113.0,5.99,677,680,Pasadena - CIT Calif Blvd,Pasadena - CIT Kresge Lab,4.799,60.41,43.25,17.16,0.16246,655.1
113.0,5.99,677,681,Pasadena - CIT Calif Blvd,Pasadena - CIT Lura St,0.0,60.41,60.41,0.0,0.28542,341.1
113.0,5.99,677,682,Pasadena - CIT Calif Blvd,Pasadena - CIT Mudd Lab,0.0,60.41,60.41,0.0,0.19147,341.1
113.0,5.99,677,683,Pasadena - CIT Calif Blvd,Pasadena - Old House Rd,4.963,60.41,81.2,20.79,0.24972,369.2
113.0,5.99,677,691,Pasadena - CIT Calif Blvd,San Marino - SW Academy,2.928,60.41,48.31,12.1,0.19748,360.3
113.0,5.99,678,679,Pasadena - CIT Indust. Rel,Pasadena - CIT Keck Lab,0.0,60.41,60.41,0.0,0.19972,341.1
113.0,5.99,678,680,Pasadena - CIT Indust. Rel,Pasadena - CIT Kresge Lab,4.799,60.41,43.25,17.16,0.1722,655.1
113.0,5.99,678,681,Pasadena - CIT Indust. Rel,Pasadena - CIT Lura St,0.0,60.41,60.41,0.0,0.29516,341.1
113.0,5.99,678,682,Pasadena - CIT Indust. Rel,Pasadena - CIT Mudd Lab,0.0,60.41,60.41,0.0,0.20121,341.1
113.0,5.99,678,683,Pasadena - CIT Indust. Rel,Pasadena - Old House Rd,4.963,60.41,81.2,20.79,0.25945,369.2
113.0,5.99,678,691,Pasadena - CIT Indust. Rel,San Marino - SW Academy,2.928,60.41,48.31,12.1,0.20722,360.3
113.0,5.99,679,680,Pasadena - CIT Keck Lab,Pasadena - CIT Kresge Lab,4.799,60.41,43.25,17.16,0.1309,655.1
113.0,5.99,679,681,Pasadena - CIT Keck Lab,Pasadena - CIT Lura St,0.0,60.41,60.41,0.0,0.25385,341.1
113.0,5.99,679,682,Pasadena - CIT Keck Lab,Pasadena - CIT Mudd Lab,0.0,60.41,60.41,0.0,0.15991,341.1
113.0,5.99,679,683,Pasadena - CIT Keck Lab,Pasadena - Old House Rd,4.963,60.41,81.2,20.79,0.21816,369.2
113.0,5.99,679,691,Pasadena - CIT Keck Lab,San Marino - SW Academy,2.928,60.41,48.31,12.1,0.16592,360.3
113.0,5.99,680,681,Pasadena - CIT Kresge Lab,Pasadena - CIT Lura St,4.799,43.25,60.41,17.16,0.22633,655.1
113.0,5.99,680,682,Pasadena - CIT Kresge Lab,Pasadena - CIT Mudd Lab,4.799,43.25,60.41,17.16,0.13238,655.1
113.0,5.99,681,682,Pasadena - CIT Lura St,Pasadena - CIT Mudd Lab,0.0,60.41,60.41,0.0,0.25534,341.1
113.0,5.99,681,683,Pasadena - CIT Lura St,Pasadena - Old House Rd,4.963,60.41,81.2,20.79,0.31359,369.2
113.0,5.99,681,691,Pasadena - CIT Lura St,San Marino - SW Academy,2.928,60.41,48.31,12.1,0.26136,360.3
113.0,5.99,682,683,Pasadena - CIT Mudd Lab,Pasadena - Old House Rd,4.963,60.41,81.2,20.79,0.21964,369.2
113.0,5.99,682,691,Pasadena - CIT Mudd Lab,San Marino - SW Academy,2.928,60.41,48.31,12.1,0.1674,360.3
113.0,5.99,690,691,San Gabriel - E Grand Ave,San Marino - SW Academy,4.328,66.6,48.31,18.29,0.21629,390.4
113.0,5.99,698,699,Sylmar - Olive View Med FF,Sylmar - Sayre St,2.315,32.77,31.18,1.59,0.05127,394.7
114.0,5.27,707,714,Alhambra - Fremont School,LA - Obregon Park,4.485,65.44,79.58,14.14,0.25829,449.6
114.0,5.27,708,3733,Altadena - Eaton Canyon,Pasadena - Old House Rd,1.935,13.03,21.05,8.02,0.30375,386.2
114.0,5.27,709,3687,Downey - Co Maint Bldg,Bell Gardens - Jaboneria,4.634,31.18,35.45,4.27,0.0905,269.5
114.0,5.27,709,3698,Downey - Co Maint Bldg,Compton - Castlegate St,3.859,31.18,35.5,4.32,0.0745,269.4
114.0,5.27,709,3701,Downey - Co Maint Bldg,Downey - Birchdale,2.804,31.18,21.23,9.95,0.10293,258.5
114.0,5.27,709,3724,Downey - Co Maint Bldg,LB - Orange Ave,4.853,31.18,28.59,2.59,0.05688,308.3
114.0,5.27,710,711,Inglewood - Union Oil,LA - 116th St School,3.193,53.24,54.77,1.53,0.12733,308.5
114.0,5.27,712,3716,LA - Baldwin Hills,LA - Saturn St,4.151,86.63,83.77,2.86,0.08893,302.9
114.0,5.27,713,3714,LA - Hollywood Stor FF,LA - N Westmoreland,3.879,71.19,72.17,0.98,0.06949,315.8
114.0,5.27,713,3718,LA - Hollywood Stor FF,LA - Wonderland Ave,4.623,71.19,66.66,4.53,0.04537,769.5
114.0,5.27,716,3734,San Marino - SW Academy,San Gabriel - E Grand Ave,4.328,11.75,25.67,13.92,0.15482,390.4
114.0,5.27,3685,3702,Arcadia - Campus Dr,El Monte - Fairview Av,4.402,48.59,74.73,26.14,0.16217,329.1
114.0,5.27,3686,3702,Baldwin Park - N Holly,El Monte - Fairview Av,4.216,79.51,74.73,4.78,0.10378,417.7
114.0,5.27,3686,3743,Baldwin Park - N Holly,West Covina - S Orange Ave,4.487,79.51,81.87,2.36,0.06191,439.7
114.0,5.27,3688,3718,Beverly Hills - 12520 Mulhol,LA - Wonderland Ave,2.718,64.9,66.66,1.76,0.02655,884.1
114.0,5.27,3688,3736,Beverly Hills - 12520 Mulhol,Studio City - Ventura & Coldwater Cyn Av,2.209,64.9,61.31,3.59,0.05206,473.0
114.0,5.27,3696,3697,Carson - Catskill Ave,Carson - Water St,3.847,39.16,36.85,2.31,0.03186,232.9
114.0,5.27,3698,3724,Compton - Castlegate St,LB - Orange Ave,2.723,35.5,28.59,6.91,0.0717,305.8
114.0,5.27,3699,3700,Covina - S Grand Ave,Covina - W Badillo,4.174,85.41,89.86,4.45,0.0471,335.7
114.0,5.27,3700,3743,Covina - W Badillo,West Covina - S Orange Ave,4.261,89.86,81.87,7.99,0.06902,329.7
114.0,5.27,3704,3719,Glendale - Las Palmas,La Crescenta - New York,4.725,26.98,24.94,2.04,0.14619,391.3
114.0,5.27,3707,3721,Hacienda Heights - Colima,La Puente - Rimgrove Av,4.619,52.29,67.58,15.29,0.08374,338.3
114.0,5.27,3709,3711,LA - Cypress Ave,LA - Fletcher Dr,3.622,64.05,54.66,9.39,0.09091,347.9
114.0,5.27,3709,3713,LA - Cypress Ave,LA - N Figueroa St,3.972,64.05,44.22,19.83,0.08046,365.8
114.0,5.27,3710,3715,LA - E Vernon Ave,LA - S Grand Ave,4.518,71.92,79.33,7.41,0.11935,284.2
114.0,5.27,3715,3717,LA - S Grand Ave,LA - W 70th St,3.354,79.33,71.4,7.93,0.12995,263.3
114.0,5.27,3718,3736,LA - Wonderland Ave,Studio City - Ventura & Coldwater Cyn Av,4.619,66.66,61.31,5.35,0.04389,811.5
114.0,5.27,3723,3726,Lawndale - Osage Ave,Manhattan Beach - Manhattan,4.153,61.04,63.77,2.73,0.03594,331.7
114.0,5.27,3728,3732,N Hollywood - Coldwater Can,Panorama City - Roscoe,4.16,52.23,49.87,2.36,0.03585,322.3
114.0,5.27,3728,3737,N Hollywood - Coldwater Can,Sun Valley - Roscoe Blvd,3.114,52.23,48.42,3.81,0.05963,323.7
114.0,5.27,3731,3732,Pacoima Kagel Canyon USC,Panorama City - Roscoe,3.713,43.95,49.87,5.92,0.04119,321.0
114.0,5.27,3731,3737,Pacoima Kagel Canyon USC,Sun Valley - Roscoe Blvd,3.226,43.95,48.42,4.47,0.06497,322.3
114.0,5.27,3732,3737,Panorama City - Roscoe,Sun Valley - Roscoe Blvd,1.934,49.87,48.42,1.45,0.05664,319.5
116.0,6.54,720,729,Calipatria Fire Station,Imperial Valley Wildlife Liquefaction Array,3.5,58.64,54.2,4.44,0.21965,192.4
118.0,6.93,731,735,APEEL 10 - Skyline,APEEL 7 - Pulgas,3.319,11.4,14.46,3.06,0.10692,403.6
118.0,6.93,731,736,APEEL 10 - Skyline,APEEL 9 - Crystal Springs Res,2.02,11.4,13.11,1.71,0.10267,420.8
118.0,6.93,732,748,APEEL 2 - Redwood City,Belmont - Envirotech,4.919,20.76,16.46,4.3,0.17652,380.4
118.0,6.93,732,759,APEEL 2 - Redwood City,Foster City - APEEL 1,2.904,20.76,23.33,2.57,0.26332,124.7
118.0,6.93,732,760,APEEL 2 - Redwood City,Foster City - Menhaden Court,3.084,20.76,22.66,1.9,0.17685,129.8
118.0,6.93,733,734,APEEL 2E Hayward Muir Sch,APEEL 3E Hayward CSUH,1.849,37.66,39.12,1.46,0.11935,394.1
118.0,6.93,733,773,APEEL 2E Hayward Muir Sch,Hayward - BART Sta,1.488,37.66,37.67,0.01,0.15788,304.5
118.0,6.93,733,774,APEEL 2E Hayward Muir Sch,Hayward City Hall - North,2.446,37.66,38.14,0.48,0.10506,503.2
118.0,6.93,734,773,APEEL 3E Hayward CSUH,Hayward - BART Sta,2.633,39.12,37.67,1.45,0.1198,427.5
118.0,6.93,734,774,APEEL 3E Hayward CSUH,Hayward City Hall - North,3.066,39.12,38.14,0.98,0.06698,626.2
118.0,6.93,735,736,APEEL 7 - Pulgas,APEEL 9 - Crystal Springs Res,1.675,14.46,13.11,1.35,0.11564,432.5
118.0,6.93,735,748,APEEL 7 - Pulgas,Belmont - Envirotech,3.145,14.46,16.46,2.0,0.11471,521.4
118.0,6.93,736,748,APEEL 9 - Crystal Springs Res,Belmont - Envirotech,4.789,13.11,16.46,3.35,0.11047,538.6
118.0,6.93,738,783,Alameda Naval Air Stn Hanger,Oakland - Outer Harbor Wharf,3.26,27.98,28.22,0.24,0.25615,219.3
118.0,6.93,738,784,Alameda Naval Air Stn Hanger,Oakland - Title & Trust,3.932,27.98,30.39,2.41,0.2207,248.2
118.0,6.93,739,740,Anderson Dam (Downstream),Anderson Dam (L Abut),0.0,69.72,69.72,0.0,0.15465,488.8
118.0,6.93,749,750,Berkeley - Strawberry Canyon,Berkeley LBL,1.034,33.24,32.93,0.31,0.07327,567.9
118.0,6.93,752,811,Capitola,WAHO,3.733,88.39,75.47,12.92,0.50276,338.5
118.0,6.93,754,755,Coyote Lake Dam (Downst),Coyote Lake Dam - Southwest Abutment,0.673,55.56,54.33,1.23,0.2529,428.2
118.0,6.93,757,786,Dumbarton Bridge West End FF,Palo Alto - 1900 Embarc.,4.826,28.02,28.21,0.19,0.16481,224.0
118.0,6.93,758,783,"Emeryville; Pacific Park #2, Free Field",Oakland - Outer Harbor Wharf,3.83,29.96,28.22,1.74,0.25987,223.7
118.0,6.93,758,784,"Emeryville; Pacific Park #2, Free Field",Oakland - Title & Trust,4.889,29.96,30.39,0.43,0.22442,252.5
118.0,6.93,759,760,Foster City - APEEL 1,Foster City - Menhaden Court,1.866,23.33,22.66,0.67,0.19667,121.4
118.0,6.93,761,762,Fremont - Emerson Court,Fremont - Mission San Jose,1.042,47.77,48.65,0.88,0.1408,326.2
118.0,6.93,763,764,Gilroy - Gavilan Coll.,Gilroy - Historic Bldg.,4.004,23.03,30.89,7.86,0.30645,519.1
118.0,6.93,763,765,Gilroy - Gavilan Coll.,Gilroy Array #1,0.355,23.03,22.84,0.19,0.38497,1078.9
118.0,6.93,763,766,Gilroy - Gavilan Coll.,Gilroy Array #2,1.462,23.03,25.42,2.39,0.34679,500.2
118.0,6.93,763,767,Gilroy - Gavilan Coll.,Gilroy Array #3,3.241,23.03,27.13,4.1,0.41748,539.8
118.0,6.93,764,765,Gilroy - Historic Bldg.,Gilroy Array #1,4.012,30.89,22.84,8.05,0.3547,868.3
118.0,6.93,764,766,Gilroy - Historic Bldg.,Gilroy Array #2,3.217,30.89,25.42,5.47,0.31651,289.7
118.0,6.93,764,767,Gilroy - Historic Bldg.,Gilroy Array #3,3.817,30.89,27.13,3.76,0.38721,329.2
118.0,6.93,764,768,Gilroy - Historic Bldg.,Gilroy Array #4,4.267,30.89,30.26,0.63,0.29337,265.2
118.0,6.93,765,766,Gilroy Array #1,Gilroy Array #2,1.738,22.84,25.42,2.58,0.39504,849.5
118.0,6.93,765,767,Gilroy Array #1,Gilroy Array #3,3.557,22.84,27.13,4.29,0.46573,889.0
118.0,6.93,766,767,Gilroy Array #2,Gilroy Array #3,1.861,25.42,27.13,1.71,0.42754,310.3
118.0,6.93,766,768,Gilroy Array #2,Gilroy Array #4,3.685,25.42,30.26,4.84,0.33371,246.3
118.0,6.93,767,768,Gilroy Array #3,Gilroy Array #4,1.992,27.13,30.26,3.13,0.4044,285.8
118.0,6.93,768,769,Gilroy Array #4,Gilroy Array #6,4.372,30.26,35.48,5.22,0.23716,442.5
118.0,6.93,769,770,Gilroy Array #6,Gilroy Array #7,4.506,35.48,36.9,1.42,0.23798,498.6
118.0,6.93,771,789,Golden Gate Bridge,Point Bonita,4.743,20.64,18.99,1.65,0.11914,950.0
118.0,6.93,771,793,Golden Gate Bridge,SF - Cliff House,4.658,20.64,18.02,2.62,0.12747,599.4
118.0,6.93,771,795,Golden Gate Bridge,SF - Pacific Heights,4.589,20.64,22.1,1.46,0.10963,917.0
118.0,6.93,771,796,Golden Gate Bridge,SF - Presidio,2.44,20.64,20.92,0.28,0.15621,589.3
118.0,6.93,773,774,Hayward - BART Sta,Hayward City Hall - North,1.061,37.67,38.14,0.47,0.10551,536.7
118.0,6.93,775,791,Hollister - SAGO Vault,SAGO South - Surface,4.735,0.15,1.74,1.59,0.06043,614.9
118.0,6.93,776,777,Hollister - South & Pine,Hollister City Hall,0.347,11.75,11.85,0.1,0.26025,240.5
118.0,6.93,776,778,Hollister - South & Pine,Hollister Differential Array,4.67,11.75,16.01,4.26,0.28364,248.8
118.0,6.93,777,778,Hollister City Hall,Hollister Differential Array,4.381,11.85,16.01,4.16,0.25711,207.2
118.0,6.93,779,3548,LGPC,Los Gatos - Lexington Dam,3.736,14.37,23.91,9.54,0.51696,832.6
118.0,6.93,783,784,Oakland - Outer Harbor Wharf,Oakland - Title & Trust,4.202,28.22,30.39,2.17,0.24744,277.5
118.0,6.93,783,813,Oakland - Outer Harbor Wharf,Yerba Buena Island,4.182,28.22,25.79,2.43,0.17006,454.2
118.0,6.93,784,788,Oakland - Title & Trust,Piedmont Jr High School Grounds,3.344,30.39,32.45,2.06,0.14397,600.8
118.0,6.93,787,812,Palo Alto - SLAC Lab,Woodside,4.355,17.62,14.55,3.07,0.15834,439.6
118.0,6.93,792,794,SF - 1295 Shafter,SF - Diamond Heights,4.343,22.02,20.21,1.81,0.09666,472.6
118.0,6.93,795,796,SF - Pacific Heights,SF - Presidio,2.47,22.1,20.92,1.18,0.10109,922.2
118.0,6.93,795,797,SF - Pacific Heights,SF - Rincon Hill,3.369,22.1,23.72,1.62,0.06655,1061.5
118.0,6.93,795,798,SF - Pacific Heights,SF - Telegraph Hill,2.344,22.1,23.48,1.38,0.05736,917.5
118.0,6.93,796,798,SF - Presidio,SF - Telegraph Hill,4.476,20.92,23.48,2.56,0.10394,589.9
118.0,6.93,797,798,SF - Rincon Hill,SF - Telegraph Hill,2.409,23.72,23.48,0.24,0.06941,729.2
118.0,6.93,797,808,SF - Rincon Hill,Treasure Island,4.616,23.72,25.76,2.04,0.1074,514.1
118.0,6.93,797,813,SF - Rincon Hill,Yerba Buena Island,3.521,23.72,25.79,2.07,0.06791,766.5
118.0,6.93,798,808,SF - Telegraph Hill,Treasure Island,3.929,23.48,25.76,2.28,0.09821,370.2
118.0,6.93,798,813,SF - Telegraph Hill,Yerba Buena Island,4.153,23.48,25.79,2.31,0.05872,622.5
118.0,6.93,802,803,Saratoga - Aloha Ave,Saratoga - W Valley Coll.,2.097,23.2,27.61,4.41,0.33292,364.4
118.0,6.93,808,813,Treasure Island,Yerba Buena Island,2.262,25.76,25.79,0.03,0.09671,407.5
118.0,6.93,809,810,UCSC,UCSC Lick Observatory,0.178,53.46,53.63,0.17,0.41483,713.6
120.0,6.2,817,819,Baz,Oni,1.163,37.91,36.6,1.31,0.04889,434.6
123.0,7.01,827,3749,Fortuna - Fortuna Blvd,Fortuna Fire Station,0.618,24.58,23.85,0.73,0.21426,406.1
123.0,7.01,3747,3751,College of the Redwoods,South Bay Union School,3.999,13.74,12.7,1.04,0.16878,475.9
125.0,7.28,834,835,Arcadia - Arcadia Av,Arcadia - Campus Dr,2.143,71.67,71.81,0.14,0.03885,349.0
125.0,7.28,835,853,Arcadia - Campus Dr,El Monte - Fairview Av,4.402,71.81,72.69,0.88,0.04558,329.1
125.0,7.28,837,853,Baldwin Park - N Holly,El Monte - Fairview Av,4.216,72.74,72.69,0.05,0.03501,417.7
125.0,7.28,837,899,Baldwin Park - N Holly,West Covina - S Orange Ave,4.487,72.74,75.57,2.83,0.03742,439.7
125.0,7.28,839,851,Bell Gardens - Jaboneria,Downey - Co Maint Bldg,4.634,76.76,77.8,1.04,0.04181,269.5
125.0,7.28,847,851,Compton - Castlegate St,Downey - Co Maint Bldg,3.859,78.16,77.8,0.36,0.05529,269.4
125.0,7.28,847,874,Compton - Castlegate St,LB - Orange Ave,2.723,78.16,78.55,0.39,0.06146,305.8
125.0,7.28,849,899,Covina - W Badillo,West Covina - S Orange Ave,4.261,74.54,75.57,1.03,0.04863,329.7
125.0,7.28,851,874,Downey - Co Maint Bldg,LB - Orange Ave,4.853,77.8,78.55,0.75,0.05219,308.3
125.0,7.28,857,875,Glendale - Las Palmas,La Crescenta - New York,4.725,69.62,68.07,1.55,0.03825,391.3
125.0,7.28,859,877,Hacienda Heights - Colima,La Puente - Rimgrove Av,4.619,78.33,77.47,0.86,0.04472,338.3
125.0,7.28,863,865,Inglewood - Union Oil,LA - 116th St School,3.193,77.23,76.77,0.46,0.04054,308.5
125.0,7.28,866,871,LA - E Vernon Ave,LA - S Grand Ave,4.518,75.01,74.58,0.43,0.0371,284.2
125.0,7.28,869,872,LA - N Westmoreland,LA - W 15th St,4.114,70.16,72.82,2.66,0.03262,322.3
125.0,7.28,871,872,LA - S Grand Ave,LA - W 15th St,4.78,74.58,72.82,1.76,0.03313,307.4
125.0,7.28,871,873,LA - S Grand Ave,LA - W 70th St,3.354,74.58,75.27,0.69,0.04801,263.3
125.0,7.28,880,3753,Mission Creek Fault,Fun Valley,3.551,1.12,4.21,3.09,0.16683,372.0
125.0,7.28,882,3757,North Palm Springs,North Palm Springs Fire Sta #36,0.459,21.69,22.5,0.81,0.13216,356.3
126.0,6.46,906,932,Hemet Fire Station,San Jacinto - Valley Cemetary,3.869,40.56,41.5,0.94,0.07165,329.4
126.0,6.46,912,914,LA - City Terrace,Los Angeles - 7-story Univ Hospital (FF),2.681,27.32,27.93,0.61,0.04879,348.8
126.0,6.46,913,914,LA - Temple & Hope,Los Angeles - 7-story Univ Hospital (FF),4.434,28.05,27.93,0.12,0.03607,392.2
126.0,6.46,930,931,San Bernardino - 2nd & Arrowhead,San Bernardino - E & Hospitality,4.241,19.36,14.36,5.0,0.09852,311.4
127.0,6.69,942,990,Alhambra - Fremont School,LA - City Terrace,2.705,10.02,6.38,3.64,0.17859,457.5
127.0,6.69,942,999,Alhambra - Fremont School,LA - Obregon Park,4.485,10.02,3.64,6.38,0.28644,449.6
127.0,6.69,942,1007,Alhambra - Fremont School,Los Angeles - 7-story Univ Hospital (FF),4.51,10.02,6.1,3.92,0.21867,441.0
127.0,6.69,945,1027,Anaverde Valley - City R,Leona Valley #1,4.233,84.06,88.55,4.49,0.06371,424.5
127.0,6.69,945,1028,Anaverde Valley - City R,Leona Valley #2,4.36,84.06,88.7,4.64,0.06201,392.6
127.0,6.69,945,1029,Anaverde Valley - City R,Leona Valley #3,4.403,84.06,88.77,4.71,0.06726,424.5
127.0,6.69,945,1030,Anaverde Valley - City R,Leona Valley #4,4.416,84.06,88.82,4.76,0.0614,385.5
127.0,6.69,945,1031,Anaverde Valley - City R,Leona Valley #5 - Ritter,4.442,84.06,88.87,4.81,0.08744,362.4
127.0,6.69,945,1032,Anaverde Valley - City R,Leona Valley #6,4.908,84.06,89.39,5.33,0.09548,338.5
127.0,6.69,947,948,Arcadia - Arcadia Av,Arcadia - Campus Dr,2.143,21.26,22.13,0.87,0.10026,349.0
127.0,6.69,947,1055,Arcadia - Arcadia Av,Pasadena - N Sierra Madre,4.883,21.26,26.66,5.4,0.16123,363.9
127.0,6.69,948,970,Arcadia - Campus Dr,El Monte - Fairview Av,4.402,22.13,17.87,4.26,0.12869,329.1
127.0,6.69,949,1004,Arleta - Nordhoff Fire Sta,LA - Sepulveda VA Hospital,3.938,49.72,66.63,16.91,0.54123,338.9
127.0,6.69,949,1082,Arleta - Nordhoff Fire Sta,Sun Valley - Roscoe Blvd,2.35,49.72,39.96,9.76,0.3373,309.3
127.0,6.69,950,970,Baldwin Park - N Holly,El Monte - Fairview Av,4.216,19.74,17.87,1.87,0.13667,417.7
127.0,6.69,950,1094,Baldwin Park - N Holly,West Covina - S Orange Ave,4.487,19.74,16.29,3.45,0.09441,439.7
127.0,6.69,951,968,Bell Gardens - Jaboneria,Downey - Co Maint Bldg,4.634,4.17,9.21,5.04,0.14852,269.5
127.0,6.69,951,1038,Bell Gardens - Jaboneria,Montebello - Bluff Rd.,4.918,4.17,1.49,2.68,0.12221,291.6
127.0,6.69,952,953,Beverly Hills - 12520 Mulhol,Beverly Hills - 14145 Mulhol,3.178,0.53,5.75,5.22,0.48751,450.7
127.0,6.69,952,1011,Beverly Hills - 12520 Mulhol,LA - Wonderland Ave,2.718,0.53,0.46,0.07,0.33805,884.1
127.0,6.69,953,996,Beverly Hills - 14145 Mulhol,LA - N Faring Rd,4.796,5.75,17.83,12.08,0.35494,305.4
127.0,6.69,953,1012,Beverly Hills - 14145 Mulhol,LA 00,3.204,5.75,18.31,12.56,0.39232,531.0
127.0,6.69,961,962,Carson - Catskill Ave,Carson - Water St,3.847,27.05,22.78,4.27,0.08806,232.9
127.0,6.69,962,1015,Carson - Water St,LB - Rancho Los Cerritos,4.272,22.78,18.7,4.08,0.0784,231.7
127.0,6.69,964,968,Compton - Castlegate St,Downey - Co Maint Bldg,3.859,13.87,9.21,4.66,0.15874,269.4
127.0,6.69,965,966,Covina - S Grand Ave,Covina - W Badillo,4.174,19.46,19.53,0.07,0.0799,335.7
127.0,6.69,966,1094,Covina - W Badillo,West Covina - S Orange Ave,4.261,19.53,16.29,3.24,0.07844,329.7
127.0,6.69,967,968,Downey - Birchdale,Downey - Co Maint Bldg,2.804,7.48,9.21,1.73,0.18149,258.5
127.0,6.69,971,1019,Elizabeth Lake,Lake Hughes #1,4.153,74.74,70.28,4.46,0.10952,375.8
127.0,6.69,974,1016,Glendale - Las Palmas,La Crescenta - New York,4.725,30.87,39.5,8.63,0.22172,391.3
127.0,6.69,976,1018,Hacienda Heights - Colima,La Puente - Rimgrove Av,4.619,9.08,13.33,4.25,0.08592,338.3
127.0,6.69,978,995,Hollywood - Willoughby Ave,LA - Hollywood Stor FF,2.405,4.92,0.99,3.93,0.26678,332.1
127.0,6.69,978,1003,Hollywood - Willoughby Ave,LA - Saturn St,4.76,4.92,12.07,7.15,0.32354,328.2
127.0,6.69,978,1011,Hollywood - Willoughby Ave,LA - Wonderland Ave,3.204,4.92,0.46,4.46,0.17251,785.1
127.0,6.69,979,1079,Huntington Bch - Waikiki,Seal Beach - Office Bldg,4.981,16.4,16.9,0.5,0.08141,283.6
127.0,6.69,981,984,Inglewood - Union Oil,LA - 116th St School,3.193,20.78,16.58,4.2,0.13339,308.5
127.0,6.69,982,983,Jensen Filter Plant Administrative Building,Jensen Filter Plant Generator Building,0.215,82.22,81.28,0.94,0.64235,449.4
127.0,6.69,982,1013,Jensen Filter Plant Administrative Building,LA Dam,2.331,82.22,88.45,6.23,0.4394,501.0
127.0,6.69,982,1063,Jensen Filter Plant Administrative Building,Rinaldi Receiving Sta,3.823,82.22,82.22,0.0,0.61605,327.7
127.0,6.69,982,1084,Jensen Filter Plant Administrative Building,Sylmar - Converter Sta,0.562,82.22,84.62,2.4,0.61089,312.2
127.0,6.69,982,1085,Jensen Filter Plant Administrative Building,Sylmar - Converter Sta East,1.378,82.22,87.53,5.31,0.60518,371.8
127.0,6.69,983,1013,Jensen Filter Plant Generator Building,LA Dam,2.522,81.28,88.45,7.17,0.5575,577.4
127.0,6.69,983,1063,Jensen Filter Plant Generator Building,Rinaldi Receiving Sta,4.005,81.28,82.22,0.94,0.73415,404.0
127.0,6.69,983,1084,Jensen Filter Plant Generator Building,Sylmar - Converter Sta,0.768,81.28,84.62,3.34,0.72899,388.5
127.0,6.69,983,1085,Jensen Filter Plant Generator Building,Sylmar - Converter Sta East,1.565,81.28,87.53,6.25,0.72328,448.2
127.0,6.69,985,1003,LA - Baldwin Hills,LA - Saturn St,4.151,18.87,12.07,6.8,0.31517,302.9
127.0,6.69,986,988,LA - Brentwood VA Hospital,LA - Century City CC North,4.145,30.17,19.72,10.45,0.20531,347.3
127.0,6.69,986,989,LA - Brentwood VA Hospital,LA - Chalon Rd,3.048,30.17,31.23,1.06,0.18995,578.3
127.0,6.69,986,996,LA - Brentwood VA Hospital,LA - N Faring Rd,3.874,30.17,17.83,12.34,0.2243,335.8
127.0,6.69,986,1006,LA - Brentwood VA Hospital,LA - UCLA Grounds,2.28,30.17,23.34,6.83,0.28572,407.5
127.0,6.69,986,1012,LA - Brentwood VA Hospital,LA 00,4.853,30.17,18.31,11.86,0.26169,561.4
127.0,6.69,987,1057,LA - Centinela St,Playa Del Rey - Saran,4.56,31.53,35.63,4.1,0.21405,333.8
127.0,6.69,988,996,LA - Century City CC North,LA - N Faring Rd,3.288,19.72,17.83,1.89,0.25115,266.5
127.0,6.69,988,1006,LA - Century City CC North,LA - UCLA Grounds,2.013,19.72,23.34,3.62,0.31256,338.2
127.0,6.69,989,996,LA - Chalon Rd,LA - N Faring Rd,4.249,31.23,17.83,13.4,0.23578,497.5
127.0,6.69,989,1006,LA - Chalon Rd,LA - UCLA Grounds,4.355,31.23,23.34,7.89,0.2972,569.2
127.0,6.69,989,1012,LA - Chalon Rd,LA 00,3.336,31.23,18.31,12.92,0.27316,723.1
127.0,6.69,990,999,LA - City Terrace,LA - Obregon Park,1.892,6.38,3.64,2.74,0.37729,357.3
127.0,6.69,990,1007,LA - City Terrace,Los Angeles - 7-story Univ Hospital (FF),2.681,6.38,6.1,0.28,0.30952,348.8
127.0,6.69,991,993,LA - Cypress Ave,LA - Fletcher Dr,3.622,8.9,12.61,3.71,0.21582,347.9
127.0,6.69,991,997,LA - Cypress Ave,LA - N Figueroa St,3.972,8.9,14.69,5.79,0.18771,365.8
127.0,6.69,991,1005,LA - Cypress Ave,LA - Temple & Hope,3.91,8.9,2.16,6.74,0.19367,409.4
127.0,6.69,991,1007,LA - Cypress Ave,Los Angeles - 7-story Univ Hospital (FF),3.639,8.9,6.1,2.8,0.28267,349.5
127.0,6.69,992,1001,LA - E Vernon Ave,LA - S Grand Ave,4.518,4.86,9.33,4.47,0.20288,284.2
127.0,6.69,995,998,LA - Hollywood Stor FF,LA - N Westmoreland,3.879,0.99,1.78,0.79,0.34003,315.8
127.0,6.69,995,1011,LA - Hollywood Stor FF,LA - Wonderland Ave,4.623,0.99,0.46,0.53,0.23509,769.5
127.0,6.69,996,1006,LA - N Faring Rd,LA - UCLA Grounds,2.364,17.83,23.34,5.51,0.33155,326.7
127.0,6.69,996,1012,LA - N Faring Rd,LA 00,2.576,17.83,18.31,0.48,0.30751,480.6
127.0,6.69,998,1000,LA - N Westmoreland,LA - Pico & Sentous,4.999,1.78,2.71,0.93,0.24528,309.9
127.0,6.69,998,1008,LA - N Westmoreland,LA - W 15th St,4.114,1.78,5.11,3.33,0.24449,322.3
127.0,6.69,999,1007,LA - Obregon Park,Los Angeles - 7-story Univ Hospital (FF),3.335,3.64,6.1,2.46,0.41737,340.9
127.0,6.69,1000,1001,LA - Pico & Sentous,LA - S Grand Ave,4.289,2.71,9.33,6.62,0.19962,295.0
127.0,6.69,1000,1002,LA - Pico & Sentous,LA - S. Vermont Ave,2.856,2.71,7.82,5.11,0.12248,303.3
127.0,6.69,1000,1005,LA - Pico & Sentous,LA - Temple & Hope,2.91,2.71,2.16,0.55,0.15575,378.4
127.0,6.69,1000,1008,LA - Pico & Sentous,LA - W 15th St,2.498,2.71,5.11,2.4,0.13909,317.1
127.0,6.69,1001,1002,LA - S Grand Ave,LA - S. Vermont Ave,1.926,9.33,7.82,1.51,0.18221,293.6
127.0,6.69,1001,1008,LA - S Grand Ave,LA - W 15th St,4.78,9.33,5.11,4.22,0.19882,307.4
127.0,6.69,1002,1008,LA - S. Vermont Ave,LA - W 15th St,2.855,7.82,5.11,2.71,0.12168,315.7
127.0,6.69,1004,1063,LA - Sepulveda VA Hospital,Rinaldi Receiving Sta,3.57,66.63,82.22,15.59,0.73054,331.2
127.0,6.69,1005,1007,LA - Temple & Hope,Los Angeles - 7-story Univ Hospital (FF),4.434,2.16,6.1,3.94,0.26061,392.2
127.0,6.69,1006,1012,LA - UCLA Grounds,LA 00,4.445,23.34,18.31,5.03,0.36894,552.3
127.0,6.69,1013,1063,LA Dam,Rinaldi Receiving Sta,1.517,88.45,82.22,6.23,0.5312,455.6
127.0,6.69,1013,1084,LA Dam,Sylmar - Converter Sta,1.997,88.45,84.62,3.83,0.52604,440.1
127.0,6.69,1013,1085,LA Dam,Sylmar - Converter Sta East,2.01,88.45,87.53,0.92,0.52033,499.8
127.0,6.69,1020,1023,Lake Hughes #12A,Lake Hughes #9,4.118,57.21,57.52,0.31,0.20582,636.5
127.0,6.69,1021,1022,Lake Hughes #4 - Camp Mend,Lake Hughes #4B - Camp Mend,0.091,66.0,66.1,0.1,0.06149,561.8
127.0,6.69,1026,1035,Lawndale - Osage Ave,Manhattan Beach - Manhattan,4.153,28.78,34.81,6.03,0.13171,331.7
127.0,6.69,1027,1028,Leona Valley #1,Leona Valley #2,0.144,88.55,88.7,0.15,0.07704,467.5
127.0,6.69,1027,1029,Leona Valley #1,Leona Valley #3,0.24,88.55,88.77,0.22,0.08229,499.3
127.0,6.69,1027,1030,Leona Valley #1,Leona Valley #4,0.445,88.55,88.82,0.27,0.07643,460.4
127.0,6.69,1027,1031,Leona Valley #1,Leona Valley #5 - Ritter,0.673,88.55,88.87,0.32,0.10247,437.3
127.0,6.69,1027,1032,Leona Valley #1,Leona Valley #6,1.127,88.55,89.39,0.84,0.11051,413.4
127.0,6.69,1028,1029,Leona Valley #2,Leona Valley #3,0.111,88.7,88.77,0.07,0.0806,467.5
127.0,6.69,1028,1030,Leona Valley #2,Leona Valley #4,0.346,88.7,88.82,0.12,0.07473,428.5
127.0,6.69,1028,1031,Leona Valley #2,Leona Valley #5 - Ritter,0.585,88.7,88.87,0.17,0.10077,405.4
127.0,6.69,1028,1032,Leona Valley #2,Leona Valley #6,1.005,88.7,89.39,0.69,0.10882,381.5
127.0,6.69,1029,1030,Leona Valley #3,Leona Valley #4,0.24,88.77,88.82,0.05,0.07998,460.4
127.0,6.69,1029,1031,Leona Valley #3,Leona Valley #5 - Ritter,0.481,88.77,88.87,0.1,0.10602,437.3
127.0,6.69,1029,1032,Leona Valley #3,Leona Valley #6,0.894,88.77,89.39,0.62,0.11407,413.4
127.0,6.69,1030,1031,Leona Valley #4,Leona Valley #5 - Ritter,0.24,88.82,88.87,0.05,0.10016,398.3
127.0,6.69,1030,1032,Leona Valley #4,Leona Valley #6,0.692,88.82,89.39,0.57,0.1082,374.4
127.0,6.69,1031,1032,Leona Valley #5 - Ritter,Leona Valley #6,0.523,88.87,89.39,0.52,0.13425,351.3
127.0,6.69,1042,1082,N Hollywood - Coldwater Can,Sun Valley - Roscoe Blvd,3.114,26.35,39.96,13.61,0.3069,323.7
127.0,6.69,1046,1047,Newport Bch - Irvine Ave. F.S,Newport Bch - Newp & Coast,2.95,14.4,16.25,1.85,0.07031,340.1
127.0,6.69,1050,1051,Pacoima Dam (downstr),Pacoima Dam (upper left),0.0,76.56,76.56,0.0,0.90631,2016.1
127.0,6.69,1050,1052,Pacoima Dam (downstr),Pacoima Kagel Canyon,4.645,76.56,63.46,13.1,0.39831,1262.1
127.0,6.69,1050,1086,Pacoima Dam (downstr),Sylmar - Olive View Med FF,4.496,76.56,84.98,8.42,0.53188,1228.3
127.0,6.69,1051,1052,Pacoima Dam (upper left),Pacoima Kagel Canyon,4.645,76.56,63.46,13.1,0.88091,1262.1
127.0,6.69,1051,1086,Pacoima Dam (upper left),Sylmar - Olive View Med FF,4.496,76.56,84.98,8.42,1.01448,1228.3
127.0,6.69,1062,1073,Rancho Palos Verdes - Luconia,San Pedro - Palos Verdes,3.128,36.64,35.15,1.49,0.11829,493.4
127.0,6.69,1063,1084,Rinaldi Receiving Sta,Sylmar - Converter Sta,3.513,82.22,84.62,2.4,0.70269,266.7
127.0,6.69,1063,1085,Rinaldi Receiving Sta,Sylmar - Converter Sta East,3.458,82.22,87.53,5.31,0.69698,326.4
127.0,6.69,1070,1072,San Gabriel - E Grand Ave,San Marino - SW Academy,4.328,15.39,17.62,2.23,0.17062,390.4
127.0,6.69,1073,1088,San Pedro - Palos Verdes,Terminal Island - S Seaside,4.013,35.15,31.22,3.93,0.13246,369.3
127.0,6.69,1084,1085,Sylmar - Converter Sta,Sylmar - Converter Sta East,0.834,84.62,87.53,2.91,0.69182,310.9
127.0,6.69,1084,1086,Sylmar - Converter Sta,Sylmar - Olive View Med FF,4.542,84.62,84.98,0.36,0.66879,345.9
127.0,6.69,1085,1086,Sylmar - Converter Sta East,Sylmar - Olive View Med FF,3.738,87.53,84.98,2.55,0.66308,405.5
129.0,6.9,1100,1113,Abeno,OSAJ,4.704,34.39,28.74,5.65,0.14438,256.0
129.0,6.9,1104,1113,Fukushima,OSAJ,4.316,26.43,28.74,2.31,0.13176,256.0
129.0,6.9,1104,1116,Fukushima,Shin-Osaka,2.4,26.43,26.71,0.28,0.20715,256.0
129.0,6.9,1106,1114,KJMA,Port Island (0 m),2.424,7.83,14.62,6.79,0.54544,255.0
129.0,6.9,1110,1113,Morigawachi,OSAJ,4.759,29.53,28.74,0.79,0.12306,256.0
129.0,6.9,1110,1121,Morigawachi,Yae,3.658,29.53,30.19,0.66,0.1579,256.0
129.0,6.9,1113,1116,OSAJ,Shin-Osaka,2.244,28.74,26.71,2.03,0.15364,256.0
134.0,6.4,1142,1143,Izmir Trigger #1,Izmir Trigger #2,0.0,30.76,30.76,0.0,0.00228,585.0
136.0,7.51,1149,1163,Atakoy,Hava Alani,2.542,23.36,22.52,0.84,0.10548,332.2
136.0,7.51,1149,1177,Atakoy,Zeytinburnu,4.963,23.36,24.18,0.82,0.115,325.8
136.0,7.51,1160,1170,Fatih,Mecidiyekoy,4.136,29.61,31.65,2.04,0.11409,385.8
136.0,7.51,1164,1170,Istanbul,Mecidiyekoy,1.551,31.64,31.65,0.01,0.04851,490.0
136.0,7.51,1169,1170,Maslak,Mecidiyekoy,4.712,34.96,31.65,3.31,0.04741,415.3
137.0,7.62,1182,1198,CHY006,CHY029,4.306,41.31,48.02,6.71,0.31324,491.5
137.0,7.62,1187,1236,CHY015,CHY088,2.648,31.39,29.29,2.1,0.17221,273.6
137.0,7.62,1194,1238,CHY025,CHY092,3.834,78.23,79.14,0.91,0.12525,265.6
137.0,7.62,1201,1202,CHY034,CHY035,4.05,34.2,30.0,4.2,0.28212,475.9
137.0,7.62,1206,1234,CHY042,CHY086,1.296,18.59,17.6,0.99,0.12413,665.2
137.0,7.62,1208,1209,CHY046,CHY047,2.549,36.48,39.31,2.83,0.172,305.8
137.0,7.62,1211,1232,CHY052,CHY081,2.667,21.66,21.7,0.04,0.07937,573.0
137.0,7.62,1211,1248,CHY052,CHY109,4.959,21.66,18.72,2.94,0.08004,573.0
137.0,7.62,1211,1249,CHY052,CHY110,4.959,21.66,18.72,2.94,0.06952,573.0
137.0,7.62,1212,1247,CHY054,CHY107,2.27,34.16,34.71,0.55,0.0962,173.9
137.0,7.62,1213,1247,CHY055,CHY107,3.774,34.14,34.71,0.57,0.09792,200.7
137.0,7.62,1217,1242,CHY060,CHY099,4.435,29.28,27.94,1.34,0.05189,228.9
137.0,7.62,1221,1358,CHY065,KAU012,3.935,19.54,18.37,1.17,0.08393,383.1
137.0,7.62,1221,1396,CHY065,KAU085,3.24,19.54,19.96,0.42,0.07688,255.4
137.0,7.62,1222,1384,CHY066,KAU063,3.926,24.54,25.38,0.84,0.04493,219.6
137.0,7.62,1223,1224,CHY067,CHY069,2.822,27.46,26.83,0.63,0.04954,226.2
137.0,7.62,1224,1225,CHY069,CHY070,4.831,26.83,25.02,1.81,0.0409,244.9
137.0,7.62,1225,1241,CHY070,CHY096,1.399,25.02,25.17,0.15,0.04069,279.5
137.0,7.62,1232,1248,CHY081,CHY109,4.568,21.7,18.72,2.98,0.04773,573.0
137.0,7.62,1232,1249,CHY081,CHY110,4.568,21.7,18.72,2.98,0.03721,573.0
137.0,7.62,1238,1553,CHY092,TCU141,4.945,79.14,79.98,0.84,0.09184,238.4
137.0,7.62,1248,1249,CHY109,CHY110,0.0,18.72,18.72,0.0,0.03789,573.0
137.0,7.62,1258,1259,HWA005,HWA006,1.419,69.16,69.49,0.33,0.11688,509.2
137.0,7.62,1259,1281,HWA006,HWA032,4.216,69.49,69.98,0.49,0.11122,566.1
137.0,7.62,1260,1261,HWA007,HWA009,0.54,62.78,62.45,0.33,0.07833,366.0
137.0,7.62,1260,1262,HWA007,HWA011,3.337,62.78,62.24,0.54,0.08333,357.2
137.0,7.62,1260,1263,HWA007,HWA012,0.848,62.78,62.4,0.38,0.06872,386.6
137.0,7.62,1260,1264,HWA007,HWA013,2.881,62.78,63.56,0.78,0.09646,344.6
137.0,7.62,1260,1265,HWA007,HWA014,2.438,62.78,63.87,1.09,0.08515,318.0
137.0,7.62,1260,1269,HWA007,HWA019,1.725,62.78,63.58,0.8,0.09866,426.8
137.0,7.62,1260,1277,HWA007,HWA028,3.661,62.78,61.18,1.6,0.07995,382.7
137.0,7.62,1260,1296,HWA007,HWA050,3.39,62.78,62.72,0.06,0.08196,336.3
137.0,7.62,1261,1262,HWA009,HWA011,3.146,62.45,62.24,0.21,0.09288,364.5
137.0,7.62,1261,1263,HWA009,HWA012,0.693,62.45,62.4,0.05,0.07827,393.8
137.0,7.62,1261,1264,HWA009,HWA013,3.051,62.45,63.56,1.11,0.106,351.9
137.0,7.62,1261,1265,HWA009,HWA014,2.768,62.45,63.87,1.42,0.0947,325.3
137.0,7.62,1261,1269,HWA009,HWA019,2.082,62.45,63.58,1.13,0.10821,434.0
137.0,7.62,1261,1277,HWA009,HWA028,3.151,62.45,61.18,1.27,0.08949,390.0
137.0,7.62,1261,1296,HWA009,HWA050,3.316,62.45,62.72,0.27,0.09151,343.6
137.0,7.62,1262,1263,HWA011,HWA012,3.826,62.24,62.4,0.16,0.08327,385.1
137.0,7.62,1262,1264,HWA011,HWA013,2.092,62.24,63.56,1.32,0.111,343.2
137.0,7.62,1262,1265,HWA011,HWA014,2.902,62.24,63.87,1.63,0.0997,316.5
137.0,7.62,1262,1266,HWA011,HWA015,4.037,62.24,63.88,1.64,0.09061,404.4
137.0,7.62,1262,1267,HWA011,HWA016,4.366,62.24,64.67,2.43,0.09095,466.2
137.0,7.62,1262,1269,HWA011,HWA019,2.892,62.24,63.58,1.34,0.11321,425.3
137.0,7.62,1262,1277,HWA011,HWA028,2.816,62.24,61.18,1.06,0.0945,381.2
137.0,7.62,1262,1294,HWA011,HWA048,2.22,62.24,61.15,1.09,0.11736,350.8
137.0,7.62,1262,1295,HWA011,HWA049,2.857,62.24,62.38,0.14,0.0961,432.2
137.0,7.62,1262,1296,HWA011,HWA050,0.746,62.24,62.72,0.48,0.09651,334.8
137.0,7.62,1263,1264,HWA012,HWA013,3.681,62.4,63.56,1.16,0.0964,372.5
137.0,7.62,1263,1265,HWA012,HWA014,3.285,62.4,63.87,1.47,0.08509,345.9
137.0,7.62,1263,1269,HWA012,HWA019,2.573,62.4,63.58,1.18,0.0986,454.6
137.0,7.62,1263,1277,HWA012,HWA028,3.498,62.4,61.18,1.22,0.07989,410.6
137.0,7.62,1263,1296,HWA012,HWA050,4.009,62.4,62.72,0.32,0.0819,364.2
137.0,7.62,1264,1265,HWA013,HWA014,0.998,63.56,63.87,0.31,0.11283,303.9
137.0,7.62,1264,1266,HWA013,HWA015,3.869,63.56,63.88,0.32,0.10374,391.8
137.0,7.62,1264,1267,HWA013,HWA016,3.475,63.56,64.67,1.11,0.10408,453.5
137.0,7.62,1264,1269,HWA013,HWA019,1.427,63.56,63.58,0.02,0.12634,412.7
137.0,7.62,1264,1277,HWA013,HWA028,4.483,63.56,61.18,2.38,0.10762,368.6
137.0,7.62,1264,1278,HWA013,HWA029,4.995,63.56,66.67,3.11,0.10398,472.3
137.0,7.62,1264,1294,HWA013,HWA048,4.199,63.56,61.15,2.41,0.13049,338.2
137.0,7.62,1264,1295,HWA013,HWA049,3.886,63.56,62.38,1.18,0.10922,419.6
137.0,7.62,1264,1296,HWA013,HWA050,1.483,63.56,62.72,0.84,0.10964,322.2
137.0,7.62,1265,1266,HWA014,HWA015,4.712,63.87,63.88,0.01,0.09243,365.2
137.0,7.62,1265,1267,HWA014,HWA016,4.101,63.87,64.67,0.8,0.09277,426.9
137.0,7.62,1265,1269,HWA014,HWA019,0.717,63.87,63.58,0.29,0.11503,386.0
137.0,7.62,1265,1277,HWA014,HWA028,4.897,63.87,61.18,2.69,0.09632,342.0
137.0,7.62,1265,1278,HWA014,HWA029,4.968,63.87,66.67,2.8,0.09267,445.7
137.0,7.62,1265,1295,HWA014,HWA049,4.883,63.87,62.38,1.49,0.09792,392.9
137.0,7.62,1265,1296,HWA014,HWA050,2.405,63.87,62.72,1.15,0.09833,295.6
137.0,7.62,1266,1267,HWA015,HWA016,1.405,63.88,64.67,0.79,0.08368,514.8
137.0,7.62,1266,1268,HWA015,HWA017,3.213,63.88,65.96,2.08,0.08212,515.6
137.0,7.62,1266,1278,HWA015,HWA029,4.614,63.88,66.67,2.79,0.08358,533.5
137.0,7.62,1266,1294,HWA015,HWA048,4.382,63.88,61.15,2.73,0.1101,399.5
137.0,7.62,1266,1295,HWA015,HWA049,2.22,63.88,62.38,1.5,0.08883,480.8
137.0,7.62,1266,1296,HWA015,HWA050,3.513,63.88,62.72,1.16,0.08925,383.5
137.0,7.62,1267,1268,HWA016,HWA017,2.699,64.67,65.96,1.29,0.08245,577.3
137.0,7.62,1267,1269,HWA016,HWA019,4.769,64.67,63.58,1.09,0.10628,535.7
137.0,7.62,1267,1278,HWA016,HWA029,3.229,64.67,66.67,2.0,0.08392,595.3
137.0,7.62,1267,1295,HWA016,HWA049,3.388,64.67,62.38,2.29,0.08917,542.6
137.0,7.62,1267,1296,HWA016,HWA050,3.689,64.67,62.72,1.95,0.08958,445.2
137.0,7.62,1268,1278,HWA017,HWA029,3.439,65.96,66.67,0.71,0.08235,596.1
137.0,7.62,1269,1277,HWA019,HWA028,4.486,63.58,61.18,2.4,0.10983,450.8
137.0,7.62,1269,1296,HWA019,HWA050,2.559,63.58,62.72,0.86,0.11184,404.4
137.0,7.62,1270,1279,HWA020,HWA030,3.563,60.77,65.65,4.88,0.06896,609.3
137.0,7.62,1271,1292,HWA022,HWA045,4.74,57.64,55.35,2.29,0.12888,526.0
137.0,7.62,1272,1275,HWA023,HWA026,4.782,65.26,64.34,0.92,0.04846,564.5
137.0,7.62,1272,1276,HWA023,HWA027,2.817,65.26,64.52,0.74,0.07391,554.7
137.0,7.62,1273,1300,HWA024,HWA055,4.836,49.43,49.48,0.05,0.05615,520.6
137.0,7.62,1274,1293,HWA025,HWA046,2.827,63.11,63.37,0.26,0.07755,555.9
137.0,7.62,1274,1302,HWA025,HWA057,3.536,63.11,62.86,0.25,0.08071,582.9
137.0,7.62,1275,1293,HWA026,HWA046,3.448,64.34,63.37,0.97,0.07531,537.5
137.0,7.62,1275,1302,HWA026,HWA057,4.661,64.34,62.86,1.48,0.07847,564.5
137.0,7.62,1276,1277,HWA027,HWA028,4.331,64.52,61.18,3.34,0.10065,422.2
137.0,7.62,1277,1294,HWA028,HWA048,3.097,61.18,61.15,0.03,0.11398,376.3
137.0,7.62,1277,1296,HWA028,HWA050,3.527,61.18,62.72,1.54,0.09313,360.3
137.0,7.62,1279,1280,HWA030,HWA031,4.94,65.65,67.08,1.43,0.08696,597.2
137.0,7.62,1281,1284,HWA032,HWA035,3.41,69.98,69.55,0.43,0.10372,625.3
137.0,7.62,1285,1287,HWA036,HWA038,4.808,63.05,60.34,2.71,0.05542,572.9
137.0,7.62,1286,1287,HWA037,HWA038,4.11,61.99,60.34,1.65,0.08306,556.2
137.0,7.62,1287,1299,HWA038,HWA054,3.348,60.34,56.69,3.65,0.04139,547.8
137.0,7.62,1293,1302,HWA046,HWA057,1.66,63.37,62.86,0.51,0.09449,644.5
137.0,7.62,1294,1295,HWA048,HWA049,2.274,61.15,62.38,1.23,0.11558,427.2
137.0,7.62,1294,1296,HWA048,HWA050,2.717,61.15,62.72,1.57,0.116,329.9
137.0,7.62,1295,1296,HWA049,HWA050,2.741,62.38,62.72,0.34,0.09473,411.3
137.0,7.62,1297,1304,HWA051,HWA059,4.831,69.21,67.71,1.5,0.14269,324.5
137.0,7.62,1297,1305,HWA051,HWA060,4.271,69.21,69.19,0.02,0.0955,506.8
137.0,7.62,1308,1327,ILA002,ILA035,4.398,38.02,37.72,0.3,0.05916,256.4
137.0,7.62,1309,1327,ILA003,ILA035,3.576,38.86,37.72,1.14,0.06138,278.4
137.0,7.62,1309,1328,ILA003,ILA036,3.222,38.86,38.43,0.43,0.06146,222.4
137.0,7.62,1309,1336,ILA003,ILA048,4.087,38.86,39.26,0.4,0.07494,231.7
137.0,7.62,1309,1337,ILA003,ILA049,4.952,38.86,38.98,0.12,0.06668,226.9
137.0,7.62,1309,1343,ILA003,ILA056,4.872,38.86,40.46,1.6,0.06527,243.8
137.0,7.62,1310,1314,ILA004,ILA008,4.504,40.37,40.99,0.62,0.07067,211.8
137.0,7.62,1310,1324,ILA004,ILA030,3.397,40.37,40.23,0.14,0.08949,162.6
137.0,7.62,1310,1331,ILA004,ILA041,2.575,40.37,41.22,0.85,0.08048,160.6
137.0,7.62,1310,1336,ILA004,ILA048,3.22,40.37,39.26,1.11,0.07777,161.9
137.0,7.62,1310,1337,ILA004,ILA049,4.189,40.37,38.98,1.39,0.06951,157.1
137.0,7.62,1310,1342,ILA004,ILA055,2.669,40.37,41.13,0.76,0.07288,195.5
137.0,7.62,1310,1343,ILA004,ILA056,3.248,40.37,40.46,0.09,0.0681,174.0
137.0,7.62,1311,1314,ILA005,ILA008,4.454,42.32,40.99,1.33,0.07081,269.3
137.0,7.62,1311,1323,ILA005,ILA027,4.634,42.32,41.55,0.77,0.082,227.2
137.0,7.62,1311,1331,ILA005,ILA041,3.146,42.32,41.22,1.1,0.08063,218.1
137.0,7.62,1311,1332,ILA005,ILA042,1.573,42.32,42.26,0.06,0.07325,224.3
137.0,7.62,1311,1342,ILA005,ILA055,4.559,42.32,41.13,1.19,0.07303,253.1
137.0,7.62,1311,1344,ILA005,ILA059,3.788,42.32,43.68,1.36,0.06796,238.1
137.0,7.62,1312,1325,ILA006,ILA031,4.719,44.64,46.32,1.68,0.07397,464.3
137.0,7.62,1312,1326,ILA006,ILA032,1.903,44.64,45.29,0.65,0.06412,287.4
137.0,7.62,1312,1340,ILA006,ILA052,4.295,44.64,46.29,1.65,0.05356,445.9
137.0,7.62,1312,1344,ILA006,ILA059,2.872,44.64,43.68,0.96,0.06982,258.1
137.0,7.62,1313,1325,ILA007,ILA031,1.39,46.78,46.32,0.46,0.07543,572.8
137.0,7.62,1313,1326,ILA007,ILA032,3.84,46.78,45.29,1.49,0.06558,395.9
137.0,7.62,1313,1340,ILA007,ILA052,1.678,46.78,46.29,0.49,0.05502,554.4
137.0,7.62,1314,1317,ILA008,ILA013,4.247,40.99,39.5,1.49,0.10336,249.4
137.0,7.62,1314,1318,ILA008,ILA014,4.588,40.99,40.41,0.58,0.06838,300.0
137.0,7.62,1314,1323,ILA008,ILA027,2.183,40.99,41.55,0.56,0.08123,257.1
137.0,7.62,1314,1324,ILA008,ILA030,2.255,40.99,40.23,0.76,0.08887,250.1
137.0,7.62,1314,1331,ILA008,ILA041,3.335,40.99,41.22,0.23,0.07986,248.1
137.0,7.62,1314,1332,ILA008,ILA042,3.596,40.99,42.26,1.27,0.07248,254.3
137.0,7.62,1315,1326,ILA010,ILA032,4.686,44.44,45.29,0.85,0.05383,434.3
137.0,7.62,1315,1333,ILA010,ILA043,4.83,44.44,42.97,1.47,0.0579,573.0
137.0,7.62,1315,1334,ILA010,ILA044,4.893,44.44,42.53,1.91,0.06753,365.6
137.0,7.62,1316,1319,ILA012,ILA015,4.27,38.22,37.21,1.01,0.05845,520.9
137.0,7.62,1316,1328,ILA012,ILA036,1.986,38.22,38.43,0.21,0.06537,220.1
137.0,7.62,1316,1329,ILA012,ILA037,4.372,38.22,38.74,0.52,0.07661,234.7
137.0,7.62,1316,1330,ILA012,ILA039,2.142,38.22,38.36,0.14,0.06338,243.2
137.0,7.62,1316,1336,ILA012,ILA048,3.223,38.22,39.26,1.04,0.07885,229.4
137.0,7.62,1316,1337,ILA012,ILA049,2.236,38.22,38.98,0.76,0.07059,224.6
137.0,7.62,1317,1318,ILA013,ILA014,4.272,39.5,40.41,0.91,0.10169,250.1
137.0,7.62,1317,1320,ILA013,ILA016,4.959,39.5,37.89,1.61,0.10595,235.3
137.0,7.62,1317,1324,ILA013,ILA030,2.627,39.5,40.23,0.73,0.12219,200.2
137.0,7.62,1317,1329,ILA013,ILA037,2.147,39.5,38.74,0.76,0.10823,204.8
137.0,7.62,1317,1330,ILA013,ILA039,3.762,39.5,38.36,1.14,0.095,213.3
137.0,7.62,1317,1336,ILA013,ILA048,4.986,39.5,39.26,0.24,0.11047,199.5
137.0,7.62,1317,1337,ILA013,ILA049,4.172,39.5,38.98,0.52,0.10221,194.7
137.0,7.62,1318,1323,ILA014,ILA027,4.092,40.41,41.55,1.14,0.07956,257.9
137.0,7.62,1318,1335,ILA014,ILA046,3.454,40.41,41.67,1.26,0.06705,348.9
137.0,7.62,1319,1320,ILA015,ILA016,3.599,37.21,37.89,0.68,0.05933,526.8
137.0,7.62,1319,1329,ILA015,ILA037,4.551,37.21,38.74,1.53,0.06161,496.4
137.0,7.62,1319,1330,ILA015,ILA039,3.496,37.21,38.36,1.15,0.04838,504.9
137.0,7.62,1320,1329,ILA016,ILA037,3.074,37.89,38.74,0.85,0.07749,240.6
137.0,7.62,1320,1330,ILA016,ILA039,4.156,37.89,38.36,0.47,0.06426,249.1
137.0,7.62,1320,1339,ILA016,ILA051,3.536,37.89,38.26,0.37,0.06875,395.9
137.0,7.62,1321,1339,ILA021,ILA051,2.476,37.89,38.26,0.37,0.06455,546.8
137.0,7.62,1323,1324,ILA027,ILA030,4.314,41.55,40.23,1.32,0.10006,208.0
137.0,7.62,1323,1331,ILA027,ILA041,4.935,41.55,41.22,0.33,0.09105,205.9
137.0,7.62,1323,1332,ILA027,ILA042,3.205,41.55,42.26,0.71,0.08367,212.2
137.0,7.62,1323,1334,ILA027,ILA044,3.741,41.55,42.53,0.98,0.08638,186.6
137.0,7.62,1323,1335,ILA027,ILA046,3.726,41.55,41.67,0.12,0.0799,306.0
137.0,7.62,1324,1329,ILA030,ILA037,4.566,40.23,38.74,1.49,0.09374,205.6
137.0,7.62,1324,1331,ILA030,ILA041,3.74,40.23,41.22,0.99,0.09869,198.9
137.0,7.62,1324,1336,ILA030,ILA048,4.327,40.23,39.26,0.97,0.09598,200.3
137.0,7.62,1324,1337,ILA030,ILA049,4.251,40.23,38.98,1.25,0.08772,195.5
137.0,7.62,1325,1326,ILA031,ILA032,2.824,46.32,45.29,1.03,0.06277,472.4
137.0,7.62,1325,1340,ILA031,ILA052,1.869,46.32,46.29,0.03,0.05221,630.9
137.0,7.62,1326,1340,ILA032,ILA052,2.748,45.29,46.29,1.0,0.04237,454.0
137.0,7.62,1326,1344,ILA032,ILA059,4.774,45.29,43.68,1.61,0.05863,266.2
137.0,7.62,1327,1328,ILA035,ILA036,4.083,37.72,38.43,0.71,0.05722,237.0
137.0,7.62,1328,1330,ILA036,ILA039,3.993,38.43,38.36,0.07,0.05531,204.1
137.0,7.62,1328,1336,ILA036,ILA048,2.643,38.43,39.26,0.83,0.07078,190.3
137.0,7.62,1328,1337,ILA036,ILA049,2.557,38.43,38.98,0.55,0.06252,185.5
137.0,7.62,1329,1330,ILA037,ILA039,2.281,38.74,38.36,0.38,0.06654,218.7
137.0,7.62,1329,1337,ILA037,ILA049,4.074,38.74,38.98,0.24,0.07376,200.1
137.0,7.62,1330,1336,ILA039,ILA048,4.041,38.36,39.26,0.9,0.06879,213.4
137.0,7.62,1330,1337,ILA039,ILA049,2.707,38.36,38.98,0.62,0.06053,208.6
137.0,7.62,1331,1332,ILA041,ILA042,3.67,41.22,42.26,1.04,0.0823,203.1
137.0,7.62,1331,1342,ILA041,ILA055,2.396,41.22,41.13,0.09,0.08208,231.8
137.0,7.62,1331,1343,ILA041,ILA056,4.657,41.22,40.46,0.76,0.0773,210.3
137.0,7.62,1332,1344,ILA042,ILA059,3.896,42.26,43.68,1.42,0.06963,223.1
137.0,7.62,1333,1334,ILA043,ILA044,3.636,42.97,42.53,0.44,0.0707,365.6
137.0,7.62,1333,1335,ILA043,ILA046,4.115,42.97,41.67,1.3,0.06423,485.0
137.0,7.62,1334,1335,ILA044,ILA046,2.414,42.53,41.67,0.86,0.07386,277.5
137.0,7.62,1336,1337,ILA048,ILA049,1.336,39.26,38.98,0.28,0.076,194.8
137.0,7.62,1336,1343,ILA048,ILA056,4.828,39.26,40.46,1.2,0.07459,211.7
137.0,7.62,1338,1349,ILA050,ILA066,3.719,51.57,51.29,0.28,0.07704,551.1
137.0,7.62,1342,1343,ILA055,ILA056,2.614,41.13,40.46,0.67,0.0697,245.2
137.0,7.62,1346,1348,ILA062,ILA064,1.804,50.83,50.11,0.72,0.07088,468.1
137.0,7.62,1346,1349,ILA062,ILA066,3.222,50.83,51.29,0.46,0.08271,464.3
137.0,7.62,1348,1349,ILA064,ILA066,3.4,50.11,51.29,1.18,0.07635,484.9
137.0,7.62,1352,1381,KAU003,KAU057,0.924,18.49,18.42,0.07,0.01723,724.5
137.0,7.62,1352,1383,KAU003,KAU062,2.812,18.49,17.87,0.62,0.02571,580.3
137.0,7.62,1353,1383,KAU006,KAU062,4.97,16.99,17.87,0.88,0.02784,232.7
137.0,7.62,1353,1398,KAU006,KAU087,2.501,16.99,17.25,0.26,0.02647,247.3
137.0,7.62,1354,1355,KAU007,KAU008,2.06,16.6,16.37,0.23,0.02633,288.4
137.0,7.62,1354,1359,KAU007,KAU015,2.958,16.6,17.16,0.56,0.02729,262.0
137.0,7.62,1354,1382,KAU007,KAU058,3.937,16.6,17.34,0.74,0.02554,260.3
137.0,7.62,1355,1359,KAU008,KAU015,4.686,16.37,17.16,0.79,0.02889,259.6
137.0,7.62,1356,1357,KAU010,KAU011,3.744,19.79,20.08,0.29,0.0445,185.3
137.0,7.62,1356,1385,KAU010,KAU064,4.158,19.79,20.93,1.14,0.03466,230.1
137.0,7.62,1356,1397,KAU010,KAU086,1.85,19.79,19.45,0.34,0.0359,216.1
137.0,7.62,1357,1385,KAU011,KAU064,3.195,20.08,20.93,0.85,0.04733,200.1
137.0,7.62,1359,1382,KAU015,KAU058,1.375,17.16,17.34,0.18,0.0281,231.4
137.0,7.62,1359,1399,KAU015,KAU088,2.858,17.16,17.6,0.44,0.02842,230.3
137.0,7.62,1363,1389,KAU030,KAU074,4.164,15.27,15.4,0.13,0.0323,243.9
137.0,7.62,1364,1395,KAU032,KAU083,2.409,15.28,15.32,0.04,0.03082,198.1
137.0,7.62,1372,1379,KAU043,KAU052,4.885,20.78,20.14,0.64,0.01223,555.8
137.0,7.62,1374,1393,KAU046,KAU081,0.465,18.92,18.89,0.03,0.0224,249.6
137.0,7.62,1381,1383,KAU057,KAU062,2.451,18.42,17.87,0.55,0.02383,391.0
137.0,7.62,1381,1399,KAU057,KAU088,4.578,18.42,17.6,0.82,0.02117,381.3
137.0,7.62,1382,1383,KAU058,KAU062,4.678,17.34,17.87,0.53,0.02933,238.2
137.0,7.62,1382,1398,KAU058,KAU087,4.184,17.34,17.25,0.09,0.02796,252.9
137.0,7.62,1382,1399,KAU058,KAU088,1.515,17.34,17.6,0.26,0.02668,228.6
137.0,7.62,1383,1398,KAU062,KAU087,3.025,17.87,17.25,0.62,0.03094,261.5
137.0,7.62,1383,1399,KAU062,KAU088,3.341,17.87,17.6,0.27,0.02966,237.2
137.0,7.62,1392,1406,KAU078,SSD,3.983,15.86,15.61,0.25,0.03014,533.5
137.0,7.62,1398,1399,KAU087,KAU088,3.743,17.25,17.6,0.35,0.02829,251.8
137.0,7.62,1409,1413,TAP,TAP007,4.072,28.9,28.61,0.29,0.07381,221.6
137.0,7.62,1409,1414,TAP,TAP008,4.555,28.9,28.88,0.02,0.05694,215.0
137.0,7.62,1409,1415,TAP,TAP010,3.702,28.9,28.33,0.57,0.07374,231.1
137.0,7.62,1409,1416,TAP,TAP012,1.903,28.9,28.76,0.14,0.06395,221.9
137.0,7.62,1409,1417,TAP,TAP013,2.721,28.9,29.01,0.11,0.06294,220.5
137.0,7.62,1409,1418,TAP,TAP014,4.28,28.9,29.3,0.4,0.07027,212.4
137.0,7.62,1409,1420,TAP,TAP020,1.945,28.9,29.2,0.3,0.05523,227.2
137.0,7.62,1409,1421,TAP,TAP021,3.65,28.9,29.48,0.58,0.07376,201.5
137.0,7.62,1409,1422,TAP,TAP024,4.707,28.9,28.43,0.47,0.05598,215.4
137.0,7.62,1409,1423,TAP,TAP026,2.506,28.9,29.03,0.13,0.06156,215.1
137.0,7.62,1409,1424,TAP,TAP028,3.859,28.9,29.23,0.33,0.04948,261.9
137.0,7.62,1409,1457,TAP,TAP097,3.091,28.9,29.44,0.54,0.06035,236.5
137.0,7.62,1409,1459,TAP,TAP100,1.292,28.9,29.12,0.22,0.06261,236.1
137.0,7.62,1410,1415,TAP003,TAP010,4.08,27.78,28.33,0.55,0.10671,219.4
137.0,7.62,1410,1419,TAP003,TAP017,3.73,27.78,27.96,0.18,0.10798,215.1
137.0,7.62,1410,1430,TAP003,TAP042,4.371,27.78,27.61,0.17,0.09989,294.1
137.0,7.62,1410,1435,TAP003,TAP051,1.885,27.78,27.6,0.18,0.10161,307.8
137.0,7.62,1410,1453,TAP003,TAP087,3.63,27.78,27.37,0.41,0.08934,392.7
137.0,7.62,1411,1412,TAP005,TAP006,1.464,28.35,28.48,0.13,0.09058,182.3
137.0,7.62,1411,1413,TAP005,TAP007,3.55,28.35,28.61,0.26,0.10135,193.6
137.0,7.62,1411,1414,TAP005,TAP008,4.094,28.35,28.88,0.53,0.08447,187.0
137.0,7.62,1411,1455,TAP005,TAP094,4.856,28.35,27.78,0.57,0.08891,298.1
137.0,7.62,1411,1456,TAP005,TAP095,3.452,28.35,27.98,0.37,0.11431,193.0
137.0,7.62,1411,1458,TAP005,TAP098,3.314,28.35,28.83,0.48,0.08123,359.3
137.0,7.62,1412,1413,TAP006,TAP007,2.104,28.48,28.61,0.13,0.08898,196.1
137.0,7.62,1412,1414,TAP006,TAP008,2.775,28.48,28.88,0.4,0.07211,189.5
137.0,7.62,1412,1415,TAP006,TAP010,4.514,28.48,28.33,0.15,0.08891,205.6
137.0,7.62,1412,1416,TAP006,TAP012,4.273,28.48,28.76,0.28,0.07913,196.4
137.0,7.62,1412,1417,TAP006,TAP013,4.47,28.48,29.01,0.53,0.07811,194.9
137.0,7.62,1412,1456,TAP006,TAP095,4.865,28.48,27.98,0.5,0.10195,195.5
137.0,7.62,1412,1458,TAP006,TAP098,3.178,28.48,28.83,0.35,0.06886,361.7
137.0,7.62,1413,1414,TAP007,TAP008,1.914,28.61,28.88,0.27,0.08287,200.8
137.0,7.62,1413,1415,TAP007,TAP010,3.069,28.61,28.33,0.28,0.09968,216.9
137.0,7.62,1413,1416,TAP007,TAP012,2.169,28.61,28.76,0.15,0.08989,207.7
137.0,7.62,1413,1417,TAP007,TAP013,2.685,28.61,29.01,0.4,0.08888,206.2
137.0,7.62,1413,1418,TAP007,TAP014,4.133,28.61,29.3,0.69,0.0962,198.2
137.0,7.62,1413,1420,TAP007,TAP020,4.496,28.61,29.2,0.59,0.08116,212.9
137.0,7.62,1413,1458,TAP007,TAP098,4.361,28.61,28.83,0.22,0.07963,373.0
137.0,7.62,1413,1459,TAP007,TAP100,4.652,28.61,29.12,0.51,0.08855,221.9
137.0,7.62,1414,1415,TAP008,TAP010,4.847,28.88,28.33,0.55,0.08281,210.3
137.0,7.62,1414,1416,TAP008,TAP012,2.926,28.88,28.76,0.12,0.07302,201.1
137.0,7.62,1414,1417,TAP008,TAP013,2.078,28.88,29.01,0.13,0.07201,199.6
137.0,7.62,1414,1418,TAP008,TAP014,2.627,28.88,29.3,0.42,0.07933,191.6
137.0,7.62,1414,1420,TAP008,TAP020,4.115,28.88,29.2,0.32,0.06429,206.3
137.0,7.62,1414,1421,TAP008,TAP021,4.519,28.88,29.48,0.6,0.08283,180.7
137.0,7.62,1414,1458,TAP008,TAP098,3.265,28.88,28.83,0.05,0.06276,366.4
137.0,7.62,1414,1459,TAP008,TAP100,4.602,28.88,29.12,0.24,0.07167,215.2
137.0,7.62,1415,1416,TAP010,TAP012,2.771,28.33,28.76,0.43,0.08982,217.2
137.0,7.62,1415,1417,TAP010,TAP013,4.479,28.33,29.01,0.68,0.08881,215.7
137.0,7.62,1415,1419,TAP010,TAP017,3.541,28.33,27.96,0.37,0.10089,222.1
137.0,7.62,1415,1459,TAP010,TAP100,4.904,28.33,29.12,0.79,0.08848,231.3
137.0,7.62,1416,1417,TAP012,TAP013,1.766,28.76,29.01,0.25,0.07903,206.6
137.0,7.62,1416,1418,TAP012,TAP014,3.67,28.76,29.3,0.54,0.08635,198.5
137.0,7.62,1416,1420,TAP012,TAP020,2.694,28.76,29.2,0.44,0.07131,213.2
137.0,7.62,1416,1421,TAP012,TAP021,4.117,28.76,29.48,0.72,0.08985,187.6
137.0,7.62,1416,1423,TAP012,TAP026,4.4,28.76,29.03,0.27,0.07764,201.1
137.0,7.62,1416,1457,TAP012,TAP097,4.542,28.76,29.44,0.68,0.07643,222.6
137.0,7.62,1416,1459,TAP012,TAP100,2.613,28.76,29.12,0.36,0.07869,222.2
137.0,7.62,1417,1418,TAP013,TAP014,1.905,29.01,29.3,0.29,0.08534,197.0
137.0,7.62,1417,1420,TAP013,TAP020,2.048,29.01,29.2,0.19,0.0703,211.8
137.0,7.62,1417,1421,TAP013,TAP021,2.812,29.01,29.48,0.47,0.08883,186.1
137.0,7.62,1417,1457,TAP013,TAP097,4.085,29.01,29.44,0.43,0.07542,221.2
137.0,7.62,1417,1459,TAP013,TAP100,2.538,29.01,29.12,0.11,0.07768,220.7
137.0,7.62,1418,1420,TAP014,TAP020,2.778,29.3,29.2,0.1,0.07762,203.7
137.0,7.62,1418,1421,TAP014,TAP021,2.226,29.3,29.48,0.18,0.09616,178.1
137.0,7.62,1418,1457,TAP014,TAP097,4.37,29.3,29.44,0.14,0.08274,213.1
137.0,7.62,1418,1459,TAP014,TAP100,3.58,29.3,29.12,0.18,0.085,212.6
137.0,7.62,1419,1422,TAP017,TAP024,4.008,27.96,28.43,0.47,0.08313,206.4
137.0,7.62,1420,1421,TAP020,TAP021,1.706,29.2,29.48,0.28,0.08112,192.8
137.0,7.62,1420,1423,TAP020,TAP026,3.396,29.2,29.03,0.17,0.06891,206.4
137.0,7.62,1420,1424,TAP020,TAP028,4.267,29.2,29.23,0.03,0.05683,253.2
137.0,7.62,1420,1457,TAP020,TAP097,2.045,29.2,29.44,0.24,0.0677,227.9
137.0,7.62,1420,1459,TAP020,TAP100,0.843,29.2,29.12,0.08,0.06996,227.4
137.0,7.62,1421,1423,TAP021,TAP026,4.69,29.48,29.03,0.45,0.08745,180.7
137.0,7.62,1421,1457,TAP021,TAP097,2.326,29.48,29.44,0.04,0.08624,202.2
137.0,7.62,1421,1459,TAP021,TAP100,2.456,29.48,29.12,0.36,0.0885,201.8
137.0,7.62,1422,1423,TAP024,TAP026,3.796,28.43,29.03,0.6,0.06967,194.6
137.0,7.62,1422,1424,TAP024,TAP028,4.592,28.43,29.23,0.8,0.05759,241.5
137.0,7.62,1422,1425,TAP024,TAP032,2.384,28.43,28.74,0.31,0.08805,251.9
137.0,7.62,1423,1424,TAP026,TAP028,1.465,29.03,29.23,0.2,0.06316,241.1
137.0,7.62,1423,1425,TAP026,TAP032,3.345,29.03,28.74,0.29,0.09362,251.6
137.0,7.62,1423,1457,TAP026,TAP097,2.771,29.03,29.44,0.41,0.07404,215.8
137.0,7.62,1423,1459,TAP026,TAP100,2.598,29.03,29.12,0.09,0.07629,215.3
137.0,7.62,1424,1425,TAP028,TAP032,3.302,29.23,28.74,0.49,0.08154,298.4
137.0,7.62,1424,1457,TAP028,TAP097,2.904,29.23,29.44,0.21,0.06196,262.6
137.0,7.62,1424,1459,TAP028,TAP100,3.601,29.23,29.12,0.11,0.06421,262.1
137.0,7.62,1426,1427,TAP034,TAP035,3.49,30.2,30.72,0.52,0.06586,488.4
137.0,7.62,1426,1437,TAP034,TAP053,1.673,30.2,29.85,0.35,0.06885,538.7
137.0,7.62,1426,1452,TAP034,TAP086,3.779,30.2,30.96,0.76,0.04803,713.2
137.0,7.62,1427,1428,TAP035,TAP036,2.389,30.72,31.21,0.49,0.05423,554.8
137.0,7.62,1427,1437,TAP035,TAP053,4.426,30.72,29.85,0.87,0.0795,488.4
137.0,7.62,1427,1452,TAP035,TAP086,4.596,30.72,30.96,0.24,0.05867,662.9
137.0,7.62,1429,1434,TAP041,TAP049,4.372,27.08,27.35,0.27,0.08301,468.3
137.0,7.62,1430,1434,TAP042,TAP049,3.014,27.61,27.35,0.26,0.08768,474.4
137.0,7.62,1430,1435,TAP042,TAP051,3.038,27.61,27.6,0.01,0.08768,389.5
137.0,7.62,1430,1453,TAP042,TAP087,4.508,27.61,27.37,0.24,0.07542,474.4
137.0,7.62,1430,1455,TAP042,TAP094,2.854,27.61,27.78,0.17,0.08041,396.1
137.0,7.62,1430,1456,TAP042,TAP095,3.987,27.61,27.98,0.37,0.10582,291.0
137.0,7.62,1432,1460,TAP046,TAP103,3.854,32.53,33.24,0.71,0.09474,623.2
137.0,7.62,1434,1455,TAP049,TAP094,4.032,27.35,27.78,0.43,0.08213,494.7
137.0,7.62,1435,1453,TAP051,TAP087,2.276,27.6,27.37,0.23,0.07714,488.1
137.0,7.62,1436,1453,TAP052,TAP087,4.106,27.12,27.37,0.25,0.0863,503.5
137.0,7.62,1438,1439,TAP059,TAP060,3.846,30.51,31.1,0.59,0.03358,543.7
137.0,7.62,1439,1440,TAP060,TAP065,4.437,31.1,31.9,0.8,0.03279,827.4
137.0,7.62,1442,1452,TAP067,TAP086,3.307,30.82,30.96,0.14,0.03989,847.7
137.0,7.62,1443,1449,TAP069,TAP081,1.339,38.15,37.81,0.34,0.0268,671.5
137.0,7.62,1446,1447,TAP077,TAP078,2.996,34.49,35.14,0.65,0.03727,847.1
137.0,7.62,1447,1448,TAP078,TAP079,4.963,35.14,36.35,1.21,0.03307,651.4
137.0,7.62,1455,1456,TAP094,TAP095,1.684,27.78,27.98,0.2,0.10027,311.3
137.0,7.62,1457,1459,TAP097,TAP100,1.942,29.44,29.12,0.32,0.07509,236.8
137.0,7.62,1465,1470,TCU007,TCU014,4.986,26.77,26.67,0.1,0.06584,480.2
137.0,7.62,1465,1522,TCU007,TCU092,3.276,26.77,26.57,0.2,0.0663,443.1
137.0,7.62,1466,1516,TCU008,TCU083,4.781,26.46,26.44,0.02,0.08134,398.1
137.0,7.62,1467,1516,TCU009,TCU083,3.394,26.41,26.44,0.03,0.08025,407.4
137.0,7.62,1468,1516,TCU010,TCU083,4.763,26.65,26.44,0.21,0.08802,400.4
137.0,7.62,1469,1555,TCU011,TCU147,4.267,26.82,26.62,0.2,0.09287,504.5
137.0,7.62,1470,1522,TCU014,TCU092,4.789,26.67,26.57,0.1,0.06722,459.4
137.0,7.62,1471,1525,TCU015,TCU096,4.791,29.71,29.14,0.57,0.10311,440.3
137.0,7.62,1471,1526,TCU015,TCU098,3.904,29.71,30.99,1.28,0.11219,386.3
137.0,7.62,1472,1514,TCU017,TCU081,4.454,27.73,28.77,1.04,0.08722,494.6
137.0,7.62,1472,1523,TCU017,TCU094,4.423,27.73,26.86,0.87,0.08758,574.3
137.0,7.62,1475,1523,TCU026,TCU094,2.734,26.54,26.86,0.32,0.09304,579.9
137.0,7.62,1476,1477,TCU029,TCU031,4.884,30.94,34.39,3.45,0.14584,447.9
137.0,7.62,1481,1483,TCU038,TCU040,4.943,39.84,43.3,3.46,0.13559,329.9
137.0,7.62,1488,1490,TCU048,TCU050,4.041,48.19,43.73,4.46,0.13926,546.8
137.0,7.62,1488,1496,TCU048,TCU056,3.834,48.19,47.1,1.09,0.14487,477.2
137.0,7.62,1488,1497,TCU048,TCU057,1.855,48.19,47.13,1.06,0.12399,553.2
137.0,7.62,1488,1527,TCU048,TCU100,2.255,48.19,45.25,2.94,0.12268,543.2
137.0,7.62,1489,1491,TCU049,TCU051,4.416,42.68,43.68,1.0,0.22429,418.7
137.0,7.62,1489,1493,TCU049,TCU053,2.704,42.68,43.01,0.33,0.22074,470.9
137.0,7.62,1489,1494,TCU049,TCU054,2.509,42.68,43.1,0.42,0.21319,474.0
137.0,7.62,1489,1515,TCU049,TCU082,3.787,42.68,42.75,0.07,0.22634,480.0
137.0,7.62,1490,1491,TCU050,TCU051,2.982,43.73,43.68,0.05,0.16923,446.2
137.0,7.62,1490,1493,TCU050,TCU053,3.793,43.73,43.01,0.72,0.16567,498.5
137.0,7.62,1490,1494,TCU050,TCU054,4.75,43.73,43.1,0.63,0.15812,501.5
137.0,7.62,1490,1496,TCU050,TCU056,2.72,43.73,47.1,3.37,0.14978,472.8
137.0,7.62,1490,1497,TCU050,TCU057,2.518,43.73,47.13,3.4,0.1289,548.8
137.0,7.62,1490,1499,TCU050,TCU060,4.914,43.73,43.09,0.64,0.14656,458.9
137.0,7.62,1490,1527,TCU050,TCU100,1.937,43.73,45.25,1.52,0.12759,538.8
137.0,7.62,1491,1493,TCU051,TCU053,4.075,43.68,43.01,0.67,0.19073,402.3
137.0,7.62,1491,1494,TCU051,TCU054,2.356,43.68,43.1,0.58,0.18318,405.4
137.0,7.62,1491,1495,TCU051,TCU055,2.667,43.68,44.16,0.48,0.20593,354.6
137.0,7.62,1491,1496,TCU051,TCU056,2.846,43.68,47.1,3.42,0.17484,376.6
137.0,7.62,1491,1497,TCU051,TCU057,4.409,43.68,47.13,3.45,0.15396,452.6
137.0,7.62,1491,1515,TCU051,TCU082,2.838,43.68,42.75,0.93,0.19632,411.4
137.0,7.62,1491,1527,TCU051,TCU100,4.664,43.68,45.25,1.57,0.15265,442.6
137.0,7.62,1493,1494,TCU053,TCU054,3.646,43.01,43.1,0.09,0.17962,457.6
137.0,7.62,1493,1499,TCU053,TCU060,4.285,43.01,43.09,0.08,0.16806,415.0
137.0,7.62,1494,1495,TCU054,TCU055,2.676,43.1,44.16,1.06,0.19482,409.9
137.0,7.62,1494,1515,TCU054,TCU082,1.527,43.1,42.75,0.35,0.18522,466.8
137.0,7.62,1495,1496,TCU055,TCU056,4.651,44.16,47.1,2.94,0.18649,381.2
137.0,7.62,1495,1515,TCU055,TCU082,1.504,44.16,42.75,1.41,0.20797,416.0
137.0,7.62,1496,1497,TCU056,TCU057,2.081,47.1,47.13,0.03,0.13451,479.2
137.0,7.62,1496,1527,TCU056,TCU100,3.124,47.1,45.25,1.85,0.1332,469.2
137.0,7.62,1497,1527,TCU057,TCU100,1.477,47.13,45.25,1.88,0.11232,545.2
137.0,7.62,1498,1531,TCU059,TCU104,4.645,41.91,42.8,0.89,0.13073,341.6
137.0,7.62,1498,1532,TCU059,TCU105,3.337,41.91,44.72,2.81,0.14103,424.1
137.0,7.62,1499,1531,TCU060,TCU104,4.864,43.09,42.8,0.29,0.12477,392.9
137.0,7.62,1499,1550,TCU060,TCU136,4.037,43.09,42.63,0.46,0.15908,418.8
137.0,7.62,1503,1504,TCU065,TCU067,4.64,44.87,40.23,4.64,0.55701,369.7
137.0,7.62,1511,1549,TCU076,TCU129,3.384,60.39,70.89,10.5,0.5755,563.1
137.0,7.62,1513,1517,TCU079,TCU084,4.87,81.95,64.92,17.03,0.60249,514.6
137.0,7.62,1514,1525,TCU081,TCU096,1.56,28.77,29.14,0.37,0.08438,442.5
137.0,7.62,1517,1521,TCU084,TCU089,4.968,64.92,31.12,33.8,0.50528,668.4
137.0,7.62,1528,1529,TCU101,TCU102,1.429,36.93,34.88,2.05,0.25054,551.8
137.0,7.62,1531,1532,TCU104,TCU105,4.399,42.8,44.72,1.92,0.11088,493.0
137.0,7.62,1533,1534,TCU106,TCU107,1.666,59.55,60.88,1.33,0.14575,430.2
137.0,7.62,1533,1535,TCU106,TCU109,1.987,59.55,57.92,1.63,0.15681,493.2
137.0,7.62,1534,1535,TCU107,TCU109,3.432,60.88,57.92,2.96,0.14835,472.1
137.0,7.62,1536,1545,TCU110,TCU120,4.856,63.88,60.2,3.68,0.2061,336.0
137.0,7.62,1537,1542,TCU111,TCU117,3.547,62.1,62.28,0.18,0.11994,218.1
137.0,7.62,1552,1554,TCU140,TCU145,3.365,65.75,68.95,3.2,0.06693,232.0
137.0,7.62,1557,1581,TTN001,TTN031,4.651,55.33,60.57,5.24,0.07784,497.6
137.0,7.62,1558,1587,TTN002,TTN042,3.63,50.67,50.63,0.04,0.04064,756.4
137.0,7.62,1561,1562,TTN005,TTN006,1.677,37.96,38.0,0.04,0.02456,345.4
137.0,7.62,1561,1563,TTN005,TTN007,0.912,37.96,38.82,0.86,0.02426,345.1
137.0,7.62,1561,1564,TTN005,TTN008,1.229,37.96,40.55,2.59,0.02556,350.1
137.0,7.62,1561,1565,TTN005,TTN009,0.975,37.96,38.51,0.55,0.02846,360.8
137.0,7.62,1561,1566,TTN005,TTN010,3.323,37.96,32.14,5.82,0.02633,359.5
137.0,7.62,1561,1567,TTN005,TTN012,1.286,37.96,36.62,1.34,0.02502,347.9
137.0,7.62,1561,1568,TTN005,TTN013,1.779,37.96,35.34,2.62,0.0209,352.7
137.0,7.62,1561,1570,TTN005,TTN015,0.708,37.96,39.23,1.27,0.02607,447.8
137.0,7.62,1562,1563,TTN006,TTN007,0.926,38.0,38.82,0.82,0.02343,283.0
137.0,7.62,1562,1564,TTN006,TTN008,1.915,38.0,40.55,2.55,0.02473,287.9
137.0,7.62,1562,1565,TTN006,TTN009,2.63,38.0,38.51,0.51,0.02763,298.6
137.0,7.62,1562,1566,TTN006,TTN010,4.317,38.0,32.14,5.86,0.0255,297.3
137.0,7.62,1562,1567,TTN006,TTN012,0.785,38.0,36.62,1.38,0.02419,285.8
137.0,7.62,1562,1568,TTN006,TTN013,1.123,38.0,35.34,2.66,0.02007,290.5
137.0,7.62,1562,1570,TTN006,TTN015,2.161,38.0,39.23,1.23,0.02524,385.6
137.0,7.62,1563,1564,TTN007,TTN008,1.05,38.82,40.55,1.73,0.02443,287.7
137.0,7.62,1563,1565,TTN007,TTN009,1.775,38.82,38.51,0.31,0.02732,298.3
137.0,7.62,1563,1566,TTN007,TTN010,4.063,38.82,32.14,6.68,0.02519,297.0
137.0,7.62,1563,1567,TTN007,TTN012,1.008,38.82,36.62,2.2,0.02388,285.5
137.0,7.62,1563,1568,TTN007,TTN013,1.576,38.82,35.34,3.48,0.01976,290.2
137.0,7.62,1563,1570,TTN007,TTN015,1.252,38.82,39.23,0.41,0.02494,385.3
137.0,7.62,1564,1565,TTN008,TTN009,1.483,40.55,38.51,2.04,0.02863,303.3
137.0,7.62,1564,1566,TTN008,TTN010,4.515,40.55,32.14,8.41,0.0265,302.0
137.0,7.62,1564,1567,TTN008,TTN012,2.03,40.55,36.62,3.93,0.02518,290.5
137.0,7.62,1564,1568,TTN008,TTN013,2.602,40.55,35.34,5.21,0.02106,295.2
137.0,7.62,1564,1570,TTN008,TTN015,0.872,40.55,39.23,1.32,0.02624,390.3
137.0,7.62,1565,1566,TTN009,TTN010,3.297,38.51,32.14,6.37,0.02939,312.6
137.0,7.62,1565,1567,TTN009,TTN012,2.25,38.51,36.62,1.89,0.02808,301.1
137.0,7.62,1565,1568,TTN009,TTN013,2.707,38.51,35.34,3.17,0.02396,305.9
137.0,7.62,1565,1570,TTN009,TTN015,0.624,38.51,39.23,0.72,0.02914,400.9
137.0,7.62,1566,1567,TTN010,TTN012,3.533,32.14,36.62,4.48,0.02595,299.8
137.0,7.62,1566,1568,TTN010,TTN013,3.417,32.14,35.34,3.2,0.02183,304.5
137.0,7.62,1566,1570,TTN010,TTN015,3.725,32.14,39.23,7.09,0.02701,399.6
137.0,7.62,1566,1592,TTN010,TTN048,4.841,32.14,31.25,0.89,0.02612,342.4
137.0,7.62,1567,1568,TTN012,TTN013,0.572,36.62,35.34,1.28,0.02052,293.0
137.0,7.62,1567,1570,TTN012,TTN015,1.938,36.62,39.23,2.61,0.0257,388.1
137.0,7.62,1568,1570,TTN013,TTN015,2.464,35.34,39.23,3.89,0.02157,392.8
137.0,7.62,1568,1592,TTN013,TTN048,4.65,35.34,31.25,4.09,0.02069,335.6
137.0,7.62,1572,1578,TTN018,TTN026,4.844,31.37,32.48,1.11,0.02776,573.0
137.0,7.62,1572,1579,TTN018,TTN027,2.051,31.37,31.84,0.47,0.02881,501.0
137.0,7.62,1572,1580,TTN018,TTN028,4.968,31.37,30.1,1.27,0.02271,594.6
137.0,7.62,1573,1574,TTN020,TTN022,3.317,51.28,50.69,0.59,0.05073,426.3
137.0,7.62,1573,1585,TTN020,TTN040,2.825,51.28,51.67,0.39,0.03007,590.9
137.0,7.62,1576,1589,TTN024,TTN045,4.059,39.98,46.17,6.19,0.03057,605.8
137.0,7.62,1577,1578,TTN025,TTN026,4.75,32.58,32.48,0.1,0.03816,639.0
137.0,7.62,1579,1580,TTN027,TTN028,4.562,31.84,30.1,1.74,0.0247,522.6
137.0,7.62,1579,1592,TTN027,TTN048,3.884,31.84,31.25,0.59,0.02788,401.2
137.0,7.62,1580,1592,TTN028,TTN048,2.987,30.1,31.25,1.15,0.02179,494.9
137.0,7.62,1588,1589,TTN044,TTN045,3.904,47.24,46.17,1.07,0.04505,479.8
138.0,7.14,1606,1607,Fatih,Galata Kop.,4.514,16.98,16.01,0.97,0.02386,358.1
138.0,7.14,1607,1609,Galata Kop.,Kocamustafapaba Tomb,4.755,16.01,15.36,0.65,0.01636,358.1
138.0,7.14,1612,1617,Lamont 1059,Lamont 375,0.404,21.73,22.76,1.03,0.41339,502.8
138.0,7.14,1612,1618,Lamont 1059,Lamont 531,4.885,21.73,30.21,8.48,0.14875,594.8
138.0,7.14,1612,8164,Lamont 1059,IRIGM 487,1.513,21.73,22.62,0.89,0.2192,620.6
138.0,7.14,1612,8165,Lamont 1059,IRIGM 496,0.335,21.73,22.65,0.92,0.57116,655.6
138.0,7.14,1612,8166,Lamont 1059,IRIGM 498,0.597,21.73,22.3,0.57,0.25944,488.1
138.0,7.14,1614,1615,Lamont 1061,Lamont 1062,2.383,20.43,22.08,1.65,0.16218,409.5
138.0,7.14,1615,1618,Lamont 1062,Lamont 531,3.694,22.08,30.21,8.13,0.17902,488.2
138.0,7.14,1615,8165,Lamont 1062,IRIGM 496,4.936,22.08,22.65,0.57,0.60142,549.0
138.0,7.14,1617,1618,Lamont 375,Lamont 531,4.787,22.76,30.21,7.45,0.41601,546.3
138.0,7.14,1617,8164,Lamont 375,IRIGM 487,1.293,22.76,22.62,0.14,0.48645,572.1
138.0,7.14,1617,8165,Lamont 375,IRIGM 496,0.281,22.76,22.65,0.11,0.83842,607.1
138.0,7.14,1617,8166,Lamont 375,IRIGM 498,0.403,22.76,22.3,0.46,0.5267,439.6
138.0,7.14,1618,8165,Lamont 531,IRIGM 496,4.599,30.21,22.65,7.56,0.57378,699.2
138.0,7.14,8164,8165,IRIGM 487,IRIGM 496,1.571,22.62,22.65,0.03,0.64423,725.0
138.0,7.14,8164,8166,IRIGM 487,IRIGM 498,0.926,22.62,22.3,0.32,0.33251,557.5
138.0,7.14,8165,8166,IRIGM 496,IRIGM 498,0.662,22.65,22.3,0.35,0.68447,592.5
145.0,5.61,1643,1644,LA - City Terrace,LA - Obregon Park,1.892,27.64,28.55,0.91,0.15907,357.3
145.0,5.61,1646,1647,Pasadena - USGS/NSMP Office,San Marino - SW Academy,2.415,21.11,25.45,4.34,0.18436,359.7
147.0,6.05,1655,1656,Inglewood - Union Oil,LA - 116th St School,3.193,31.75,35.31,3.56,0.026,308.5
147.0,6.05,1658,3764,LA - Century City CC North,LA - UCLA Grounds,2.013,22.38,18.23,4.15,0.12653,338.2
147.0,6.05,1659,1661,LA - City Terrace,LA - Obregon Park,1.892,56.41,53.81,2.6,0.07774,357.3
147.0,6.05,1659,1663,LA - City Terrace,Los Angeles - 7-story Univ Hospital (FF),2.681,56.41,55.09,1.32,0.06738,348.8
147.0,6.05,1661,1663,LA - Obregon Park,Los Angeles - 7-story Univ Hospital (FF),3.335,53.81,55.09,1.28,0.05296,340.9
147.0,6.05,1662,1663,LA - Temple & Hope,Los Angeles - 7-story Univ Hospital (FF),4.434,49.59,55.09,5.5,0.03597,392.2
149.0,5.93,1678,1680,LA - City Terrace,Los Angeles - 7-story Univ Hospital (FF),2.681,28.09,27.59,0.5,0.02818,348.8
149.0,5.93,1679,1680,LA - Temple & Hope,Los Angeles - 7-story Univ Hospital (FF),4.434,24.6,27.59,2.99,0.0172,392.2
150.0,5.13,1685,1686,Jensen Filter Plant Administrative Building,Jensen Filter Plant Generator Building,0.215,12.83,12.94,0.11,0.05584,449.4
151.0,5.28,1693,1725,Arleta - Nordhoff Fire Sta,Panorama City - Roscoe,1.581,47.02,19.23,27.79,0.12578,307.9
151.0,5.28,1693,1733,Arleta - Nordhoff Fire Sta,Sun Valley - Roscoe Blvd,2.35,47.02,25.06,21.96,0.12548,309.3
151.0,5.28,1693,3771,Arleta - Nordhoff Fire Sta,LA - Sepulveda VA Hospital,3.938,47.02,43.99,3.03,0.18813,338.9
151.0,5.28,1694,1715,Beverly Hills - 12520 Mulhol,LA - Wonderland Ave,2.718,22.9,18.11,4.79,0.10369,884.1
151.0,5.28,1694,3776,Beverly Hills - 12520 Mulhol,Studio City - Ventura & Coldwater Cyn Av,2.209,22.9,20.52,2.38,0.21637,473.0
151.0,5.28,1696,1697,Burbank - Howard Rd.,Burbank - N Buena Vista,4.81,27.28,10.09,17.19,0.13044,451.2
151.0,5.28,1701,1710,Hollywood - Willoughby Ave,LA - Hollywood Stor FF,2.405,19.51,13.39,6.12,0.14728,332.1
151.0,5.28,1701,1715,Hollywood - Willoughby Ave,LA - Wonderland Ave,3.204,19.51,18.11,1.4,0.06733,785.1
151.0,5.28,1702,1705,Inglewood - Union Oil,LA - 116th St School,3.193,25.45,21.4,4.05,0.0215,308.5
151.0,5.28,1703,1704,Jensen Filter Plant Administrative Building,Jensen Filter Plant Generator Building,0.215,39.83,38.87,0.96,0.24321,449.4
151.0,5.28,1703,1728,Jensen Filter Plant Administrative Building,Rinaldi Receiving Sta,3.823,39.83,49.11,9.28,0.38378,327.7
151.0,5.28,1703,1736,Jensen Filter Plant Administrative Building,Sylmar - Converter Sta,0.562,39.83,43.13,3.3,0.22378,312.2
151.0,5.28,1703,1737,Jensen Filter Plant Administrative Building,Sylmar - Converter Sta East,1.378,39.83,48.45,8.62,0.18969,371.8
151.0,5.28,1704,1728,Jensen Filter Plant Generator Building,Rinaldi Receiving Sta,4.005,38.87,49.11,10.24,0.38762,404.0
151.0,5.28,1704,1736,Jensen Filter Plant Generator Building,Sylmar - Converter Sta,0.768,38.87,43.13,4.26,0.22762,388.5
151.0,5.28,1704,1737,Jensen Filter Plant Generator Building,Sylmar - Converter Sta East,1.565,38.87,48.45,9.58,0.19353,448.2
151.0,5.28,1707,1711,LA - Century City CC North,LA - N Faring Rd,3.288,36.29,38.86,2.57,0.10876,266.5
151.0,5.28,1707,3769,LA - Century City CC North,LA - UCLA Grounds,2.013,36.29,41.61,5.32,0.11452,338.2
151.0,5.28,1707,3770,LA - Century City CC North,LA - 1955 1/2 Purdue Ave. Bsmt,3.568,36.29,44.56,8.27,0.12523,328.5
151.0,5.28,1707,3772,LA - Century City CC North,LA - Wadsworth VA Hospital South,3.277,36.29,45.63,9.34,0.10341,345.9
151.0,5.28,1707,3773,LA - Century City CC North,LA - Wadsworth VA Hospital North,3.277,36.29,45.63,9.34,0.08539,335.1
151.0,5.28,1708,1713,LA - City Terrace,Los Angeles - 7-story Univ Hospital (FF),2.681,2.8,1.67,1.13,0.04307,348.8
151.0,5.28,1709,1710,LA - Griffith Park Observatory,LA - Hollywood Stor FF,4.823,0.2,13.39,13.19,0.13074,666.2
151.0,5.28,1710,1715,LA - Hollywood Stor FF,LA - Wonderland Ave,4.623,13.39,18.11,4.72,0.1326,769.5
151.0,5.28,1711,3769,LA - N Faring Rd,LA - UCLA Grounds,2.364,38.86,41.61,2.75,0.09958,326.7
151.0,5.28,1711,3772,LA - N Faring Rd,LA - Wadsworth VA Hospital South,4.37,38.86,45.63,6.77,0.08847,334.4
151.0,5.28,1711,3773,LA - N Faring Rd,LA - Wadsworth VA Hospital North,4.37,38.86,45.63,6.77,0.07045,323.6
151.0,5.28,1711,3774,LA - N Faring Rd,LA - Chalon Rd,4.249,38.86,53.92,15.06,0.083,497.5
151.0,5.28,1712,1713,LA - Temple & Hope,Los Angeles - 7-story Univ Hospital (FF),4.434,4.17,1.67,2.5,0.03189,392.2
151.0,5.28,1715,3776,LA - Wonderland Ave,Studio City - Ventura & Coldwater Cyn Av,4.619,18.11,20.52,2.41,0.16534,811.5
151.0,5.28,1716,3779,La Crescenta - New York,Glendale - Las Palmas,4.725,40.2,29.29,10.91,0.11763,391.3
151.0,5.28,1721,3778,Newhall - Fire Sta,Chatsworth - Devonshire,4.75,34.88,19.94,14.94,0.13932,339.3
151.0,5.28,1725,1733,Panorama City - Roscoe,Sun Valley - Roscoe Blvd,1.934,19.23,25.06,5.83,0.12498,319.5
151.0,5.28,1725,3771,Panorama City - Roscoe,LA - Sepulveda VA Hospital,4.523,19.23,43.99,24.76,0.18763,349.1
151.0,5.28,1725,3777,Panorama City - Roscoe,N Hollywood - Coldwater Can,4.16,19.23,2.45,16.78,0.11197,322.3
151.0,5.28,1726,1729,Pasadena - USGS/NSMP Office,San Marino - SW Academy,2.415,19.85,15.97,3.88,0.03875,359.7
151.0,5.28,1728,1736,Rinaldi Receiving Sta,Sylmar - Converter Sta,3.513,49.11,43.13,5.98,0.36819,266.7
151.0,5.28,1728,1737,Rinaldi Receiving Sta,Sylmar - Converter Sta East,3.458,49.11,48.45,0.66,0.3341,326.4
151.0,5.28,1728,1738,Rinaldi Receiving Sta,Sylmar - Sayre St,4.681,49.11,74.75,25.64,0.38574,315.6
151.0,5.28,1728,3771,Rinaldi Receiving Sta,LA - Sepulveda VA Hospital,3.57,49.11,43.99,5.12,0.38909,331.2
151.0,5.28,1733,3777,Sun Valley - Roscoe Blvd,N Hollywood - Coldwater Can,3.114,25.06,2.45,22.61,0.11167,323.7
151.0,5.28,1736,1737,Sylmar - Converter Sta,Sylmar - Converter Sta East,0.834,43.13,48.45,5.32,0.1741,310.9
151.0,5.28,1736,1738,Sylmar - Converter Sta,Sylmar - Sayre St,4.9,43.13,74.75,31.62,0.22573,300.1
151.0,5.28,1736,3767,Sylmar - Converter Sta,Sylmar - Olive View Med FF,4.542,43.13,67.09,23.96,0.18451,345.9
151.0,5.28,1737,1738,Sylmar - Converter Sta East,Sylmar - Sayre St,4.096,48.45,74.75,26.3,0.19165,359.7
151.0,5.28,1737,3767,Sylmar - Converter Sta East,Sylmar - Olive View Med FF,3.738,48.45,67.09,18.64,0.15042,405.5
151.0,5.28,1738,3767,Sylmar - Sayre St,Sylmar - Olive View Med FF,2.315,74.75,67.09,7.66,0.20205,394.7
151.0,5.28,1739,3768,Tarzana - Cedar Hill A,Tarzana - Club House,0.184,86.37,85.45,0.92,0.26998,366.8
151.0,5.28,3769,3770,LA - UCLA Grounds,LA - 1955 1/2 Purdue Ave. Bsmt,3.162,41.61,44.56,2.95,0.11605,388.7
151.0,5.28,3769,3772,LA - UCLA Grounds,LA - Wadsworth VA Hospital South,2.095,41.61,45.63,4.02,0.09423,406.1
151.0,5.28,3769,3773,LA - UCLA Grounds,LA - Wadsworth VA Hospital North,2.095,41.61,45.63,4.02,0.07621,395.3
151.0,5.28,3769,3774,LA - UCLA Grounds,LA - Chalon Rd,4.355,41.61,53.92,12.31,0.08876,569.2
151.0,5.28,3770,3772,LA - 1955 1/2 Purdue Ave. Bsmt,LA - Wadsworth VA Hospital South,1.444,44.56,45.63,1.07,0.10494,396.4
151.0,5.28,3770,3773,LA - 1955 1/2 Purdue Ave. Bsmt,LA - Wadsworth VA Hospital North,1.444,44.56,45.63,1.07,0.08692,385.6
151.0,5.28,3772,3773,LA - Wadsworth VA Hospital South,LA - Wadsworth VA Hospital North,0.0,45.63,45.63,0.0,0.0651,403.0
151.0,5.28,3772,3774,LA - Wadsworth VA Hospital South,LA - Chalon Rd,4.683,45.63,53.92,8.29,0.07765,576.9
151.0,5.28,3773,3774,LA - Wadsworth VA Hospital North,LA - Chalon Rd,4.683,45.63,53.92,8.29,0.05963,566.1
152.0,5.65,1743,1744,Station #4-Pahrump 2,Station #5-Pahrump 1,2.857,84.87,85.5,0.63,0.01775,352.1
157.0,5.17,1756,1758,Hollister - City Hall Annex,Hollister Differential Array,4.229,77.2,67.24,9.96,0.04418,244.2
157.0,5.17,1757,8169,Hollister - SAGO Vault,"San Andreas Geophysical Obs., Hollister, CA, USA",0.152,81.09,80.73,0.36,0.1027,632.5
158.0,7.13,1759,3789,"12440 Imperial Hwy, North Grn",Downey - Florence & I605,3.98,75.24,74.1,1.14,0.03044,275.6
158.0,7.13,1760,1797,Alhambra - LA Co PW HQ FF,LA - City Terrace,3.886,68.85,69.7,0.85,0.03014,352.1
158.0,7.13,1760,1808,Alhambra - LA Co PW HQ FF,Los Angeles - Acosta Residence,3.456,68.85,69.04,0.19,0.03222,334.5
158.0,7.13,1760,3780,Alhambra - LA Co PW HQ FF,Alhambra - Fremont School,1.59,68.85,69.34,0.49,0.02244,444.4
158.0,7.13,1760,3820,Alhambra - LA Co PW HQ FF,San Marino - SW Academy,3.979,68.85,68.02,0.83,0.01917,359.2
158.0,7.13,1765,3807,Arleta - Nordhoff Fire Sta,Mission Hills - Sepulveda & San Fernando,4.712,62.07,60.83,1.24,0.02463,313.1
158.0,7.13,1769,3793,Beverly Hills Pac Bell Bsmt,Hollywood - Sunset & Fairfax,4.658,67.17,66.85,0.32,0.01499,436.2
158.0,7.13,1769,3796,Beverly Hills Pac Bell Bsmt,Los Angeles - 3rd & La Brea LADOT,4.647,67.17,67.72,0.55,0.01803,390.5
158.0,7.13,1772,3811,Burbank Airport,North Hollywood - Laurel Canyon & Sherman,3.89,63.81,63.44,0.37,0.03012,362.7
158.0,7.13,1774,3826,Calabasas Pac Bell,Woodland Hills - Victory & Fallbrook,3.724,63.39,62.64,0.75,0.0196,340.8
158.0,7.13,1797,1799,LA - City Terrace,LA - Obregon Park,1.892,69.7,70.16,0.46,0.03496,357.3
158.0,7.13,1797,3780,LA - City Terrace,Alhambra - Fremont School,2.705,69.7,69.34,0.36,0.03156,457.5
158.0,7.13,1799,3780,LA - Obregon Park,Alhambra - Fremont School,4.485,70.16,69.34,0.82,0.02726,449.6
158.0,7.13,1800,1801,LA - Pico & Sentous,LA - Temple & Hope,2.91,69.14,68.86,0.28,0.01851,378.4
158.0,7.13,1800,3795,LA - Pico & Sentous,Los Angeles - 1st & Figueroa,2.418,69.14,68.84,0.3,0.01864,321.2
158.0,7.13,1800,3797,LA - Pico & Sentous,Los Angeles - Beverly Blvd & Virgil,4.025,69.14,67.96,1.18,0.01981,372.1
158.0,7.13,1800,3800,LA - Pico & Sentous,Los Angeles - Olive & Pico,0.994,69.14,69.4,0.26,0.01683,304.8
158.0,7.13,1800,3802,LA - Pico & Sentous,Los Angeles - Vermont & Pico,1.873,69.14,68.8,0.34,0.01583,308.7
158.0,7.13,1801,3788,LA - Temple & Hope,Cypress Park - San Fernando & Division,4.37,68.86,67.81,1.05,0.02244,411.4
158.0,7.13,1801,3795,LA - Temple & Hope,Los Angeles - 1st & Figueroa,0.564,68.86,68.84,0.02,0.02246,394.9
158.0,7.13,1801,3797,LA - Temple & Hope,Los Angeles - Beverly Blvd & Virgil,4.193,68.86,67.96,0.9,0.02362,445.9
158.0,7.13,1801,3800,LA - Temple & Hope,Los Angeles - Olive & Pico,2.905,68.86,69.4,0.54,0.02065,378.6
158.0,7.13,1801,3802,LA - Temple & Hope,Los Angeles - Vermont & Pico,4.203,68.86,68.8,0.06,0.01965,382.4
158.0,7.13,1804,3794,La Canada - Wald Residence,"JPL BLDG #179 W ARR,GND CLEAN",1.634,64.4,64.84,0.44,0.02296,383.2
158.0,7.13,1808,3780,Los Angeles - Acosta Residence,Alhambra - Fremont School,3.058,69.04,69.34,0.3,0.03364,439.9
158.0,7.13,1808,3820,Los Angeles - Acosta Residence,San Marino - SW Academy,4.821,69.04,68.02,1.02,0.03037,354.7
158.0,7.13,1820,3820,Pasadena - Fair Oaks & Walnut,San Marino - SW Academy,4.205,66.71,68.02,1.31,0.0263,405.1
158.0,7.13,1821,3814,Pomona - 4th & Locust FF,Pomona - Orange Grove & Fairplex,3.406,74.35,73.59,0.76,0.03442,376.7
158.0,7.13,1822,3818,Riverside Airport,Riverside - Limonite & Downey,4.553,73.11,81.8,8.69,0.02586,359.9
158.0,7.13,1824,1827,San Bernardino - Del Rosa Wk Sta,San Bernardino - Fire Sta. #4,4.92,77.98,78.45,0.47,0.03893,482.7
158.0,7.13,1825,1826,San Bernardino - E & Hospitality,San Bernardino - Fire Sta. #10,2.904,73.38,73.87,0.49,0.05587,288.2
158.0,7.13,1825,1829,San Bernardino - E & Hospitality,San Bernardino - Mont. Mem Pk,2.432,73.38,72.85,0.53,0.08759,327.9
158.0,7.13,1840,3813,Whittier Narrows Dam downstream,Pico Rivera - Durfee & Whittier,2.983,71.95,72.3,0.35,0.03937,280.1
158.0,7.13,3781,3782,Anaheim - Kraemer & La Palma,Anaheim - Lakeview & Riverdale,3.695,80.05,80.64,0.59,0.04289,321.5
158.0,7.13,3781,3790,Anaheim - Kraemer & La Palma,Fullerton - CSU Fullerton Grnds,4.816,80.05,78.43,1.62,0.03601,330.2
158.0,7.13,3788,3795,Cypress Park - San Fernando & Division,Los Angeles - 1st & Figueroa,4.686,67.81,68.84,1.03,0.02257,354.2
158.0,7.13,3792,3793,Hollywood - Franklin & Bronson,Hollywood - Sunset & Fairfax,3.381,66.93,66.85,0.08,0.02274,412.8
158.0,7.13,3792,3796,Hollywood - Franklin & Bronson,Los Angeles - 3rd & La Brea LADOT,4.593,66.93,67.72,0.79,0.02578,367.1
158.0,7.13,3792,3797,Hollywood - Franklin & Bronson,Los Angeles - Beverly Blvd & Virgil,3.999,66.93,67.96,1.03,0.0277,426.5
158.0,7.13,3792,3799,Hollywood - Franklin & Bronson,LA - Griffith Park Observatory,2.287,66.93,66.59,0.34,0.02327,714.6
158.0,7.13,3793,3796,Hollywood - Sunset & Fairfax,Los Angeles - 3rd & La Brea LADOT,3.053,66.85,67.72,0.87,0.01803,366.6
158.0,7.13,3793,3823,Hollywood - Sunset & Fairfax,Universal City - Hwy 101 & Lankershim,4.799,66.85,65.48,1.37,0.02499,388.9
158.0,7.13,3795,3797,Los Angeles - 1st & Figueroa,Los Angeles - Beverly Blvd & Virgil,3.778,68.84,67.96,0.88,0.02376,388.7
158.0,7.13,3795,3800,Los Angeles - 1st & Figueroa,Los Angeles - Olive & Pico,2.546,68.84,69.4,0.56,0.02078,321.4
158.0,7.13,3795,3802,Los Angeles - 1st & Figueroa,Los Angeles - Vermont & Pico,3.641,68.84,68.8,0.04,0.01978,325.2
158.0,7.13,3796,3804,Los Angeles - 3rd & La Brea LADOT,Los Angeles - Washington & La Brea,3.23,67.72,68.58,0.86,0.01849,327.3
158.0,7.13,3797,3799,Los Angeles - Beverly Blvd & Virgil,LA - Griffith Park Observatory,4.714,67.96,66.59,1.37,0.02049,727.7
158.0,7.13,3797,3800,Los Angeles - Beverly Blvd & Virgil,Los Angeles - Olive & Pico,4.927,67.96,69.4,1.44,0.02195,372.3
158.0,7.13,3797,3802,Los Angeles - Beverly Blvd & Virgil,Los Angeles - Vermont & Pico,3.135,67.96,68.8,0.84,0.02095,376.1
158.0,7.13,3800,3802,Los Angeles - Olive & Pico,Los Angeles - Vermont & Pico,2.823,69.4,68.8,0.6,0.01798,308.9
158.0,7.13,3801,3803,Los Angeles - Sunset & Kenter,Los Angeles - Veteran & Wilshire,2.858,67.07,67.26,0.19,0.01117,388.0
158.0,7.13,3809,3810,Newport Beach - Balboa & Medina,Newport Beach - Balboa Island,1.486,72.61,72.5,0.11,0.02835,319.7
158.0,7.13,3811,3824,North Hollywood - Laurel Canyon & Sherman,Van Nuys - Civic Center Grounds,4.979,63.44,63.6,0.16,0.02794,303.6
158.0,7.13,3825,3826,West Hills -Roscoe & Fallbrook,Woodland Hills - Victory & Fallbrook,3.798,61.67,62.64,0.97,0.03154,317.4
160.0,5.0,1843,1850,APEEL 2 - Redwood City,Foster City - Bowditch School,3.611,21.71,21.01,0.7,0.00789,166.7
160.0,5.0,1844,1845,Alameda - Oakland Airport FS #4,Alameda Fire Station #1,2.89,18.87,17.8,1.07,0.00854,254.2
160.0,5.0,1851,1864,Golden Gate Bridge,San Francisco - Marina School,2.933,35.03,32.4,2.63,0.00922,412.5
160.0,5.0,1854,1855,Novato Fire Station #1,Novato Fire Station #4,4.139,53.07,47.45,5.62,0.01544,266.0
160.0,5.0,1856,1857,Petaluma Fire Station,Petaluma Fire Station #1,4.241,89.94,80.32,9.62,0.01271,383.3
160.0,5.0,1862,1864,San Francisco - 9th Circuit Crt,San Francisco - Marina School,3.954,29.89,32.4,2.51,0.00955,272.0
162.0,5.17,1911,6061,Carson City - Nevada Com College,Carson City - Fire Station #1 ,3.595,11.81,11.53,0.28,0.00499,371.6
162.0,5.17,1912,1913,Martis Creek Dam (Dwn Stream),Martis Creek Dam (Left Abtmnt),0.289,4.75,4.53,0.22,0.01986,420.6
162.0,5.17,1912,1914,Martis Creek Dam (Dwn Stream),Martis Creek Dam (Right Abtmnt),0.293,4.75,4.94,0.19,0.01854,487.8
162.0,5.17,1913,1914,Martis Creek Dam (Left Abtmnt),Martis Creek Dam (Right Abtmnt),0.58,4.53,4.94,0.41,0.01604,486.2
164.0,5.7,1993,1996,El Centro - Meadows Union School,El Centro Array #7,4.335,25.12,24.72,0.4,0.0124,243.4
164.0,5.7,1994,1995,El Centro Array #10,El Centro Array #11,4.092,20.31,18.09,2.22,0.01611,199.6
164.0,5.7,1994,1997,El Centro Array #10,El Centro Array #9,2.326,20.31,21.59,1.28,0.01651,208.1
165.0,5.31,2005,2008,El Centro - Meadows Union School,El Centro Array #7,4.335,14.82,16.73,1.91,0.07069,243.4
165.0,5.31,2006,2007,El Centro Array #10,El Centro Array #11,4.092,24.17,27.99,3.82,0.0925,199.6
168.0,6.7,2059,2060,Anchorage - Aho Res (Basement),Anchorage - DOI Off. of Aircraft,2.251,62.02,61.96,0.06,0.01058,277.0
168.0,6.7,2059,2061,Anchorage - Aho Res (Basement),Anchorage - Dowl Eng Warehouse,3.571,62.02,62.77,0.75,0.0088,277.0
168.0,6.7,2059,2064,Anchorage - Aho Res (Basement),Anchorage - K2-04,4.0,62.02,61.51,0.51,0.01005,290.8
168.0,6.7,2059,2065,Anchorage - Aho Res (Basement),Anchorage - K2-05,1.956,62.02,62.37,0.35,0.00991,341.6
168.0,6.7,2059,2067,Anchorage - Aho Res (Basement),Anchorage - K2-07,4.947,62.02,61.73,0.29,0.00976,321.3
168.0,6.7,2059,2068,Anchorage - Aho Res (Basement),Anchorage - K2-08,2.567,62.02,62.46,0.44,0.00939,277.0
168.0,6.7,2059,2079,Anchorage - Aho Res (Basement),Anchorage - K2-19,2.165,62.02,61.67,0.35,0.01102,306.8
168.0,6.7,2059,2081,Anchorage - Aho Res (Basement),Anchorage - K2-21,4.772,62.02,62.32,0.3,0.01066,321.3
168.0,6.7,2059,2083,Anchorage - Aho Res (Basement),Anchorage - NOAA Weather Fac.,4.862,62.02,61.93,0.09,0.01026,365.9
168.0,6.7,2059,2084,Anchorage - Aho Res (Basement),Anchorage - New Fire Station #1,4.226,62.02,62.53,0.51,0.00982,306.9
168.0,6.7,2059,2087,Anchorage - Aho Res (Basement),Anchorage - State Fish & Game,4.958,62.02,62.89,0.87,0.009,277.0
168.0,6.7,2059,2088,Anchorage - Aho Res (Basement),Anchorage International Airport,3.076,62.02,61.6,0.42,0.01076,341.6
168.0,6.7,2060,2061,Anchorage - DOI Off. of Aircraft,Anchorage - Dowl Eng Warehouse,4.35,61.96,62.77,0.81,0.00849,212.5
168.0,6.7,2060,2064,Anchorage - DOI Off. of Aircraft,Anchorage - K2-04,2.377,61.96,61.51,0.45,0.00974,226.3
168.0,6.7,2060,2065,Anchorage - DOI Off. of Aircraft,Anchorage - K2-05,3.825,61.96,62.37,0.41,0.00961,277.0
168.0,6.7,2060,2067,Anchorage - DOI Off. of Aircraft,Anchorage - K2-07,2.747,61.96,61.73,0.23,0.00946,256.7
168.0,6.7,2060,2068,Anchorage - DOI Off. of Aircraft,Anchorage - K2-08,2.505,61.96,62.46,0.5,0.00908,212.5
168.0,6.7,2060,2079,Anchorage - DOI Off. of Aircraft,Anchorage - K2-19,1.697,61.96,61.67,0.29,0.01072,242.2
168.0,6.7,2060,2081,Anchorage - DOI Off. of Aircraft,Anchorage - K2-21,2.91,61.96,62.32,0.36,0.01036,256.7
168.0,6.7,2060,2083,Anchorage - DOI Off. of Aircraft,Anchorage - NOAA Weather Fac.,2.615,61.96,61.93,0.03,0.00996,301.4
168.0,6.7,2060,2085,Anchorage - DOI Off. of Aircraft,Anchorage - New Fire Station #7,4.111,61.96,62.38,0.42,0.01257,334.6
168.0,6.7,2060,2087,Anchorage - DOI Off. of Aircraft,Anchorage - State Fish & Game,4.517,61.96,62.89,0.93,0.00869,212.5
168.0,6.7,2060,2088,Anchorage - DOI Off. of Aircraft,Anchorage International Airport,1.73,61.96,61.6,0.36,0.01046,277.0
168.0,6.7,2061,2065,Anchorage - Dowl Eng Warehouse,Anchorage - K2-05,2.321,62.77,62.37,0.4,0.00782,277.0
168.0,6.7,2061,2066,Anchorage - Dowl Eng Warehouse,Anchorage - K2-06,3.501,62.77,63.38,0.61,0.00602,226.3
168.0,6.7,2061,2068,Anchorage - Dowl Eng Warehouse,Anchorage - K2-08,1.933,62.77,62.46,0.31,0.0073,212.5
168.0,6.7,2061,2071,Anchorage - Dowl Eng Warehouse,Anchorage - K2-11,4.341,62.77,63.35,0.58,0.00659,256.7
168.0,6.7,2061,2081,Anchorage - Dowl Eng Warehouse,Anchorage - K2-21,4.79,62.77,62.32,0.45,0.00857,256.7
168.0,6.7,2061,2084,Anchorage - Dowl Eng Warehouse,Anchorage - New Fire Station #1,3.916,62.77,62.53,0.24,0.00773,242.4
168.0,6.7,2061,2086,Anchorage - Dowl Eng Warehouse,Anchorage - Police Headquarters,4.281,62.77,63.64,0.87,0.00567,242.4
168.0,6.7,2061,2087,Anchorage - Dowl Eng Warehouse,Anchorage - State Fish & Game,2.488,62.77,62.89,0.12,0.00691,212.5
168.0,6.7,2062,2063,Anchorage - K2-02,Anchorage - K2-03,3.455,63.3,64.02,0.72,0.0066,327.6
168.0,6.7,2062,2066,Anchorage - K2-02,Anchorage - K2-06,3.752,63.3,63.38,0.08,0.00661,233.6
168.0,6.7,2062,2084,Anchorage - K2-02,Anchorage - New Fire Station #1,4.089,63.3,62.53,0.77,0.00832,249.7
168.0,6.7,2062,2086,Anchorage - K2-02,Anchorage - Police Headquarters,4.949,63.3,63.64,0.34,0.00626,249.7
168.0,6.7,2062,3831,Anchorage - K2-02,Anchorage - K2-01,3.516,63.3,62.55,0.75,0.00924,326.1
168.0,6.7,2063,2069,Anchorage - K2-03,Anchorage - K2-09,3.936,64.02,64.26,0.24,0.00488,364.5
168.0,6.7,2064,2067,Anchorage - K2-04,Anchorage - K2-07,1.951,61.51,61.73,0.22,0.00892,270.5
168.0,6.7,2064,2068,Anchorage - K2-04,Anchorage - K2-08,4.878,61.51,62.46,0.95,0.00855,226.3
168.0,6.7,2064,2079,Anchorage - K2-04,Anchorage - K2-19,1.971,61.51,61.67,0.16,0.01018,256.0
168.0,6.7,2064,2080,Anchorage - K2-04,Anchorage - K2-20,3.362,61.51,61.23,0.28,0.00934,290.8
168.0,6.7,2064,2081,Anchorage - K2-04,Anchorage - K2-21,4.222,61.51,62.32,0.81,0.00982,270.5
168.0,6.7,2064,2083,Anchorage - K2-04,Anchorage - NOAA Weather Fac.,2.687,61.51,61.93,0.42,0.00943,315.2
168.0,6.7,2064,2088,Anchorage - K2-04,Anchorage International Airport,0.936,61.51,61.6,0.09,0.00992,290.8
168.0,6.7,2065,2066,Anchorage - K2-05,Anchorage - K2-06,4.872,62.37,63.38,1.01,0.00713,290.8
168.0,6.7,2065,2068,Anchorage - K2-05,Anchorage - K2-08,2.593,62.37,62.46,0.09,0.00841,277.0
168.0,6.7,2065,2079,Anchorage - K2-05,Anchorage - K2-19,4.118,62.37,61.67,0.7,0.01004,306.8
168.0,6.7,2065,2084,Anchorage - K2-05,Anchorage - New Fire Station #1,2.54,62.37,62.53,0.16,0.00884,306.9
168.0,6.7,2065,2087,Anchorage - K2-05,Anchorage - State Fish & Game,4.502,62.37,62.89,0.52,0.00802,277.0
168.0,6.7,2065,2088,Anchorage - K2-05,Anchorage International Airport,4.987,62.37,61.6,0.77,0.00978,341.6
168.0,6.7,2065,3831,Anchorage - K2-05,Anchorage - K2-01,4.495,62.37,62.55,0.18,0.00976,383.3
168.0,6.7,2066,2069,Anchorage - K2-06,Anchorage - K2-09,4.233,63.38,64.26,0.88,0.00489,270.5
168.0,6.7,2066,2072,Anchorage - K2-06,Anchorage - K2-12,4.211,63.38,63.95,0.57,0.00451,290.8
168.0,6.7,2066,2084,Anchorage - K2-06,Anchorage - New Fire Station #1,4.463,63.38,62.53,0.85,0.00704,256.2
168.0,6.7,2066,2086,Anchorage - K2-06,Anchorage - Police Headquarters,1.546,63.38,63.64,0.26,0.00498,256.2
168.0,6.7,2066,2087,Anchorage - K2-06,Anchorage - State Fish & Game,4.917,63.38,62.89,0.49,0.00622,226.3
168.0,6.7,2067,2068,Anchorage - K2-07,Anchorage - K2-08,4.786,61.73,62.46,0.73,0.00826,256.7
168.0,6.7,2067,2079,Anchorage - K2-07,Anchorage - K2-19,3.444,61.73,61.67,0.06,0.00989,286.5
168.0,6.7,2067,2080,Anchorage - K2-07,Anchorage - K2-20,2.844,61.73,61.23,0.5,0.00905,321.3
168.0,6.7,2067,2081,Anchorage - K2-07,Anchorage - K2-21,2.896,61.73,62.32,0.59,0.00953,301.0
168.0,6.7,2067,2083,Anchorage - K2-07,Anchorage - NOAA Weather Fac.,0.981,61.73,61.93,0.2,0.00914,345.6
168.0,6.7,2067,2085,Anchorage - K2-07,Anchorage - New Fire Station #7,3.365,61.73,62.38,0.65,0.01175,378.9
168.0,6.7,2067,2088,Anchorage - K2-07,Anchorage International Airport,2.502,61.73,61.6,0.13,0.00963,321.3
168.0,6.7,2068,2071,Anchorage - K2-08,Anchorage - K2-11,4.786,62.46,63.35,0.89,0.00718,256.7
168.0,6.7,2068,2079,Anchorage - K2-08,Anchorage - K2-19,3.821,62.46,61.67,0.79,0.00952,242.2
168.0,6.7,2068,2081,Anchorage - K2-08,Anchorage - K2-21,3.116,62.46,62.32,0.14,0.00916,256.7
168.0,6.7,2068,2083,Anchorage - K2-08,Anchorage - NOAA Weather Fac.,4.206,62.46,61.93,0.53,0.00877,301.4
168.0,6.7,2068,2084,Anchorage - K2-08,Anchorage - New Fire Station #1,4.993,62.46,62.53,0.07,0.00832,242.4
168.0,6.7,2068,2085,Anchorage - K2-08,Anchorage - New Fire Station #7,4.299,62.46,62.38,0.08,0.01138,334.6
168.0,6.7,2068,2087,Anchorage - K2-08,Anchorage - State Fish & Game,2.4,62.46,62.89,0.43,0.0075,212.5
168.0,6.7,2068,2088,Anchorage - K2-08,Anchorage International Airport,4.203,62.46,61.6,0.86,0.00926,277.0
168.0,6.7,2069,2072,Anchorage - K2-09,Anchorage - K2-12,4.126,64.26,63.95,0.31,0.00408,321.3
168.0,6.7,2069,2086,Anchorage - K2-09,Anchorage - Police Headquarters,3.368,64.26,63.64,0.62,0.00455,286.6
168.0,6.7,2070,2071,Anchorage - K2-10,Anchorage - K2-11,4.35,62.71,63.35,0.64,0.00689,319.1
168.0,6.7,2070,2073,Anchorage - K2-10,Anchorage - K2-13,4.304,62.71,63.58,0.87,0.00762,319.1
168.0,6.7,2070,2081,Anchorage - K2-10,Anchorage - K2-21,2.795,62.71,62.32,0.39,0.00888,319.1
168.0,6.7,2070,2083,Anchorage - K2-10,Anchorage - NOAA Weather Fac.,4.205,62.71,61.93,0.78,0.00848,363.8
168.0,6.7,2070,2085,Anchorage - K2-10,Anchorage - New Fire Station #7,1.793,62.71,62.38,0.33,0.01109,397.0
168.0,6.7,2070,2087,Anchorage - K2-10,Anchorage - State Fish & Game,4.018,62.71,62.89,0.18,0.00722,274.8
168.0,6.7,2071,2072,Anchorage - K2-11,Anchorage - K2-12,3.525,63.35,63.95,0.6,0.00508,321.3
168.0,6.7,2071,2073,Anchorage - K2-11,Anchorage - K2-13,3.781,63.35,63.58,0.23,0.00719,301.0
168.0,6.7,2071,2086,Anchorage - K2-11,Anchorage - Police Headquarters,4.475,63.35,63.64,0.29,0.00555,286.6
168.0,6.7,2071,2087,Anchorage - K2-11,Anchorage - State Fish & Game,2.399,63.35,62.89,0.46,0.00679,256.7
168.0,6.7,2072,2074,Anchorage - K2-12,Anchorage - K2-14,3.822,63.95,64.44,0.49,0.00529,348.3
168.0,6.7,2072,2086,Anchorage - K2-12,Anchorage - Police Headquarters,2.716,63.95,63.64,0.31,0.00416,306.9
168.0,6.7,2073,2074,Anchorage - K2-13,Anchorage - K2-14,4.986,63.58,64.44,0.86,0.0074,328.0
168.0,6.7,2073,2082,Anchorage - K2-13,Anchorage - K2-22,3.021,63.58,63.98,0.4,0.00742,321.3
168.0,6.7,2074,2075,Anchorage - K2-14,Anchorage - K2-15,4.203,64.44,64.85,0.41,0.00736,304.3
168.0,6.7,2075,2076,Anchorage - K2-15,Anchorage - K2-16,3.74,64.85,65.46,0.61,0.00615,410.9
168.0,6.7,2075,2082,Anchorage - K2-15,Anchorage - K2-22,4.517,64.85,63.98,0.87,0.00738,297.6
168.0,6.7,2079,2081,Anchorage - K2-19,Anchorage - K2-21,4.544,61.67,62.32,0.65,0.01079,286.5
168.0,6.7,2079,2083,Anchorage - K2-19,Anchorage - NOAA Weather Fac.,3.758,61.67,61.93,0.26,0.0104,331.1
168.0,6.7,2079,2088,Anchorage - K2-19,Anchorage International Airport,1.049,61.67,61.6,0.07,0.01089,306.8
168.0,6.7,2080,2083,Anchorage - K2-20,Anchorage - NOAA Weather Fac.,3.677,61.23,61.93,0.7,0.00956,365.9
168.0,6.7,2080,2088,Anchorage - K2-20,Anchorage International Airport,4.293,61.23,61.6,0.37,0.01006,341.6
168.0,6.7,2081,2083,Anchorage - K2-21,Anchorage - NOAA Weather Fac.,1.937,62.32,61.93,0.39,0.01004,345.6
168.0,6.7,2081,2085,Anchorage - K2-21,Anchorage - New Fire Station #7,1.273,62.32,62.38,0.06,0.01265,378.9
168.0,6.7,2081,2087,Anchorage - K2-21,Anchorage - State Fish & Game,3.326,62.32,62.89,0.57,0.00877,256.7
168.0,6.7,2081,2088,Anchorage - K2-21,Anchorage International Airport,4.148,62.32,61.6,0.72,0.01054,321.3
168.0,6.7,2083,2085,Anchorage - NOAA Weather Fac.,Anchorage - New Fire Station #7,2.414,61.93,62.38,0.45,0.01225,423.5
168.0,6.7,2083,2088,Anchorage - NOAA Weather Fac.,Anchorage International Airport,2.985,61.93,61.6,0.33,0.01014,365.9
168.0,6.7,2084,3831,Anchorage - New Fire Station #1,Anchorage - K2-01,1.99,62.53,62.55,0.02,0.00967,348.6
168.0,6.7,2085,2087,Anchorage - New Fire Station #7,Anchorage - State Fish & Game,3.959,62.38,62.89,0.51,0.01099,334.6
168.0,6.7,2086,2087,Anchorage - Police Headquarters,Anchorage - State Fish & Game,4.927,63.64,62.89,0.75,0.00587,242.4
169.0,7.9,2095,2096,Anchorage - DOI Off. of Aircraft,Anchorage - Dowl Eng Warehouse,4.35,62.11,62.52,0.41,0.01455,212.5
169.0,7.9,2095,2099,Anchorage - DOI Off. of Aircraft,Anchorage - K2-04,2.377,62.11,61.89,0.22,0.0146,226.3
169.0,7.9,2095,2100,Anchorage - DOI Off. of Aircraft,Anchorage - K2-05,3.825,62.11,62.33,0.22,0.0163,277.0
169.0,7.9,2095,2102,Anchorage - DOI Off. of Aircraft,Anchorage - NOAA Weather Fac.,2.615,62.11,62.07,0.04,0.01577,301.4
169.0,7.9,2095,2104,Anchorage - DOI Off. of Aircraft,Anchorage - New Fire Station #7,4.111,62.11,62.28,0.17,0.01854,334.6
169.0,7.9,2095,2106,Anchorage - DOI Off. of Aircraft,Anchorage - State Fish & Game,4.517,62.11,62.55,0.44,0.01519,212.5
169.0,7.9,2095,3834,Anchorage - DOI Off. of Aircraft,Anchorage - Aho Res (Basement),2.251,62.11,62.16,0.05,0.01648,277.0
169.0,7.9,2096,2100,Anchorage - Dowl Eng Warehouse,Anchorage - K2-05,2.321,62.52,62.33,0.19,0.01434,277.0
169.0,7.9,2096,2101,Anchorage - Dowl Eng Warehouse,Anchorage - K2-06,3.501,62.52,62.83,0.31,0.01125,226.3
169.0,7.9,2096,2103,Anchorage - Dowl Eng Warehouse,Anchorage - New Fire Station #1,3.916,62.52,62.44,0.08,0.01533,242.4
169.0,7.9,2096,2105,Anchorage - Dowl Eng Warehouse,Anchorage - Police Headquarters,4.281,62.52,62.95,0.43,0.01113,242.4
169.0,7.9,2096,2106,Anchorage - Dowl Eng Warehouse,Anchorage - State Fish & Game,2.488,62.52,62.55,0.03,0.01323,212.5
169.0,7.9,2096,3834,Anchorage - Dowl Eng Warehouse,Anchorage - Aho Res (Basement),3.571,62.52,62.16,0.36,0.01451,277.0
169.0,7.9,2097,2098,Anchorage - K2-02,Anchorage - K2-03,3.455,62.83,63.19,0.36,0.01081,327.6
169.0,7.9,2097,2101,Anchorage - K2-02,Anchorage - K2-06,3.752,62.83,62.83,0.0,0.01115,233.6
169.0,7.9,2097,2103,Anchorage - K2-02,Anchorage - New Fire Station #1,4.089,62.83,62.44,0.39,0.01524,249.7
169.0,7.9,2097,2105,Anchorage - K2-02,Anchorage - Police Headquarters,4.949,62.83,62.95,0.12,0.01103,249.7
169.0,7.9,2099,2102,Anchorage - K2-04,Anchorage - NOAA Weather Fac.,2.687,61.89,62.07,0.18,0.01387,315.2
169.0,7.9,2099,3834,Anchorage - K2-04,Anchorage - Aho Res (Basement),4.0,61.89,62.16,0.27,0.01457,290.8
169.0,7.9,2100,2101,Anchorage - K2-05,Anchorage - K2-06,4.872,62.33,62.83,0.5,0.013,290.8
169.0,7.9,2100,2103,Anchorage - K2-05,Anchorage - New Fire Station #1,2.54,62.33,62.44,0.11,0.01709,306.9
169.0,7.9,2100,2106,Anchorage - K2-05,Anchorage - State Fish & Game,4.502,62.33,62.55,0.22,0.01498,277.0
169.0,7.9,2100,3834,Anchorage - K2-05,Anchorage - Aho Res (Basement),1.956,62.33,62.16,0.17,0.01627,341.6
169.0,7.9,2101,2103,Anchorage - K2-06,Anchorage - New Fire Station #1,4.463,62.83,62.44,0.39,0.014,256.2
169.0,7.9,2101,2105,Anchorage - K2-06,Anchorage - Police Headquarters,1.546,62.83,62.95,0.12,0.00979,256.2
169.0,7.9,2101,2106,Anchorage - K2-06,Anchorage - State Fish & Game,4.917,62.83,62.55,0.28,0.01189,226.3
169.0,7.9,2102,2104,Anchorage - NOAA Weather Fac.,Anchorage - New Fire Station #7,2.414,62.07,62.28,0.21,0.0178,423.5
169.0,7.9,2102,3834,Anchorage - NOAA Weather Fac.,Anchorage - Aho Res (Basement),4.862,62.07,62.16,0.09,0.01574,365.9
169.0,7.9,2103,3834,Anchorage - New Fire Station #1,Anchorage - Aho Res (Basement),4.226,62.44,62.16,0.28,0.01726,306.9
169.0,7.9,2104,2106,Anchorage - New Fire Station #7,Anchorage - State Fish & Game,3.959,62.28,62.55,0.27,0.01722,334.6
169.0,7.9,2105,2106,Anchorage - Police Headquarters,Anchorage - State Fish & Game,4.927,62.95,62.55,0.4,0.01177,242.4
169.0,7.9,2106,3834,Anchorage - State Fish & Game,Anchorage - Aho Res (Basement),4.958,62.55,62.16,0.39,0.01516,277.0
169.0,7.9,2110,3835,"Fairbanks - Geophysic. Obs, CIGO",Fairbanks - Univ of Alaska,1.641,72.48,72.55,0.07,0.08369,383.4
169.0,7.9,2117,2118,Valdez - Valdez City Hall,Valdez - Valdez Dock Company,0.285,75.11,75.15,0.04,0.01747,543.7
169.0,7.9,2117,3833,Valdez - Valdez City Hall,Valdez - Civic Center,0.447,75.11,75.15,0.04,0.01601,354.7
169.0,7.9,2118,3833,Valdez - Valdez Dock Company,Valdez - Civic Center,0.448,75.15,75.15,0.0,0.008,519.0
171.0,5.9,2160,2201,CHY025,CHY092,3.834,35.63,38.1,2.47,0.03996,265.6
171.0,5.9,2162,2210,CHY027,CHY111,4.789,40.08,43.41,3.33,0.03335,243.2
171.0,5.9,2167,2168,CHY034,CHY035,4.05,10.6,7.96,2.64,0.02562,475.9
171.0,5.9,2172,2198,CHY042,CHY086,1.296,1.02,1.96,0.94,0.01439,665.2
171.0,5.9,2174,2175,CHY046,CHY047,2.549,12.32,14.24,1.92,0.03995,305.8
171.0,5.9,2177,2196,CHY052,CHY081,2.667,0.67,0.51,0.16,0.01128,573.0
171.0,5.9,2178,2209,CHY054,CHY107,2.27,10.56,10.97,0.41,0.02095,173.9
171.0,5.9,2179,2209,CHY055,CHY107,3.774,10.46,10.97,0.51,0.02818,200.7
171.0,5.9,2183,2204,CHY060,CHY099,4.435,6.06,4.96,1.1,0.01231,228.9
171.0,5.9,2187,2307,CHY065,KAU085,3.24,4.32,3.96,0.36,0.01066,255.4
171.0,5.9,2199,3841,CHY088,CHY015,2.648,6.97,8.56,1.59,0.02654,273.6
171.0,5.9,2201,2429,CHY092,TCU141,4.945,38.1,43.1,5.0,0.02455,238.4
171.0,5.9,2212,2214,CHY114,CHY116,4.608,7.34,8.97,1.63,0.01119,208.3
171.0,5.9,2216,2217,HWA005,HWA006,1.419,88.02,89.48,1.46,0.03202,509.2
171.0,5.9,2217,2239,HWA006,HWA032,4.216,89.48,86.85,2.63,0.03288,566.1
171.0,5.9,2218,2219,HWA007,HWA009,0.54,49.96,49.46,0.5,0.03159,366.0
171.0,5.9,2218,2220,HWA007,HWA011,3.337,49.96,48.79,1.17,0.03319,357.2
171.0,5.9,2218,2221,HWA007,HWA012,0.848,49.96,49.47,0.49,0.02599,386.6
171.0,5.9,2218,2222,HWA007,HWA013,2.881,49.96,50.79,0.83,0.03389,344.6
171.0,5.9,2218,2223,HWA007,HWA014,2.438,49.96,51.35,1.39,0.03159,318.0
171.0,5.9,2218,2227,HWA007,HWA019,1.725,49.96,50.99,1.03,0.03287,426.8
171.0,5.9,2218,2235,HWA007,HWA028,3.661,49.96,46.75,3.21,0.03608,382.7
171.0,5.9,2218,2254,HWA007,HWA050,3.39,49.96,49.47,0.49,0.03054,336.3
171.0,5.9,2219,2220,HWA009,HWA011,3.146,49.46,48.79,0.67,0.03589,364.5
171.0,5.9,2219,2221,HWA009,HWA012,0.693,49.46,49.47,0.01,0.0287,393.8
171.0,5.9,2219,2222,HWA009,HWA013,3.051,49.46,50.79,1.33,0.03659,351.9
171.0,5.9,2219,2223,HWA009,HWA014,2.768,49.46,51.35,1.89,0.03429,325.3
171.0,5.9,2219,2227,HWA009,HWA019,2.082,49.46,50.99,1.53,0.03557,434.0
171.0,5.9,2219,2235,HWA009,HWA028,3.151,49.46,46.75,2.71,0.03878,390.0
171.0,5.9,2219,2254,HWA009,HWA050,3.316,49.46,49.47,0.01,0.03324,343.6
171.0,5.9,2220,2221,HWA011,HWA012,3.826,48.79,49.47,0.68,0.0303,385.1
171.0,5.9,2220,2222,HWA011,HWA013,2.092,48.79,50.79,2.0,0.03819,343.2
171.0,5.9,2220,2223,HWA011,HWA014,2.902,48.79,51.35,2.56,0.0359,316.5
171.0,5.9,2220,2224,HWA011,HWA015,4.037,48.79,50.77,1.98,0.03162,404.4
171.0,5.9,2220,2225,HWA011,HWA016,4.366,48.79,52.06,3.27,0.02885,466.2
171.0,5.9,2220,2227,HWA011,HWA019,2.892,48.79,50.99,2.2,0.03717,425.3
171.0,5.9,2220,2235,HWA011,HWA028,2.816,48.79,46.75,2.04,0.04038,381.2
171.0,5.9,2220,2252,HWA011,HWA048,2.22,48.79,46.97,1.82,0.03828,350.8
171.0,5.9,2220,2253,HWA011,HWA049,2.857,48.79,48.59,0.2,0.04064,432.2
171.0,5.9,2220,2254,HWA011,HWA050,0.746,48.79,49.47,0.68,0.03484,334.8
171.0,5.9,2221,2222,HWA012,HWA013,3.681,49.47,50.79,1.32,0.031,372.5
171.0,5.9,2221,2223,HWA012,HWA014,3.285,49.47,51.35,1.88,0.0287,345.9
171.0,5.9,2221,2227,HWA012,HWA019,2.573,49.47,50.99,1.52,0.02997,454.6
171.0,5.9,2221,2235,HWA012,HWA028,3.498,49.47,46.75,2.72,0.03319,410.6
171.0,5.9,2221,2254,HWA012,HWA050,4.009,49.47,49.47,0.0,0.02765,364.2
171.0,5.9,2222,2223,HWA013,HWA014,0.998,50.79,51.35,0.56,0.0366,303.9
171.0,5.9,2222,2224,HWA013,HWA015,3.869,50.79,50.77,0.02,0.03232,391.8
171.0,5.9,2222,2225,HWA013,HWA016,3.475,50.79,52.06,1.27,0.02955,453.5
171.0,5.9,2222,2227,HWA013,HWA019,1.427,50.79,50.99,0.2,0.03787,412.7
171.0,5.9,2222,2235,HWA013,HWA028,4.483,50.79,46.75,4.04,0.04108,368.6
171.0,5.9,2222,2236,HWA013,HWA029,4.995,50.79,55.19,4.4,0.02847,472.3
171.0,5.9,2222,2252,HWA013,HWA048,4.199,50.79,46.97,3.82,0.03898,338.2
171.0,5.9,2222,2253,HWA013,HWA049,3.886,50.79,48.59,2.2,0.04134,419.6
171.0,5.9,2222,2254,HWA013,HWA050,1.483,50.79,49.47,1.32,0.03554,322.2
171.0,5.9,2223,2224,HWA014,HWA015,4.712,51.35,50.77,0.58,0.03003,365.2
171.0,5.9,2223,2225,HWA014,HWA016,4.101,51.35,52.06,0.71,0.02725,426.9
171.0,5.9,2223,2227,HWA014,HWA019,0.717,51.35,50.99,0.36,0.03557,386.0
171.0,5.9,2223,2235,HWA014,HWA028,4.897,51.35,46.75,4.6,0.03879,342.0
171.0,5.9,2223,2236,HWA014,HWA029,4.968,51.35,55.19,3.84,0.02617,445.7
171.0,5.9,2223,2253,HWA014,HWA049,4.883,51.35,48.59,2.76,0.03904,392.9
171.0,5.9,2223,2254,HWA014,HWA050,2.405,51.35,49.47,1.88,0.03325,295.6
171.0,5.9,2224,2225,HWA015,HWA016,1.405,50.77,52.06,1.29,0.02297,514.8
171.0,5.9,2224,2226,HWA015,HWA017,3.213,50.77,53.74,2.97,0.0236,515.6
171.0,5.9,2224,2236,HWA015,HWA029,4.614,50.77,55.19,4.42,0.0219,533.5
171.0,5.9,2224,2252,HWA015,HWA048,4.382,50.77,46.97,3.8,0.03241,399.5
171.0,5.9,2224,2253,HWA015,HWA049,2.22,50.77,48.59,2.18,0.03477,480.8
171.0,5.9,2224,2254,HWA015,HWA050,3.513,50.77,49.47,1.3,0.02897,383.5
171.0,5.9,2225,2226,HWA016,HWA017,2.699,52.06,53.74,1.68,0.02083,577.3
171.0,5.9,2225,2227,HWA016,HWA019,4.769,52.06,50.99,1.07,0.02852,535.7
171.0,5.9,2225,2236,HWA016,HWA029,3.229,52.06,55.19,3.13,0.01912,595.3
171.0,5.9,2225,2253,HWA016,HWA049,3.388,52.06,48.59,3.47,0.03199,542.6
171.0,5.9,2225,2254,HWA016,HWA050,3.689,52.06,49.47,2.59,0.0262,445.2
171.0,5.9,2226,2236,HWA017,HWA029,3.439,53.74,55.19,1.45,0.01975,596.1
171.0,5.9,2227,2235,HWA019,HWA028,4.486,50.99,46.75,4.24,0.04006,450.8
171.0,5.9,2227,2254,HWA019,HWA050,2.559,50.99,49.47,1.52,0.03452,404.4
171.0,5.9,2228,2237,HWA020,HWA030,3.563,73.01,76.01,3.0,0.02104,609.3
171.0,5.9,2229,2250,HWA022,HWA045,4.74,28.44,25.85,2.59,0.03693,526.0
171.0,5.9,2230,2233,HWA023,HWA026,4.782,40.21,37.02,3.19,0.0181,564.5
171.0,5.9,2230,2234,HWA023,HWA027,2.817,40.21,42.66,2.45,0.02434,554.7
171.0,5.9,2231,2256,HWA024,HWA055,4.836,59.16,60.65,1.49,0.00956,520.6
171.0,5.9,2232,2251,HWA025,HWA046,2.827,33.83,34.33,0.5,0.0251,555.9
171.0,5.9,2232,2258,HWA025,HWA057,3.536,33.83,33.0,0.83,0.03051,582.9
171.0,5.9,2233,2251,HWA026,HWA046,3.448,37.02,34.33,2.69,0.02678,537.5
171.0,5.9,2233,2258,HWA026,HWA057,4.661,37.02,33.0,4.02,0.03219,564.5
171.0,5.9,2234,2235,HWA027,HWA028,4.331,42.66,46.75,4.09,0.04008,422.2
171.0,5.9,2235,2252,HWA028,HWA048,3.097,46.75,46.97,0.22,0.04117,376.3
171.0,5.9,2235,2254,HWA028,HWA050,3.527,46.75,49.47,2.72,0.03773,360.3
171.0,5.9,2237,2238,HWA030,HWA031,4.94,76.01,76.51,0.5,0.02149,597.2
171.0,5.9,2239,2242,HWA032,HWA035,3.41,86.85,83.0,3.85,0.03431,625.3
171.0,5.9,2243,2245,HWA036,HWA038,4.808,71.65,67.69,3.96,0.0118,572.9
171.0,5.9,2244,2245,HWA037,HWA038,4.11,70.26,67.69,2.57,0.01459,556.2
171.0,5.9,2251,2258,HWA046,HWA057,1.66,34.33,33.0,1.33,0.03454,644.5
171.0,5.9,2252,2253,HWA048,HWA049,2.274,46.97,48.59,1.62,0.04143,427.2
171.0,5.9,2252,2254,HWA048,HWA050,2.717,46.97,49.47,2.5,0.03563,329.9
171.0,5.9,2253,2254,HWA049,HWA050,2.741,48.59,49.47,0.88,0.03799,411.3
171.0,5.9,2255,2260,HWA051,HWA059,4.831,62.96,63.61,0.65,0.04293,324.5
171.0,5.9,2255,2261,HWA051,HWA060,4.271,62.96,62.37,0.59,0.02727,506.8
171.0,5.9,2265,2286,ILA003,ILA048,4.087,4.15,4.48,0.33,0.02358,231.7
171.0,5.9,2265,2287,ILA003,ILA049,4.952,4.15,4.01,0.14,0.0198,226.9
171.0,5.9,2265,2292,ILA003,ILA056,4.872,4.15,6.35,2.2,0.01784,243.8
171.0,5.9,2266,2270,ILA004,ILA008,4.504,6.01,6.59,0.58,0.02178,211.8
171.0,5.9,2266,2279,ILA004,ILA030,3.397,6.01,5.6,0.41,0.02663,162.6
171.0,5.9,2266,2282,ILA004,ILA041,2.575,6.01,7.12,1.11,0.02256,160.6
171.0,5.9,2266,2286,ILA004,ILA048,3.22,6.01,4.48,1.53,0.02527,161.9
171.0,5.9,2266,2287,ILA004,ILA049,4.189,6.01,4.01,2.0,0.02149,157.1
171.0,5.9,2266,2291,ILA004,ILA055,2.669,6.01,7.16,1.15,0.02336,195.5
171.0,5.9,2266,2292,ILA004,ILA056,3.248,6.01,6.35,0.34,0.01954,174.0
171.0,5.9,2267,2270,ILA005,ILA008,4.454,8.55,6.59,1.96,0.01978,269.3
171.0,5.9,2267,2282,ILA005,ILA041,3.146,8.55,7.12,1.43,0.02056,218.1
171.0,5.9,2267,2283,ILA005,ILA042,1.573,8.55,8.36,0.19,0.01915,224.3
171.0,5.9,2267,2291,ILA005,ILA055,4.559,8.55,7.16,1.39,0.02136,253.1
171.0,5.9,2267,2293,ILA005,ILA059,3.788,8.55,10.3,1.75,0.01977,238.1
171.0,5.9,2268,2280,ILA006,ILA031,4.719,11.48,13.54,2.06,0.02131,464.3
171.0,5.9,2268,2290,ILA006,ILA052,4.295,11.48,13.63,2.15,0.01646,445.9
171.0,5.9,2268,2293,ILA006,ILA059,2.872,11.48,10.3,1.18,0.02225,258.1
171.0,5.9,2269,2280,ILA007,ILA031,1.39,14.19,13.54,0.65,0.02143,572.8
171.0,5.9,2269,2290,ILA007,ILA052,1.678,14.19,13.63,0.56,0.01659,554.4
171.0,5.9,2270,2273,ILA008,ILA013,4.247,6.59,4.46,2.13,0.03076,249.4
171.0,5.9,2270,2274,ILA008,ILA014,4.588,6.59,5.47,1.12,0.01775,300.0
171.0,5.9,2270,2279,ILA008,ILA030,2.255,6.59,5.6,0.99,0.02534,250.1
171.0,5.9,2270,2282,ILA008,ILA041,3.335,6.59,7.12,0.53,0.02127,248.1
171.0,5.9,2270,2283,ILA008,ILA042,3.596,6.59,8.36,1.77,0.01986,254.3
171.0,5.9,2271,2284,ILA010,ILA044,4.893,10.83,8.33,2.5,0.02236,365.6
171.0,5.9,2272,2275,ILA012,ILA015,4.27,2.94,1.29,1.65,0.01547,520.9
171.0,5.9,2272,2281,ILA012,ILA037,4.372,2.94,3.39,0.45,0.0238,234.7
171.0,5.9,2272,2286,ILA012,ILA048,3.223,2.94,4.48,1.54,0.02454,229.4
171.0,5.9,2272,2287,ILA012,ILA049,2.236,2.94,4.01,1.07,0.02076,224.6
171.0,5.9,2273,2274,ILA013,ILA014,4.272,4.46,5.47,1.01,0.02802,250.1
171.0,5.9,2273,2276,ILA013,ILA016,4.959,4.46,2.06,2.4,0.03087,235.3
171.0,5.9,2273,2279,ILA013,ILA030,2.627,4.46,5.6,1.14,0.03561,200.2
171.0,5.9,2273,2281,ILA013,ILA037,2.147,4.46,3.39,1.07,0.03352,204.8
171.0,5.9,2273,2286,ILA013,ILA048,4.986,4.46,4.48,0.02,0.03425,199.5
171.0,5.9,2273,2287,ILA013,ILA049,4.172,4.46,4.01,0.45,0.03047,194.7
171.0,5.9,2274,2285,ILA014,ILA046,3.454,5.47,7.11,1.64,0.015,348.9
171.0,5.9,2275,2276,ILA015,ILA016,3.599,1.29,2.06,0.77,0.01503,526.8
171.0,5.9,2275,2281,ILA015,ILA037,4.551,1.29,3.39,2.1,0.01768,496.4
171.0,5.9,2276,2281,ILA016,ILA037,3.074,2.06,3.39,1.33,0.02336,240.6
171.0,5.9,2279,2281,ILA030,ILA037,4.566,5.6,3.39,2.21,0.0281,205.6
171.0,5.9,2279,2282,ILA030,ILA041,3.74,5.6,7.12,1.52,0.02612,198.9
171.0,5.9,2279,2286,ILA030,ILA048,4.327,5.6,4.48,1.12,0.02883,200.3
171.0,5.9,2279,2287,ILA030,ILA049,4.251,5.6,4.01,1.59,0.02506,195.5
171.0,5.9,2280,2290,ILA031,ILA052,1.869,13.54,13.63,0.09,0.01372,630.9
171.0,5.9,2281,2287,ILA037,ILA049,4.074,3.39,4.01,0.62,0.02296,200.1
171.0,5.9,2282,2283,ILA041,ILA042,3.67,7.12,8.36,1.24,0.02064,203.1
171.0,5.9,2282,2291,ILA041,ILA055,2.396,7.12,7.16,0.04,0.02285,231.8
171.0,5.9,2282,2292,ILA041,ILA056,4.657,7.12,6.35,0.77,0.01903,210.3
171.0,5.9,2283,2293,ILA042,ILA059,3.896,8.36,10.3,1.94,0.01985,223.1
171.0,5.9,2284,2285,ILA044,ILA046,2.414,8.33,7.11,1.22,0.01979,277.5
171.0,5.9,2286,2287,ILA048,ILA049,1.336,4.48,4.01,0.47,0.0237,194.8
171.0,5.9,2286,2292,ILA048,ILA056,4.828,4.48,6.35,1.87,0.02174,211.7
171.0,5.9,2288,2298,ILA050,ILA066,3.719,18.64,18.67,0.03,0.0236,551.1
171.0,5.9,2291,2292,ILA055,ILA056,2.614,7.16,6.35,0.81,0.01983,245.2
171.0,5.9,2295,2297,ILA062,ILA064,1.804,18.39,17.39,1.0,0.01863,468.1
171.0,5.9,2295,2298,ILA062,ILA066,3.222,18.39,18.67,0.28,0.02247,464.3
171.0,5.9,2297,2298,ILA064,ILA066,3.4,17.39,18.67,1.28,0.02106,484.9
171.0,5.9,2308,2312,TAP003,TAP010,4.08,15.84,14.2,1.64,0.01748,219.4
171.0,5.9,2308,2315,TAP003,TAP017,3.73,15.84,15.39,0.45,0.01988,215.1
171.0,5.9,2308,2326,TAP003,TAP042,4.371,15.84,16.31,0.47,0.01686,294.1
171.0,5.9,2308,2330,TAP003,TAP051,1.885,15.84,16.45,0.61,0.01506,307.8
171.0,5.9,2308,2340,TAP003,TAP087,3.63,15.84,17.36,1.52,0.01335,392.7
171.0,5.9,2309,2310,TAP005,TAP007,3.55,13.94,13.34,0.6,0.01225,193.6
171.0,5.9,2309,2311,TAP005,TAP008,4.094,13.94,12.6,1.34,0.01292,187.0
171.0,5.9,2309,2344,TAP005,TAP094,4.856,13.94,15.66,1.72,0.01181,298.1
171.0,5.9,2309,2345,TAP005,TAP095,3.452,13.94,14.98,1.04,0.01613,193.0
171.0,5.9,2309,2346,TAP005,TAP098,3.314,13.94,12.61,1.33,0.01189,359.3
171.0,5.9,2310,2311,TAP007,TAP008,1.914,13.34,12.6,0.74,0.01347,200.8
171.0,5.9,2310,2312,TAP007,TAP010,3.069,13.34,14.2,0.86,0.01439,216.9
171.0,5.9,2310,2313,TAP007,TAP013,2.685,13.34,12.34,1.0,0.01413,206.2
171.0,5.9,2310,2314,TAP007,TAP014,4.133,13.34,11.61,1.73,0.01499,198.2
171.0,5.9,2310,2316,TAP007,TAP020,4.496,13.34,11.96,1.38,0.01449,212.9
171.0,5.9,2310,2346,TAP007,TAP098,4.361,13.34,12.61,0.73,0.01243,373.0
171.0,5.9,2310,2347,TAP007,TAP100,4.652,13.34,12.18,1.16,0.01445,221.9
171.0,5.9,2311,2312,TAP008,TAP010,4.847,12.6,14.2,1.6,0.01506,210.3
171.0,5.9,2311,2313,TAP008,TAP013,2.078,12.6,12.34,0.26,0.01481,199.6
171.0,5.9,2311,2314,TAP008,TAP014,2.627,12.6,11.61,0.99,0.01566,191.6
171.0,5.9,2311,2316,TAP008,TAP020,4.115,12.6,11.96,0.64,0.01516,206.3
171.0,5.9,2311,2317,TAP008,TAP021,4.519,12.6,11.27,1.33,0.02118,180.7
171.0,5.9,2311,2346,TAP008,TAP098,3.265,12.6,12.61,0.01,0.01311,366.4
171.0,5.9,2311,2347,TAP008,TAP100,4.602,12.6,12.18,0.42,0.01512,215.2
171.0,5.9,2312,2313,TAP010,TAP013,4.479,14.2,12.34,1.86,0.01573,215.7
171.0,5.9,2312,2315,TAP010,TAP017,3.541,14.2,15.39,1.19,0.01838,222.1
171.0,5.9,2312,2347,TAP010,TAP100,4.904,14.2,12.18,2.02,0.01604,231.3
171.0,5.9,2313,2314,TAP013,TAP014,1.905,12.34,11.61,0.73,0.01633,197.0
171.0,5.9,2313,2316,TAP013,TAP020,2.048,12.34,11.96,0.38,0.01583,211.8
171.0,5.9,2313,2317,TAP013,TAP021,2.812,12.34,11.27,1.07,0.02185,186.1
171.0,5.9,2313,2342,TAP013,TAP089,4.811,12.34,10.41,1.93,0.01493,322.7
171.0,5.9,2313,2347,TAP013,TAP100,2.538,12.34,12.18,0.16,0.01579,220.7
171.0,5.9,2314,2316,TAP014,TAP020,2.778,11.61,11.96,0.35,0.01669,203.7
171.0,5.9,2314,2317,TAP014,TAP021,2.226,11.61,11.27,0.34,0.0227,178.1
171.0,5.9,2314,2341,TAP014,TAP088,3.873,11.61,9.99,1.62,0.0226,209.1
171.0,5.9,2314,2342,TAP014,TAP089,3.756,11.61,10.41,1.2,0.01579,314.6
171.0,5.9,2314,2347,TAP014,TAP100,3.58,11.61,12.18,0.57,0.01665,212.6
171.0,5.9,2315,2318,TAP017,TAP024,4.008,15.39,14.11,1.28,0.01811,206.4
171.0,5.9,2316,2317,TAP020,TAP021,1.706,11.96,11.27,0.69,0.0222,192.8
171.0,5.9,2316,2319,TAP020,TAP026,3.396,11.96,12.5,0.54,0.01811,206.4
171.0,5.9,2316,2320,TAP020,TAP028,4.267,11.96,12.07,0.11,0.01435,253.2
171.0,5.9,2316,2342,TAP020,TAP089,3.593,11.96,10.41,1.55,0.01529,329.4
171.0,5.9,2316,2347,TAP020,TAP100,0.843,11.96,12.18,0.22,0.01615,227.4
171.0,5.9,2317,2319,TAP021,TAP026,4.69,11.27,12.5,1.23,0.02412,180.7
171.0,5.9,2317,2341,TAP021,TAP088,3.326,11.27,9.99,1.28,0.02812,198.2
171.0,5.9,2317,2342,TAP021,TAP089,2.034,11.27,10.41,0.86,0.0213,303.7
171.0,5.9,2317,2347,TAP021,TAP100,2.456,11.27,12.18,0.91,0.02216,201.8
171.0,5.9,2318,2319,TAP024,TAP026,3.796,14.11,12.5,1.61,0.01773,194.6
171.0,5.9,2318,2320,TAP024,TAP028,4.592,14.11,12.07,2.04,0.01398,241.5
171.0,5.9,2318,2321,TAP024,TAP032,2.384,14.11,13.35,0.76,0.02066,251.9
171.0,5.9,2319,2320,TAP026,TAP028,1.465,12.5,12.07,0.43,0.01627,241.1
171.0,5.9,2319,2321,TAP026,TAP032,3.345,12.5,13.35,0.85,0.02295,251.6
171.0,5.9,2319,2322,TAP026,TAP033,4.883,12.5,10.67,1.83,0.01907,337.4
171.0,5.9,2319,2347,TAP026,TAP100,2.598,12.5,12.18,0.32,0.01806,215.3
171.0,5.9,2320,2321,TAP028,TAP032,3.302,12.07,13.35,1.28,0.0192,298.4
171.0,5.9,2320,2322,TAP028,TAP033,3.487,12.07,10.67,1.4,0.01532,384.3
171.0,5.9,2320,2347,TAP028,TAP100,3.601,12.07,12.18,0.11,0.01431,262.1
171.0,5.9,2322,2323,TAP033,TAP034,2.815,10.67,10.09,0.58,0.01533,509.6
171.0,5.9,2322,2332,TAP033,TAP053,2.81,10.67,10.85,0.18,0.01876,509.6
171.0,5.9,2322,2339,TAP033,TAP086,4.94,10.67,8.49,2.18,0.01615,684.1
171.0,5.9,2323,2324,TAP034,TAP035,3.49,10.09,9.2,0.89,0.02166,488.4
171.0,5.9,2323,2332,TAP034,TAP053,1.673,10.09,10.85,0.76,0.01596,538.7
171.0,5.9,2323,2339,TAP034,TAP086,3.779,10.09,8.49,1.6,0.01335,713.2
171.0,5.9,2324,2332,TAP035,TAP053,4.426,9.2,10.85,1.65,0.02509,488.4
171.0,5.9,2324,2339,TAP035,TAP086,4.596,9.2,8.49,0.71,0.02248,662.9
171.0,5.9,2325,2329,TAP041,TAP049,4.372,18.51,17.28,1.23,0.01221,468.3
171.0,5.9,2326,2329,TAP042,TAP049,3.014,16.31,17.28,0.97,0.01458,474.4
171.0,5.9,2326,2330,TAP042,TAP051,3.038,16.31,16.45,0.14,0.01294,389.5
171.0,5.9,2326,2340,TAP042,TAP087,4.508,16.31,17.36,1.05,0.01123,474.4
171.0,5.9,2326,2344,TAP042,TAP094,2.854,16.31,15.66,0.65,0.01332,396.1
171.0,5.9,2326,2345,TAP042,TAP095,3.987,16.31,14.98,1.33,0.01764,291.0
171.0,5.9,2328,2348,TAP046,TAP103,3.854,4.5,3.35,1.15,0.01387,623.2
171.0,5.9,2329,2344,TAP049,TAP094,4.032,17.28,15.66,1.62,0.01317,494.7
171.0,5.9,2330,2340,TAP051,TAP087,2.276,16.45,17.36,0.91,0.00943,488.1
171.0,5.9,2331,2340,TAP052,TAP087,4.106,18.53,17.36,1.17,0.00996,503.5
171.0,5.9,2334,2339,TAP067,TAP086,3.307,8.6,8.49,0.11,0.01171,847.7
171.0,5.9,2336,2337,TAP077,TAP078,2.996,1.17,0.08,1.09,0.0094,847.1
171.0,5.9,2337,2338,TAP078,TAP079,4.963,0.08,1.77,1.69,0.00846,651.4
171.0,5.9,2341,2342,TAP088,TAP089,2.113,9.99,10.41,0.42,0.0212,334.7
171.0,5.9,2341,2343,TAP088,TAP090,2.787,9.99,9.67,0.32,0.02383,276.8
171.0,5.9,2342,2343,TAP089,TAP090,4.877,10.41,9.67,0.74,0.01701,382.3
171.0,5.9,2342,2347,TAP089,TAP100,4.179,10.41,12.18,1.77,0.01525,338.3
171.0,5.9,2344,2345,TAP094,TAP095,1.684,15.66,14.98,0.68,0.01623,311.3
171.0,5.9,2352,2355,TCU007,TCU014,4.986,20.65,21.31,0.66,0.01078,480.2
171.0,5.9,2352,2400,TCU007,TCU092,3.276,20.65,22.18,1.53,0.0124,443.1
171.0,5.9,2353,2394,TCU008,TCU083,4.781,25.56,26.16,0.6,0.01635,398.1
171.0,5.9,2354,2394,TCU010,TCU083,4.763,28.02,26.16,1.86,0.01557,400.4
171.0,5.9,2355,2400,TCU014,TCU092,4.789,21.31,22.18,0.87,0.01161,459.4
171.0,5.9,2356,2401,TCU026,TCU094,2.734,30.96,32.57,1.61,0.018,579.9
171.0,5.9,2357,2358,TCU029,TCU031,4.884,55.97,59.32,3.35,0.02255,447.9
171.0,5.9,2363,2365,TCU038,TCU040,4.943,64.79,68.04,3.25,0.04729,329.9
171.0,5.9,2366,2424,TCU042,TCU131,1.707,51.67,50.67,1.0,0.02843,534.9
171.0,5.9,2369,2370,TCU048,TCU050,4.041,87.37,89.82,2.45,0.02583,546.8
171.0,5.9,2369,2376,TCU048,TCU056,3.834,87.37,86.89,0.48,0.02535,477.2
171.0,5.9,2369,2377,TCU048,TCU057,1.855,87.37,87.68,0.31,0.02317,553.2
171.0,5.9,2369,2403,TCU048,TCU100,2.255,87.37,89.37,2.0,0.02409,543.2
171.0,5.9,2370,2371,TCU050,TCU051,2.982,89.82,89.03,0.79,0.02886,446.2
171.0,5.9,2370,2373,TCU050,TCU053,3.793,89.82,85.8,4.02,0.02809,498.5
171.0,5.9,2370,2374,TCU050,TCU054,4.75,89.82,89.06,0.76,0.02392,501.5
171.0,5.9,2370,2376,TCU050,TCU056,2.72,89.82,86.89,2.93,0.02518,472.8
171.0,5.9,2370,2377,TCU050,TCU057,2.518,89.82,87.68,2.14,0.023,548.8
171.0,5.9,2370,2379,TCU050,TCU060,4.914,89.82,84.49,5.33,0.0264,458.9
171.0,5.9,2370,2403,TCU050,TCU100,1.937,89.82,89.37,0.45,0.02392,538.8
171.0,5.9,2371,2373,TCU051,TCU053,4.075,89.03,85.8,3.23,0.0313,402.3
171.0,5.9,2371,2374,TCU051,TCU054,2.356,89.03,89.06,0.03,0.02712,405.4
171.0,5.9,2371,2375,TCU051,TCU055,2.667,89.03,87.32,1.71,0.03642,354.6
171.0,5.9,2371,2376,TCU051,TCU056,2.846,89.03,86.89,2.14,0.02838,376.6
171.0,5.9,2371,2377,TCU051,TCU057,4.409,89.03,87.68,1.35,0.0262,452.6
171.0,5.9,2371,2393,TCU051,TCU082,2.838,89.03,89.29,0.26,0.03204,411.4
171.0,5.9,2371,2403,TCU051,TCU100,4.664,89.03,89.37,0.34,0.02712,442.6
171.0,5.9,2373,2374,TCU053,TCU054,3.646,85.8,89.06,3.26,0.02636,457.6
171.0,5.9,2373,2379,TCU053,TCU060,4.285,85.8,84.49,1.31,0.02884,415.0
171.0,5.9,2374,2375,TCU054,TCU055,2.676,89.06,87.32,1.74,0.03148,409.9
171.0,5.9,2374,2393,TCU054,TCU082,1.527,89.06,89.29,0.23,0.0271,466.8
171.0,5.9,2375,2376,TCU055,TCU056,4.651,87.32,86.89,0.43,0.03274,381.2
171.0,5.9,2375,2393,TCU055,TCU082,1.504,87.32,89.29,1.97,0.03639,416.0
171.0,5.9,2376,2377,TCU056,TCU057,2.081,86.89,87.68,0.79,0.02252,479.2
171.0,5.9,2376,2403,TCU056,TCU100,3.124,86.89,89.37,2.48,0.02344,469.2
171.0,5.9,2377,2403,TCU057,TCU100,1.477,87.68,89.37,1.69,0.02126,545.2
171.0,5.9,2378,2405,TCU059,TCU104,4.645,86.01,85.57,0.44,0.05378,341.6
171.0,5.9,2378,2406,TCU059,TCU105,3.337,86.01,88.92,2.91,0.05594,424.1
171.0,5.9,2379,2405,TCU060,TCU104,4.864,84.49,85.57,1.08,0.0306,392.9
171.0,5.9,2379,2425,TCU060,TCU136,4.037,84.49,80.52,3.97,0.02712,418.8
171.0,5.9,2382,2383,TCU065,TCU067,4.64,77.26,84.78,7.52,0.1487,369.7
171.0,5.9,2389,2423,TCU076,TCU129,3.384,49.03,43.36,5.67,0.09505,563.1
171.0,5.9,2391,2395,TCU079,TCU084,4.87,11.52,25.52,14.0,0.22623,514.6
171.0,5.9,2395,2399,TCU084,TCU089,4.968,25.52,40.53,15.01,0.06657,668.4
171.0,5.9,2405,2406,TCU104,TCU105,4.399,85.57,88.92,3.35,0.03622,493.0
171.0,5.9,2407,2408,TCU106,TCU107,1.666,73.99,72.28,1.71,0.03902,430.2
171.0,5.9,2407,2409,TCU106,TCU109,1.987,73.99,74.96,0.97,0.04142,493.2
171.0,5.9,2408,2409,TCU107,TCU109,3.432,72.28,74.96,2.68,0.03817,472.1
171.0,5.9,2410,2419,TCU110,TCU120,4.856,58.25,61.42,3.17,0.04722,336.0
171.0,5.9,2411,2416,TCU111,TCU117,3.547,75.1,76.17,1.07,0.03349,218.1
171.0,5.9,2428,2430,TCU140,TCU145,3.365,56.85,58.86,2.01,0.02147,232.0
171.0,5.9,2432,2442,TTN001,TTN031,4.651,67.58,70.34,2.76,0.01137,497.6
171.0,5.9,2435,2436,TTN020,TTN022,3.317,47.48,47.35,0.13,0.00808,426.3
171.0,5.9,2435,2445,TTN020,TTN040,2.825,47.48,47.36,0.12,0.00532,590.9
171.0,5.9,2438,2449,TTN024,TTN045,4.059,40.34,42.5,2.16,0.00553,605.8
171.0,5.9,2439,2440,TTN025,TTN026,4.75,38.16,38.57,0.41,0.00565,639.0
171.0,5.9,2448,2449,TTN044,TTN045,3.904,43.72,42.5,1.22,0.00632,479.8
172.0,6.2,2452,2500,CHY015,CHY088,2.648,41.95,39.83,2.12,0.05531,273.6
172.0,6.2,2462,3845,CHY029,CHY006,4.306,56.37,50.12,6.25,0.10107,491.5
172.0,6.2,2465,2466,CHY034,CHY035,4.05,44.18,40.09,4.09,0.10943,475.9
172.0,6.2,2470,2498,CHY042,CHY086,1.296,28.48,27.2,1.28,0.05937,665.2
172.0,6.2,2472,2473,CHY046,CHY047,2.549,46.82,49.52,2.7,0.04977,305.8
172.0,6.2,2475,2496,CHY052,CHY081,2.667,31.57,31.51,0.06,0.03199,573.0
172.0,6.2,2476,2510,CHY054,CHY107,2.27,44.71,45.25,0.54,0.04694,173.9
172.0,6.2,2477,2510,CHY055,CHY107,3.774,44.64,45.25,0.61,0.04869,200.7
172.0,6.2,2481,2505,CHY060,CHY099,4.435,39.38,37.96,1.42,0.01826,228.9
172.0,6.2,2485,2569,CHY065,KAU012,3.935,27.25,25.41,1.84,0.02018,383.1
172.0,6.2,2485,2582,CHY065,KAU085,3.24,27.25,27.78,0.53,0.02034,255.4
172.0,6.2,2486,2575,CHY066,KAU063,3.926,33.67,34.62,0.95,0.01672,219.6
172.0,6.2,2487,2488,CHY067,CHY069,2.822,37.15,36.4,0.75,0.01633,226.2
172.0,6.2,2488,2489,CHY069,CHY070,4.831,36.4,34.33,2.07,0.01492,244.9
172.0,6.2,2489,2504,CHY070,CHY096,1.399,34.33,34.54,0.21,0.01451,279.5
172.0,6.2,2511,2513,CHY114,CHY116,4.608,41.12,43.05,1.93,0.02065,208.3
172.0,6.2,2515,2516,HWA005,HWA006,1.419,73.99,75.35,1.36,0.01632,509.2
172.0,6.2,2516,2535,HWA006,HWA032,4.216,75.35,79.19,3.84,0.01375,566.1
172.0,6.2,2517,2518,HWA009,HWA011,3.146,75.25,74.38,0.87,0.00916,364.5
172.0,6.2,2517,2519,HWA009,HWA012,0.693,75.25,75.33,0.08,0.00711,393.8
172.0,6.2,2517,2520,HWA009,HWA013,3.051,75.25,75.93,0.68,0.0091,351.9
172.0,6.2,2517,2521,HWA009,HWA014,2.768,75.25,76.45,1.2,0.00838,325.3
172.0,6.2,2517,2525,HWA009,HWA019,2.082,75.25,76.25,1.0,0.00821,434.0
172.0,6.2,2517,2531,HWA009,HWA028,3.151,75.25,73.06,2.19,0.00758,390.0
172.0,6.2,2517,2550,HWA009,HWA050,3.316,75.25,74.86,0.39,0.0069,343.6
172.0,6.2,2518,2519,HWA011,HWA012,3.826,74.38,75.33,0.95,0.0086,385.1
172.0,6.2,2518,2520,HWA011,HWA013,2.092,74.38,75.93,1.55,0.01059,343.2
172.0,6.2,2518,2521,HWA011,HWA014,2.902,74.38,76.45,2.07,0.00987,316.5
172.0,6.2,2518,2522,HWA011,HWA015,4.037,74.38,75.41,1.03,0.00823,404.4
172.0,6.2,2518,2523,HWA011,HWA016,4.366,74.38,76.45,2.07,0.00783,466.2
172.0,6.2,2518,2525,HWA011,HWA019,2.892,74.38,76.25,1.87,0.00969,425.3
172.0,6.2,2518,2531,HWA011,HWA028,2.816,74.38,73.06,1.32,0.00907,381.2
172.0,6.2,2518,2548,HWA011,HWA048,2.22,74.38,72.89,1.49,0.01151,350.8
172.0,6.2,2518,2549,HWA011,HWA049,2.857,74.38,73.89,0.49,0.00997,432.2
172.0,6.2,2518,2550,HWA011,HWA050,0.746,74.38,74.86,0.48,0.00839,334.8
172.0,6.2,2519,2520,HWA012,HWA013,3.681,75.33,75.93,0.6,0.00854,372.5
172.0,6.2,2519,2521,HWA012,HWA014,3.285,75.33,76.45,1.12,0.00781,345.9
172.0,6.2,2519,2525,HWA012,HWA019,2.573,75.33,76.25,0.92,0.00764,454.6
172.0,6.2,2519,2531,HWA012,HWA028,3.498,75.33,73.06,2.27,0.00702,410.6
172.0,6.2,2519,2550,HWA012,HWA050,4.009,75.33,74.86,0.47,0.00634,364.2
172.0,6.2,2520,2521,HWA013,HWA014,0.998,75.93,76.45,0.52,0.00981,303.9
172.0,6.2,2520,2522,HWA013,HWA015,3.869,75.93,75.41,0.52,0.00817,391.8
172.0,6.2,2520,2523,HWA013,HWA016,3.475,75.93,76.45,0.52,0.00777,453.5
172.0,6.2,2520,2525,HWA013,HWA019,1.427,75.93,76.25,0.32,0.00964,412.7
172.0,6.2,2520,2531,HWA013,HWA028,4.483,75.93,73.06,2.87,0.00901,368.6
172.0,6.2,2520,2532,HWA013,HWA029,4.995,75.93,78.92,2.99,0.00816,472.3
172.0,6.2,2520,2548,HWA013,HWA048,4.199,75.93,72.89,3.04,0.01145,338.2
172.0,6.2,2520,2549,HWA013,HWA049,3.886,75.93,73.89,2.04,0.00991,419.6
172.0,6.2,2520,2550,HWA013,HWA050,1.483,75.93,74.86,1.07,0.00833,322.2
172.0,6.2,2521,2522,HWA014,HWA015,4.712,76.45,75.41,1.04,0.00745,365.2
172.0,6.2,2521,2523,HWA014,HWA016,4.101,76.45,76.45,0.0,0.00704,426.9
172.0,6.2,2521,2525,HWA014,HWA019,0.717,76.45,76.25,0.2,0.00891,386.0
172.0,6.2,2521,2531,HWA014,HWA028,4.897,76.45,73.06,3.39,0.00828,342.0
172.0,6.2,2521,2532,HWA014,HWA029,4.968,76.45,78.92,2.47,0.00743,445.7
172.0,6.2,2521,2549,HWA014,HWA049,4.883,76.45,73.89,2.56,0.00919,392.9
172.0,6.2,2521,2550,HWA014,HWA050,2.405,76.45,74.86,1.59,0.00761,295.6
172.0,6.2,2522,2523,HWA015,HWA016,1.405,75.41,76.45,1.04,0.00541,514.8
172.0,6.2,2522,2524,HWA015,HWA017,3.213,75.41,77.37,1.96,0.00568,515.6
172.0,6.2,2522,2532,HWA015,HWA029,4.614,75.41,78.92,3.51,0.0058,533.5
172.0,6.2,2522,2548,HWA015,HWA048,4.382,75.41,72.89,2.52,0.00909,399.5
172.0,6.2,2522,2549,HWA015,HWA049,2.22,75.41,73.89,1.52,0.00755,480.8
172.0,6.2,2522,2550,HWA015,HWA050,3.513,75.41,74.86,0.55,0.00598,383.5
172.0,6.2,2523,2524,HWA016,HWA017,2.699,76.45,77.37,0.92,0.00528,577.3
172.0,6.2,2523,2525,HWA016,HWA019,4.769,76.45,76.25,0.2,0.00687,535.7
172.0,6.2,2523,2532,HWA016,HWA029,3.229,76.45,78.92,2.47,0.00539,595.3
172.0,6.2,2523,2549,HWA016,HWA049,3.388,76.45,73.89,2.56,0.00715,542.6
172.0,6.2,2523,2550,HWA016,HWA050,3.689,76.45,74.86,1.59,0.00557,445.2
172.0,6.2,2524,2532,HWA017,HWA029,3.439,77.37,78.92,1.55,0.00567,596.1
172.0,6.2,2525,2531,HWA019,HWA028,4.486,76.25,73.06,3.19,0.00811,450.8
172.0,6.2,2525,2550,HWA019,HWA050,2.559,76.25,74.86,1.39,0.00744,404.4
172.0,6.2,2526,2533,HWA020,HWA030,3.563,89.49,87.53,1.96,0.00463,609.3
172.0,6.2,2527,2546,HWA022,HWA045,4.74,60.24,58.26,1.98,0.00907,526.0
172.0,6.2,2529,2547,HWA025,HWA046,2.827,63.91,64.14,0.23,0.00497,555.9
172.0,6.2,2529,2553,HWA025,HWA057,3.536,63.91,63.1,0.81,0.00531,582.9
172.0,6.2,2530,2531,HWA027,HWA028,4.331,69.97,73.06,3.09,0.00633,422.2
172.0,6.2,2531,2548,HWA028,HWA048,3.097,73.06,72.89,0.17,0.00993,376.3
172.0,6.2,2531,2550,HWA028,HWA050,3.527,73.06,74.86,1.8,0.00681,360.3
172.0,6.2,2533,2534,HWA030,HWA031,4.94,87.53,85.78,1.75,0.00583,597.2
172.0,6.2,2535,2538,HWA032,HWA035,3.41,79.19,81.84,2.65,0.01089,625.3
172.0,6.2,2539,2541,HWA036,HWA038,4.808,56.85,52.52,4.33,0.00892,572.9
172.0,6.2,2540,2541,HWA037,HWA038,4.11,54.08,52.52,1.56,0.01197,556.2
172.0,6.2,2547,2553,HWA046,HWA057,1.66,64.14,63.1,1.04,0.00588,644.5
172.0,6.2,2548,2549,HWA048,HWA049,2.274,72.89,73.89,1.0,0.01083,427.2
172.0,6.2,2548,2550,HWA048,HWA050,2.717,72.89,74.86,1.97,0.00925,329.9
172.0,6.2,2549,2550,HWA049,HWA050,2.741,73.89,74.86,0.97,0.00771,411.3
172.0,6.2,2551,2555,HWA051,HWA059,4.831,84.47,83.99,0.48,0.00848,324.5
172.0,6.2,2559,2560,ILA013,ILA037,2.147,40.83,39.93,0.9,0.00917,204.8
172.0,6.2,2559,2562,ILA013,ILA048,4.986,40.83,40.79,0.04,0.00995,199.5
172.0,6.2,2563,2564,ILA062,ILA064,1.804,52.43,51.61,0.82,0.00681,468.1
172.0,6.2,2563,2565,ILA062,ILA066,3.222,52.43,52.64,0.21,0.00933,464.3
172.0,6.2,2564,2565,ILA064,ILA066,3.4,51.61,52.64,1.03,0.00817,484.9
172.0,6.2,2568,2576,KAU010,KAU064,4.158,27.26,28.85,1.59,0.01174,230.1
172.0,6.2,2584,2585,TAP034,TAP053,1.673,28.28,27.64,0.64,0.00742,538.7
172.0,6.2,2587,2638,TCU015,TCU098,3.904,4.64,2.73,1.91,0.01298,386.3
172.0,6.2,2588,2630,TCU017,TCU081,4.454,8.35,6.24,2.11,0.00735,494.6
172.0,6.2,2588,2636,TCU017,TCU094,4.423,8.35,10.66,2.31,0.00752,574.3
172.0,6.2,2589,2636,TCU026,TCU094,2.734,11.95,10.66,1.29,0.0077,579.9
172.0,6.2,2590,2591,TCU029,TCU031,4.884,6.98,10.22,3.24,0.01581,447.9
172.0,6.2,2592,2598,TCU032,TCU039,4.692,2.57,5.05,2.48,0.01742,448.7
172.0,6.2,2592,2600,TCU032,TCU042,3.543,2.57,2.96,0.39,0.01851,467.9
172.0,6.2,2592,2659,TCU032,TCU131,4.929,2.57,2.3,0.27,0.01357,423.8
172.0,6.2,2597,2599,TCU038,TCU040,4.943,14.02,16.22,2.2,0.02201,329.9
172.0,6.2,2600,2659,TCU042,TCU131,1.707,2.96,2.3,0.66,0.01617,534.9
172.0,6.2,2604,2606,TCU048,TCU050,4.041,32.24,27.95,4.29,0.0285,546.8
172.0,6.2,2604,2611,TCU048,TCU056,3.834,32.24,30.6,1.64,0.03422,477.2
172.0,6.2,2604,2612,TCU048,TCU057,1.855,32.24,30.99,1.25,0.02823,553.2
172.0,6.2,2604,2639,TCU048,TCU100,2.255,32.24,29.66,2.58,0.0283,543.2
172.0,6.2,2605,2607,TCU049,TCU051,4.416,21.55,27.29,5.74,0.03395,418.7
172.0,6.2,2605,2609,TCU049,TCU053,2.704,21.55,23.31,1.76,0.03029,470.9
172.0,6.2,2605,2610,TCU049,TCU054,2.509,21.55,24.44,2.89,0.03299,474.0
172.0,6.2,2605,2631,TCU049,TCU082,3.787,21.55,25.18,3.63,0.03744,480.0
172.0,6.2,2606,2607,TCU050,TCU051,2.982,27.95,27.29,0.66,0.0324,446.2
172.0,6.2,2606,2609,TCU050,TCU053,3.793,27.95,23.31,4.64,0.02874,498.5
172.0,6.2,2606,2610,TCU050,TCU054,4.75,27.95,24.44,3.51,0.03143,501.5
172.0,6.2,2606,2611,TCU050,TCU056,2.72,27.95,30.6,2.65,0.03233,472.8
172.0,6.2,2606,2612,TCU050,TCU057,2.518,27.95,30.99,3.04,0.02633,548.8
172.0,6.2,2606,2614,TCU050,TCU060,4.914,27.95,24.36,3.59,0.02362,458.9
172.0,6.2,2606,2639,TCU050,TCU100,1.937,27.95,29.66,1.71,0.02641,538.8
172.0,6.2,2607,2609,TCU051,TCU053,4.075,27.29,23.31,3.98,0.03453,402.3
172.0,6.2,2607,2610,TCU051,TCU054,2.356,27.29,24.44,2.85,0.03723,405.4
172.0,6.2,2607,2611,TCU051,TCU056,2.846,27.29,30.6,3.31,0.03812,376.6
172.0,6.2,2607,2612,TCU051,TCU057,4.409,27.29,30.99,3.7,0.03213,452.6
172.0,6.2,2607,2631,TCU051,TCU082,2.838,27.29,25.18,2.11,0.04168,411.4
172.0,6.2,2607,2639,TCU051,TCU100,4.664,27.29,29.66,2.37,0.0322,442.6
172.0,6.2,2609,2610,TCU053,TCU054,3.646,23.31,24.44,1.13,0.03357,457.6
172.0,6.2,2609,2614,TCU053,TCU060,4.285,23.31,24.36,1.05,0.02576,415.0
172.0,6.2,2610,2631,TCU054,TCU082,1.527,24.44,25.18,0.74,0.04072,466.8
172.0,6.2,2611,2612,TCU056,TCU057,2.081,30.6,30.99,0.39,0.03206,479.2
172.0,6.2,2611,2639,TCU056,TCU100,3.124,30.6,29.66,0.94,0.03213,469.2
172.0,6.2,2612,2639,TCU057,TCU100,1.477,30.99,29.66,1.33,0.02614,545.2
172.0,6.2,2613,2642,TCU059,TCU104,4.645,29.62,27.44,2.18,0.03524,341.6
172.0,6.2,2613,2643,TCU059,TCU105,3.337,29.62,31.72,2.1,0.04031,424.1
172.0,6.2,2614,2642,TCU060,TCU104,4.864,24.36,27.44,3.08,0.01889,392.9
172.0,6.2,2614,2660,TCU060,TCU136,4.037,24.36,21.86,2.5,0.01968,418.8
172.0,6.2,2618,2619,TCU065,TCU067,4.64,30.22,22.87,7.35,0.2539,369.7
172.0,6.2,2627,2658,TCU076,TCU129,3.384,58.46,65.7,7.24,0.53377,563.1
172.0,6.2,2629,2632,TCU079,TCU084,4.87,53.88,31.96,21.92,0.21377,514.6
172.0,6.2,2632,2635,TCU084,TCU089,4.968,31.96,3.63,28.33,0.10236,668.4
172.0,6.2,2642,2643,TCU104,TCU105,4.399,27.44,31.72,4.28,0.02221,493.0
172.0,6.2,2644,2645,TCU106,TCU107,1.666,44.85,47.08,2.23,0.06499,430.2
172.0,6.2,2644,2646,TCU106,TCU109,1.987,44.85,42.77,2.08,0.07296,493.2
172.0,6.2,2645,2646,TCU107,TCU109,3.432,47.08,42.77,4.31,0.08349,472.1
172.0,6.2,2662,2664,TCU140,TCU145,3.365,71.66,69.98,1.68,0.03652,232.0
172.0,6.2,2666,2681,TTN001,TTN031,4.651,47.93,51.07,3.14,0.0104,497.6
172.0,6.2,2669,2670,TTN009,TTN010,3.297,14.34,12.79,1.55,0.00587,312.6
172.0,6.2,2669,2671,TTN009,TTN012,2.25,14.34,14.04,0.3,0.00521,301.1
172.0,6.2,2670,2671,TTN010,TTN012,3.533,12.79,14.04,1.25,0.00558,299.8
172.0,6.2,2670,2691,TTN010,TTN048,4.841,12.79,11.69,1.1,0.00619,342.4
172.0,6.2,2673,2678,TTN018,TTN026,4.844,11.67,12.77,1.1,0.00596,573.0
172.0,6.2,2673,2679,TTN018,TTN027,2.051,11.67,12.25,0.58,0.00694,501.0
172.0,6.2,2673,2680,TTN018,TTN028,4.968,11.67,10.35,1.32,0.00432,594.6
172.0,6.2,2674,2675,TTN020,TTN022,3.317,25.59,24.96,0.63,0.00752,426.3
172.0,6.2,2674,2685,TTN020,TTN040,2.825,25.59,25.91,0.32,0.00517,590.9
172.0,6.2,2676,2689,TTN024,TTN045,4.059,15.85,18.19,2.34,0.00581,605.8
172.0,6.2,2677,2678,TTN025,TTN026,4.75,12.72,12.77,0.05,0.00715,639.0
172.0,6.2,2679,2680,TTN027,TTN028,4.562,12.25,10.35,1.9,0.00646,522.6
172.0,6.2,2679,2691,TTN027,TTN048,3.884,12.25,11.69,0.56,0.0076,401.2
172.0,6.2,2680,2691,TTN028,TTN048,2.987,10.35,11.69,1.34,0.00499,494.9
172.0,6.2,2688,2689,TTN044,TTN045,3.904,19.88,18.19,1.69,0.0067,479.8
173.0,6.2,2694,2744,CHY015,CHY088,2.648,87.3,84.77,2.53,0.08643,273.6
173.0,6.2,2700,2746,CHY025,CHY092,3.834,27.32,28.49,1.17,0.0589,265.6
173.0,6.2,2704,3852,CHY029,CHY006,4.306,57.05,64.25,7.2,0.08748,491.5
173.0,6.2,2705,2710,CHY030,CHY036,4.126,51.93,58.59,6.66,0.08623,218.9
173.0,6.2,2705,2754,CHY030,CHY104,3.018,51.93,47.87,4.06,0.06425,214.0
173.0,6.2,2708,2709,CHY034,CHY035,4.05,77.26,80.25,2.99,0.1103,475.9
173.0,6.2,2712,2742,CHY042,CHY086,1.296,71.98,69.92,2.06,0.10321,665.2
173.0,6.2,2714,2715,CHY046,CHY047,2.549,80.61,77.17,3.44,0.12142,305.8
173.0,6.2,2717,2740,CHY052,CHY081,2.667,73.22,72.52,0.7,0.03893,573.0
173.0,6.2,2718,2755,CHY054,CHY107,2.27,88.12,88.34,0.22,0.04286,173.9
173.0,6.2,2719,2755,CHY055,CHY107,3.774,86.89,88.34,1.45,0.03835,200.7
173.0,6.2,2723,2757,CHY059,CHY115,4.574,87.86,86.6,1.26,0.02974,225.3
173.0,6.2,2724,2750,CHY060,CHY099,4.435,78.38,77.07,1.31,0.02574,228.9
173.0,6.2,2728,2809,CHY065,KAU012,3.935,62.26,59.91,2.35,0.02729,383.1
173.0,6.2,2728,2836,CHY065,KAU085,3.24,62.26,62.74,0.48,0.02844,255.4
173.0,6.2,2729,2825,CHY066,KAU063,3.926,69.74,70.67,0.93,0.01662,219.6
173.0,6.2,2730,2731,CHY067,CHY069,2.822,74.33,73.25,1.08,0.02298,226.2
173.0,6.2,2731,2732,CHY069,CHY070,4.831,73.25,70.93,2.32,0.01817,244.9
173.0,6.2,2732,2749,CHY070,CHY096,1.399,70.93,71.28,0.35,0.01697,279.5
173.0,6.2,2746,2899,CHY092,TCU141,4.945,28.49,24.27,4.22,0.04947,238.4
173.0,6.2,2756,2758,CHY114,CHY116,4.608,78.99,81.5,2.51,0.03142,208.3
173.0,6.2,2760,2761,HWA005,HWA006,1.419,66.49,67.74,1.25,0.02808,509.2
173.0,6.2,2761,2780,HWA006,HWA032,4.216,67.74,71.67,3.93,0.02107,566.1
173.0,6.2,2762,2763,HWA007,HWA009,0.54,88.15,88.46,0.31,0.00778,366.0
173.0,6.2,2762,2764,HWA007,HWA011,3.337,88.15,89.64,1.49,0.00964,357.2
173.0,6.2,2762,2765,HWA007,HWA013,2.881,88.15,88.34,0.19,0.00898,344.6
173.0,6.2,2762,2766,HWA007,HWA014,2.438,88.15,87.78,0.37,0.00887,318.0
173.0,6.2,2762,2770,HWA007,HWA019,1.725,88.15,87.85,0.3,0.01051,426.8
173.0,6.2,2762,2776,HWA007,HWA028,3.661,88.15,89.57,1.42,0.00887,382.7
173.0,6.2,2762,2795,HWA007,HWA050,3.39,88.15,89.29,1.14,0.00672,336.3
173.0,6.2,2763,2764,HWA009,HWA011,3.146,88.46,89.64,1.18,0.01072,364.5
173.0,6.2,2763,2765,HWA009,HWA013,3.051,88.46,88.34,0.12,0.01007,351.9
173.0,6.2,2763,2766,HWA009,HWA014,2.768,88.46,87.78,0.68,0.00996,325.3
173.0,6.2,2763,2770,HWA009,HWA019,2.082,88.46,87.85,0.61,0.0116,434.0
173.0,6.2,2763,2776,HWA009,HWA028,3.151,88.46,89.57,1.11,0.00996,390.0
173.0,6.2,2763,2795,HWA009,HWA050,3.316,88.46,89.29,0.83,0.00781,343.6
173.0,6.2,2764,2765,HWA011,HWA013,2.092,89.64,88.34,1.3,0.01193,343.2
173.0,6.2,2764,2766,HWA011,HWA014,2.902,89.64,87.78,1.86,0.01181,316.5
173.0,6.2,2764,2767,HWA011,HWA015,4.037,89.64,89.4,0.24,0.00968,404.4
173.0,6.2,2764,2768,HWA011,HWA016,4.366,89.64,88.46,1.18,0.00931,466.2
173.0,6.2,2764,2770,HWA011,HWA019,2.892,89.64,87.85,1.79,0.01345,425.3
173.0,6.2,2764,2776,HWA011,HWA028,2.816,89.64,89.57,0.07,0.01181,381.2
173.0,6.2,2764,2793,HWA011,HWA048,2.22,89.64,88.96,0.68,0.01402,350.8
173.0,6.2,2764,2794,HWA011,HWA049,2.857,89.64,89.5,0.14,0.0117,432.2
173.0,6.2,2764,2795,HWA011,HWA050,0.746,89.64,89.29,0.35,0.00966,334.8
173.0,6.2,2765,2766,HWA013,HWA014,0.998,88.34,87.78,0.56,0.01116,303.9
173.0,6.2,2765,2767,HWA013,HWA015,3.869,88.34,89.4,1.06,0.00903,391.8
173.0,6.2,2765,2768,HWA013,HWA016,3.475,88.34,88.46,0.12,0.00866,453.5
173.0,6.2,2765,2770,HWA013,HWA019,1.427,88.34,87.85,0.49,0.0128,412.7
173.0,6.2,2765,2776,HWA013,HWA028,4.483,88.34,89.57,1.23,0.01116,368.6
173.0,6.2,2765,2777,HWA013,HWA029,4.995,88.34,86.31,2.03,0.0092,472.3
173.0,6.2,2765,2793,HWA013,HWA048,4.199,88.34,88.96,0.62,0.01337,338.2
173.0,6.2,2765,2794,HWA013,HWA049,3.886,88.34,89.5,1.16,0.01105,419.6
173.0,6.2,2765,2795,HWA013,HWA050,1.483,88.34,89.29,0.95,0.00901,322.2
173.0,6.2,2766,2767,HWA014,HWA015,4.712,87.78,89.4,1.62,0.00892,365.2
173.0,6.2,2766,2768,HWA014,HWA016,4.101,87.78,88.46,0.68,0.00855,426.9
173.0,6.2,2766,2770,HWA014,HWA019,0.717,87.78,87.85,0.07,0.01269,386.0
173.0,6.2,2766,2776,HWA014,HWA028,4.897,87.78,89.57,1.79,0.01105,342.0
173.0,6.2,2766,2777,HWA014,HWA029,4.968,87.78,86.31,1.47,0.00908,445.7
173.0,6.2,2766,2794,HWA014,HWA049,4.883,87.78,89.5,1.72,0.01094,392.9
173.0,6.2,2766,2795,HWA014,HWA050,2.405,87.78,89.29,1.51,0.00889,295.6
173.0,6.2,2767,2768,HWA015,HWA016,1.405,89.4,88.46,0.94,0.00642,514.8
173.0,6.2,2767,2769,HWA015,HWA017,3.213,89.4,88.13,1.27,0.00671,515.6
173.0,6.2,2767,2777,HWA015,HWA029,4.614,89.4,86.31,3.09,0.00696,533.5
173.0,6.2,2767,2793,HWA015,HWA048,4.382,89.4,88.96,0.44,0.01112,399.5
173.0,6.2,2767,2794,HWA015,HWA049,2.22,89.4,89.5,0.1,0.00881,480.8
173.0,6.2,2767,2795,HWA015,HWA050,3.513,89.4,89.29,0.11,0.00677,383.5
173.0,6.2,2768,2769,HWA016,HWA017,2.699,88.46,88.13,0.33,0.00634,577.3
173.0,6.2,2768,2770,HWA016,HWA019,4.769,88.46,87.85,0.61,0.01019,535.7
173.0,6.2,2768,2777,HWA016,HWA029,3.229,88.46,86.31,2.15,0.00659,595.3
173.0,6.2,2768,2794,HWA016,HWA049,3.388,88.46,89.5,1.04,0.00844,542.6
173.0,6.2,2768,2795,HWA016,HWA050,3.689,88.46,89.29,0.83,0.0064,445.2
173.0,6.2,2769,2777,HWA017,HWA029,3.439,88.13,86.31,1.82,0.00688,596.1
173.0,6.2,2770,2776,HWA019,HWA028,4.486,87.85,89.57,1.72,0.01269,450.8
173.0,6.2,2770,2795,HWA019,HWA050,2.559,87.85,89.29,1.44,0.01053,404.4
173.0,6.2,2771,2778,HWA020,HWA030,3.563,80.97,77.95,3.02,0.00835,609.3
173.0,6.2,2772,2797,HWA024,HWA055,4.836,30.57,29.6,0.97,0.01747,520.6
173.0,6.2,2773,2792,HWA025,HWA046,2.827,83.09,82.99,0.1,0.00678,555.9
173.0,6.2,2773,2799,HWA025,HWA057,3.536,83.09,82.06,1.03,0.00594,582.9
173.0,6.2,2774,2792,HWA026,HWA046,3.448,84.4,82.99,1.41,0.00663,537.5
173.0,6.2,2774,2799,HWA026,HWA057,4.661,84.4,82.06,2.34,0.00578,564.5
173.0,6.2,2775,2776,HWA027,HWA028,4.331,87.02,89.57,2.55,0.00903,422.2
173.0,6.2,2776,2793,HWA028,HWA048,3.097,89.57,88.96,0.61,0.01325,376.3
173.0,6.2,2776,2795,HWA028,HWA050,3.527,89.57,89.29,0.28,0.00889,360.3
173.0,6.2,2778,2779,HWA030,HWA031,4.94,77.95,75.16,2.79,0.01188,597.2
173.0,6.2,2780,2783,HWA032,HWA035,3.41,71.67,73.29,1.62,0.01879,625.3
173.0,6.2,2784,2786,HWA036,HWA038,4.808,48.77,44.04,4.73,0.01609,572.9
173.0,6.2,2785,2786,HWA037,HWA038,4.11,44.37,44.04,0.33,0.02233,556.2
173.0,6.2,2792,2799,HWA046,HWA057,1.66,82.99,82.06,0.93,0.0066,644.5
173.0,6.2,2793,2794,HWA048,HWA049,2.274,88.96,89.5,0.54,0.01314,427.2
173.0,6.2,2793,2795,HWA048,HWA050,2.717,88.96,89.29,0.33,0.0111,329.9
173.0,6.2,2794,2795,HWA049,HWA050,2.741,89.5,89.29,0.21,0.00879,411.3
173.0,6.2,2796,2801,HWA051,HWA059,4.831,82.22,83.67,1.45,0.01577,324.5
173.0,6.2,2805,2824,KAU003,KAU062,2.812,58.14,56.88,1.26,0.01134,580.3
173.0,6.2,2806,2818,KAU006,KAU045,2.751,54.72,54.63,0.09,0.00961,184.3
173.0,6.2,2806,2822,KAU006,KAU055,2.589,54.72,53.6,1.12,0.00966,248.0
173.0,6.2,2806,2824,KAU006,KAU062,4.97,54.72,56.88,2.16,0.01155,232.7
173.0,6.2,2806,2837,KAU006,KAU087,2.501,54.72,55.46,0.74,0.00942,247.3
173.0,6.2,2807,2808,KAU007,KAU008,2.06,54.08,53.31,0.77,0.01188,288.4
173.0,6.2,2807,2810,KAU007,KAU015,2.958,54.08,55.54,1.46,0.0124,262.0
173.0,6.2,2807,2823,KAU007,KAU058,3.937,54.08,55.9,1.82,0.01114,260.3
173.0,6.2,2808,2810,KAU008,KAU015,4.686,53.31,55.54,2.23,0.01391,259.6
173.0,6.2,2810,2823,KAU015,KAU058,1.375,55.54,55.9,0.36,0.01317,231.4
173.0,6.2,2810,2838,KAU015,KAU088,2.858,55.54,56.46,0.92,0.0131,230.3
173.0,6.2,2811,2839,KAU017,KAU089,3.609,50.18,49.0,1.18,0.01098,237.3
173.0,6.2,2815,2835,KAU032,KAU083,2.409,47.85,48.43,0.58,0.01536,198.1
173.0,6.2,2818,2822,KAU045,KAU055,2.906,54.63,53.6,1.03,0.01063,213.9
173.0,6.2,2822,2837,KAU055,KAU087,4.901,53.6,55.46,1.86,0.01045,276.8
173.0,6.2,2823,2824,KAU058,KAU062,4.678,55.9,56.88,0.98,0.01319,238.2
173.0,6.2,2823,2837,KAU058,KAU087,4.184,55.9,55.46,0.44,0.01106,252.9
173.0,6.2,2823,2838,KAU058,KAU088,1.515,55.9,56.46,0.56,0.01184,228.6
173.0,6.2,2824,2837,KAU062,KAU087,3.025,56.88,55.46,1.42,0.01234,261.5
173.0,6.2,2824,2838,KAU062,KAU088,3.341,56.88,56.46,0.42,0.01312,237.2
173.0,6.2,2837,2838,KAU087,KAU088,3.743,55.46,56.46,1.0,0.01099,251.8
173.0,6.2,2844,2845,TCU029,TCU031,4.884,26.16,23.58,2.58,0.01612,447.9
173.0,6.2,2849,2851,TCU038,TCU040,4.943,20.89,19.41,1.48,0.01622,329.9
173.0,6.2,2852,2895,TCU042,TCU131,1.707,29.33,29.81,0.48,0.01665,534.9
173.0,6.2,2854,2856,TCU048,TCU050,4.041,10.44,13.72,3.28,0.01743,546.8
173.0,6.2,2854,2861,TCU048,TCU056,3.834,10.44,12.24,1.8,0.01521,477.2
173.0,6.2,2854,2862,TCU048,TCU057,1.855,10.44,11.58,1.14,0.01381,553.2
173.0,6.2,2854,2876,TCU048,TCU100,2.255,10.44,12.33,1.89,0.01375,543.2
173.0,6.2,2855,2857,TCU049,TCU051,4.416,18.44,14.69,3.75,0.01408,418.7
173.0,6.2,2855,2859,TCU049,TCU053,2.704,18.44,16.92,1.52,0.01067,470.9
173.0,6.2,2855,2860,TCU049,TCU054,2.509,18.44,16.74,1.7,0.01223,474.0
173.0,6.2,2855,2870,TCU049,TCU082,3.787,18.44,16.51,1.93,0.0139,480.0
173.0,6.2,2856,2857,TCU050,TCU051,2.982,13.72,14.69,0.97,0.01837,446.2
173.0,6.2,2856,2859,TCU050,TCU053,3.793,13.72,16.92,3.2,0.01496,498.5
173.0,6.2,2856,2860,TCU050,TCU054,4.75,13.72,16.74,3.02,0.01652,501.5
173.0,6.2,2856,2861,TCU050,TCU056,2.72,13.72,12.24,1.48,0.01817,472.8
173.0,6.2,2856,2862,TCU050,TCU057,2.518,13.72,11.58,2.14,0.01677,548.8
173.0,6.2,2856,2864,TCU050,TCU060,4.914,13.72,15.59,1.87,0.01541,458.9
173.0,6.2,2856,2876,TCU050,TCU100,1.937,13.72,12.33,1.39,0.01671,538.8
173.0,6.2,2857,2859,TCU051,TCU053,4.075,14.69,16.92,2.23,0.01293,402.3
173.0,6.2,2857,2860,TCU051,TCU054,2.356,14.69,16.74,2.05,0.01449,405.4
173.0,6.2,2857,2861,TCU051,TCU056,2.846,14.69,12.24,2.45,0.01614,376.6
173.0,6.2,2857,2862,TCU051,TCU057,4.409,14.69,11.58,3.11,0.01474,452.6
173.0,6.2,2857,2870,TCU051,TCU082,2.838,14.69,16.51,1.82,0.01616,411.4
173.0,6.2,2857,2876,TCU051,TCU100,4.664,14.69,12.33,2.36,0.01468,442.6
173.0,6.2,2859,2860,TCU053,TCU054,3.646,16.92,16.74,0.18,0.01109,457.6
173.0,6.2,2859,2864,TCU053,TCU060,4.285,16.92,15.59,1.33,0.00998,415.0
173.0,6.2,2860,2870,TCU054,TCU082,1.527,16.74,16.51,0.23,0.01432,466.8
173.0,6.2,2861,2862,TCU056,TCU057,2.081,12.24,11.58,0.66,0.01455,479.2
173.0,6.2,2861,2876,TCU056,TCU100,3.124,12.24,12.33,0.09,0.01449,469.2
173.0,6.2,2862,2876,TCU057,TCU100,1.477,11.58,12.33,0.75,0.01308,545.2
173.0,6.2,2863,2879,TCU059,TCU104,4.645,10.75,12.88,2.13,0.02043,341.6
173.0,6.2,2863,2880,TCU059,TCU105,3.337,10.75,9.58,1.17,0.02098,424.1
173.0,6.2,2864,2879,TCU060,TCU104,4.864,15.59,12.88,2.71,0.0097,392.9
173.0,6.2,2864,2896,TCU060,TCU136,4.037,15.59,16.93,1.34,0.01063,418.8
173.0,6.2,2871,2873,TCU084,TCU089,4.968,44.46,36.27,8.19,0.03746,668.4
173.0,6.2,2879,2880,TCU104,TCU105,4.399,12.88,9.58,3.3,0.00952,493.0
173.0,6.2,2881,2882,TCU106,TCU107,1.666,3.14,1.63,1.51,0.02834,430.2
173.0,6.2,2881,2883,TCU106,TCU109,1.987,3.14,4.92,1.78,0.02816,493.2
173.0,6.2,2882,2883,TCU107,TCU109,3.432,1.63,4.92,3.29,0.02931,472.1
173.0,6.2,2884,2892,TCU110,TCU120,4.856,2.28,3.57,1.29,0.04505,336.0
173.0,6.2,2898,2900,TCU140,TCU145,3.365,19.58,19.22,0.36,0.04512,232.0
173.0,6.2,2901,2923,TTN001,TTN031,4.651,33.82,37.59,3.77,0.01956,497.6
173.0,6.2,2902,2929,TTN002,TTN042,3.63,5.06,5.08,0.02,0.01984,756.4
173.0,6.2,2905,2906,TTN005,TTN006,1.677,10.69,10.51,0.18,0.01213,345.4
173.0,6.2,2905,2907,TTN005,TTN007,0.912,10.69,10.39,0.3,0.01222,345.1
173.0,6.2,2905,2908,TTN005,TTN008,1.229,10.69,9.98,0.71,0.01462,350.1
173.0,6.2,2905,2909,TTN005,TTN009,0.975,10.69,10.64,0.05,0.01237,360.8
173.0,6.2,2905,2910,TTN005,TTN010,3.323,10.69,12.53,1.84,0.01175,359.5
173.0,6.2,2905,2911,TTN005,TTN012,1.286,10.69,10.9,0.21,0.01166,347.9
173.0,6.2,2905,2913,TTN005,TTN015,0.708,10.69,10.4,0.29,0.01272,447.8
173.0,6.2,2906,2907,TTN006,TTN007,0.926,10.51,10.39,0.12,0.01186,283.0
173.0,6.2,2906,2908,TTN006,TTN008,1.915,10.51,9.98,0.53,0.01425,287.9
173.0,6.2,2906,2909,TTN006,TTN009,2.63,10.51,10.64,0.13,0.01201,298.6
173.0,6.2,2906,2910,TTN006,TTN010,4.317,10.51,12.53,2.02,0.01139,297.3
173.0,6.2,2906,2911,TTN006,TTN012,0.785,10.51,10.9,0.39,0.01129,285.8
173.0,6.2,2906,2913,TTN006,TTN015,2.161,10.51,10.4,0.11,0.01235,385.6
173.0,6.2,2907,2908,TTN007,TTN008,1.05,10.39,9.98,0.41,0.01434,287.7
173.0,6.2,2907,2909,TTN007,TTN009,1.775,10.39,10.64,0.25,0.01209,298.3
173.0,6.2,2907,2910,TTN007,TTN010,4.063,10.39,12.53,2.14,0.01147,297.0
173.0,6.2,2907,2911,TTN007,TTN012,1.008,10.39,10.9,0.51,0.01138,285.5
173.0,6.2,2907,2913,TTN007,TTN015,1.252,10.39,10.4,0.01,0.01244,385.3
173.0,6.2,2908,2909,TTN008,TTN009,1.483,9.98,10.64,0.66,0.01449,303.3
173.0,6.2,2908,2910,TTN008,TTN010,4.515,9.98,12.53,2.55,0.01387,302.0
173.0,6.2,2908,2911,TTN008,TTN012,2.03,9.98,10.9,0.92,0.01378,290.5
173.0,6.2,2908,2913,TTN008,TTN015,0.872,9.98,10.4,0.42,0.01483,390.3
173.0,6.2,2909,2910,TTN009,TTN010,3.297,10.64,12.53,1.89,0.01162,312.6
173.0,6.2,2909,2911,TTN009,TTN012,2.25,10.64,10.9,0.26,0.01153,301.1
173.0,6.2,2909,2913,TTN009,TTN015,0.624,10.64,10.4,0.24,0.01259,400.9
173.0,6.2,2910,2911,TTN010,TTN012,3.533,12.53,10.9,1.63,0.01091,299.8
173.0,6.2,2910,2913,TTN010,TTN015,3.725,12.53,10.4,2.13,0.01197,399.6
173.0,6.2,2910,2933,TTN010,TTN048,4.841,12.53,13.67,1.14,0.01064,342.4
173.0,6.2,2911,2913,TTN012,TTN015,1.938,10.9,10.4,0.5,0.01187,388.1
173.0,6.2,2914,2920,TTN018,TTN026,4.844,13.42,11.79,1.63,0.01129,573.0
173.0,6.2,2914,2921,TTN018,TTN027,2.051,13.42,12.8,0.62,0.01241,501.0
173.0,6.2,2914,2922,TTN018,TTN028,4.968,13.42,15.26,1.84,0.00968,594.6
173.0,6.2,2915,2916,TTN020,TTN022,3.317,6.88,5.57,1.31,0.03021,426.3
173.0,6.2,2915,2927,TTN020,TTN040,2.825,6.88,7.78,0.9,0.02454,590.9
173.0,6.2,2918,2931,TTN024,TTN045,4.059,7.06,4.19,2.87,0.01747,605.8
173.0,6.2,2919,2920,TTN025,TTN026,4.75,11.54,11.79,0.25,0.01511,639.0
173.0,6.2,2921,2922,TTN027,TTN028,4.562,12.8,15.26,2.46,0.01139,522.6
173.0,6.2,2921,2933,TTN027,TTN048,3.884,12.8,13.67,0.87,0.0122,401.2
173.0,6.2,2922,2933,TTN028,TTN048,2.987,15.26,13.67,1.59,0.00947,494.9
173.0,6.2,2930,2931,TTN044,TTN045,3.904,1.79,4.19,2.4,0.02687,479.8
174.0,6.2,2937,2982,CHY015,CHY088,2.648,68.79,67.26,1.53,0.08277,273.6
174.0,6.2,2945,2991,CHY027,CHY111,4.789,79.18,76.21,2.97,0.09385,243.2
174.0,6.2,2946,3859,CHY029,CHY006,4.306,83.86,79.81,4.05,0.08752,491.5
174.0,6.2,2952,2980,CHY042,CHY086,1.296,60.32,59.28,1.04,0.05217,665.2
174.0,6.2,2954,2955,CHY046,CHY047,2.549,74.57,76.53,1.96,0.1513,305.8
174.0,6.2,2957,2978,CHY052,CHY081,2.667,60.58,60.1,0.48,0.05424,573.0
174.0,6.2,2958,2990,CHY054,CHY107,2.27,69.73,69.95,0.22,0.0636,173.9
174.0,6.2,2959,2990,CHY055,CHY107,3.774,69.11,69.95,0.84,0.07647,200.7
174.0,6.2,2963,2993,CHY059,CHY115,4.574,70.27,69.45,0.82,0.03579,225.3
174.0,6.2,2964,2987,CHY060,CHY099,4.435,63.53,62.64,0.89,0.04012,228.9
174.0,6.2,2968,3077,CHY065,KAU012,3.935,51.88,50.13,1.75,0.04836,383.1
174.0,6.2,2968,3111,CHY065,KAU085,3.24,51.88,52.12,0.24,0.05131,255.4
174.0,6.2,2969,3100,CHY066,KAU063,3.926,57.16,57.8,0.64,0.02527,219.6
174.0,6.2,2970,2971,CHY067,CHY069,2.822,60.58,59.78,0.8,0.03072,226.2
174.0,6.2,2971,2972,CHY069,CHY070,4.831,59.78,58.13,1.65,0.0261,244.9
174.0,6.2,2972,2986,CHY070,CHY096,1.399,58.13,58.41,0.28,0.0249,279.5
174.0,6.2,2992,2994,CHY114,CHY116,4.608,63.97,65.79,1.82,0.0364,208.3
174.0,6.2,2998,2999,HWA007,HWA009,0.54,85.0,84.48,0.52,0.04209,366.0
174.0,6.2,2998,3000,HWA007,HWA011,3.337,85.0,82.96,2.04,0.0539,357.2
174.0,6.2,2998,3001,HWA007,HWA012,0.848,85.0,84.66,0.34,0.03175,386.6
174.0,6.2,2998,3002,HWA007,HWA013,2.881,85.0,85.12,0.12,0.05018,344.6
174.0,6.2,2998,3003,HWA007,HWA014,2.438,85.0,85.93,0.93,0.04658,318.0
174.0,6.2,2998,3007,HWA007,HWA019,1.725,85.0,85.71,0.71,0.07154,426.8
174.0,6.2,2998,3015,HWA007,HWA028,3.661,85.0,81.4,3.6,0.04369,382.7
174.0,6.2,2998,3034,HWA007,HWA050,3.39,85.0,83.59,1.41,0.04071,336.3
174.0,6.2,2999,3000,HWA009,HWA011,3.146,84.48,82.96,1.52,0.06574,364.5
174.0,6.2,2999,3001,HWA009,HWA012,0.693,84.48,84.66,0.18,0.04359,393.8
174.0,6.2,2999,3002,HWA009,HWA013,3.051,84.48,85.12,0.64,0.06202,351.9
174.0,6.2,2999,3003,HWA009,HWA014,2.768,84.48,85.93,1.45,0.05842,325.3
174.0,6.2,2999,3007,HWA009,HWA019,2.082,84.48,85.71,1.23,0.08338,434.0
174.0,6.2,2999,3015,HWA009,HWA028,3.151,84.48,81.4,3.08,0.05553,390.0
174.0,6.2,2999,3034,HWA009,HWA050,3.316,84.48,83.59,0.89,0.05255,343.6
174.0,6.2,3000,3001,HWA011,HWA012,3.826,82.96,84.66,1.7,0.0554,385.1
174.0,6.2,3000,3002,HWA011,HWA013,2.092,82.96,85.12,2.16,0.07383,343.2
174.0,6.2,3000,3003,HWA011,HWA014,2.902,82.96,85.93,2.97,0.07023,316.5
174.0,6.2,3000,3004,HWA011,HWA015,4.037,82.96,83.94,0.98,0.05856,404.4
174.0,6.2,3000,3005,HWA011,HWA016,4.366,82.96,85.47,2.51,0.05679,466.2
174.0,6.2,3000,3007,HWA011,HWA019,2.892,82.96,85.71,2.75,0.09519,425.3
174.0,6.2,3000,3015,HWA011,HWA028,2.816,82.96,81.4,1.56,0.06734,381.2
174.0,6.2,3000,3032,HWA011,HWA048,2.22,82.96,80.77,2.19,0.0991,350.8
174.0,6.2,3000,3033,HWA011,HWA049,2.857,82.96,81.92,1.04,0.06993,432.2
174.0,6.2,3000,3034,HWA011,HWA050,0.746,82.96,83.59,0.63,0.06436,334.8
174.0,6.2,3001,3002,HWA012,HWA013,3.681,84.66,85.12,0.46,0.05168,372.5
174.0,6.2,3001,3003,HWA012,HWA014,3.285,84.66,85.93,1.27,0.04808,345.9
174.0,6.2,3001,3007,HWA012,HWA019,2.573,84.66,85.71,1.05,0.07304,454.6
174.0,6.2,3001,3015,HWA012,HWA028,3.498,84.66,81.4,3.26,0.04519,410.6
174.0,6.2,3001,3034,HWA012,HWA050,4.009,84.66,83.59,1.07,0.04221,364.2
174.0,6.2,3002,3003,HWA013,HWA014,0.998,85.12,85.93,0.81,0.06651,303.9
174.0,6.2,3002,3004,HWA013,HWA015,3.869,85.12,83.94,1.18,0.05484,391.8
174.0,6.2,3002,3005,HWA013,HWA016,3.475,85.12,85.47,0.35,0.05307,453.5
174.0,6.2,3002,3007,HWA013,HWA019,1.427,85.12,85.71,0.59,0.09147,412.7
174.0,6.2,3002,3015,HWA013,HWA028,4.483,85.12,81.4,3.72,0.06362,368.6
174.0,6.2,3002,3016,HWA013,HWA029,4.995,85.12,89.05,3.93,0.05686,472.3
174.0,6.2,3002,3032,HWA013,HWA048,4.199,85.12,80.77,4.35,0.09538,338.2
174.0,6.2,3002,3033,HWA013,HWA049,3.886,85.12,81.92,3.2,0.06621,419.6
174.0,6.2,3002,3034,HWA013,HWA050,1.483,85.12,83.59,1.53,0.06064,322.2
174.0,6.2,3003,3004,HWA014,HWA015,4.712,85.93,83.94,1.99,0.05124,365.2
174.0,6.2,3003,3005,HWA014,HWA016,4.101,85.93,85.47,0.46,0.04946,426.9
174.0,6.2,3003,3007,HWA014,HWA019,0.717,85.93,85.71,0.22,0.08787,386.0
174.0,6.2,3003,3015,HWA014,HWA028,4.897,85.93,81.4,4.53,0.06002,342.0
174.0,6.2,3003,3016,HWA014,HWA029,4.968,85.93,89.05,3.12,0.05326,445.7
174.0,6.2,3003,3033,HWA014,HWA049,4.883,85.93,81.92,4.01,0.06261,392.9
174.0,6.2,3003,3034,HWA014,HWA050,2.405,85.93,83.59,2.34,0.05704,295.6
174.0,6.2,3004,3005,HWA015,HWA016,1.405,83.94,85.47,1.53,0.03779,514.8
174.0,6.2,3004,3006,HWA015,HWA017,3.213,83.94,86.5,2.56,0.0418,515.6
174.0,6.2,3004,3016,HWA015,HWA029,4.614,83.94,89.05,5.11,0.04159,533.5
174.0,6.2,3004,3032,HWA015,HWA048,4.382,83.94,80.77,3.17,0.08011,399.5
174.0,6.2,3004,3033,HWA015,HWA049,2.22,83.94,81.92,2.02,0.05094,480.8
174.0,6.2,3004,3034,HWA015,HWA050,3.513,83.94,83.59,0.35,0.04537,383.5
174.0,6.2,3005,3006,HWA016,HWA017,2.699,85.47,86.5,1.03,0.04003,577.3
174.0,6.2,3005,3007,HWA016,HWA019,4.769,85.47,85.71,0.24,0.07442,535.7
174.0,6.2,3005,3016,HWA016,HWA029,3.229,85.47,89.05,3.58,0.03982,595.3
174.0,6.2,3005,3033,HWA016,HWA049,3.388,85.47,81.92,3.55,0.04917,542.6
174.0,6.2,3005,3034,HWA016,HWA050,3.689,85.47,83.59,1.88,0.0436,445.2
174.0,6.2,3006,3016,HWA017,HWA029,3.439,86.5,89.05,2.55,0.04383,596.1
174.0,6.2,3007,3015,HWA019,HWA028,4.486,85.71,81.4,4.31,0.08498,450.8
174.0,6.2,3007,3034,HWA019,HWA050,2.559,85.71,83.59,2.12,0.082,404.4
174.0,6.2,3008,3017,HWA020,HWA030,3.563,75.73,70.87,4.86,0.05351,609.3
174.0,6.2,3009,3030,HWA022,HWA045,4.74,67.35,65.23,2.12,0.03993,526.0
174.0,6.2,3010,3013,HWA023,HWA026,4.782,75.08,72.71,2.37,0.02979,564.5
174.0,6.2,3010,3014,HWA023,HWA027,2.817,75.08,77.22,2.14,0.02843,554.7
174.0,6.2,3012,3031,HWA025,HWA046,2.827,70.51,70.45,0.06,0.02683,555.9
174.0,6.2,3012,3037,HWA025,HWA057,3.536,70.51,69.03,1.48,0.02994,582.9
174.0,6.2,3013,3031,HWA026,HWA046,3.448,72.71,70.45,2.26,0.03574,537.5
174.0,6.2,3013,3037,HWA026,HWA057,4.661,72.71,69.03,3.68,0.03886,564.5
174.0,6.2,3014,3015,HWA027,HWA028,4.331,77.22,81.4,4.18,0.04828,422.2
174.0,6.2,3015,3032,HWA028,HWA048,3.097,81.4,80.77,0.63,0.08889,376.3
174.0,6.2,3015,3034,HWA028,HWA050,3.527,81.4,83.59,2.19,0.05415,360.3
174.0,6.2,3017,3018,HWA030,HWA031,4.94,70.87,68.32,2.55,0.06097,597.2
174.0,6.2,3019,3022,HWA032,HWA035,3.41,56.99,61.61,4.62,0.09322,625.3
174.0,6.2,3023,3025,HWA036,HWA038,4.808,25.31,19.86,5.45,0.04688,572.9
174.0,6.2,3024,3025,HWA037,HWA038,4.11,23.11,19.86,3.25,0.05648,556.2
174.0,6.2,3031,3037,HWA046,HWA057,1.66,70.45,69.03,1.42,0.03245,644.5
174.0,6.2,3032,3033,HWA048,HWA049,2.274,80.77,81.92,1.15,0.09148,427.2
174.0,6.2,3032,3034,HWA048,HWA050,2.717,80.77,83.59,2.82,0.08591,329.9
174.0,6.2,3033,3034,HWA049,HWA050,2.741,81.92,83.59,1.67,0.05674,411.3
174.0,6.2,3035,3039,HWA051,HWA059,4.831,83.11,84.14,1.03,0.07254,324.5
174.0,6.2,3035,3040,HWA051,HWA060,4.271,83.11,82.47,0.64,0.04264,506.8
174.0,6.2,3044,3048,ILA004,ILA008,4.504,49.27,49.57,0.3,0.02229,211.8
174.0,6.2,3044,3057,ILA004,ILA030,3.397,49.27,48.7,0.57,0.02821,162.6
174.0,6.2,3044,3060,ILA004,ILA041,2.575,49.27,50.24,0.97,0.02605,160.6
174.0,6.2,3044,3063,ILA004,ILA048,3.22,49.27,47.85,1.42,0.02636,161.9
174.0,6.2,3044,3064,ILA004,ILA049,4.189,49.27,47.37,1.9,0.01916,157.1
174.0,6.2,3044,3068,ILA004,ILA055,2.669,49.27,50.41,1.14,0.02929,195.5
174.0,6.2,3044,3069,ILA004,ILA056,3.248,49.27,49.75,0.48,0.02237,174.0
174.0,6.2,3045,3048,ILA005,ILA008,4.454,51.53,49.57,1.96,0.02218,269.3
174.0,6.2,3045,3060,ILA005,ILA041,3.146,51.53,50.24,1.29,0.02595,218.1
174.0,6.2,3045,3061,ILA005,ILA042,1.573,51.53,51.26,0.27,0.02416,224.3
174.0,6.2,3045,3068,ILA005,ILA055,4.559,51.53,50.41,1.12,0.02919,253.1
174.0,6.2,3045,3070,ILA005,ILA059,3.788,51.53,53.09,1.56,0.02126,238.1
174.0,6.2,3046,3058,ILA006,ILA031,4.719,54.11,55.89,1.78,0.0263,464.3
174.0,6.2,3046,3066,ILA006,ILA052,4.295,54.11,56.1,1.99,0.01815,445.9
174.0,6.2,3046,3070,ILA006,ILA059,2.872,54.11,53.09,1.02,0.02316,258.1
174.0,6.2,3047,3058,ILA007,ILA031,1.39,56.55,55.89,0.66,0.02769,572.8
174.0,6.2,3047,3066,ILA007,ILA052,1.678,56.55,56.1,0.45,0.01954,554.4
174.0,6.2,3048,3051,ILA008,ILA013,4.247,49.57,47.57,2.0,0.03554,249.4
174.0,6.2,3048,3052,ILA008,ILA014,4.588,49.57,48.29,1.28,0.02116,300.0
174.0,6.2,3048,3057,ILA008,ILA030,2.255,49.57,48.7,0.87,0.02783,250.1
174.0,6.2,3048,3060,ILA008,ILA041,3.335,49.57,50.24,0.67,0.02567,248.1
174.0,6.2,3048,3061,ILA008,ILA042,3.596,49.57,51.26,1.69,0.02388,254.3
174.0,6.2,3049,3062,ILA010,ILA044,4.893,53.18,50.9,2.28,0.02421,365.6
174.0,6.2,3050,3053,ILA012,ILA015,4.27,46.4,44.72,1.68,0.0179,520.9
174.0,6.2,3050,3059,ILA012,ILA037,4.372,46.4,46.58,0.18,0.02415,234.7
174.0,6.2,3050,3063,ILA012,ILA048,3.223,46.4,47.85,1.45,0.02632,229.4
174.0,6.2,3050,3064,ILA012,ILA049,2.236,46.4,47.37,0.97,0.01912,224.6
174.0,6.2,3051,3052,ILA013,ILA014,4.272,47.57,48.29,0.72,0.0348,250.1
174.0,6.2,3051,3054,ILA013,ILA016,4.959,47.57,45.26,2.31,0.0376,235.3
174.0,6.2,3051,3057,ILA013,ILA030,2.627,47.57,48.7,1.13,0.04146,200.2
174.0,6.2,3051,3059,ILA013,ILA037,2.147,47.57,46.58,0.99,0.03744,204.8
174.0,6.2,3051,3063,ILA013,ILA048,4.986,47.57,47.85,0.28,0.03961,199.5
174.0,6.2,3051,3064,ILA013,ILA049,4.172,47.57,47.37,0.2,0.03241,194.7
174.0,6.2,3053,3054,ILA015,ILA016,3.599,44.72,45.26,0.54,0.01961,526.8
174.0,6.2,3053,3059,ILA015,ILA037,4.551,44.72,46.58,1.86,0.01946,496.4
174.0,6.2,3054,3059,ILA016,ILA037,3.074,45.26,46.58,1.32,0.02587,240.6
174.0,6.2,3054,3065,ILA016,ILA051,3.536,45.26,45.3,0.04,0.02249,395.9
174.0,6.2,3055,3065,ILA021,ILA051,2.476,44.53,45.3,0.77,0.0191,546.8
174.0,6.2,3057,3059,ILA030,ILA037,4.566,48.7,46.58,2.12,0.02973,205.6
174.0,6.2,3057,3060,ILA030,ILA041,3.74,48.7,50.24,1.54,0.03159,198.9
174.0,6.2,3057,3063,ILA030,ILA048,4.327,48.7,47.85,0.85,0.0319,200.3
174.0,6.2,3057,3064,ILA030,ILA049,4.251,48.7,47.37,1.33,0.0247,195.5
174.0,6.2,3058,3066,ILA031,ILA052,1.869,55.89,56.1,0.21,0.01818,630.9
174.0,6.2,3059,3064,ILA037,ILA049,4.074,46.58,47.37,0.79,0.02067,200.1
174.0,6.2,3060,3061,ILA041,ILA042,3.67,50.24,51.26,1.02,0.02764,203.1
174.0,6.2,3060,3068,ILA041,ILA055,2.396,50.24,50.41,0.17,0.03267,231.8
174.0,6.2,3060,3069,ILA041,ILA056,4.657,50.24,49.75,0.49,0.02574,210.3
174.0,6.2,3061,3070,ILA042,ILA059,3.896,51.26,53.09,1.83,0.02296,223.1
174.0,6.2,3063,3064,ILA048,ILA049,1.336,47.85,47.37,0.48,0.02284,194.8
174.0,6.2,3063,3069,ILA048,ILA056,4.828,47.85,49.75,1.9,0.02605,211.7
174.0,6.2,3068,3069,ILA055,ILA056,2.614,50.41,49.75,0.66,0.02898,245.2
174.0,6.2,3072,3073,ILA062,ILA064,1.804,59.56,58.56,1.0,0.02414,468.1
174.0,6.2,3072,3074,ILA062,ILA066,3.222,59.56,59.54,0.02,0.03109,464.3
174.0,6.2,3073,3074,ILA064,ILA066,3.4,58.56,59.54,0.98,0.02527,484.9
174.0,6.2,3076,3078,KAU007,KAU015,2.958,44.81,45.94,1.13,0.01863,262.0
174.0,6.2,3076,3098,KAU007,KAU058,3.937,44.81,46.18,1.37,0.01886,260.3
174.0,6.2,3078,3098,KAU015,KAU058,1.375,45.94,46.18,0.24,0.01905,231.4
174.0,6.2,3078,3113,KAU015,KAU088,2.858,45.94,46.58,0.64,0.01842,230.3
174.0,6.2,3082,3105,KAU030,KAU074,4.164,36.88,36.01,0.87,0.02755,243.9
174.0,6.2,3083,3110,KAU032,KAU083,2.409,39.65,40.2,0.55,0.01972,198.1
174.0,6.2,3085,3104,KAU035,KAU073,1.598,36.85,36.51,0.34,0.02211,263.0
174.0,6.2,3085,3105,KAU035,KAU074,4.445,36.85,36.01,0.84,0.02573,269.0
174.0,6.2,3086,3106,KAU036,KAU075,4.885,35.39,37.15,1.76,0.02455,214.5
174.0,6.2,3091,3096,KAU045,KAU056,3.983,44.89,43.46,1.43,0.01504,216.6
174.0,6.2,3097,3099,KAU057,KAU062,2.451,47.71,46.81,0.9,0.01856,391.0
174.0,6.2,3097,3113,KAU057,KAU088,4.578,47.71,46.58,1.13,0.01508,381.3
174.0,6.2,3098,3099,KAU058,KAU062,4.678,46.18,46.81,0.63,0.02213,238.2
174.0,6.2,3098,3112,KAU058,KAU087,4.184,46.18,45.7,0.48,0.02051,252.9
174.0,6.2,3098,3113,KAU058,KAU088,1.515,46.18,46.58,0.4,0.01865,228.6
174.0,6.2,3099,3112,KAU062,KAU087,3.025,46.81,45.7,1.11,0.02336,261.5
174.0,6.2,3099,3113,KAU062,KAU088,3.341,46.81,46.58,0.23,0.0215,237.2
174.0,6.2,3112,3113,KAU087,KAU088,3.743,45.7,46.58,0.88,0.01988,251.8
174.0,6.2,3115,3116,TAP010,TAP013,4.479,31.17,32.91,1.74,0.0205,215.7
174.0,6.2,3115,3154,TAP010,TAP100,4.904,31.17,32.98,1.81,0.01885,231.3
174.0,6.2,3116,3117,TAP013,TAP021,2.812,32.91,33.86,0.95,0.02449,186.1
174.0,6.2,3116,3152,TAP013,TAP097,4.085,32.91,33.6,0.69,0.01942,221.2
174.0,6.2,3116,3154,TAP013,TAP100,2.538,32.91,32.98,0.07,0.01944,220.7
174.0,6.2,3117,3118,TAP021,TAP026,4.69,33.86,32.6,1.26,0.02501,180.7
174.0,6.2,3117,3147,TAP021,TAP088,3.326,33.86,35.09,1.23,0.02856,198.2
174.0,6.2,3117,3149,TAP021,TAP091,4.671,33.86,34.97,1.11,0.02506,177.6
174.0,6.2,3117,3152,TAP021,TAP097,2.326,33.86,33.6,0.26,0.02283,202.2
174.0,6.2,3117,3154,TAP021,TAP100,2.456,33.86,32.98,0.88,0.02284,201.8
174.0,6.2,3118,3119,TAP026,TAP028,1.465,32.6,32.95,0.35,0.01655,241.1
174.0,6.2,3118,3120,TAP026,TAP032,3.345,32.6,31.72,0.88,0.02852,251.6
174.0,6.2,3118,3121,TAP026,TAP033,4.883,32.6,34.18,1.58,0.02377,337.4
174.0,6.2,3118,3152,TAP026,TAP097,2.771,32.6,33.6,1.0,0.01994,215.8
174.0,6.2,3118,3154,TAP026,TAP100,2.598,32.6,32.98,0.38,0.01996,215.3
174.0,6.2,3119,3120,TAP028,TAP032,3.302,32.95,31.72,1.23,0.02294,298.4
174.0,6.2,3119,3121,TAP028,TAP033,3.487,32.95,34.18,1.23,0.01819,384.3
174.0,6.2,3119,3152,TAP028,TAP097,2.904,32.95,33.6,0.65,0.01436,262.6
174.0,6.2,3119,3154,TAP028,TAP100,3.601,32.95,32.98,0.03,0.01438,262.1
174.0,6.2,3121,3122,TAP033,TAP034,2.815,34.18,34.61,0.43,0.02186,509.6
174.0,6.2,3121,3131,TAP033,TAP053,2.81,34.18,33.91,0.27,0.02762,509.6
174.0,6.2,3121,3145,TAP033,TAP086,4.94,34.18,36.14,1.96,0.02121,684.1
174.0,6.2,3121,3152,TAP033,TAP097,4.493,34.18,33.6,0.58,0.02158,358.9
174.0,6.2,3122,3123,TAP034,TAP035,3.49,34.61,35.32,0.71,0.02497,488.4
174.0,6.2,3122,3131,TAP034,TAP053,1.673,34.61,33.91,0.7,0.02407,538.7
174.0,6.2,3122,3145,TAP034,TAP086,3.779,34.61,36.14,1.53,0.01766,713.2
174.0,6.2,3123,3124,TAP035,TAP036,2.389,35.32,36.05,0.73,0.02065,554.8
174.0,6.2,3123,3131,TAP035,TAP053,4.426,35.32,33.91,1.41,0.03073,488.4
174.0,6.2,3123,3145,TAP035,TAP086,4.596,35.32,36.14,0.82,0.02433,662.9
174.0,6.2,3125,3128,TAP041,TAP049,4.372,27.51,28.56,1.05,0.01555,468.3
174.0,6.2,3126,3128,TAP042,TAP049,3.014,29.4,28.56,0.84,0.01727,474.4
174.0,6.2,3126,3129,TAP042,TAP051,3.038,29.4,29.18,0.22,0.01582,389.5
174.0,6.2,3126,3146,TAP042,TAP087,4.508,29.4,28.32,1.08,0.01336,474.4
174.0,6.2,3126,3150,TAP042,TAP094,2.854,29.4,30.06,0.66,0.01576,396.1
174.0,6.2,3126,3151,TAP042,TAP095,3.987,29.4,30.69,1.29,0.01836,291.0
174.0,6.2,3128,3150,TAP049,TAP094,4.032,28.56,30.06,1.5,0.01368,494.7
174.0,6.2,3129,3146,TAP051,TAP087,2.276,29.18,28.32,0.86,0.00983,488.1
174.0,6.2,3130,3146,TAP052,TAP087,4.106,27.17,28.32,1.15,0.01266,503.5
174.0,6.2,3132,3133,TAP059,TAP060,3.846,37.13,38.37,1.24,0.00654,543.7
174.0,6.2,3135,3145,TAP067,TAP086,3.307,36.17,36.14,0.03,0.01332,847.7
174.0,6.2,3136,3142,TAP069,TAP081,1.339,49.43,48.98,0.45,0.0046,671.5
174.0,6.2,3139,3140,TAP077,TAP078,2.996,43.84,44.89,1.05,0.00909,847.1
174.0,6.2,3140,3141,TAP078,TAP079,4.963,44.89,46.61,1.72,0.00827,651.4
174.0,6.2,3147,3148,TAP088,TAP090,2.787,35.09,35.48,0.39,0.02603,276.8
174.0,6.2,3147,3149,TAP088,TAP091,2.548,35.09,34.97,0.12,0.02572,208.6
174.0,6.2,3148,3149,TAP090,TAP091,1.318,35.48,34.97,0.51,0.02254,256.2
174.0,6.2,3150,3151,TAP094,TAP095,1.684,30.06,30.69,0.63,0.01476,311.3
174.0,6.2,3152,3154,TAP097,TAP100,1.942,33.6,32.98,0.62,0.01777,236.8
174.0,6.2,3158,3160,TCU007,TCU014,4.986,24.91,24.46,0.45,0.01287,480.2
174.0,6.2,3158,3196,TCU007,TCU092,3.276,24.91,23.54,1.37,0.01125,443.1
174.0,6.2,3159,3193,TCU008,TCU083,4.781,20.45,19.77,0.68,0.01604,398.1
174.0,6.2,3160,3196,TCU014,TCU092,4.789,24.46,23.54,0.92,0.01227,459.4
174.0,6.2,3162,3197,TCU026,TCU094,2.734,14.73,13.31,1.42,0.02342,579.9
174.0,6.2,3163,3164,TCU029,TCU031,4.884,6.88,9.63,2.75,0.04195,447.9
174.0,6.2,3167,3169,TCU038,TCU040,4.943,14.1,16.7,2.6,0.08519,329.9
174.0,6.2,3170,3218,TCU042,TCU131,1.707,3.4,2.55,0.85,0.05408,534.9
174.0,6.2,3171,3216,TCU044,TCU128,1.475,11.31,10.61,0.7,0.05064,556.3
174.0,6.2,3174,3176,TCU048,TCU050,4.041,35.1,32.56,2.54,0.12944,546.8
174.0,6.2,3174,3182,TCU048,TCU056,3.834,35.1,34.98,0.12,0.11237,477.2
174.0,6.2,3174,3183,TCU048,TCU057,1.855,35.1,34.64,0.46,0.09664,553.2
174.0,6.2,3175,3177,TCU049,TCU051,4.416,28.9,33.07,4.17,0.0942,418.7
174.0,6.2,3175,3179,TCU049,TCU053,2.704,28.9,29.32,0.42,0.05871,470.9
174.0,6.2,3175,3180,TCU049,TCU054,2.509,28.9,31.41,2.51,0.0585,474.0
174.0,6.2,3175,3192,TCU049,TCU082,3.787,28.9,32.48,3.58,0.06767,480.0
174.0,6.2,3176,3177,TCU050,TCU051,2.982,32.56,33.07,0.51,0.13667,446.2
174.0,6.2,3176,3179,TCU050,TCU053,3.793,32.56,29.32,3.24,0.10119,498.5
174.0,6.2,3176,3180,TCU050,TCU054,4.75,32.56,31.41,1.15,0.10098,501.5
174.0,6.2,3176,3182,TCU050,TCU056,2.72,32.56,34.98,2.42,0.13033,472.8
174.0,6.2,3176,3183,TCU050,TCU057,2.518,32.56,34.64,2.08,0.1146,548.8
174.0,6.2,3176,3185,TCU050,TCU060,4.914,32.56,28.75,3.81,0.09987,458.9
174.0,6.2,3177,3179,TCU051,TCU053,4.075,33.07,29.32,3.75,0.09046,402.3
174.0,6.2,3177,3180,TCU051,TCU054,2.356,33.07,31.41,1.66,0.09025,405.4
174.0,6.2,3177,3181,TCU051,TCU055,2.667,33.07,34.0,0.93,0.11922,354.6
174.0,6.2,3177,3182,TCU051,TCU056,2.846,33.07,34.98,1.91,0.11961,376.6
174.0,6.2,3177,3183,TCU051,TCU057,4.409,33.07,34.64,1.57,0.10388,452.6
174.0,6.2,3177,3192,TCU051,TCU082,2.838,33.07,32.48,0.59,0.09942,411.4
174.0,6.2,3179,3180,TCU053,TCU054,3.646,29.32,31.41,2.09,0.05476,457.6
174.0,6.2,3179,3185,TCU053,TCU060,4.285,29.32,28.75,0.57,0.05365,415.0
174.0,6.2,3180,3181,TCU054,TCU055,2.676,31.41,34.0,2.59,0.08352,409.9
174.0,6.2,3180,3192,TCU054,TCU082,1.527,31.41,32.48,1.07,0.06372,466.8
174.0,6.2,3181,3182,TCU055,TCU056,4.651,34.0,34.98,0.98,0.11288,381.2
174.0,6.2,3181,3192,TCU055,TCU082,1.504,34.0,32.48,1.52,0.09269,416.0
174.0,6.2,3182,3183,TCU056,TCU057,2.081,34.98,34.64,0.34,0.09753,479.2
174.0,6.2,3184,3204,TCU059,TCU104,4.645,30.68,29.99,0.69,0.10338,341.6
174.0,6.2,3184,3205,TCU059,TCU105,3.337,30.68,32.86,2.18,0.10935,424.1
174.0,6.2,3185,3204,TCU060,TCU104,4.864,28.75,29.99,1.24,0.05862,392.9
174.0,6.2,3185,3219,TCU060,TCU136,4.037,28.75,25.89,2.86,0.05803,418.8
174.0,6.2,3191,3199,TCU081,TCU096,1.56,9.23,8.48,0.75,0.02485,442.5
174.0,6.2,3201,3202,TCU101,TCU102,1.429,23.02,21.68,1.34,0.04956,551.8
174.0,6.2,3204,3205,TCU104,TCU105,4.399,29.99,32.86,2.87,0.07088,493.0
174.0,6.2,3206,3207,TCU106,TCU107,1.666,45.38,46.86,1.48,0.10552,430.2
174.0,6.2,3206,3208,TCU106,TCU109,1.987,45.38,44.31,1.07,0.13931,493.2
174.0,6.2,3207,3208,TCU107,TCU109,3.432,46.86,44.31,2.55,0.12627,472.1
174.0,6.2,3221,3223,TCU140,TCU145,3.365,62.21,60.8,1.41,0.12427,232.0
174.0,6.2,3224,3245,TTN001,TTN031,4.651,19.09,22.61,3.52,0.04144,497.6
174.0,6.2,3225,3251,TTN002,TTN042,3.63,1.57,2.39,0.82,0.03375,756.4
174.0,6.2,3228,3229,TTN005,TTN007,0.912,11.98,11.83,0.15,0.01967,345.1
174.0,6.2,3228,3230,TTN005,TTN008,1.229,11.98,11.4,0.58,0.02042,350.1
174.0,6.2,3228,3231,TTN005,TTN009,0.975,11.98,11.81,0.17,0.02229,360.8
174.0,6.2,3228,3232,TTN005,TTN010,3.323,11.98,13.35,1.37,0.02242,359.5
174.0,6.2,3228,3233,TTN005,TTN012,1.286,11.98,12.32,0.34,0.02073,347.9
174.0,6.2,3228,3234,TTN005,TTN013,1.779,11.98,12.58,0.6,0.01686,352.7
174.0,6.2,3228,3236,TTN005,TTN015,0.708,11.98,11.68,0.3,0.02029,447.8
174.0,6.2,3229,3230,TTN007,TTN008,1.05,11.83,11.4,0.43,0.01676,287.7
174.0,6.2,3229,3231,TTN007,TTN009,1.775,11.83,11.81,0.02,0.01863,298.3
174.0,6.2,3229,3232,TTN007,TTN010,4.063,11.83,13.35,1.52,0.01876,297.0
174.0,6.2,3229,3233,TTN007,TTN012,1.008,11.83,12.32,0.49,0.01707,285.5
174.0,6.2,3229,3234,TTN007,TTN013,1.576,11.83,12.58,0.75,0.0132,290.2
174.0,6.2,3229,3236,TTN007,TTN015,1.252,11.83,11.68,0.15,0.01663,385.3
174.0,6.2,3230,3231,TTN008,TTN009,1.483,11.4,11.81,0.41,0.01938,303.3
174.0,6.2,3230,3232,TTN008,TTN010,4.515,11.4,13.35,1.95,0.01951,302.0
174.0,6.2,3230,3233,TTN008,TTN012,2.03,11.4,12.32,0.92,0.01782,290.5
174.0,6.2,3230,3234,TTN008,TTN013,2.602,11.4,12.58,1.18,0.01395,295.2
174.0,6.2,3230,3236,TTN008,TTN015,0.872,11.4,11.68,0.28,0.01738,390.3
174.0,6.2,3231,3232,TTN009,TTN010,3.297,11.81,13.35,1.54,0.02138,312.6
174.0,6.2,3231,3233,TTN009,TTN012,2.25,11.81,12.32,0.51,0.0197,301.1
174.0,6.2,3231,3234,TTN009,TTN013,2.707,11.81,12.58,0.77,0.01583,305.9
174.0,6.2,3231,3236,TTN009,TTN015,0.624,11.81,11.68,0.13,0.01925,400.9
174.0,6.2,3232,3233,TTN010,TTN012,3.533,13.35,12.32,1.03,0.01982,299.8
174.0,6.2,3232,3234,TTN010,TTN013,3.417,13.35,12.58,0.77,0.01595,304.5
174.0,6.2,3232,3236,TTN010,TTN015,3.725,13.35,11.68,1.67,0.01938,399.6
174.0,6.2,3232,3255,TTN010,TTN048,4.841,13.35,14.86,1.51,0.02363,342.4
174.0,6.2,3233,3234,TTN012,TTN013,0.572,12.32,12.58,0.26,0.01427,293.0
174.0,6.2,3233,3236,TTN012,TTN015,1.938,12.32,11.68,0.64,0.01769,388.1
174.0,6.2,3234,3236,TTN013,TTN015,2.464,12.58,11.68,0.9,0.01382,392.8
174.0,6.2,3234,3255,TTN013,TTN048,4.65,12.58,14.86,2.28,0.01808,335.6
174.0,6.2,3237,3242,TTN018,TTN026,4.844,15.44,14.83,0.61,0.03418,573.0
174.0,6.2,3237,3243,TTN018,TTN027,2.051,15.44,14.68,0.76,0.03426,501.0
174.0,6.2,3237,3244,TTN018,TTN028,4.968,15.44,16.32,0.88,0.0244,594.6
174.0,6.2,3238,3239,TTN020,TTN022,3.317,5.4,5.44,0.04,0.04934,426.3
174.0,6.2,3238,3249,TTN020,TTN040,2.825,5.4,5.65,0.25,0.04317,590.9
174.0,6.2,3241,3242,TTN025,TTN026,4.75,15.47,14.83,0.64,0.03877,639.0
174.0,6.2,3243,3244,TTN027,TTN028,4.562,14.68,16.32,1.64,0.03012,522.6
174.0,6.2,3243,3255,TTN027,TTN048,3.884,14.68,14.86,0.18,0.03287,401.2
174.0,6.2,3244,3255,TTN028,TTN048,2.987,16.32,14.86,1.46,0.02301,494.9
174.0,6.2,3252,3253,TTN044,TTN045,3.904,9.4,10.72,1.32,0.03855,479.8
175.0,6.3,3259,3309,CHY015,CHY088,2.648,42.22,40.56,1.66,0.15913,273.6
175.0,6.3,3265,3311,CHY025,CHY092,3.834,73.83,75.91,2.08,0.08746,265.6
175.0,6.3,3267,3320,CHY027,CHY111,4.789,75.56,78.88,3.32,0.11099,243.2
175.0,6.3,3269,3865,CHY029,CHY006,4.306,54.91,50.56,4.35,0.17327,491.5
175.0,6.3,3270,3275,CHY030,CHY036,4.126,60.33,56.73,3.6,0.1535,218.9
175.0,6.3,3273,3274,CHY034,CHY035,4.05,45.81,43.18,2.63,0.13389,475.9
175.0,6.3,3279,3307,CHY042,CHY086,1.296,32.47,31.43,1.04,0.08984,665.2
175.0,6.3,3281,3282,CHY046,CHY047,2.549,46.95,49.0,2.05,0.15959,305.8
175.0,6.3,3284,3305,CHY052,CHY081,2.667,33.8,33.53,0.27,0.05906,573.0
175.0,6.3,3285,3319,CHY054,CHY107,2.27,43.91,44.27,0.36,0.06922,173.9
175.0,6.3,3286,3319,CHY055,CHY107,3.774,43.62,44.27,0.65,0.07388,200.7
175.0,6.3,3289,3322,CHY059,CHY115,4.574,45.67,45.0,0.67,0.03314,225.3
175.0,6.3,3290,3315,CHY060,CHY099,4.435,38.62,37.55,1.07,0.03696,228.9
175.0,6.3,3294,3397,CHY065,KAU012,3.935,27.47,25.77,1.7,0.03817,383.1
175.0,6.3,3294,3416,CHY065,KAU085,3.24,27.47,27.81,0.34,0.04149,255.4
175.0,6.3,3295,3407,CHY066,KAU063,3.926,32.95,33.69,0.74,0.02332,219.6
175.0,6.3,3296,3297,CHY067,CHY069,2.822,36.2,35.47,0.73,0.02519,226.2
175.0,6.3,3297,3298,CHY069,CHY070,4.831,35.47,33.73,1.74,0.02448,244.9
175.0,6.3,3298,3314,CHY070,CHY096,1.399,33.73,33.95,0.22,0.02297,279.5
175.0,6.3,3311,3512,CHY092,TCU141,4.945,75.91,80.96,5.05,0.10993,238.4
175.0,6.3,3321,3323,CHY114,CHY116,4.608,39.65,41.4,1.75,0.04029,208.3
175.0,6.3,3326,3327,HWA007,HWA009,0.54,72.9,72.41,0.49,0.02848,366.0
175.0,6.3,3326,3328,HWA007,HWA011,3.337,72.9,71.4,1.5,0.03631,357.2
175.0,6.3,3326,3329,HWA007,HWA012,0.848,72.9,72.5,0.4,0.0245,386.6
175.0,6.3,3326,3330,HWA007,HWA014,2.438,72.9,74.03,1.13,0.0377,318.0
175.0,6.3,3326,3333,HWA007,HWA019,1.725,72.9,73.75,0.85,0.03973,426.8
175.0,6.3,3326,3341,HWA007,HWA028,3.661,72.9,69.64,3.26,0.03705,382.7
175.0,6.3,3326,3356,HWA007,HWA050,3.39,72.9,72.03,0.87,0.02718,336.3
175.0,6.3,3327,3328,HWA009,HWA011,3.146,72.41,71.4,1.01,0.03955,364.5
175.0,6.3,3327,3329,HWA009,HWA012,0.693,72.41,72.5,0.09,0.02774,393.8
175.0,6.3,3327,3330,HWA009,HWA014,2.768,72.41,74.03,1.62,0.04094,325.3
175.0,6.3,3327,3333,HWA009,HWA019,2.082,72.41,73.75,1.34,0.04298,434.0
175.0,6.3,3327,3341,HWA009,HWA028,3.151,72.41,69.64,2.77,0.0403,390.0
175.0,6.3,3327,3356,HWA009,HWA050,3.316,72.41,72.03,0.38,0.03042,343.6
175.0,6.3,3328,3329,HWA011,HWA012,3.826,71.4,72.5,1.1,0.03557,385.1
175.0,6.3,3328,3330,HWA011,HWA014,2.902,71.4,74.03,2.63,0.04877,316.5
175.0,6.3,3328,3331,HWA011,HWA015,4.037,71.4,72.87,1.47,0.04003,404.4
175.0,6.3,3328,3332,HWA011,HWA016,4.366,71.4,74.21,2.81,0.03875,466.2
175.0,6.3,3328,3333,HWA011,HWA019,2.892,71.4,73.75,2.35,0.05081,425.3
175.0,6.3,3328,3341,HWA011,HWA028,2.816,71.4,69.64,1.76,0.04813,381.2
175.0,6.3,3328,3356,HWA011,HWA050,0.746,71.4,72.03,0.63,0.03825,334.8
175.0,6.3,3329,3330,HWA012,HWA014,3.285,72.5,74.03,1.53,0.03696,345.9
175.0,6.3,3329,3333,HWA012,HWA019,2.573,72.5,73.75,1.25,0.039,454.6
175.0,6.3,3329,3341,HWA012,HWA028,3.498,72.5,69.64,2.86,0.03632,410.6
175.0,6.3,3329,3356,HWA012,HWA050,4.009,72.5,72.03,0.47,0.02644,364.2
175.0,6.3,3330,3331,HWA014,HWA015,4.712,74.03,72.87,1.16,0.04142,365.2
175.0,6.3,3330,3332,HWA014,HWA016,4.101,74.03,74.21,0.18,0.04014,426.9
175.0,6.3,3330,3333,HWA014,HWA019,0.717,74.03,73.75,0.28,0.0522,386.0
175.0,6.3,3330,3341,HWA014,HWA028,4.897,74.03,69.64,4.39,0.04952,342.0
175.0,6.3,3330,3342,HWA014,HWA029,4.968,74.03,77.4,3.37,0.04096,445.7
175.0,6.3,3330,3356,HWA014,HWA050,2.405,74.03,72.03,2.0,0.03965,295.6
175.0,6.3,3331,3332,HWA015,HWA016,1.405,72.87,74.21,1.34,0.03139,514.8
175.0,6.3,3331,3342,HWA015,HWA029,4.614,72.87,77.4,4.53,0.03221,533.5
175.0,6.3,3331,3356,HWA015,HWA050,3.513,72.87,72.03,0.84,0.0309,383.5
175.0,6.3,3332,3333,HWA016,HWA019,4.769,74.21,73.75,0.46,0.04217,535.7
175.0,6.3,3332,3342,HWA016,HWA029,3.229,74.21,77.4,3.19,0.03093,595.3
175.0,6.3,3332,3356,HWA016,HWA050,3.689,74.21,72.03,2.18,0.02962,445.2
175.0,6.3,3333,3341,HWA019,HWA028,4.486,73.75,69.64,4.11,0.05155,450.8
175.0,6.3,3333,3356,HWA019,HWA050,2.559,73.75,72.03,1.72,0.04168,404.4
175.0,6.3,3334,3343,HWA020,HWA030,3.563,86.8,83.16,3.64,0.02724,609.3
175.0,6.3,3335,3354,HWA022,HWA045,4.74,53.78,51.46,2.32,0.03507,526.0
175.0,6.3,3336,3339,HWA023,HWA026,4.782,63.45,60.72,2.73,0.02284,564.5
175.0,6.3,3336,3340,HWA023,HWA027,2.817,63.45,65.67,2.22,0.02522,554.7
175.0,6.3,3337,3358,HWA024,HWA055,4.836,31.98,33.44,1.46,0.03167,520.6
175.0,6.3,3338,3355,HWA025,HWA046,2.827,58.06,58.31,0.25,0.03276,555.9
175.0,6.3,3338,3360,HWA025,HWA057,3.536,58.06,56.99,1.07,0.03193,582.9
175.0,6.3,3339,3355,HWA026,HWA046,3.448,60.72,58.31,2.41,0.0323,537.5
175.0,6.3,3339,3360,HWA026,HWA057,4.661,60.72,56.99,3.73,0.03147,564.5
175.0,6.3,3340,3341,HWA027,HWA028,4.331,65.67,69.64,3.97,0.04333,422.2
175.0,6.3,3341,3356,HWA028,HWA050,3.527,69.64,72.03,2.39,0.039,360.3
175.0,6.3,3343,3344,HWA030,HWA031,4.94,83.16,81.75,1.41,0.03193,597.2
175.0,6.3,3348,3350,HWA036,HWA038,4.808,46.5,41.94,4.56,0.02526,572.9
175.0,6.3,3349,3350,HWA037,HWA038,4.11,44.56,41.94,2.62,0.03393,556.2
175.0,6.3,3355,3360,HWA046,HWA057,1.66,58.31,56.99,1.32,0.03075,644.5
175.0,6.3,3357,3362,HWA051,HWA059,4.831,84.85,84.73,0.12,0.0479,324.5
175.0,6.3,3357,3363,HWA051,HWA060,4.271,84.85,84.85,0.0,0.03019,506.8
175.0,6.3,3366,3382,ILA003,ILA048,4.087,31.97,32.21,0.24,0.01943,231.7
175.0,6.3,3366,3386,ILA003,ILA056,4.872,31.97,34.04,2.07,0.01637,243.8
175.0,6.3,3367,3384,ILA006,ILA052,4.295,38.77,40.8,2.03,0.01386,445.9
175.0,6.3,3367,3387,ILA006,ILA059,2.872,38.77,37.67,1.1,0.01863,258.1
175.0,6.3,3368,3384,ILA007,ILA052,1.678,41.3,40.8,0.5,0.01498,554.4
175.0,6.3,3369,3372,ILA008,ILA013,4.247,34.13,32.11,2.02,0.02221,249.4
175.0,6.3,3369,3373,ILA008,ILA014,4.588,34.13,32.99,1.14,0.01603,300.0
175.0,6.3,3369,3380,ILA008,ILA030,2.255,34.13,33.21,0.92,0.01738,250.1
175.0,6.3,3369,3381,ILA008,ILA041,3.335,34.13,34.7,0.57,0.01675,248.1
175.0,6.3,3371,3374,ILA012,ILA015,4.27,30.75,29.14,1.61,0.01265,520.9
175.0,6.3,3371,3379,ILA012,ILA028,3.116,30.75,32.03,1.28,0.02139,240.2
175.0,6.3,3371,3382,ILA012,ILA048,3.223,30.75,32.21,1.46,0.01935,229.4
175.0,6.3,3372,3373,ILA013,ILA014,4.272,32.11,32.99,0.88,0.02123,250.1
175.0,6.3,3372,3375,ILA013,ILA016,4.959,32.11,29.8,2.31,0.02231,235.3
175.0,6.3,3372,3379,ILA013,ILA028,3.16,32.11,32.03,0.08,0.02687,210.3
175.0,6.3,3372,3380,ILA013,ILA030,2.627,32.11,33.21,1.1,0.02257,200.2
175.0,6.3,3372,3382,ILA013,ILA048,4.986,32.11,32.21,0.1,0.02482,199.5
175.0,6.3,3374,3375,ILA015,ILA016,3.599,29.14,29.8,0.66,0.01303,526.8
175.0,6.3,3375,3383,ILA016,ILA051,3.536,29.8,29.99,0.19,0.01548,395.9
175.0,6.3,3377,3383,ILA021,ILA051,2.476,29.28,29.99,0.71,0.01359,546.8
175.0,6.3,3379,3380,ILA028,ILA030,3.184,32.03,33.21,1.18,0.02204,211.0
175.0,6.3,3379,3382,ILA028,ILA048,1.87,32.03,32.21,0.18,0.02428,210.3
175.0,6.3,3380,3381,ILA030,ILA041,3.74,33.21,34.7,1.49,0.01711,198.9
175.0,6.3,3380,3382,ILA030,ILA048,4.327,33.21,32.21,1.0,0.01999,200.3
175.0,6.3,3381,3385,ILA041,ILA055,2.396,34.7,34.78,0.08,0.01717,231.8
175.0,6.3,3381,3386,ILA041,ILA056,4.657,34.7,34.04,0.66,0.0163,210.3
175.0,6.3,3382,3386,ILA048,ILA056,4.828,32.21,34.04,1.83,0.01918,211.7
175.0,6.3,3385,3386,ILA055,ILA056,2.614,34.78,34.04,0.74,0.01699,245.2
175.0,6.3,3389,3391,ILA062,ILA064,1.804,44.93,43.96,0.97,0.01861,468.1
175.0,6.3,3389,3392,ILA062,ILA066,3.222,44.93,45.09,0.16,0.02627,464.3
175.0,6.3,3391,3392,ILA064,ILA066,3.4,43.96,45.09,1.13,0.02489,484.9
175.0,6.3,3394,3403,KAU006,KAU045,2.751,21.59,21.49,0.1,0.01558,184.3
175.0,6.3,3395,3396,KAU007,KAU008,2.06,21.19,20.58,0.61,0.01719,288.4
175.0,6.3,3395,3406,KAU007,KAU058,3.937,21.19,22.57,1.38,0.01431,260.3
175.0,6.3,3401,3412,KAU030,KAU074,4.164,13.31,12.55,0.76,0.01666,243.9
175.0,6.3,3402,3413,KAU036,KAU075,4.885,12.18,13.9,1.72,0.0179,214.5
175.0,6.3,3405,3417,KAU057,KAU088,4.578,24.18,22.99,1.19,0.01145,381.3
175.0,6.3,3406,3417,KAU058,KAU088,1.515,22.57,22.99,0.42,0.01527,228.6
175.0,6.3,3418,3419,TAP010,TAP013,4.479,14.68,16.45,1.77,0.016,215.7
175.0,6.3,3418,3437,TAP010,TAP100,4.904,14.68,16.58,1.9,0.01583,231.3
175.0,6.3,3419,3420,TAP013,TAP021,2.812,16.45,17.46,1.01,0.01749,186.1
175.0,6.3,3419,3435,TAP013,TAP097,4.085,16.45,17.25,0.8,0.01537,221.2
175.0,6.3,3419,3437,TAP013,TAP100,2.538,16.45,16.58,0.13,0.01482,220.7
175.0,6.3,3420,3421,TAP021,TAP026,4.69,17.46,16.25,1.21,0.01686,180.7
175.0,6.3,3420,3431,TAP021,TAP088,3.326,17.46,18.68,1.22,0.01908,198.2
175.0,6.3,3420,3435,TAP021,TAP097,2.326,17.46,17.25,0.21,0.01786,202.2
175.0,6.3,3420,3437,TAP021,TAP100,2.456,17.46,16.58,0.88,0.01732,201.8
175.0,6.3,3421,3422,TAP026,TAP028,1.465,16.25,16.65,0.4,0.01225,241.1
175.0,6.3,3421,3435,TAP026,TAP097,2.771,16.25,17.25,1.0,0.01474,215.8
175.0,6.3,3421,3437,TAP026,TAP100,2.598,16.25,16.58,0.33,0.0142,215.3
175.0,6.3,3422,3435,TAP028,TAP097,2.904,16.65,17.25,0.6,0.01325,262.6
175.0,6.3,3422,3437,TAP028,TAP100,3.601,16.65,16.58,0.07,0.01271,262.1
175.0,6.3,3423,3430,TAP035,TAP086,4.596,19.29,20.01,0.72,0.01461,662.9
175.0,6.3,3424,3427,TAP040,TAP050,4.673,11.37,10.22,1.15,0.0143,444.1
175.0,6.3,3425,3433,TAP042,TAP094,2.854,12.71,13.34,0.63,0.01131,396.1
175.0,6.3,3425,3434,TAP042,TAP095,3.987,12.71,13.99,1.28,0.01444,291.0
175.0,6.3,3429,3430,TAP067,TAP086,3.307,19.94,20.01,0.07,0.00821,847.7
175.0,6.3,3431,3432,TAP088,TAP090,2.787,18.68,19.01,0.33,0.01842,276.8
175.0,6.3,3433,3434,TAP094,TAP095,1.684,13.34,13.99,0.65,0.01515,311.3
175.0,6.3,3435,3437,TAP097,TAP100,1.942,17.25,16.58,0.67,0.0152,236.8
175.0,6.3,3441,3444,TCU007,TCU014,4.986,8.49,7.9,0.59,0.01103,480.2
175.0,6.3,3441,3483,TCU007,TCU092,3.276,8.49,7.06,1.43,0.01176,443.1
175.0,6.3,3442,3478,TCU008,TCU083,4.781,3.87,3.28,0.59,0.013,398.1
175.0,6.3,3443,3478,TCU010,TCU083,4.763,1.55,3.28,1.73,0.01141,400.4
175.0,6.3,3444,3483,TCU014,TCU092,4.789,7.9,7.06,0.84,0.01254,459.4
175.0,6.3,3445,3446,TCU029,TCU031,4.884,24.0,27.11,3.11,0.02946,447.9
175.0,6.3,3447,3450,TCU032,TCU039,4.692,20.21,23.32,3.11,0.03933,448.7
175.0,6.3,3447,3452,TCU032,TCU042,3.543,20.21,20.05,0.16,0.04456,467.9
175.0,6.3,3447,3869,TCU032,TCU131,4.929,20.21,19.16,1.05,0.02984,423.8
175.0,6.3,3449,3451,TCU038,TCU040,4.943,31.93,34.77,2.84,0.05539,329.9
175.0,6.3,3452,3869,TCU042,TCU131,1.707,20.05,19.16,0.89,0.03736,534.9
175.0,6.3,3453,3506,TCU044,TCU128,1.475,28.3,27.56,0.74,0.0325,556.3
175.0,6.3,3455,3457,TCU048,TCU050,4.041,55.71,52.73,2.98,0.04502,546.8
175.0,6.3,3455,3461,TCU048,TCU056,3.834,55.71,55.62,0.09,0.05111,477.2
175.0,6.3,3455,3462,TCU048,TCU057,1.855,55.71,55.18,0.53,0.0451,553.2
175.0,6.3,3455,3488,TCU048,TCU100,2.255,55.71,53.7,2.01,0.04399,543.2
175.0,6.3,3456,3458,TCU049,TCU051,4.416,48.33,53.35,5.02,0.04336,418.7
175.0,6.3,3456,3460,TCU049,TCU053,2.704,48.33,48.86,0.53,0.03666,470.9
175.0,6.3,3456,3477,TCU049,TCU082,3.787,48.33,52.65,4.32,0.03954,480.0
175.0,6.3,3457,3458,TCU050,TCU051,2.982,52.73,53.35,0.62,0.04302,446.2
175.0,6.3,3457,3460,TCU050,TCU053,3.793,52.73,48.86,3.87,0.03632,498.5
175.0,6.3,3457,3461,TCU050,TCU056,2.72,52.73,55.62,2.89,0.04318,472.8
175.0,6.3,3457,3462,TCU050,TCU057,2.518,52.73,55.18,2.45,0.03716,548.8
175.0,6.3,3457,3464,TCU050,TCU060,4.914,52.73,48.23,4.5,0.0328,458.9
175.0,6.3,3457,3488,TCU050,TCU100,1.937,52.73,53.7,0.97,0.03606,538.8
175.0,6.3,3458,3460,TCU051,TCU053,4.075,53.35,48.86,4.49,0.04225,402.3
175.0,6.3,3458,3461,TCU051,TCU056,2.846,53.35,55.62,2.27,0.04911,376.6
175.0,6.3,3458,3462,TCU051,TCU057,4.409,53.35,55.18,1.83,0.0431,452.6
175.0,6.3,3458,3477,TCU051,TCU082,2.838,53.35,52.65,0.7,0.04513,411.4
175.0,6.3,3458,3488,TCU051,TCU100,4.664,53.35,53.7,0.35,0.04199,442.6
175.0,6.3,3460,3464,TCU053,TCU060,4.285,48.86,48.23,0.63,0.03203,415.0
175.0,6.3,3461,3462,TCU056,TCU057,2.081,55.62,55.18,0.44,0.04325,479.2
175.0,6.3,3461,3488,TCU056,TCU100,3.124,55.62,53.7,1.92,0.04215,469.2
175.0,6.3,3462,3488,TCU057,TCU100,1.477,55.18,53.7,1.48,0.03613,545.2
175.0,6.3,3463,3491,TCU059,TCU104,4.645,50.54,49.71,0.83,0.05254,341.6
175.0,6.3,3463,3492,TCU059,TCU105,3.337,50.54,53.05,2.51,0.06705,424.1
175.0,6.3,3464,3491,TCU060,TCU104,4.864,48.23,49.71,1.48,0.02786,392.9
175.0,6.3,3464,3508,TCU060,TCU136,4.037,48.23,44.89,3.34,0.02916,418.8
175.0,6.3,3467,3468,TCU065,TCU067,4.64,61.99,55.09,6.9,0.09328,369.7
175.0,6.3,3471,3505,TCU075,TCU125,3.09,74.57,79.06,4.49,0.10548,485.3
175.0,6.3,3472,3507,TCU076,TCU129,3.384,87.9,86.66,1.24,0.19249,563.1
175.0,6.3,3476,3486,TCU081,TCU096,1.56,7.26,8.04,0.78,0.01882,442.5
175.0,6.3,3482,3483,TCU091,TCU092,3.677,6.62,7.06,0.44,0.01251,450.9
175.0,6.3,3491,3492,TCU104,TCU105,4.399,49.71,53.05,3.34,0.04172,493.0
175.0,6.3,3493,3494,TCU107,TCU108,2.287,69.63,68.93,0.7,0.06911,334.8
175.0,6.3,3493,3495,TCU107,TCU109,3.432,69.63,66.73,2.9,0.07679,472.1
175.0,6.3,3494,3495,TCU108,TCU109,4.856,68.93,66.73,2.2,0.07451,397.9
175.0,6.3,3496,3502,TCU110,TCU120,4.856,82.02,78.01,4.01,0.05992,336.0
175.0,6.3,3511,3513,TCU140,TCU145,3.365,86.47,84.73,1.74,0.05636,232.0
175.0,6.3,3515,3536,TTN001,TTN031,4.651,40.76,43.86,3.1,0.0299,497.6
175.0,6.3,3516,3542,TTN002,TTN042,3.63,21.42,20.78,0.64,0.02142,756.4
175.0,6.3,3519,3520,TTN005,TTN006,1.677,11.16,11.13,0.03,0.01139,345.4
175.0,6.3,3519,3521,TTN005,TTN007,0.912,11.16,11.32,0.16,0.01268,345.1
175.0,6.3,3519,3522,TTN005,TTN008,1.229,11.16,11.72,0.56,0.01184,350.1
175.0,6.3,3519,3523,TTN005,TTN009,0.975,11.16,11.3,0.14,0.01461,360.8
175.0,6.3,3519,3524,TTN005,TTN012,1.286,11.16,10.87,0.29,0.01146,347.9
175.0,6.3,3519,3526,TTN005,TTN015,0.708,11.16,11.44,0.28,0.01289,447.8
175.0,6.3,3520,3521,TTN006,TTN007,0.926,11.13,11.32,0.19,0.01221,283.0
175.0,6.3,3520,3522,TTN006,TTN008,1.915,11.13,11.72,0.59,0.01137,287.9
175.0,6.3,3520,3523,TTN006,TTN009,2.63,11.13,11.3,0.17,0.01414,298.6
175.0,6.3,3520,3524,TTN006,TTN012,0.785,11.13,10.87,0.26,0.01099,285.8
175.0,6.3,3520,3526,TTN006,TTN015,2.161,11.13,11.44,0.31,0.01242,385.6
175.0,6.3,3521,3522,TTN007,TTN008,1.05,11.32,11.72,0.4,0.01266,287.7
175.0,6.3,3521,3523,TTN007,TTN009,1.775,11.32,11.3,0.02,0.01542,298.3
175.0,6.3,3521,3524,TTN007,TTN012,1.008,11.32,10.87,0.45,0.01228,285.5
175.0,6.3,3521,3526,TTN007,TTN015,1.252,11.32,11.44,0.12,0.01371,385.3
175.0,6.3,3522,3523,TTN008,TTN009,1.483,11.72,11.3,0.42,0.01459,303.3
175.0,6.3,3522,3524,TTN008,TTN012,2.03,11.72,10.87,0.85,0.01144,290.5
175.0,6.3,3522,3526,TTN008,TTN015,0.872,11.72,11.44,0.28,0.01287,390.3
175.0,6.3,3523,3524,TTN009,TTN012,2.25,11.3,10.87,0.43,0.01421,301.1
175.0,6.3,3523,3526,TTN009,TTN015,0.624,11.3,11.44,0.14,0.01564,400.9
175.0,6.3,3524,3526,TTN012,TTN015,1.938,10.87,11.44,0.57,0.01249,388.1
175.0,6.3,3527,3533,TTN018,TTN026,4.844,8.1,8.82,0.72,0.01502,573.0
175.0,6.3,3527,3534,TTN018,TTN027,2.051,8.1,8.77,0.67,0.01486,501.0
175.0,6.3,3527,3535,TTN018,TTN028,4.968,8.1,7.15,0.95,0.01163,594.6
175.0,6.3,3528,3529,TTN020,TTN022,3.317,18.62,18.43,0.19,0.0236,426.3
175.0,6.3,3528,3540,TTN020,TTN040,2.825,18.62,18.53,0.09,0.01763,590.9
175.0,6.3,3531,3544,TTN024,TTN045,4.059,10.76,13.08,2.32,0.01604,605.8
175.0,6.3,3532,3533,TTN025,TTN026,4.75,8.39,8.82,0.43,0.01751,639.0
175.0,6.3,3534,3535,TTN027,TTN028,4.562,8.77,7.15,1.62,0.01352,522.6
175.0,6.3,3534,3546,TTN027,TTN048,3.884,8.77,8.5,0.27,0.01546,401.2
175.0,6.3,3535,3546,TTN028,TTN048,2.987,7.15,8.5,1.35,0.01223,494.9
175.0,6.3,3543,3544,TTN044,TTN045,3.904,14.42,13.08,1.34,0.02008,479.8
176.0,6.61,3911,3923,OKY008,OKYH05,4.648,18.29,15.41,2.88,0.1506,530.4
176.0,6.61,3918,3928,OKY015,OKYH10,0.372,60.3,60.7,0.4,0.16559,433.2
176.0,6.61,3935,3948,SMN003,SMNH02,4.937,85.32,74.27,11.05,0.43424,423.3
176.0,6.61,3963,3969,TTR006,TTRH04,4.882,74.7,80.69,5.99,0.2384,303.5
176.0,6.61,6133,6135,AIC012,AICH04,2.306,54.21,54.56,0.35,0.00431,217.5
176.0,6.61,6140,6155,EHM003,EHMH04,3.402,39.29,39.64,0.35,0.0297,249.5
176.0,6.61,6166,6174,FKI007,FKIH05,2.417,70.3,70.15,0.15,0.01171,186.8
176.0,6.61,6167,6173,FKI008,FKIH04,3.385,68.2,68.5,0.3,0.00899,250.4
176.0,6.61,6223,6235,HYG019,HYGH10,2.404,40.26,39.3,0.96,0.05027,281.3
176.0,6.61,6272,6285,KYT003,KYTH02,4.907,74.82,76.14,1.32,0.01444,463.6
176.0,6.61,6291,6308,MIE004,MIEH10,4.644,51.53,50.63,0.9,0.00888,432.4
176.0,6.61,6295,6319,MIE008,NARH06,4.992,44.82,44.74,0.08,0.00576,348.7
176.0,6.61,6296,6306,MIE009,MIEH08,4.545,45.88,45.03,0.85,0.00254,619.8
176.0,6.61,6331,6337,OIT015,OITH06,0.487,65.61,65.53,0.08,0.003,544.9
176.0,6.61,6349,6350,OSK010,OSKH01,3.574,30.63,31.56,0.93,0.01982,355.1
176.0,6.61,6364,6368,SIG011,SIGH03,3.84,50.62,49.82,0.8,0.00853,338.8
176.0,6.61,6370,6376,SMN011,SMNH09,0.283,87.68,87.58,0.1,0.02679,492.5
176.0,6.61,6386,6389,TKS010,TKSH02,4.529,4.48,3.99,0.49,0.04121,318.3
176.0,6.61,6398,6404,WKY010,WKYH04,4.732,16.37,17.09,0.72,0.00437,555.6
176.0,6.61,6401,6405,WKY014,WKYH06,4.143,20.89,20.12,0.77,0.00555,537.7
176.0,6.61,6413,6441,YMG004,YMGH13,3.71,86.31,87.12,0.81,0.01019,413.8
176.0,6.61,6415,6436,YMG006,YMGH08,1.987,88.82,89.25,0.43,0.00835,290.6
176.0,6.61,6419,6433,YMG010,YMGH05,4.254,77.48,76.2,1.28,0.02639,436.0
176.0,6.61,6422,6429,YMG013,YMGH01,3.187,80.72,80.59,0.13,0.01469,785.1
176.0,6.61,6425,6431,YMG016,YMGH03,4.765,71.44,73.01,1.57,0.03791,380.4
177.0,6.52,3971,3995,Beverly Hills Pac Bell Bsmt,Los Angeles - 3rd & La Brea LADOT,4.647,13.54,13.13,0.41,0.00344,390.5
177.0,6.52,3976,3977,Camarillo,Camarillo - Arneill & Pickwick,3.909,19.59,18.77,0.82,0.01134,321.6
177.0,6.52,3977,3978,Camarillo - Arneill & Pickwick,Camarillo - Woodcreek & Santa Rosa,4.235,18.77,18.09,0.68,0.01052,337.9
177.0,6.52,3988,3989,Hollister - Airport Bldg #3,Hollister - City Hall Annex,4.451,55.94,55.61,0.33,0.01574,280.7
177.0,6.52,3988,3990,Hollister - Airport Bldg #3,Hollister - South & Pine,4.822,55.94,55.77,0.17,0.01345,285.4
177.0,6.52,3989,3990,Hollister - City Hall Annex,Hollister - South & Pine,0.556,55.61,55.77,0.16,0.01801,277.5
177.0,6.52,4001,4010,Northridge - Parthenia & Lindley,Reseda - Fire Station 100,4.297,12.27,12.74,0.47,0.00859,317.9
177.0,6.52,4003,4004,Oxnard - Hwy 101 & Oxnard Blvd,Oxnard - Rose & Gonzales,3.501,20.47,20.52,0.05,0.01162,264.4
177.0,6.52,4003,4035,Oxnard - Hwy 101 & Oxnard Blvd,Ventura - Telephone & Montgomery,3.341,20.47,19.91,0.56,0.01264,298.9
177.0,6.52,4004,4005,Oxnard - Rose & Gonzales,Oxnard - Saviers & Hill,4.143,20.52,21.48,0.96,0.01018,254.3
177.0,6.52,4005,4006,Oxnard - Saviers & Hill,Oxnard - Victoria & Channel Islands Blvd,4.582,21.48,22.43,0.95,0.01,256.2
177.0,6.52,4010,4029,Reseda - Fire Station 100,Tarzana - Cedar Hill B,4.282,12.74,13.59,0.85,0.00661,349.3
177.0,6.52,4010,4030,Reseda - Fire Station 100,Tarzana - Fire Station No. 93,4.227,12.74,13.52,0.78,0.00725,309.8
177.0,6.52,4011,4012,Salinas - John & Work,Salinas - County Hospital Gnds,2.978,43.39,44.27,0.88,0.01689,297.4
177.0,6.52,4017,4019,Santa Barbara Courthouse,Santa Barbara - Junipero & Castillo,2.335,25.94,26.29,0.35,0.01203,429.7
177.0,6.52,4017,4020,Santa Barbara Courthouse,Santa Barbara - San Roque Canyon Bridge,4.329,25.94,26.05,0.11,0.01334,491.0
177.0,6.52,4018,4019,Santa Barbara - Hwy 101 & State,Santa Barbara - Junipero & Castillo,3.101,26.77,26.29,0.48,0.01679,302.5
177.0,6.52,4018,4020,Santa Barbara - Hwy 101 & State,Santa Barbara - San Roque Canyon Bridge,2.359,26.77,26.05,0.72,0.0181,363.7
177.0,6.52,4019,4020,Santa Barbara - Junipero & Castillo,Santa Barbara - San Roque Canyon Bridge,2.406,26.29,26.05,0.24,0.01317,405.8
177.0,6.52,4023,4024,Simi Valley - Fire Station No. 45,Simi Valley - Sycamore & Avenida,4.038,14.47,13.64,0.83,0.00875,341.5
177.0,6.52,4026,4027,Sylmar - Fire Station #91,Jensen Filter Plant Administrative Building,4.423,9.98,10.41,0.43,0.00672,386.0
177.0,6.52,4026,4028,Sylmar - Fire Station #91,Jensen Filter Plant Administrative Building Free Field (K2),4.488,9.98,10.44,0.46,0.00684,386.0
177.0,6.52,4027,4028,Jensen Filter Plant Administrative Building,Jensen Filter Plant Administrative Building Free Field (K2),0.152,10.41,10.44,0.03,0.00728,373.1
177.0,6.52,4029,4030,Tarzana - Cedar Hill B,Tarzana - Fire Station No. 93,1.991,13.59,13.52,0.07,0.00463,372.0
178.0,6.6,4050,4051,Kerman 1,Kerman 2,1.712,34.88,35.12,0.24,0.02231,242.1
179.0,6.0,4061,4062,Fresno - NSMP USGS Office,FRESNO - VA MEDICAL CENTER,4.633,67.02,65.03,1.99,0.00531,244.9
179.0,6.0,4063,4077,Hollister - Airport Bldg #3,Hollister - City Hall Annex,4.451,1.39,0.37,1.02,0.0116,280.7
179.0,6.0,4063,4094,Hollister - Airport Bldg #3,Hollister - South & Pine,4.822,1.39,0.43,0.96,0.01153,285.4
179.0,6.0,4064,4070,PARKFIELD - DONNA LEE,PARKFIELD - JOAQUIN CANYON,0.64,17.29,15.21,2.08,0.45005,517.9
179.0,6.0,4064,4084,PARKFIELD - DONNA LEE,PARKFIELD - 1-STORY SCHOOL BLDG,4.591,17.29,5.58,11.71,0.30349,463.1
179.0,6.0,4064,4115,PARKFIELD - DONNA LEE,Parkfield - Fault Zone 12,4.506,17.29,5.12,12.17,0.31466,461.0
179.0,6.0,4064,4116,PARKFIELD - DONNA LEE,Parkfield - Fault Zone 14,4.551,17.29,80.19,62.9,0.68905,451.4
179.0,6.0,4065,4084,PARKFIELD - EADES,PARKFIELD - 1-STORY SCHOOL BLDG,1.005,8.5,5.58,2.92,0.31178,326.7
179.0,6.0,4065,4110,PARKFIELD - EADES,Parkfield - Fault Zone 6,3.893,8.5,7.69,0.81,0.28197,325.3
179.0,6.0,4065,4111,PARKFIELD - EADES,Parkfield - Fault Zone 7,2.981,8.5,8.67,0.17,0.29798,340.7
179.0,6.0,4065,4112,PARKFIELD - EADES,Parkfield - Fault Zone 8,4.019,8.5,27.0,18.5,0.41936,346.4
179.0,6.0,4065,4113,PARKFIELD - EADES,Parkfield - Fault Zone 9,2.731,8.5,7.26,1.24,0.24377,378.1
179.0,6.0,4065,4114,PARKFIELD - EADES,Parkfield - Fault Zone 11,2.084,8.5,20.31,11.81,0.59152,462.8
179.0,6.0,4065,4115,PARKFIELD - EADES,Parkfield - Fault Zone 12,1.216,8.5,5.12,3.38,0.32295,324.6
179.0,6.0,4065,4116,PARKFIELD - EADES,Parkfield - Fault Zone 14,3.678,8.5,80.19,71.69,0.69733,315.0
179.0,6.0,4066,4074,PARKFIELD - FROELICH,PARKFIELD - VINEYARD CANYON,4.524,7.17,13.21,6.04,0.32512,283.5
179.0,6.0,4066,4115,PARKFIELD - FROELICH,Parkfield - Fault Zone 12,4.957,7.17,5.12,2.05,0.34926,245.9
179.0,6.0,4066,4116,PARKFIELD - FROELICH,Parkfield - Fault Zone 14,2.544,7.17,80.19,73.02,0.72365,236.3
179.0,6.0,4066,4117,PARKFIELD - FROELICH,Parkfield - Fault Zone 15,1.2,7.17,3.07,4.1,0.30979,267.1
179.0,6.0,4066,4131,PARKFIELD - FROELICH,Parkfield - Vineyard Cany 1W,2.743,7.17,3.39,3.78,0.28273,255.4
179.0,6.0,4066,4133,PARKFIELD - FROELICH,Parkfield - Vineyard Cany 2W,2.73,7.17,7.65,0.48,0.43634,332.7
179.0,6.0,4066,4134,PARKFIELD - FROELICH,Parkfield - Vineyard Cany 3W,4.492,7.17,13.47,6.3,0.35891,267.8
179.0,6.0,4066,8486,PARKFIELD - FROELICH,Hog Canyon,4.97,7.17,22.87,15.7,0.33276,301.3
179.0,6.0,4067,4068,PARKFIELD - GOLD HILL,PARKFIELD - HOG CANYON,3.222,82.91,66.32,16.59,0.20921,461.0
179.0,6.0,4067,4108,PARKFIELD - GOLD HILL,Parkfield - Fault Zone 3,3.507,82.91,21.9,61.01,0.26799,385.0
179.0,6.0,4067,4109,PARKFIELD - GOLD HILL,Parkfield - Fault Zone 4,4.43,82.91,13.0,69.91,0.14437,389.5
179.0,6.0,4067,4118,PARKFIELD - GOLD HILL,Parkfield - Gold Hill 1W,3.332,82.91,45.58,37.33,0.15441,386.4
179.0,6.0,4067,4119,PARKFIELD - GOLD HILL,Parkfield - Gold Hill 2E,1.126,82.91,66.92,15.99,0.18618,459.6
179.0,6.0,4067,4120,PARKFIELD - GOLD HILL,Parkfield - Gold Hill 2W,4.681,82.91,64.33,18.58,0.19156,424.4
179.0,6.0,4067,4121,PARKFIELD - GOLD HILL,Parkfield - Gold Hill 3E,4.254,82.91,64.36,18.55,0.16468,504.5
179.0,6.0,4068,4108,PARKFIELD - HOG CANYON,Parkfield - Fault Zone 3,3.846,66.32,21.9,44.42,0.31181,287.7
179.0,6.0,4068,4109,PARKFIELD - HOG CANYON,Parkfield - Fault Zone 4,3.006,66.32,13.0,53.32,0.18819,292.2
179.0,6.0,4068,4118,PARKFIELD - HOG CANYON,Parkfield - Gold Hill 1W,0.491,66.32,45.58,20.74,0.19822,289.1
179.0,6.0,4068,4119,PARKFIELD - HOG CANYON,Parkfield - Gold Hill 2E,3.897,66.32,66.92,0.6,0.23,362.3
179.0,6.0,4068,4120,PARKFIELD - HOG CANYON,Parkfield - Gold Hill 2W,1.569,66.32,64.33,1.99,0.23538,327.1
179.0,6.0,4068,4122,PARKFIELD - HOG CANYON,Parkfield - Gold Hill 3W,3.949,66.32,80.36,14.04,0.42877,437.3
179.0,6.0,4069,4129,PARKFIELD - JACK CANYON,PARKFIELD - TEMBLOR,3.196,12.7,15.9,3.2,0.1291,550.5
179.0,6.0,4070,4084,PARKFIELD - JOAQUIN CANYON,PARKFIELD - 1-STORY SCHOOL BLDG,4.671,15.21,5.58,9.63,0.41324,324.3
179.0,6.0,4070,4115,PARKFIELD - JOAQUIN CANYON,Parkfield - Fault Zone 12,4.56,15.21,5.12,10.09,0.42441,322.1
179.0,6.0,4070,4116,PARKFIELD - JOAQUIN CANYON,Parkfield - Fault Zone 14,4.259,15.21,80.19,64.98,0.7988,312.5
179.0,6.0,4070,4117,PARKFIELD - JOAQUIN CANYON,Parkfield - Fault Zone 15,4.892,15.21,3.07,12.14,0.38494,343.3
179.0,6.0,4070,4130,PARKFIELD - JOAQUIN CANYON,Parkfield - Vineyard Cany 1E,4.799,15.21,5.16,10.05,0.42883,380.1
179.0,6.0,4070,4132,PARKFIELD - JOAQUIN CANYON,Parkfield - Vineyard Cany 2E,4.836,15.21,11.12,4.09,0.41141,423.4
179.0,6.0,4071,4096,PARKFIELD - MIDDLE MOUNTAIN,"Bear Valley Ranch, Parkfield, CA, USA",4.386,2.07,9.2,7.13,0.23602,462.8
179.0,6.0,4071,4117,PARKFIELD - MIDDLE MOUNTAIN,Parkfield - Fault Zone 15,4.33,2.07,3.07,1.0,0.25926,352.6
179.0,6.0,4071,4130,PARKFIELD - MIDDLE MOUNTAIN,Parkfield - Vineyard Cany 1E,1.355,2.07,5.16,3.09,0.30314,389.4
179.0,6.0,4071,4131,PARKFIELD - MIDDLE MOUNTAIN,Parkfield - Vineyard Cany 1W,2.67,2.07,3.39,1.32,0.2322,340.9
179.0,6.0,4071,4132,PARKFIELD - MIDDLE MOUNTAIN,Parkfield - Vineyard Cany 2E,3.097,2.07,11.12,9.05,0.28573,432.7
179.0,6.0,4071,4133,PARKFIELD - MIDDLE MOUNTAIN,Parkfield - Vineyard Cany 2W,3.64,2.07,7.65,5.58,0.38582,418.2
179.0,6.0,4073,4096,PARKFIELD - STOCKDALE MTN,"Bear Valley Ranch, Parkfield, CA, USA",4.559,8.95,9.2,0.25,0.2287,460.8
179.0,6.0,4074,4096,PARKFIELD - VINEYARD CANYON,"Bear Valley Ranch, Parkfield, CA, USA",2.55,13.21,9.2,4.01,0.20219,434.2
179.0,6.0,4074,4117,PARKFIELD - VINEYARD CANYON,Parkfield - Fault Zone 15,4.778,13.21,3.07,10.14,0.22542,324.0
179.0,6.0,4074,4131,PARKFIELD - VINEYARD CANYON,Parkfield - Vineyard Cany 1W,3.549,13.21,3.39,9.82,0.19836,312.3
179.0,6.0,4074,4133,PARKFIELD - VINEYARD CANYON,Parkfield - Vineyard Cany 2W,2.295,13.21,7.65,5.56,0.35198,389.6
179.0,6.0,4074,4134,PARKFIELD - VINEYARD CANYON,Parkfield - Vineyard Cany 3W,0.111,13.21,13.47,0.26,0.27454,324.7
179.0,6.0,4074,4135,PARKFIELD - VINEYARD CANYON,Parkfield - Vineyard Cany 4W,2.466,13.21,20.53,7.32,0.1723,363.3
179.0,6.0,4075,4138,PARKFIELD - WORK RANCH,PARKFIELD - UPSAR 01,0.758,51.92,48.97,2.95,0.22998,402.1
179.0,6.0,4075,4139,PARKFIELD - WORK RANCH,PARKFIELD - UPSAR 02,0.899,51.92,48.45,3.47,0.27075,431.7
179.0,6.0,4075,4140,PARKFIELD - WORK RANCH,PARKFIELD - UPSAR 03,0.859,51.92,48.94,2.98,0.25282,443.5
179.0,6.0,4075,4141,PARKFIELD - WORK RANCH,PARKFIELD - UPSAR 05,1.234,51.92,47.38,4.54,0.2979,443.5
179.0,6.0,4075,4142,PARKFIELD - WORK RANCH,PARKFIELD - UPSAR 06,1.234,51.92,47.38,4.54,0.26168,443.5
179.0,6.0,4075,4143,PARKFIELD - WORK RANCH,PARKFIELD - UPSAR 07,1.234,51.92,47.38,4.54,0.33611,443.5
179.0,6.0,4075,4144,PARKFIELD - WORK RANCH,PARKFIELD - UPSAR 08,1.432,51.92,46.81,5.11,0.26076,443.5
179.0,6.0,4075,4145,PARKFIELD - WORK RANCH,PARKFIELD - UPSAR 09,1.52,51.92,46.29,5.63,0.26436,456.3
179.0,6.0,4075,4146,PARKFIELD - WORK RANCH,PARKFIELD - UPSAR 10,1.753,51.92,45.22,6.7,0.29216,394.1
179.0,6.0,4075,4147,PARKFIELD - WORK RANCH,PARKFIELD - UPSAR 11,1.468,51.92,46.33,5.59,0.33526,456.3
179.0,6.0,4075,4148,PARKFIELD - WORK RANCH,PARKFIELD - UPSAR 12,1.476,51.92,45.89,6.03,0.27524,456.3
179.0,6.0,4075,4149,PARKFIELD - WORK RANCH,PARKFIELD - UPSAR 13,1.476,51.92,45.89,6.03,0.27893,456.3
179.0,6.0,4077,4094,Hollister - City Hall Annex,Hollister - South & Pine,0.556,0.37,0.43,0.06,0.01283,277.5
179.0,6.0,4081,4102,Parkfield - Cholame 5W,Parkfield - Cholame 3W,4.294,24.94,7.2,17.74,0.32343,233.6
179.0,6.0,4081,4103,Parkfield - Cholame 5W,Parkfield - Cholame 4W,3.186,24.94,12.42,12.52,0.3962,323.5
179.0,6.0,4081,4104,Parkfield - Cholame 5W,Parkfield - Cholame 4AW,1.553,24.94,19.11,5.83,0.25813,260.0
179.0,6.0,4081,4105,Parkfield - Cholame 5W,Parkfield - Cholame 6W,1.92,24.94,31.01,6.07,0.27321,244.1
179.0,6.0,4083,4111,PARKFIELD - TURKEY FLAT #1 (0M),Parkfield - Fault Zone 7,4.217,44.31,8.67,35.64,0.22021,602.2
179.0,6.0,4083,4112,PARKFIELD - TURKEY FLAT #1 (0M),Parkfield - Fault Zone 8,2.072,44.31,27.0,17.31,0.34159,607.9
179.0,6.0,4083,4114,PARKFIELD - TURKEY FLAT #1 (0M),Parkfield - Fault Zone 11,4.122,44.31,20.31,24.0,0.51375,724.3
179.0,6.0,4083,4119,PARKFIELD - TURKEY FLAT #1 (0M),Parkfield - Gold Hill 2E,3.995,44.31,66.92,22.61,0.20415,633.9
179.0,6.0,4083,4121,PARKFIELD - TURKEY FLAT #1 (0M),Parkfield - Gold Hill 3E,2.338,44.31,64.36,20.05,0.18264,678.8
179.0,6.0,4084,4110,PARKFIELD - 1-STORY SCHOOL BLDG,Parkfield - Fault Zone 6,4.448,5.58,7.69,2.11,0.23688,268.1
179.0,6.0,4084,4111,PARKFIELD - 1-STORY SCHOOL BLDG,Parkfield - Fault Zone 7,3.864,5.58,8.67,3.09,0.25289,283.5
179.0,6.0,4084,4113,PARKFIELD - 1-STORY SCHOOL BLDG,Parkfield - Fault Zone 9,2.461,5.58,7.26,1.68,0.19869,320.9
179.0,6.0,4084,4114,PARKFIELD - 1-STORY SCHOOL BLDG,Parkfield - Fault Zone 11,2.981,5.58,20.31,14.73,0.54644,405.6
179.0,6.0,4084,4115,PARKFIELD - 1-STORY SCHOOL BLDG,Parkfield - Fault Zone 12,0.212,5.58,5.12,0.46,0.27786,267.4
179.0,6.0,4084,4116,PARKFIELD - 1-STORY SCHOOL BLDG,Parkfield - Fault Zone 14,2.674,5.58,80.19,74.61,0.65224,257.8
179.0,6.0,4085,4105,Shandon-1-story High School Bldg,Parkfield - Cholame 6W,4.516,42.45,31.01,11.44,0.25394,304.5
179.0,6.0,4085,4106,Shandon-1-story High School Bldg,Parkfield - Cholame 12W,3.02,42.45,49.1,6.65,0.13835,358.2
179.0,6.0,4090,4095,Salinas - John & Work,Salinas - County Hospital Gnds,2.978,10.95,9.93,1.02,0.01181,297.4
179.0,6.0,4096,4131,"Bear Valley Ranch, Parkfield, CA, USA",Parkfield - Vineyard Cany 1W,4.232,9.2,3.39,5.81,0.15979,406.1
179.0,6.0,4096,4133,"Bear Valley Ranch, Parkfield, CA, USA",Parkfield - Vineyard Cany 2W,3.582,9.2,7.65,1.55,0.3134,483.3
179.0,6.0,4096,4134,"Bear Valley Ranch, Parkfield, CA, USA",Parkfield - Vineyard Cany 3W,2.657,9.2,13.47,4.27,0.23596,418.4
179.0,6.0,4096,4135,"Bear Valley Ranch, Parkfield, CA, USA",Parkfield - Vineyard Cany 4W,4.506,9.2,20.53,11.33,0.13373,457.1
179.0,6.0,4098,4099,Parkfield - Cholame 1E,Parkfield - Cholame 2E,1.852,5.0,13.52,8.52,0.43674,424.7
179.0,6.0,4098,4100,Parkfield - Cholame 1E,Parkfield - Cholame 2WA,1.617,5.0,3.06,1.94,0.43457,249.8
179.0,6.0,4098,4101,Parkfield - Cholame 1E,Parkfield - Cholame 3E,4.042,5.0,24.88,19.88,0.52032,362.0
179.0,6.0,4098,4102,Parkfield - Cholame 1E,Parkfield - Cholame 3W,2.611,5.0,7.2,2.2,0.40143,278.6
179.0,6.0,4098,4103,Parkfield - Cholame 1E,Parkfield - Cholame 4W,3.697,5.0,12.42,7.42,0.47419,368.5
179.0,6.0,4098,4107,Parkfield - Cholame 1E,Parkfield - Fault Zone 1,3.18,5.0,0.41,4.59,0.51689,252.5
179.0,6.0,4099,4100,Parkfield - Cholame 2E,Parkfield - Cholame 2WA,3.44,13.52,3.06,10.46,0.48208,347.9
179.0,6.0,4099,4101,Parkfield - Cholame 2E,Parkfield - Cholame 3E,2.374,13.52,24.88,11.36,0.56783,460.1
179.0,6.0,4099,4102,Parkfield - Cholame 2E,Parkfield - Cholame 3W,4.358,13.52,7.2,6.32,0.44893,376.7
179.0,6.0,4099,4107,Parkfield - Cholame 2E,Parkfield - Fault Zone 1,4.401,13.52,0.41,13.11,0.5644,350.5
179.0,6.0,4100,4102,Parkfield - Cholame 2WA,Parkfield - Cholame 3W,1.064,3.06,7.2,4.14,0.44676,201.8
179.0,6.0,4100,4103,Parkfield - Cholame 2WA,Parkfield - Cholame 4W,2.093,3.06,12.42,9.36,0.51953,291.7
179.0,6.0,4100,4104,Parkfield - Cholame 2WA,Parkfield - Cholame 4AW,3.724,3.06,19.11,16.05,0.38146,228.2
179.0,6.0,4100,4107,Parkfield - Cholame 2WA,Parkfield - Fault Zone 1,3.175,3.06,0.41,2.65,0.56223,175.6
179.0,6.0,4101,4126,Parkfield - Cholame 3E,Parkfield - Stone Corral 1E,4.689,24.88,24.29,0.59,0.68404,329.0
179.0,6.0,4102,4103,Parkfield - Cholame 3W,Parkfield - Cholame 4W,1.123,7.2,12.42,5.22,0.48639,320.5
179.0,6.0,4102,4104,Parkfield - Cholame 3W,Parkfield - Cholame 4AW,2.742,7.2,19.11,11.91,0.34832,257.0
179.0,6.0,4102,4107,Parkfield - Cholame 3W,Parkfield - Fault Zone 1,3.959,7.2,0.41,6.79,0.52909,204.4
179.0,6.0,4103,4104,Parkfield - Cholame 4W,Parkfield - Cholame 4AW,1.634,12.42,19.11,6.69,0.42109,346.9
179.0,6.0,4103,4107,Parkfield - Cholame 4W,Parkfield - Fault Zone 1,4.456,12.42,0.41,12.01,0.60185,294.3
179.0,6.0,4104,4105,Parkfield - Cholame 4AW,Parkfield - Cholame 6W,3.472,19.11,31.01,11.9,0.29811,267.5
179.0,6.0,4107,4126,Parkfield - Fault Zone 1,Parkfield - Stone Corral 1E,3.536,0.41,24.29,23.88,0.68061,219.4
179.0,6.0,4108,4118,Parkfield - Fault Zone 3,Parkfield - Gold Hill 1W,4.304,21.9,45.58,23.68,0.25701,213.1
179.0,6.0,4108,4119,Parkfield - Fault Zone 3,Parkfield - Gold Hill 2E,4.623,21.9,66.92,45.02,0.28879,286.3
179.0,6.0,4108,4126,Parkfield - Fault Zone 3,Parkfield - Stone Corral 1E,3.975,21.9,24.29,2.39,0.54363,236.2
179.0,6.0,4108,4127,Parkfield - Fault Zone 3,Parkfield - Stone Corral 2E,4.753,21.9,45.09,23.19,0.27859,389.0
179.0,6.0,4109,4110,Parkfield - Fault Zone 4,Parkfield - Fault Zone 6,3.409,13.0,7.69,5.31,0.16521,243.7
179.0,6.0,4109,4111,Parkfield - Fault Zone 4,Parkfield - Fault Zone 7,3.975,13.0,8.67,4.33,0.18122,259.1
179.0,6.0,4109,4112,Parkfield - Fault Zone 4,Parkfield - Fault Zone 8,4.838,13.0,27.0,14.0,0.30261,264.8
179.0,6.0,4109,4118,Parkfield - Fault Zone 4,Parkfield - Gold Hill 1W,2.521,13.0,45.58,32.58,0.13339,217.6
179.0,6.0,4109,4119,Parkfield - Fault Zone 4,Parkfield - Gold Hill 2E,4.308,13.0,66.92,53.92,0.16517,290.8
179.0,6.0,4109,4120,Parkfield - Fault Zone 4,Parkfield - Gold Hill 2W,2.693,13.0,64.33,51.33,0.17054,255.6
179.0,6.0,4109,4122,Parkfield - Fault Zone 4,Parkfield - Gold Hill 3W,4.676,13.0,80.36,67.36,0.36393,365.8
179.0,6.0,4110,4111,Parkfield - Fault Zone 6,Parkfield - Fault Zone 7,1.964,7.69,8.67,0.98,0.22309,282.1
179.0,6.0,4110,4112,Parkfield - Fault Zone 6,Parkfield - Fault Zone 8,4.1,7.69,27.0,19.31,0.34447,287.7
179.0,6.0,4110,4113,Parkfield - Fault Zone 6,Parkfield - Fault Zone 9,3.165,7.69,7.26,0.43,0.16887,319.5
179.0,6.0,4110,4114,Parkfield - Fault Zone 6,Parkfield - Fault Zone 11,4.567,7.69,20.31,12.62,0.51663,404.2
179.0,6.0,4110,4115,Parkfield - Fault Zone 6,Parkfield - Fault Zone 12,4.599,7.69,5.12,2.57,0.24805,265.9
179.0,6.0,4111,4112,Parkfield - Fault Zone 7,Parkfield - Fault Zone 8,2.214,8.67,27.0,18.33,0.36048,303.1
179.0,6.0,4111,4113,Parkfield - Fault Zone 7,Parkfield - Fault Zone 9,3.8,8.67,7.26,1.41,0.18489,334.9
179.0,6.0,4111,4114,Parkfield - Fault Zone 7,Parkfield - Fault Zone 11,2.832,8.67,20.31,11.64,0.53264,419.6
179.0,6.0,4111,4115,Parkfield - Fault Zone 7,Parkfield - Fault Zone 12,4.064,8.67,5.12,3.55,0.26406,281.3
179.0,6.0,4112,4114,Parkfield - Fault Zone 8,Parkfield - Fault Zone 11,2.52,27.0,20.31,6.69,0.65402,425.3
179.0,6.0,4112,4119,Parkfield - Fault Zone 8,Parkfield - Gold Hill 2E,4.898,27.0,66.92,39.92,0.34442,334.9
179.0,6.0,4112,4121,Parkfield - Fault Zone 8,Parkfield - Gold Hill 3E,4.327,27.0,64.36,37.36,0.32291,379.7
179.0,6.0,4113,4114,Parkfield - Fault Zone 9,Parkfield - Fault Zone 11,4.637,7.26,20.31,13.05,0.47843,457.0
179.0,6.0,4113,4115,Parkfield - Fault Zone 9,Parkfield - Fault Zone 12,2.473,7.26,5.12,2.14,0.20986,318.7
179.0,6.0,4113,4116,Parkfield - Fault Zone 9,Parkfield - Fault Zone 14,3.431,7.26,80.19,72.93,0.58424,309.2
179.0,6.0,4113,8486,Parkfield - Fault Zone 9,Hog Canyon,3.408,7.26,22.87,15.61,0.19335,374.1
179.0,6.0,4114,4115,Parkfield - Fault Zone 11,Parkfield - Fault Zone 12,3.17,20.31,5.12,15.19,0.55761,403.5
179.0,6.0,4115,4116,Parkfield - Fault Zone 12,Parkfield - Fault Zone 14,2.464,5.12,80.19,75.07,0.66342,255.6
179.0,6.0,4115,4117,Parkfield - Fault Zone 12,Parkfield - Fault Zone 15,4.967,5.12,3.07,2.05,0.24956,286.4
179.0,6.0,4116,4117,Parkfield - Fault Zone 14,Parkfield - Fault Zone 15,2.526,80.19,3.07,77.12,0.62394,276.8
179.0,6.0,4116,4131,Parkfield - Fault Zone 14,Parkfield - Vineyard Cany 1W,4.549,80.19,3.39,76.8,0.59688,265.1
179.0,6.0,4116,8486,Parkfield - Fault Zone 14,Hog Canyon,4.997,80.19,22.87,57.32,0.64691,311.0
179.0,6.0,4117,4130,Parkfield - Fault Zone 15,Parkfield - Vineyard Cany 1E,4.003,3.07,5.16,2.09,0.25397,344.4
179.0,6.0,4117,4131,Parkfield - Fault Zone 15,Parkfield - Vineyard Cany 1W,2.041,3.07,3.39,0.32,0.18302,295.9
179.0,6.0,4117,4133,Parkfield - Fault Zone 15,Parkfield - Vineyard Cany 2W,2.608,3.07,7.65,4.58,0.33664,373.2
179.0,6.0,4117,4134,Parkfield - Fault Zone 15,Parkfield - Vineyard Cany 3W,4.774,3.07,13.47,10.4,0.25921,308.2
179.0,6.0,4118,4119,Parkfield - Gold Hill 1W,Parkfield - Gold Hill 2E,3.878,45.58,66.92,21.34,0.1752,287.7
179.0,6.0,4118,4120,Parkfield - Gold Hill 1W,Parkfield - Gold Hill 2W,1.349,45.58,64.33,18.75,0.18057,252.5
179.0,6.0,4118,4122,Parkfield - Gold Hill 1W,Parkfield - Gold Hill 3W,3.852,45.58,80.36,34.78,0.37396,362.7
179.0,6.0,4119,4121,Parkfield - Gold Hill 2E,Parkfield - Gold Hill 3E,3.257,66.92,64.36,2.56,0.18547,405.8
179.0,6.0,4120,4122,Parkfield - Gold Hill 2W,Parkfield - Gold Hill 3W,2.533,64.33,80.36,16.03,0.41112,400.7
179.0,6.0,4122,4123,Parkfield - Gold Hill 3W,Parkfield - Gold Hill 4W,3.218,80.36,77.51,2.85,0.50016,466.1
179.0,6.0,4123,4124,Parkfield - Gold Hill 4W,Parkfield - Gold Hill 5W,3.412,77.51,78.32,0.81,0.30806,431.3
179.0,6.0,4124,4125,Parkfield - Gold Hill 5W,Parkfield - Gold Hill 6W,4.471,78.32,85.4,7.08,0.15994,336.9
179.0,6.0,4126,4127,Parkfield - Stone Corral 1E,Parkfield - Stone Corral 2E,2.675,24.29,45.09,20.8,0.45163,413.5
179.0,6.0,4127,4128,Parkfield - Stone Corral 2E,Parkfield - Stone Corral 3E,2.777,45.09,62.76,17.67,0.19547,565.7
179.0,6.0,4130,4131,Parkfield - Vineyard Cany 1E,Parkfield - Vineyard Cany 1W,2.935,5.16,3.39,1.77,0.2269,332.7
179.0,6.0,4130,4132,Parkfield - Vineyard Cany 1E,Parkfield - Vineyard Cany 2E,2.18,5.16,11.12,5.96,0.28043,424.5
179.0,6.0,4130,4133,Parkfield - Vineyard Cany 1E,Parkfield - Vineyard Cany 2W,4.181,5.16,7.65,2.49,0.38053,410.0
179.0,6.0,4131,4133,Parkfield - Vineyard Cany 1W,Parkfield - Vineyard Cany 2W,1.332,3.39,7.65,4.26,0.30958,361.5
179.0,6.0,4131,4134,Parkfield - Vineyard Cany 1W,Parkfield - Vineyard Cany 3W,3.589,3.39,13.47,10.08,0.23214,296.5
179.0,6.0,4133,4134,Parkfield - Vineyard Cany 2W,Parkfield - Vineyard Cany 3W,2.319,7.65,13.47,5.82,0.38576,373.8
179.0,6.0,4133,4135,Parkfield - Vineyard Cany 2W,Parkfield - Vineyard Cany 4W,4.429,7.65,20.53,12.88,0.28353,412.5
179.0,6.0,4134,4135,Parkfield - Vineyard Cany 3W,Parkfield - Vineyard Cany 4W,2.377,13.47,20.53,7.06,0.20608,347.5
179.0,6.0,4134,4136,Parkfield - Vineyard Cany 3W,Parkfield - Vineyard Cany 5W,4.972,13.47,28.18,14.71,0.24113,314.6
179.0,6.0,4135,4136,Parkfield - Vineyard Cany 4W,Parkfield - Vineyard Cany 5W,2.602,20.53,28.18,7.65,0.13889,353.3
179.0,6.0,4136,4137,Parkfield - Vineyard Cany 5W,Parkfield - Vineyard Cany 6W,4.131,28.18,37.93,9.75,0.13968,356.3
179.0,6.0,4138,4139,PARKFIELD - UPSAR 01,PARKFIELD - UPSAR 02,0.143,48.97,48.45,0.52,0.20441,387.3
179.0,6.0,4138,4140,PARKFIELD - UPSAR 01,PARKFIELD - UPSAR 03,0.18,48.97,48.94,0.03,0.18648,399.2
179.0,6.0,4138,4141,PARKFIELD - UPSAR 01,PARKFIELD - UPSAR 05,0.491,48.97,47.38,1.59,0.23156,399.2
179.0,6.0,4138,4142,PARKFIELD - UPSAR 01,PARKFIELD - UPSAR 06,0.491,48.97,47.38,1.59,0.19534,399.2
179.0,6.0,4138,4143,PARKFIELD - UPSAR 01,PARKFIELD - UPSAR 07,0.491,48.97,47.38,1.59,0.26977,399.2
179.0,6.0,4138,4144,PARKFIELD - UPSAR 01,PARKFIELD - UPSAR 08,0.7,48.97,46.81,2.16,0.19443,399.2
179.0,6.0,4138,4145,PARKFIELD - UPSAR 01,PARKFIELD - UPSAR 09,0.776,48.97,46.29,2.68,0.19802,412.0
179.0,6.0,4138,4146,PARKFIELD - UPSAR 01,PARKFIELD - UPSAR 10,1.002,48.97,45.22,3.75,0.22582,349.7
179.0,6.0,4138,4147,PARKFIELD - UPSAR 01,PARKFIELD - UPSAR 11,0.716,48.97,46.33,2.64,0.26892,412.0
179.0,6.0,4138,4148,PARKFIELD - UPSAR 01,PARKFIELD - UPSAR 12,0.72,48.97,45.89,3.08,0.2089,412.0
179.0,6.0,4138,4149,PARKFIELD - UPSAR 01,PARKFIELD - UPSAR 13,0.72,48.97,45.89,3.08,0.21259,412.0
179.0,6.0,4139,4140,PARKFIELD - UPSAR 02,PARKFIELD - UPSAR 03,0.143,48.45,48.94,0.49,0.22725,428.7
179.0,6.0,4139,4141,PARKFIELD - UPSAR 02,PARKFIELD - UPSAR 05,0.35,48.45,47.38,1.07,0.27233,428.7
179.0,6.0,4139,4142,PARKFIELD - UPSAR 02,PARKFIELD - UPSAR 06,0.35,48.45,47.38,1.07,0.23611,428.7
179.0,6.0,4139,4143,PARKFIELD - UPSAR 02,PARKFIELD - UPSAR 07,0.35,48.45,47.38,1.07,0.31055,428.7
179.0,6.0,4139,4144,PARKFIELD - UPSAR 02,PARKFIELD - UPSAR 08,0.561,48.45,46.81,1.64,0.23519,428.7
179.0,6.0,4139,4145,PARKFIELD - UPSAR 02,PARKFIELD - UPSAR 09,0.633,48.45,46.29,2.16,0.23879,441.5
179.0,6.0,4139,4146,PARKFIELD - UPSAR 02,PARKFIELD - UPSAR 10,0.859,48.45,45.22,3.23,0.26659,379.3
179.0,6.0,4139,4147,PARKFIELD - UPSAR 02,PARKFIELD - UPSAR 11,0.573,48.45,46.33,2.12,0.30969,441.5
179.0,6.0,4139,4148,PARKFIELD - UPSAR 02,PARKFIELD - UPSAR 12,0.584,48.45,45.89,2.56,0.24967,441.5
179.0,6.0,4139,4149,PARKFIELD - UPSAR 02,PARKFIELD - UPSAR 13,0.584,48.45,45.89,2.56,0.25336,441.5
179.0,6.0,4140,4141,PARKFIELD - UPSAR 03,PARKFIELD - UPSAR 05,0.379,48.94,47.38,1.56,0.2544,440.6
179.0,6.0,4140,4142,PARKFIELD - UPSAR 03,PARKFIELD - UPSAR 06,0.379,48.94,47.38,1.56,0.21818,440.6
179.0,6.0,4140,4143,PARKFIELD - UPSAR 03,PARKFIELD - UPSAR 07,0.379,48.94,47.38,1.56,0.29262,440.6
179.0,6.0,4140,4144,PARKFIELD - UPSAR 03,PARKFIELD - UPSAR 08,0.573,48.94,46.81,2.13,0.21726,440.6
179.0,6.0,4140,4145,PARKFIELD - UPSAR 03,PARKFIELD - UPSAR 09,0.663,48.94,46.29,2.65,0.22086,453.4
179.0,6.0,4140,4146,PARKFIELD - UPSAR 03,PARKFIELD - UPSAR 10,0.899,48.94,45.22,3.72,0.24866,391.1
179.0,6.0,4140,4147,PARKFIELD - UPSAR 03,PARKFIELD - UPSAR 11,0.618,48.94,46.33,2.61,0.29176,453.4
179.0,6.0,4140,4148,PARKFIELD - UPSAR 03,PARKFIELD - UPSAR 12,0.673,48.94,45.89,3.05,0.23174,453.4
179.0,6.0,4140,4149,PARKFIELD - UPSAR 03,PARKFIELD - UPSAR 13,0.673,48.94,45.89,3.05,0.23543,453.4
179.0,6.0,4141,4142,PARKFIELD - UPSAR 05,PARKFIELD - UPSAR 06,0.0,47.38,47.38,0.0,0.26326,440.6
179.0,6.0,4141,4143,PARKFIELD - UPSAR 05,PARKFIELD - UPSAR 07,0.0,47.38,47.38,0.0,0.33769,440.6
179.0,6.0,4141,4144,PARKFIELD - UPSAR 05,PARKFIELD - UPSAR 08,0.212,47.38,46.81,0.57,0.26234,440.6
179.0,6.0,4141,4145,PARKFIELD - UPSAR 05,PARKFIELD - UPSAR 09,0.286,47.38,46.29,1.09,0.26594,453.4
179.0,6.0,4141,4146,PARKFIELD - UPSAR 05,PARKFIELD - UPSAR 10,0.521,47.38,45.22,2.16,0.29373,391.1
179.0,6.0,4141,4147,PARKFIELD - UPSAR 05,PARKFIELD - UPSAR 11,0.24,47.38,46.33,1.05,0.33683,453.4
179.0,6.0,4141,4148,PARKFIELD - UPSAR 05,PARKFIELD - UPSAR 12,0.346,47.38,45.89,1.49,0.27682,453.4
179.0,6.0,4141,4149,PARKFIELD - UPSAR 05,PARKFIELD - UPSAR 13,0.346,47.38,45.89,1.49,0.28051,453.4
179.0,6.0,4142,4143,PARKFIELD - UPSAR 06,PARKFIELD - UPSAR 07,0.0,47.38,47.38,0.0,0.30147,440.6
179.0,6.0,4142,4144,PARKFIELD - UPSAR 06,PARKFIELD - UPSAR 08,0.212,47.38,46.81,0.57,0.22612,440.6
179.0,6.0,4142,4145,PARKFIELD - UPSAR 06,PARKFIELD - UPSAR 09,0.286,47.38,46.29,1.09,0.22972,453.4
179.0,6.0,4142,4146,PARKFIELD - UPSAR 06,PARKFIELD - UPSAR 10,0.521,47.38,45.22,2.16,0.25752,391.1
179.0,6.0,4142,4147,PARKFIELD - UPSAR 06,PARKFIELD - UPSAR 11,0.24,47.38,46.33,1.05,0.30062,453.4
179.0,6.0,4142,4148,PARKFIELD - UPSAR 06,PARKFIELD - UPSAR 12,0.346,47.38,45.89,1.49,0.2406,453.4
179.0,6.0,4142,4149,PARKFIELD - UPSAR 06,PARKFIELD - UPSAR 13,0.346,47.38,45.89,1.49,0.24429,453.4
179.0,6.0,4143,4144,PARKFIELD - UPSAR 07,PARKFIELD - UPSAR 08,0.212,47.38,46.81,0.57,0.30056,440.6
179.0,6.0,4143,4145,PARKFIELD - UPSAR 07,PARKFIELD - UPSAR 09,0.286,47.38,46.29,1.09,0.30416,453.4
179.0,6.0,4143,4146,PARKFIELD - UPSAR 07,PARKFIELD - UPSAR 10,0.521,47.38,45.22,2.16,0.33196,391.1
179.0,6.0,4143,4147,PARKFIELD - UPSAR 07,PARKFIELD - UPSAR 11,0.24,47.38,46.33,1.05,0.37506,453.4
179.0,6.0,4143,4148,PARKFIELD - UPSAR 07,PARKFIELD - UPSAR 12,0.346,47.38,45.89,1.49,0.31504,453.4
179.0,6.0,4143,4149,PARKFIELD - UPSAR 07,PARKFIELD - UPSAR 13,0.346,47.38,45.89,1.49,0.31873,453.4
179.0,6.0,4144,4145,PARKFIELD - UPSAR 08,PARKFIELD - UPSAR 09,0.111,46.81,46.29,0.52,0.2288,453.4
179.0,6.0,4144,4146,PARKFIELD - UPSAR 08,PARKFIELD - UPSAR 10,0.346,46.81,45.22,1.59,0.2566,391.1
179.0,6.0,4144,4147,PARKFIELD - UPSAR 08,PARKFIELD - UPSAR 11,0.143,46.81,46.33,0.48,0.2997,453.4
179.0,6.0,4144,4148,PARKFIELD - UPSAR 08,PARKFIELD - UPSAR 12,0.35,46.81,45.89,0.92,0.23968,453.4
179.0,6.0,4144,4149,PARKFIELD - UPSAR 08,PARKFIELD - UPSAR 13,0.35,46.81,45.89,0.92,0.24338,453.4
179.0,6.0,4145,4146,PARKFIELD - UPSAR 09,PARKFIELD - UPSAR 10,0.24,46.29,45.22,1.07,0.2602,403.9
179.0,6.0,4145,4147,PARKFIELD - UPSAR 09,PARKFIELD - UPSAR 11,0.09,46.29,46.33,0.04,0.3033,466.1
179.0,6.0,4145,4148,PARKFIELD - UPSAR 09,PARKFIELD - UPSAR 12,0.292,46.29,45.89,0.4,0.24328,466.1
179.0,6.0,4145,4149,PARKFIELD - UPSAR 09,PARKFIELD - UPSAR 13,0.292,46.29,45.89,0.4,0.24697,466.1
179.0,6.0,4145,8486,PARKFIELD - UPSAR 09,Hog Canyon,4.91,46.29,22.87,23.42,0.24421,421.1
179.0,6.0,4146,4147,PARKFIELD - UPSAR 10,PARKFIELD - UPSAR 11,0.286,45.22,46.33,1.11,0.3311,403.9
179.0,6.0,4146,4148,PARKFIELD - UPSAR 10,PARKFIELD - UPSAR 12,0.377,45.22,45.89,0.67,0.27108,403.9
179.0,6.0,4146,4149,PARKFIELD - UPSAR 10,PARKFIELD - UPSAR 13,0.377,45.22,45.89,0.67,0.27477,403.9
179.0,6.0,4146,8486,PARKFIELD - UPSAR 10,Hog Canyon,4.67,45.22,22.87,22.35,0.27201,358.9
179.0,6.0,4147,4148,PARKFIELD - UPSAR 11,PARKFIELD - UPSAR 12,0.212,46.33,45.89,0.44,0.31418,466.1
179.0,6.0,4147,4149,PARKFIELD - UPSAR 11,PARKFIELD - UPSAR 13,0.212,46.33,45.89,0.44,0.31787,466.1
179.0,6.0,4147,8486,PARKFIELD - UPSAR 11,Hog Canyon,4.946,46.33,22.87,23.46,0.31511,421.1
179.0,6.0,4148,4149,PARKFIELD - UPSAR 12,PARKFIELD - UPSAR 13,0.0,45.89,45.89,0.0,0.25785,466.1
179.0,6.0,4148,8486,PARKFIELD - UPSAR 12,Hog Canyon,4.923,45.89,22.87,23.02,0.25509,421.1
179.0,6.0,4149,8486,PARKFIELD - UPSAR 13,Hog Canyon,4.923,45.89,22.87,23.02,0.25878,421.1
179.0,6.0,8168,21540,Diablo Canyon Power Plant,Diablo Canyon Power Plant ESTA27,0.0,72.58,72.58,0.0,0.00924,835.0
179.0,6.0,8439,8449,Livermore; Fire Station 6,Livermore FS 7,4.034,8.83,8.16,0.67,0.00225,283.6
179.0,6.0,8441,8443,Mt. Pleasant High School,San Jose; Painter School,4.566,2.29,2.16,0.13,0.00299,367.1
179.0,6.0,8441,8454,Mt. Pleasant High School,Mt. Hamilton Road,4.51,2.29,3.5,1.21,0.00215,424.0
179.0,6.0,8446,8469,Daly City;Fire Station 3,Milagra Ridge,4.751,2.72,3.26,0.54,0.00136,521.1
179.0,6.0,8462,8467,Bear Creek Road,Saint Joseph's Hill,4.84,4.83,3.52,1.31,0.00343,625.8
179.0,6.0,8464,8473,Foothills Park,Stanford Telescope,4.966,3.96,2.95,1.01,0.00185,434.5
180.0,6.63,4159,4169,FKS028,FKSH21,1.143,51.5,53.03,1.53,0.24665,335.2
180.0,6.63,4160,4167,FKS029,FKSH07,0.974,88.14,87.29,0.85,0.15401,630.5
180.0,6.63,4173,4181,GNM005,GNMH08,2.883,13.96,14.97,1.01,0.01299,340.5
180.0,6.63,4185,4189,NGN003,NGNH07,3.003,0.89,1.08,0.19,0.06436,543.7
180.0,6.63,4187,4194,NGN005,NGNH36,0.416,20.55,20.51,0.04,0.01316,500.3
180.0,6.63,4202,4225,NIG012,NIGH08,2.208,20.97,21.95,0.98,0.21348,278.4
180.0,6.63,4207,4218,NIG017,NIG028,4.178,30.61,14.53,16.08,0.54026,352.4
180.0,6.63,4207,4219,NIG017,NIGH01,4.635,30.61,12.66,17.95,0.58662,377.3
180.0,6.63,4210,4229,NIG020,NIGH12,2.481,85.02,85.53,0.51,0.43805,447.9
180.0,6.63,4211,4228,NIG021,NIGH11,4.626,9.66,3.94,5.72,0.9923,396.8
180.0,6.63,4218,4219,NIG028,NIGH01,0.458,14.53,12.66,1.87,0.6942,455.6
180.0,6.63,6446,6455,AIC010,AICH19,3.235,5.46,5.58,0.12,0.00202,383.5
180.0,6.63,6470,6489,CHB003,CHBH04,2.942,65.24,64.51,0.73,0.0351,223.6
180.0,6.63,6472,6494,CHB005,CHBH14,0.639,78.11,77.96,0.15,0.00584,342.0
180.0,6.63,6482,6496,CHB018,CHBH17,2.224,61.53,62.0,0.47,0.00217,423.8
180.0,6.63,6485,6492,CHB022,CHBH12,3.66,54.67,54.97,0.3,0.01036,255.8
180.0,6.63,6505,6530,FKS006,FKSH19,4.925,50.09,51.33,1.24,0.02595,313.3
180.0,6.63,6532,6553,GIF001,GIFH13,0.434,24.98,24.86,0.12,0.00551,579.2
180.0,6.63,6535,6554,GIF004,GIFH14,0.429,13.42,13.27,0.15,0.00328,529.7
180.0,6.63,6536,6555,GIF005,GIFH15,3.561,16.28,16.23,0.05,0.00481,406.1
180.0,6.63,6540,6560,GIF010,GIFH20,1.268,8.88,8.55,0.33,0.00353,622.2
180.0,6.63,6542,6568,GIF018,GIFH28,4.544,0.95,0.92,0.03,0.00463,386.7
180.0,6.63,6544,6567,GIF021,GIFH27,0.995,7.0,6.99,0.01,0.00124,604.8
180.0,6.63,6570,6576,GNM010,GNMH06,1.493,59.6,60.24,0.64,0.07126,258.4
180.0,6.63,6572,6575,GNM012,GNMH05,0.568,48.02,47.77,0.25,0.03581,379.7
180.0,6.63,6573,6577,GNM015,GNMH10,2.344,28.52,27.41,1.11,0.01772,710.0
180.0,6.63,6574,6579,GNM016,GNMH12,2.863,35.34,35.05,0.29,0.03179,437.1
180.0,6.63,6586,6609,IBR007,IBRH18,2.612,88.34,88.98,0.64,0.01324,411.4
180.0,6.63,6595,6598,IBR017,IBRH07,1.369,73.71,73.89,0.18,0.0299,184.1
180.0,6.63,6615,6624,ISK006,ISKH04,4.063,53.75,54.58,0.83,0.00608,434.4
180.0,6.63,6619,6627,ISK010,ISKH07,3.36,35.11,34.34,0.77,0.00279,420.2
180.0,6.63,6643,6652,KNG006,KNGH10,4.837,49.12,49.1,0.02,0.0191,313.7
180.0,6.63,6646,6653,KNG009,KNGH11,4.656,44.87,44.5,0.37,0.01204,188.2
180.0,6.63,6648,6654,KNG011,KNGH18,3.487,40.63,40.12,0.51,0.01239,494.4
180.0,6.63,6651,6656,KNG014,KNGH20,4.224,37.83,38.94,1.11,0.0046,341.0
180.0,6.63,6668,6677,MYG015,MYGH08,2.05,30.97,30.57,0.4,0.01522,207.3
180.0,6.63,6669,6678,MYG016,MYGH09,1.332,31.02,30.91,0.11,0.01065,390.0
180.0,6.63,6682,6722,NGN006,NGNH34,3.396,13.01,14.56,1.55,0.01138,449.7
180.0,6.63,6686,6702,NGN011,NGNH09,3.218,8.26,7.18,1.08,0.00767,663.4
180.0,6.63,6687,6720,NGN012,NGNH32,1.307,1.52,1.03,0.49,0.01578,417.4
180.0,6.63,6697,6715,NGN022,NGNH23,0.618,1.5,1.6,0.1,0.00468,520.2
180.0,6.63,6699,6706,NGN024,NGNH13,4.058,7.39,8.45,1.06,0.0069,408.0
180.0,6.63,6737,6748,SIT012,SITH11,4.702,46.94,45.76,1.18,0.02894,541.1
180.0,6.63,6749,6775,SZO005,SZOH39,4.571,30.98,30.81,0.17,0.00154,299.5
180.0,6.63,6753,6773,SZO011,SZOH37,3.311,26.7,26.02,0.68,0.00359,333.4
180.0,6.63,6782,6791,TCG007,TCGH15,2.229,80.91,79.89,1.02,0.01469,510.4
180.0,6.63,6799,6800,TKY013,TKY014,3.271,58.2,58.63,0.43,0.01809,243.3
180.0,6.63,6799,6802,TKY013,TKY016,3.42,58.2,57.24,0.96,0.01893,246.5
180.0,6.63,6799,6803,TKY013,TKY017,2.635,58.2,57.46,0.74,0.0206,262.0
180.0,6.63,6799,6804,TKY013,TKY018,2.12,58.2,57.61,0.59,0.02062,230.5
180.0,6.63,6799,6805,TKY013,TKY020,2.41,58.2,57.69,0.51,0.01683,244.5
180.0,6.63,6799,6806,TKY013,TKY021,3.396,58.2,58.23,0.03,0.0227,241.2
180.0,6.63,6799,6807,TKY013,TKY022,4.626,58.2,57.69,0.51,0.01999,263.5
180.0,6.63,6799,6810,TKY013,TKY028,4.184,58.2,57.28,0.92,0.01977,325.6
180.0,6.63,6800,6804,TKY014,TKY018,4.344,58.63,57.61,1.02,0.01913,212.8
180.0,6.63,6800,6805,TKY014,TKY020,3.54,58.63,57.69,0.94,0.01533,226.8
180.0,6.63,6800,6806,TKY014,TKY021,1.462,58.63,58.23,0.4,0.02121,223.4
180.0,6.63,6800,6807,TKY014,TKY022,3.545,58.63,57.69,0.94,0.0185,245.8
180.0,6.63,6800,6808,TKY014,TKY023,4.157,58.63,58.9,0.27,0.02644,221.1
180.0,6.63,6800,6810,TKY014,TKY028,4.747,58.63,57.28,1.35,0.01828,307.8
180.0,6.63,6801,6806,TKY015,TKY021,4.903,58.68,58.23,0.45,0.03266,219.0
180.0,6.63,6801,6808,TKY015,TKY023,1.329,58.68,58.9,0.22,0.03789,216.6
180.0,6.63,6801,6809,TKY015,TKY024,4.644,58.68,59.99,1.31,0.02874,211.9
180.0,6.63,6802,6803,TKY016,TKY017,0.939,57.24,57.46,0.22,0.01994,247.5
180.0,6.63,6802,6804,TKY016,TKY018,1.347,57.24,57.61,0.37,0.01997,216.0
180.0,6.63,6802,6805,TKY016,TKY020,2.104,57.24,57.69,0.45,0.01617,230.0
180.0,6.63,6802,6806,TKY016,TKY021,4.719,57.24,58.23,0.99,0.02205,226.7
180.0,6.63,6802,6807,TKY016,TKY022,4.333,57.24,57.69,0.45,0.01933,249.0
180.0,6.63,6802,6810,TKY016,TKY028,2.39,57.24,57.28,0.04,0.01912,311.1
180.0,6.63,6803,6804,TKY017,TKY018,0.879,57.46,57.61,0.15,0.02164,231.5
180.0,6.63,6803,6805,TKY017,TKY020,2.036,57.46,57.69,0.23,0.01784,245.5
180.0,6.63,6803,6806,TKY017,TKY021,4.56,57.46,58.23,0.77,0.02371,242.2
180.0,6.63,6803,6807,TKY017,TKY022,4.603,57.46,57.69,0.23,0.021,264.5
180.0,6.63,6803,6810,TKY017,TKY028,2.961,57.46,57.28,0.18,0.02078,326.6
180.0,6.63,6804,6805,TKY018,TKY020,1.206,57.61,57.69,0.08,0.01787,214.0
180.0,6.63,6804,6806,TKY018,TKY021,3.682,57.61,58.23,0.62,0.02374,210.7
180.0,6.63,6804,6807,TKY018,TKY022,3.848,57.61,57.69,0.08,0.02103,233.0
180.0,6.63,6804,6810,TKY018,TKY028,2.499,57.61,57.28,0.33,0.02081,295.1
180.0,6.63,6805,6806,TKY020,TKY021,2.617,57.69,58.23,0.54,0.01994,224.7
180.0,6.63,6805,6807,TKY020,TKY022,2.664,57.69,57.69,0.0,0.01723,247.0
180.0,6.63,6805,6810,TKY020,TKY028,1.78,57.69,57.28,0.41,0.01701,309.1
180.0,6.63,6806,6807,TKY021,TKY022,2.086,58.23,57.69,0.54,0.02311,243.7
180.0,6.63,6806,6808,TKY021,TKY023,4.233,58.23,58.9,0.67,0.03105,219.0
180.0,6.63,6806,6810,TKY021,TKY028,3.443,58.23,57.28,0.95,0.02289,305.7
180.0,6.63,6807,6808,TKY022,TKY023,4.957,57.69,58.9,1.21,0.02834,241.3
180.0,6.63,6807,6810,TKY022,TKY028,2.192,57.69,57.28,0.41,0.02017,328.1
180.0,6.63,6808,6809,TKY023,TKY024,3.759,58.9,59.99,1.09,0.02714,211.9
180.0,6.63,6813,6823,TYM002,TYMH01,4.384,42.05,43.03,0.98,0.0121,273.2
180.0,6.63,6822,6827,TYM012,TYMH07,0.736,27.57,27.37,0.2,0.00522,443.8
180.0,6.63,6829,6841,YMN002,YMNH11,3.192,34.96,35.91,0.95,0.00821,291.5
180.0,6.63,6831,6838,YMN004,YMNH08,1.987,28.74,29.07,0.33,0.00595,416.1
180.0,6.63,6835,6839,YMN008,YMNH09,0.429,19.57,19.67,0.1,0.00118,607.0
180.0,6.63,6851,6870,YMT008,YMTH14,0.376,7.82,7.96,0.14,0.02749,325.4
199.0,5.5,4277,4278,Forgaria Cornino,San Rocco,0.635,2.24,4.13,1.89,0.14493,531.0
233.0,5.7,4332,4333,Aquilpark-Citta,Aquilpark-Galleria,0.0,11.88,11.88,0.0,0.00594,298.7
233.0,5.7,4332,4334,Aquilpark-Citta,Aquilpark-Parcheggio,0.0,11.88,11.88,0.0,0.00596,298.7
233.0,5.7,4333,4334,Aquilpark-Galleria,Aquilpark-Parcheggio,0.0,11.88,11.88,0.0,0.00569,298.7
234.0,6.0,4342,4343,Aquilpark-Citta,Aquilpark-Galleria,0.0,3.8,3.8,0.0,0.00392,298.7
234.0,6.0,4342,4344,Aquilpark-Citta,Aquilpark-Parcheggio,0.0,3.8,3.8,0.0,0.00401,298.7
234.0,6.0,4343,4344,Aquilpark-Galleria,Aquilpark-Parcheggio,0.0,3.8,3.8,0.0,0.0038,298.7
235.0,5.3,4356,4357,Nocera Umbra,Nocera Umbra-Biscontini,1.938,57.74,65.19,7.45,0.24013,435.0
237.0,5.5,4359,4360,Aquilpark-Citta,Aquilpark-Galleria,0.0,71.11,71.11,0.0,0.00279,298.7
237.0,5.5,4359,4361,Aquilpark-Citta,Aquilpark-Parcheggio,0.0,71.11,71.11,0.0,0.00294,298.7
237.0,5.5,4360,4361,Aquilpark-Galleria,Aquilpark-Parcheggio,0.0,71.11,71.11,0.0,0.00267,298.7
237.0,5.5,4364,4365,Colfiorito,Colfiorito-Casermette,2.481,34.99,35.71,0.72,0.15122,361.0
237.0,5.5,4367,4368,Nocera Umbra,Nocera Umbra-Biscontini,1.938,62.11,55.23,6.88,0.32773,435.0
237.0,5.5,4367,4369,Nocera Umbra,Nocera Umbra-Salmata,4.302,62.11,52.2,9.91,0.25787,561.0
243.0,5.6,4385,4386,Colfiorito,Colfiorito-Casermette,2.481,7.37,18.34,10.97,0.07246,361.0
243.0,5.6,4390,4391,Norcia,Norcia-Altavilla,0.803,49.85,49.51,0.34,0.13899,448.0
243.0,5.6,4390,4392,Norcia,Norcia-Zona Industriale,1.113,49.85,47.8,2.05,0.09616,614.5
243.0,5.6,4391,4392,Norcia-Altavilla,Norcia-Zona Industriale,1.742,49.51,47.8,1.71,0.13319,384.5
251.0,5.1,4411,4412,Nocera Umbra-Biscontini,Nocera Umbra 2,1.938,87.42,83.52,3.9,0.30518,435.0
262.0,7.1,4457,4458,Ulcinj - Hotel Albatros,Ulcinj - Hotel Olimpic,2.482,56.13,47.32,8.81,0.23094,364.5
274.0,6.3,4477,4478,GRAN SASSO (Assergi),Lab.Gran Sasso,3.322,84.61,89.1,4.49,0.0886,517.5
274.0,6.3,4480,4481,L'Aquila - V. Aterno - Centro Valle,L'Aquila - V. Aterno -Colle Grilli,0.727,1.13,10.35,9.22,0.50931,580.0
274.0,6.3,4480,4482,L'Aquila - V. Aterno - Centro Valle,L'Aquila - V. Aterno -F. Aterno,0.426,1.13,5.84,4.71,0.48854,513.5
274.0,6.3,4481,4482,L'Aquila - V. Aterno -Colle Grilli,L'Aquila - V. Aterno -F. Aterno,0.372,10.35,5.84,4.51,0.43941,618.5
274.0,6.3,4500,4501,Spoleto,Spoleto - Cantina,1.004,9.41,8.8,0.61,0.00722,481.9
275.0,5.6,4508,4519,GRAN SASSO (Assergi),Lab.Gran Sasso,3.322,89.43,86.05,3.38,0.14103,517.5
275.0,5.6,4509,4510,L'Aquila - V. Aterno -Colle Grilli,L'Aquila - V. Aterno - Centro Valle,0.727,31.29,34.05,2.76,0.13911,580.0
275.0,5.6,4509,4511,L'Aquila - V. Aterno -Colle Grilli,L'Aquila - V. Aterno - Il Moro,1.187,31.29,35.76,4.47,0.12837,624.4
275.0,5.6,4509,4512,L'Aquila - V. Aterno -Colle Grilli,L'Aquila - V. Aterno - M. Pettino,2.855,31.29,42.08,10.79,0.11791,635.0
275.0,5.6,4509,4514,L'Aquila - V. Aterno -Colle Grilli,L'Aquila - V. Aterno - Ferriera,1.693,31.29,37.69,6.4,0.11445,623.0
275.0,5.6,4510,4511,L'Aquila - V. Aterno - Centro Valle,L'Aquila - V. Aterno - Il Moro,0.47,34.05,35.76,1.71,0.11839,519.4
275.0,5.6,4510,4512,L'Aquila - V. Aterno - Centro Valle,L'Aquila - V. Aterno - M. Pettino,2.154,34.05,42.08,8.03,0.10793,530.0
275.0,5.6,4510,4514,L'Aquila - V. Aterno - Centro Valle,L'Aquila - V. Aterno - Ferriera,0.975,34.05,37.69,3.64,0.10447,518.0
275.0,5.6,4511,4512,L'Aquila - V. Aterno - Il Moro,L'Aquila - V. Aterno - M. Pettino,1.684,35.76,42.08,6.32,0.09719,574.4
275.0,5.6,4511,4514,L'Aquila - V. Aterno - Il Moro,L'Aquila - V. Aterno - Ferriera,0.507,35.76,37.69,1.93,0.09373,562.4
275.0,5.6,4512,4514,L'Aquila - V. Aterno - M. Pettino,L'Aquila - V. Aterno - Ferriera,1.186,42.08,37.69,4.39,0.08327,573.0
275.0,5.6,4529,4531,Spoleto,Spoleto - Cantina,1.004,26.0,26.52,0.52,0.0041,481.9
276.0,5.4,4547,4549,L'Aquila - V. Aterno - Centro Valle,L'Aquila - V. Aterno - Il Moro,0.47,43.62,41.49,2.13,0.10479,519.4
276.0,5.4,4547,4550,L'Aquila - V. Aterno - Centro Valle,L'Aquila - V. Aterno - M. Pettino,2.154,43.62,33.34,10.28,0.09796,530.0
276.0,5.4,4547,4551,L'Aquila - V. Aterno - Centro Valle,L'Aquila - V. Aterno -Colle Grilli,0.727,43.62,46.31,2.69,0.09995,580.0
276.0,5.4,4547,4553,L'Aquila - V. Aterno - Centro Valle,L'Aquila - V. Aterno -F. Aterno,0.426,43.62,45.59,1.97,0.09169,513.5
276.0,5.4,4549,4550,L'Aquila - V. Aterno - Il Moro,L'Aquila - V. Aterno - M. Pettino,1.684,41.49,33.34,8.15,0.07689,574.4
276.0,5.4,4549,4551,L'Aquila - V. Aterno - Il Moro,L'Aquila - V. Aterno -Colle Grilli,1.187,41.49,46.31,4.82,0.07887,624.4
276.0,5.4,4549,4553,L'Aquila - V. Aterno - Il Moro,L'Aquila - V. Aterno -F. Aterno,0.894,41.49,45.59,4.1,0.07061,557.9
276.0,5.4,4550,4551,L'Aquila - V. Aterno - M. Pettino,L'Aquila - V. Aterno -Colle Grilli,2.855,33.34,46.31,12.97,0.07204,635.0
276.0,5.4,4550,4553,L'Aquila - V. Aterno - M. Pettino,L'Aquila - V. Aterno -F. Aterno,2.578,33.34,45.59,12.25,0.06379,568.5
276.0,5.4,4551,4553,L'Aquila - V. Aterno -Colle Grilli,L'Aquila - V. Aterno -F. Aterno,0.372,46.31,45.59,0.72,0.06577,618.5
276.0,5.4,4557,4559,Spoleto - Cantina,Spoleto,1.004,15.51,16.34,0.83,0.00791,481.9
277.0,7.9,4646,4657,Xianyang,Qianling,0.0,3.43,3.45,0.02,0.03007,272.5
277.0,7.9,4666,4830,Ertongyiyuan,Dizhenju,0.0,51.05,51.04,0.01,0.01801,344.5
277.0,7.9,4668,4831,Heping,Dingyuan,0.0,49.86,49.55,0.31,0.02896,330.2
277.0,7.9,4670,4829,Liujiabao,Cuijia'ai,0.0,52.6,52.22,0.38,0.01504,329.1
277.0,7.9,4687,4710,Jinsha,Yongning,0.0,36.04,35.48,0.56,0.01792,235.7
277.0,7.9,4698,4704,Changxin,Nanliang,0.0,35.59,35.86,0.27,0.01933,236.0
277.0,7.9,4702,4703,Hengshan,Liangtian,0.0,34.95,35.44,0.49,0.01697,235.7
277.0,7.9,4702,4708,Hengshan,Tongqiao,0.0,34.95,35.31,0.36,0.01645,235.7
277.0,7.9,4703,4708,Liangtian,Tongqiao,0.0,35.44,35.31,0.13,0.02048,229.2
277.0,7.9,4718,4719,Ganzixian,Ganzitai,0.0,55.85,55.93,0.08,0.00484,335.9
277.0,7.9,4754,4772,Xichangzhouju,Xichangchuanxing,0.0,29.79,30.52,0.73,0.02564,299.3
277.0,7.9,4779,4811,Baoxingyanjing,Baoxingminzhi,0.0,4.64,8.56,3.92,0.15115,363.1
277.0,7.9,4807,4808,Lushanfeixianguan,Lushanfenghe,0.0,24.03,23.21,0.82,0.10231,582.9
277.0,7.9,4834,4839,Shuping,Zhongxinxiang,0.0,53.39,53.07,0.32,0.01213,363.6
278.0,6.8,4840,4889,Joetsu Kita,Joetsu Otemachi,4.546,3.5,0.11,3.39,0.19793,324.3
278.0,6.8,4840,5271,Joetsu Kita,NIG025,2.244,3.5,5.79,2.29,0.17081,234.3
278.0,6.8,4841,4842,Joetsu Yasuzukaku Yasuzuka,Joetsu Uragawaraku Kamabucchi,3.965,15.99,12.5,3.49,0.33172,655.5
278.0,6.8,4841,5270,Joetsu Yasuzukaku Yasuzuka,NIG024,0.5,15.99,15.42,0.57,0.1889,515.3
278.0,6.8,4842,5270,Joetsu Uragawaraku Kamabucchi,NIG024,3.532,12.5,15.42,2.92,0.32145,515.3
278.0,6.8,4846,4852,Joetsu Yanagishima paddocks,"Joetsu, Aramaki District",4.318,12.21,8.07,4.14,0.27082,605.7
278.0,6.8,4846,5286,Joetsu Yanagishima paddocks,NIGH13,3.03,12.21,14.35,2.14,0.28193,533.4
278.0,6.8,4848,4849,Joetsu Ogataku,Kubikiku Hyakken Joetsu City,4.782,2.14,1.38,0.76,0.2475,378.5
278.0,6.8,4851,4852,Joetsu Itakuraku needle,"Joetsu, Aramaki District",4.83,6.38,8.07,1.69,0.15565,589.0
278.0,6.8,4852,4853,"Joetsu, Aramaki District",Joetsu City,4.925,8.07,6.79,1.28,0.24591,450.2
278.0,6.8,4855,5260,Sanjo,NIG014,0.417,35.63,34.93,0.7,0.11031,186.8
278.0,6.8,4856,5264,Kashiwazaki City Center,NIG018,0.551,19.42,18.08,1.34,0.5994,246.3
278.0,6.8,4857,5280,Kamo Kouiti Town,NIGH06,2.854,35.53,38.62,3.09,0.11329,429.8
278.0,6.8,4858,5267,Tokamachi Chitosecho,NIG021,1.132,49.22,48.12,1.1,0.23719,529.3
278.0,6.8,4859,4861,Mitsuke Kazuiti Arita Town,Nakanoshima Nagaoka,0.694,54.61,54.06,0.55,0.22957,296.6
278.0,6.8,4866,4886,Kawanishi Izumozaki,Tamati Yone Izumozaki,0.508,63.82,61.06,2.76,0.43937,338.3
278.0,6.8,4867,5262,Teradomari Uedamachi Nagaoka,NIG016,0.53,16.05,14.83,1.22,0.31688,465.8
278.0,6.8,4870,5266,Horinouchi Uonuma City,NIG020,3.195,73.71,76.02,2.31,0.16423,446.6
278.0,6.8,4871,4884,"Shiozawa Building, Minamiunuma",Muikamanchi Minamiuonuma City,3.711,54.37,57.61,3.24,0.11256,488.2
278.0,6.8,4871,5268,"Shiozawa Building, Minamiunuma",NIG022,0.392,54.37,54.01,0.36,0.12549,309.1
278.0,6.8,4871,5287,"Shiozawa Building, Minamiunuma",NIGH14,1.136,54.37,54.4,0.03,0.10261,431.4
278.0,6.8,4872,5267,Sawa Mizuguti Tokamachi,NIG021,4.783,49.87,48.12,1.75,0.19809,529.3
278.0,6.8,4872,5284,Sawa Mizuguti Tokamachi,NIGH11,0.184,49.87,49.68,0.19,0.14084,507.6
278.0,6.8,4875,4894,Kariwa,"Kashiwazaki NPP, Unit 1: ground surface",2.658,37.2,27.51,9.69,0.64415,305.8
278.0,6.8,4875,4895,Kariwa,"Kashiwazaki NPP, Unit 5: ground surface",2.906,37.2,27.51,9.69,0.77688,274.0
278.0,6.8,4875,4896,Kariwa,"Kashiwazaki NPP, Service Hall Array 2.4 m depth",1.772,37.2,27.51,9.69,0.39428,241.8
278.0,6.8,4878,4880,Yahiko Village Yahagi,Hinodecho Yoshida Tsubame City,2.21,17.81,21.4,3.59,0.13172,242.3
278.0,6.8,4881,5263,Nagaoka Kouiti Town,NIG017,0.931,86.45,84.27,2.18,0.2043,284.3
278.0,6.8,4881,5274,Nagaoka Kouiti Town,NIG028,4.01,86.45,83.64,2.81,0.16363,362.5
278.0,6.8,4881,5275,Nagaoka Kouiti Town,NIGH01,4.452,86.45,83.64,2.81,0.16119,387.4
278.0,6.8,4882,5265,Ojiya City,NIG019,0.663,65.77,64.55,1.22,0.35103,401.2
278.0,6.8,4883,5259,Niigata Nishi Kaba District,NIG013,0.952,10.53,8.95,1.58,0.13813,214.6
278.0,6.8,4884,5268,Muikamanchi Minamiuonuma City,NIG022,4.004,57.61,54.01,3.6,0.11998,372.3
278.0,6.8,4884,5287,Muikamanchi Minamiuonuma City,NIGH14,4.346,57.61,54.4,3.21,0.09711,494.5
278.0,6.8,4885,5119,Noto Ushitsu,ISK004,0.764,45.02,45.29,0.27,0.0679,347.1
278.0,6.8,4888,5118,Wajima City Hugeshi,ISK003,0.908,50.32,50.36,0.04,0.06651,554.8
278.0,6.8,4890,4891,Iizuna Mure,Iizuna Imokawa,2.021,12.91,13.43,0.52,0.39197,558.7
278.0,6.8,4892,5238,Nagano Togakushi,NGNH28,0.851,7.33,7.5,0.17,0.07227,586.8
278.0,6.8,4894,4895,"Kashiwazaki NPP, Unit 1: ground surface","Kashiwazaki NPP, Unit 5: ground surface",1.374,27.51,27.51,0.0,1.02096,297.2
278.0,6.8,4894,4896,"Kashiwazaki NPP, Unit 1: ground surface","Kashiwazaki NPP, Service Hall Array 2.4 m depth",1.042,27.51,27.51,0.0,0.63836,265.0
278.0,6.8,4895,4896,"Kashiwazaki NPP, Unit 5: ground surface","Kashiwazaki NPP, Service Hall Array 2.4 m depth",1.255,27.51,27.51,0.0,0.7711,233.2
278.0,6.8,4911,4923,AKT011,AKTH01,0.213,0.65,0.61,0.04,0.00442,400.6
278.0,6.8,4936,4957,CHB003,CHBH04,2.942,67.93,67.3,0.63,0.01412,223.6
278.0,6.8,4938,4961,CHB005,CHBH14,0.639,79.22,79.1,0.12,0.00439,342.0
278.0,6.8,4941,4956,CHB008,CHB029,4.764,63.08,63.9,0.82,0.00961,201.1
278.0,6.8,4941,5383,CHB008,TKY026,3.967,63.08,62.54,0.54,0.00841,186.5
278.0,6.8,4941,5384,CHB008,TKY027,4.44,63.08,63.36,0.28,0.01059,188.3
278.0,6.8,4942,4953,CHB009,CHB024,3.541,66.15,66.06,0.09,0.01028,196.6
278.0,6.8,4944,4963,CHB011,CHBH19,1.672,72.57,72.6,0.03,0.00452,256.1
278.0,6.8,4956,5382,CHB029,TKY025,2.817,63.9,63.76,0.14,0.00869,240.9
278.0,6.8,4956,5384,CHB029,TKY027,2.396,63.9,63.36,0.54,0.01177,245.9
278.0,6.8,4967,4969,FKI011,FKIH03,4.627,10.28,10.38,0.1,0.00197,555.9
278.0,6.8,4975,5016,FKS006,FKSH19,4.925,56.53,57.79,1.26,0.02203,313.3
278.0,6.8,4997,5018,FKS028,FKSH21,1.143,74.65,75.47,0.82,0.07891,335.2
278.0,6.8,4998,5006,FKS029,FKSH07,0.974,83.52,83.0,0.52,0.06501,630.5
278.0,6.8,5019,5045,GIF001,GIFH13,0.434,13.92,13.8,0.12,0.00952,579.2
278.0,6.8,5022,5046,GIF004,GIFH14,0.429,0.64,0.51,0.13,0.00494,529.7
278.0,6.8,5023,5047,GIF005,GIFH15,3.561,4.7,4.81,0.11,0.01411,406.1
278.0,6.8,5028,5052,GIF010,GIFH20,1.268,1.21,1.52,0.31,0.00405,622.2
278.0,6.8,5030,5054,GIF013,GIFH22,4.818,1.63,0.66,0.97,0.00099,696.7
278.0,6.8,5032,5059,GIF018,GIFH28,4.544,10.01,9.86,0.15,0.00719,386.7
278.0,6.8,5035,5058,GIF021,GIFH27,0.995,1.7,1.73,0.03,0.00181,604.8
278.0,6.8,5064,5078,GNM005,GNMH08,2.883,29.53,30.06,0.53,0.01613,340.5
278.0,6.8,5069,5076,GNM010,GNMH06,1.493,63.6,64.11,0.51,0.02615,258.4
278.0,6.8,5073,5080,GNM015,GNMH10,2.344,38.95,38.06,0.89,0.00412,710.0
278.0,6.8,5074,5082,GNM016,GNMH12,2.863,43.92,43.8,0.12,0.00716,437.1
278.0,6.8,5091,5114,IBR007,IBRH18,2.612,87.72,88.28,0.56,0.00816,411.4
278.0,6.8,5101,5103,IBR017,IBRH07,1.369,75.23,75.38,0.15,0.03023,184.1
278.0,6.8,5121,5133,ISK006,ISKH04,4.063,42.73,43.47,0.74,0.0143,434.4
278.0,6.8,5125,5135,ISK010,ISKH07,3.36,24.29,23.58,0.71,0.00628,420.2
278.0,6.8,5155,5164,KNG006,KNGH10,4.837,53.84,53.88,0.04,0.00663,313.7
278.0,6.8,5157,5165,KNG009,KNGH11,4.656,50.16,49.77,0.39,0.00589,188.2
278.0,6.8,5162,5167,KNG014,KNGH20,4.224,43.89,44.87,0.98,0.00266,341.0
278.0,6.8,5162,5169,KNG014,KNGH22,1.228,43.89,44.1,0.21,0.00356,374.3
278.0,6.8,5167,5169,KNGH20,KNGH22,3.288,44.87,44.1,0.77,0.00345,306.0
278.0,6.8,5179,5188,MYG015,MYGH08,2.05,37.64,37.32,0.32,0.01115,207.3
278.0,6.8,5180,5189,MYG016,MYGH09,1.332,38.85,38.81,0.04,0.01183,390.0
278.0,6.8,5195,5218,NGN003,NGNH07,3.003,22.39,20.54,1.85,0.04835,543.7
278.0,6.8,5198,5244,NGN006,NGNH34,3.396,3.04,1.61,1.43,0.01299,449.7
278.0,6.8,5204,5242,NGN012,NGNH32,1.307,12.08,12.55,0.47,0.02853,417.4
278.0,6.8,5212,5231,NGN020,NGNH21,2.389,16.5,15.85,0.65,0.0107,538.6
278.0,6.8,5214,5233,NGN022,NGNH23,0.618,11.02,11.09,0.07,0.00591,520.2
278.0,6.8,5216,5223,NGN024,NGNH13,4.058,16.49,17.48,0.99,0.01156,408.0
278.0,6.8,5263,5274,NIG017,NIG028,4.178,84.27,83.64,0.63,0.18188,352.4
278.0,6.8,5263,5275,NIG017,NIGH01,4.635,84.27,83.64,0.63,0.17944,377.3
278.0,6.8,5266,5285,NIG020,NIGH12,2.481,76.02,76.76,0.74,0.14303,447.9
278.0,6.8,5267,5284,NIG021,NIGH11,4.626,48.12,49.68,1.56,0.20093,396.8
278.0,6.8,5268,5287,NIG022,NIGH14,1.303,54.01,54.4,0.39,0.11004,315.4
278.0,6.8,5274,5275,NIG028,NIGH01,0.458,83.64,83.64,0.0,0.13877,455.6
278.0,6.8,5304,5315,SIT012,SITH11,4.702,52.6,51.66,0.94,0.00704,541.1
278.0,6.8,5319,5336,SZO011,SZOH37,3.311,33.68,33.03,0.65,0.00417,333.4
278.0,6.8,5327,5334,SZO028,SZOH35,4.586,43.37,42.47,0.9,0.00211,406.9
278.0,6.8,5346,5361,TCG007,TCGH15,2.229,80.64,79.82,0.82,0.00997,510.4
278.0,6.8,5365,5388,TKY002,TKYH13,3.801,47.35,46.77,0.58,0.00187,791.6
278.0,6.8,5371,5372,TKY013,TKY014,3.271,61.84,62.23,0.39,0.00848,243.3
278.0,6.8,5371,5374,TKY013,TKY016,3.42,61.84,61.01,0.83,0.00842,246.5
278.0,6.8,5371,5375,TKY013,TKY017,2.635,61.84,61.2,0.64,0.00856,262.0
278.0,6.8,5371,5376,TKY013,TKY018,2.12,61.84,61.33,0.51,0.00888,230.5
278.0,6.8,5371,5377,TKY013,TKY020,2.41,61.84,61.41,0.43,0.00801,244.5
278.0,6.8,5371,5378,TKY013,TKY021,3.396,61.84,61.89,0.05,0.00886,241.2
278.0,6.8,5371,5379,TKY013,TKY022,4.626,61.84,61.43,0.41,0.00838,263.5
278.0,6.8,5371,5383,TKY013,TKY026,2.898,61.84,62.54,0.7,0.00843,245.3
278.0,6.8,5371,5385,TKY013,TKY028,4.184,61.84,61.06,0.78,0.00858,325.6
278.0,6.8,5372,5376,TKY014,TKY018,4.344,62.23,61.33,0.9,0.00889,212.8
278.0,6.8,5372,5377,TKY014,TKY020,3.54,62.23,61.41,0.82,0.00802,226.8
278.0,6.8,5372,5378,TKY014,TKY021,1.462,62.23,61.89,0.34,0.00888,223.4
278.0,6.8,5372,5379,TKY014,TKY022,3.545,62.23,61.43,0.8,0.0084,245.8
278.0,6.8,5372,5380,TKY014,TKY023,4.157,62.23,62.48,0.25,0.00887,221.1
278.0,6.8,5372,5383,TKY014,TKY026,3.274,62.23,62.54,0.31,0.00844,227.6
278.0,6.8,5372,5385,TKY014,TKY028,4.747,62.23,61.06,1.17,0.0086,307.8
278.0,6.8,5373,5378,TKY015,TKY021,4.903,62.3,61.89,0.41,0.0095,219.0
278.0,6.8,5373,5380,TKY015,TKY023,1.329,62.3,62.48,0.18,0.00949,216.6
278.0,6.8,5373,5381,TKY015,TKY024,4.644,62.3,63.42,1.12,0.0089,211.9
278.0,6.8,5374,5375,TKY016,TKY017,0.939,61.01,61.2,0.19,0.00851,247.5
278.0,6.8,5374,5376,TKY016,TKY018,1.347,61.01,61.33,0.32,0.00883,216.0
278.0,6.8,5374,5377,TKY016,TKY020,2.104,61.01,61.41,0.4,0.00796,230.0
278.0,6.8,5374,5378,TKY016,TKY021,4.719,61.01,61.89,0.88,0.00882,226.7
278.0,6.8,5374,5379,TKY016,TKY022,4.333,61.01,61.43,0.42,0.00834,249.0
278.0,6.8,5374,5385,TKY016,TKY028,2.39,61.01,61.06,0.05,0.00854,311.1
278.0,6.8,5374,5386,TKY016,TKYH11,4.739,61.01,60.86,0.15,0.0083,298.6
278.0,6.8,5375,5376,TKY017,TKY018,0.879,61.2,61.33,0.13,0.00897,231.5
278.0,6.8,5375,5377,TKY017,TKY020,2.036,61.2,61.41,0.21,0.0081,245.5
278.0,6.8,5375,5378,TKY017,TKY021,4.56,61.2,61.89,0.69,0.00896,242.2
278.0,6.8,5375,5379,TKY017,TKY022,4.603,61.2,61.43,0.23,0.00848,264.5
278.0,6.8,5375,5385,TKY017,TKY028,2.961,61.2,61.06,0.14,0.00868,326.6
278.0,6.8,5375,5386,TKY017,TKYH11,4.408,61.2,60.86,0.34,0.00843,314.1
278.0,6.8,5376,5377,TKY018,TKY020,1.206,61.33,61.41,0.08,0.00842,214.0
278.0,6.8,5376,5378,TKY018,TKY021,3.682,61.33,61.89,0.56,0.00927,210.7
278.0,6.8,5376,5379,TKY018,TKY022,3.848,61.33,61.43,0.1,0.0088,233.0
278.0,6.8,5376,5383,TKY018,TKY026,4.996,61.33,62.54,1.21,0.00884,214.8
278.0,6.8,5376,5385,TKY018,TKY028,2.499,61.33,61.06,0.27,0.009,295.1
278.0,6.8,5377,5378,TKY020,TKY021,2.617,61.41,61.89,0.48,0.00841,224.7
278.0,6.8,5377,5379,TKY020,TKY022,2.664,61.41,61.43,0.02,0.00793,247.0
278.0,6.8,5377,5383,TKY020,TKY026,4.978,61.41,62.54,1.13,0.00797,228.8
278.0,6.8,5377,5385,TKY020,TKY028,1.78,61.41,61.06,0.35,0.00813,309.1
278.0,6.8,5378,5379,TKY021,TKY022,2.086,61.89,61.43,0.46,0.00878,243.7
278.0,6.8,5378,5380,TKY021,TKY023,4.233,61.89,62.48,0.59,0.00926,219.0
278.0,6.8,5378,5383,TKY021,TKY026,4.427,61.89,62.54,0.65,0.00882,225.5
278.0,6.8,5378,5385,TKY021,TKY028,3.443,61.89,61.06,0.83,0.00898,305.7
278.0,6.8,5379,5380,TKY022,TKY023,4.957,61.43,62.48,1.05,0.00878,241.3
278.0,6.8,5379,5385,TKY022,TKY028,2.192,61.43,61.06,0.37,0.0085,328.1
278.0,6.8,5380,5381,TKY023,TKY024,3.759,62.48,63.42,0.94,0.00865,211.9
278.0,6.8,5381,5382,TKY024,TKY025,4.285,63.42,63.76,0.34,0.00732,215.1
278.0,6.8,5382,5384,TKY025,TKY027,2.417,63.76,63.36,0.4,0.00967,228.1
278.0,6.8,5383,5384,TKY026,TKY027,3.515,62.54,63.36,0.82,0.01057,231.3
278.0,6.8,5390,5401,TYM002,TYMH01,4.384,29.3,30.53,1.23,0.03174,273.2
278.0,6.8,5397,5404,TYM009,TYMH06,2.822,17.52,16.56,0.96,0.01466,499.6
278.0,6.8,5400,5405,TYM012,TYMH07,0.736,15.51,15.29,0.22,0.0071,443.8
278.0,6.8,5407,5420,YMN002,YMNH11,3.192,41.93,42.76,0.83,0.00402,291.5
278.0,6.8,5409,5417,YMN004,YMNH08,1.987,36.77,37.01,0.24,0.00482,416.1
278.0,6.8,5413,5418,YMN008,YMNH09,0.429,27.7,27.79,0.09,0.00121,607.0
278.0,6.8,5427,5442,YMT002,YMT017,2.965,12.5,12.26,0.24,0.00394,388.1
278.0,6.8,5433,5454,YMT008,YMTH14,0.376,17.56,17.7,0.14,0.03331,325.4
279.0,6.9,5457,5488,AKT002,AKTH10,3.677,39.86,38.98,0.88,0.02293,288.1
279.0,6.9,5458,5486,AKT003,AKTH08,4.741,49.53,49.72,0.19,0.05181,489.1
279.0,6.9,5466,5479,AKT011,AKTH01,0.213,45.22,45.12,0.1,0.09824,400.6
279.0,6.9,5471,5797,AKT016,"Oomagari Hanazono-cho, Daisen",0.49,64.94,64.99,0.05,0.11479,210.2
279.0,6.9,5471,5798,AKT016,Takanashi Daisen,2.931,64.94,62.34,2.6,0.11733,187.6
279.0,6.9,5472,5796,AKT017,Yokote Central City,1.59,70.99,69.01,1.98,0.13498,587.6
279.0,6.9,5474,5807,AKT019,Yuzama Yokobori,2.157,63.1,66.44,3.34,0.24024,605.4
279.0,6.9,5478,5482,AKT023,AKTH04,2.769,75.3,69.98,5.32,1.08151,507.3
279.0,6.9,5494,5802,AKTH18,Yokote O Morimachi,4.29,78.17,76.4,1.77,0.15828,388.9
279.0,6.9,5496,5525,AOM001,AOMH01,0.714,28.2,28.34,0.14,0.00227,388.1
279.0,6.9,5501,5526,AOM006,AOMH03,3.762,26.63,26.75,0.12,0.00781,461.4
279.0,6.9,5504,5529,AOM009,AOMH06,0.457,18.09,17.99,0.1,0.00835,411.0
279.0,6.9,5505,5528,AOM010,AOMH05,3.564,22.83,23.59,0.76,0.01971,241.0
279.0,6.9,5524,5537,AOM029,AOMH14,3.725,44.9,45.74,0.84,0.02082,399.9
279.0,6.9,5547,5587,FKS006,FKSH19,4.925,25.45,24.58,0.87,0.06365,313.3
279.0,6.9,5568,5589,FKS028,FKSH21,1.143,7.7,7.48,0.22,0.00432,335.2
279.0,6.9,5603,5609,IBR007,IBRH18,2.612,24.14,24.6,0.46,0.01287,411.4
279.0,6.9,5613,5646,IWT004,IWTH14,4.926,20.58,18.91,1.67,0.10106,611.2
279.0,6.9,5615,5653,IWT006,IWTH21,2.653,32.34,32.27,0.07,0.10665,375.5
279.0,6.9,5616,5655,IWT007,IWTH23,2.517,42.92,42.34,0.58,0.14937,643.4
279.0,6.9,5619,5813,IWT011,Mizusawaku Interior O ganecho,2.261,31.81,34.95,3.14,0.25058,346.2
279.0,6.9,5620,5812,IWT012,Kitakami Yanagiharach,4.031,5.34,5.68,0.34,0.22859,306.7
279.0,6.9,5665,5814,MYG006,Furukawa Osaki City,1.045,37.69,37.01,0.68,0.25585,197.5
279.0,6.9,5668,5773,MYG009,Miyagi Great Village,2.044,29.73,29.42,0.31,0.1454,535.8
279.0,6.9,5671,5792,MYG012,Rifu Town,3.219,37.88,35.8,2.08,0.11929,464.3
279.0,6.9,5672,5794,MYG013,Wakabayashi-ku Sendai Tomizuka,2.986,32.03,31.26,0.77,0.23325,274.0
279.0,6.9,5672,5822,MYG013,"Miyagino-ku, Sendai Olympics",2.708,32.03,30.29,1.74,0.19962,337.1
279.0,6.9,5674,5682,MYG015,MYGH08,2.05,28.6,27.5,1.1,0.09714,207.3
279.0,6.9,5675,5683,MYG016,MYGH09,1.332,17.75,17.14,0.61,0.05523,390.0
279.0,6.9,5703,5711,NIG017,NIG028,4.178,16.86,15.96,0.9,0.00546,352.4
279.0,6.9,5703,5712,NIG017,NIGH01,4.635,16.86,15.86,1.0,0.00551,377.3
279.0,6.9,5706,5720,NIG020,NIGH12,2.481,11.63,11.08,0.55,0.00246,447.9
279.0,6.9,5707,5719,NIG021,NIGH11,4.626,13.11,13.73,0.62,0.00296,396.8
279.0,6.9,5708,5721,NIG022,NIGH14,1.303,10.42,10.16,0.26,0.00213,315.4
279.0,6.9,5711,5712,NIG028,NIGH01,0.458,15.96,15.86,0.1,0.00552,455.6
279.0,6.9,5729,5741,TCG007,TCGH15,2.229,11.01,10.77,0.24,0.0068,510.4
279.0,6.9,5745,5760,YMT002,YMT017,2.965,31.43,32.94,1.51,0.09404,388.1
279.0,6.9,5751,5771,YMT008,YMTH14,0.376,18.42,18.22,0.2,0.02292,325.4
279.0,6.9,5774,5777,Nakashinden Town,Shikama Town,2.582,27.13,26.7,0.43,0.16213,305.4
279.0,6.9,5775,5776,Tamati Ono,"Kami, Miyagi Miyazaki City",4.576,19.73,16.66,3.07,0.20337,519.6
279.0,6.9,5778,5781,Matsuyama City,"Misato, Miyagi Kitaura - A",3.278,44.7,45.36,0.66,0.31362,357.3
279.0,6.9,5784,5786,Sake City,Minamikatamachi Tore City,3.955,64.94,60.33,4.61,0.147,301.9
279.0,6.9,5784,5817,Sake City,"Tome City, Nakadacho",4.511,64.94,70.32,5.38,0.15719,294.0
279.0,6.9,5785,5786,Yoneyamacho Tome City,Minamikatamachi Tore City,4.781,60.53,60.33,0.2,0.15834,287.2
279.0,6.9,5788,5821,Masuda Natori,Sendai Airport,4.832,29.91,31.68,1.77,0.2429,315.6
279.0,6.9,5793,5822,"Amamiya, Aobaku, Sendai","Miyagino-ku, Sendai Olympics",2.877,28.65,30.29,1.64,0.1057,385.4
279.0,6.9,5794,5822,Wakabayashi-ku Sendai Tomizuka,"Miyagino-ku, Sendai Olympics",2.448,31.26,30.29,0.97,0.16246,358.5
279.0,6.9,5797,5798,"Oomagari Hanazono-cho, Daisen",Takanashi Daisen,2.79,64.99,62.34,2.65,0.12673,239.7
279.0,6.9,5800,5803,Yokote Masuda Tamati Masu,Yokote Ju Monjimachi,3.165,85.1,83.56,1.54,0.12404,356.0
279.0,6.9,5802,5805,Yokote O Morimachi,Yokote City - Nobita,3.595,76.4,74.47,1.93,0.15204,299.9
279.0,6.9,5806,5815,Yuzawa Town,Yuzawa,0.0,88.15,88.15,0.0,0.19639,655.5
280.0,7.2,5836,5838,El Centro - Meloland Geot. Array,El Centro - Meloland Geotechnic,0.0,43.03,43.03,0.0,0.28538,225.4
280.0,7.2,5836,5988,El Centro - Meloland Geot. Array,"Meloland, E Holton Rd.",3.558,43.03,42.45,0.58,0.30227,230.3
280.0,7.2,5836,6013,El Centro - Meloland Geot. Array,El Centro - Meadows Union School,3.863,43.03,40.15,2.88,0.28636,270.4
280.0,7.2,5837,5985,El Centro - Imperial & Ross,El Centro Differential Array,3.48,31.72,34.6,2.88,0.43608,215.8
280.0,7.2,5837,5991,El Centro - Imperial & Ross,El Centro Array #10,0.123,31.72,31.61,0.11,0.36928,216.1
280.0,7.2,5837,5992,El Centro - Imperial & Ross,El Centro Array #11,4.105,31.72,29.1,2.62,0.4338,212.8
280.0,7.2,5838,5988,El Centro - Meloland Geotechnic,"Meloland, E Holton Rd.",3.558,43.03,42.45,0.58,0.20952,191.1
280.0,7.2,5838,6013,El Centro - Meloland Geotechnic,El Centro - Meadows Union School,3.863,43.03,40.15,2.88,0.19361,231.2
280.0,7.2,5839,5840,El Cajon - Marshall,Santee - Mission Gorge & Cottonwood,3.004,29.19,28.23,0.96,0.03061,385.1
280.0,7.2,5844,5845,San Diego - 8th & J St,San Diego - I5 & Laurel,2.45,34.2,33.6,0.6,0.04029,415.3
280.0,7.2,5844,5846,San Diego - 8th & J St,San Diego - Hwy 15 & Ocean,3.665,34.2,34.24,0.04,0.04528,387.6
280.0,7.2,5844,5855,San Diego - 8th & J St,San Diego - UCSD Hospital Grnds,4.925,34.2,32.76,1.44,0.04278,460.2
280.0,7.2,5845,5855,San Diego - I5 & Laurel,San Diego - UCSD Hospital Grnds,2.709,33.6,32.76,0.84,0.03702,472.1
280.0,7.2,5847,5851,San Diego - 54th & College,San Diego - 45th & Orange,2.644,32.81,32.28,0.53,0.03986,394.2
280.0,7.2,5853,6037,La Jolla - UCSD Hospital Grnds,"San Diego VA, Bldg. 16",0.336,29.3,29.38,0.08,0.05343,432.8
280.0,7.2,5861,6025,Mecca - CVWD Yard,North Shore Salton Sea 2,3.902,23.16,24.29,1.13,0.02949,335.0
280.0,7.2,5865,5869,Palm Springs Airport,Cathedral City - Ramon,4.962,15.11,15.78,0.67,0.03641,306.7
280.0,7.2,5865,6033,Palm Springs Airport,Palm Springs Desert Museum,3.554,15.11,14.44,0.67,0.02163,360.3
280.0,7.2,5868,5873,San Jacinto CDF Fire Station 25,San Jacinto - Valley Cemetary,3.004,10.57,10.53,0.04,0.03946,318.8
280.0,7.2,5868,5875,San Jacinto CDF Fire Station 25,Hemet - 1-story Library,4.385,10.57,10.52,0.05,0.04746,305.7
280.0,7.2,5868,5879,San Jacinto CDF Fire Station 25,San Jacinto - CDF Fire Station,0.092,10.57,10.57,0.0,0.04968,306.8
280.0,7.2,5868,6020,San Jacinto CDF Fire Station 25,Mt. San Jacinto Campus,2.479,10.57,10.6,0.03,0.05276,275.4
280.0,7.2,5868,6038,San Jacinto CDF Fire Station 25,San Jacinto - MWD West Portal,3.966,10.57,10.64,0.07,0.03259,381.8
280.0,7.2,5870,6009,Idyllwild - Hwy 243 & Pine Crest,Idyllwild - Keenwild Fire Sta.,4.374,11.59,11.26,0.33,0.02621,739.0
280.0,7.2,5873,5875,San Jacinto - Valley Cemetary,Hemet - 1-story Library,1.445,10.53,10.52,0.01,0.03577,317.6
280.0,7.2,5873,5877,San Jacinto - Valley Cemetary,Hemet Fire Station,3.869,10.53,10.53,0.0,0.03476,329.4
280.0,7.2,5873,5879,San Jacinto - Valley Cemetary,San Jacinto - CDF Fire Station,3.008,10.53,10.57,0.04,0.03799,318.8
280.0,7.2,5873,5882,San Jacinto - Valley Cemetary,Hemet - Acacia & Stanford,3.218,10.53,10.54,0.01,0.03077,341.2
280.0,7.2,5875,5877,Hemet - 1-story Library,Hemet Fire Station,2.431,10.52,10.53,0.01,0.04276,316.3
280.0,7.2,5875,5879,Hemet - 1-story Library,San Jacinto - CDF Fire Station,4.399,10.52,10.57,0.05,0.04599,305.7
280.0,7.2,5875,5882,Hemet - 1-story Library,Hemet - Acacia & Stanford,3.267,10.52,10.54,0.02,0.03877,328.1
280.0,7.2,5875,5894,Hemet - 1-story Library,Hemet - Cawston & Devonshire,4.543,10.52,10.54,0.02,0.04323,319.1
280.0,7.2,5876,6032,Palomar,Palomar,0.0,12.87,12.87,0.0,0.02381,465.0
280.0,7.2,5877,5882,Hemet Fire Station,Hemet - Acacia & Stanford,4.742,10.53,10.54,0.01,0.03776,339.9
280.0,7.2,5877,5894,Hemet Fire Station,Hemet - Cawston & Devonshire,4.131,10.53,10.54,0.01,0.04222,330.9
280.0,7.2,5878,5880,Indio - Riverside Co Fair Grnds,Indio - Monroe & Carreon,1.637,19.23,18.78,0.45,0.04033,281.9
280.0,7.2,5878,6007,Indio - Riverside Co Fair Grnds,Indio - Jackson Road,3.496,19.23,19.78,0.55,0.03748,287.1
280.0,7.2,5879,6020,San Jacinto - CDF Fire Station,Mt. San Jacinto Campus,2.511,10.57,10.6,0.03,0.05129,275.4
280.0,7.2,5879,6038,San Jacinto - CDF Fire Station,San Jacinto - MWD West Portal,3.987,10.57,10.64,0.07,0.03112,381.8
280.0,7.2,5880,6007,Indio - Monroe & Carreon,Indio - Jackson Road,4.793,18.78,19.78,1.0,0.04109,286.9
280.0,7.2,5881,5964,Beaumont - 6th & Maple,"Beaumont, I-10 at 79",1.3,11.11,11.01,0.1,0.01849,328.1
280.0,7.2,5884,5885,Palm Desert - Country Club & Por,Rancho Mirage - G Ford & B Hope,4.634,16.6,16.32,0.28,0.04708,307.9
280.0,7.2,5885,6050,Rancho Mirage - G Ford & B Hope,Thousand Palms Post Office,3.589,16.32,17.01,0.69,0.03275,313.1
280.0,7.2,5887,5889,Orange - Chapman & Esplanada,Santa Ana - Grand & Santa Clara,4.286,15.04,15.6,0.56,0.01076,323.6
280.0,7.2,5887,5916,Orange - Chapman & Esplanada,Orange - Hwy 22/Hwy 55 Grounds,2.518,15.04,15.35,0.31,0.01034,330.1
280.0,7.2,5887,6028,Orange - Chapman & Esplanada,Orange (Chapman),3.242,15.04,15.28,0.24,0.01055,331.7
280.0,7.2,5889,5916,Santa Ana - Grand & Santa Clara,Orange - Hwy 22/Hwy 55 Grounds,1.786,15.6,15.35,0.25,0.0097,308.4
280.0,7.2,5889,5924,Santa Ana - Grand & Santa Clara,Santa Ana - I5 & 4th St,2.292,15.6,15.84,0.24,0.01141,303.7
280.0,7.2,5889,5925,Santa Ana - Grand & Santa Clara,Santa Ana - 1st & Franklin,4.991,15.6,16.31,0.71,0.01338,292.8
280.0,7.2,5889,5928,Santa Ana - Grand & Santa Clara,Orange - I5 & Chapman,4.152,15.6,15.67,0.07,0.01057,295.3
280.0,7.2,5889,6028,Santa Ana - Grand & Santa Clara,Orange (Chapman),2.292,15.6,15.28,0.32,0.0099,310.0
280.0,7.2,5890,5914,San Juan Capistrano - I5,Capistrano Beach - I5/Via Calif,2.131,18.64,18.96,0.32,0.02773,367.8
280.0,7.2,5891,5901,Riverside - Hwy 91 & Van Buren,Riverside Airport,3.791,11.24,11.05,0.19,0.01454,361.6
280.0,7.2,5891,5930,Riverside - Hwy 91 & Van Buren,Riverside - Hole & La Sierra,4.158,11.24,11.44,0.2,0.01472,334.1
280.0,7.2,5892,6034,Moreno Valley - Sunny Mead & Vil,Reche Canyon - Olive Dell Ranch,4.834,10.55,10.57,0.02,0.01641,451.4
280.0,7.2,5893,5897,Murrieta - Clinton Keith,Wildomar - Palomar,4.554,13.59,13.18,0.41,0.019,457.1
280.0,7.2,5898,5912,Corona - Hwy 91 & McKinley,Corona - 2-story Office Bldg,3.988,11.86,12.28,0.42,0.01005,358.4
280.0,7.2,5898,5913,Corona - Hwy 91 & McKinley,Corona - California Ave,3.967,11.86,12.27,0.41,0.00994,344.8
280.0,7.2,5898,5930,Corona - Hwy 91 & McKinley,Riverside - Hole & La Sierra,4.572,11.86,11.44,0.42,0.00904,344.9
280.0,7.2,5898,5981,Corona - Hwy 91 & McKinley,"Corona, E. 5th St. and Joy St.",4.429,11.86,12.22,0.36,0.01067,373.8
280.0,7.2,5899,5900,Corona - 6th & Smith,Corona - Green River & Cyn Crest,3.971,12.42,12.71,0.29,0.01248,405.0
280.0,7.2,5899,5981,Corona - 6th & Smith,"Corona, E. 5th St. and Joy St.",2.954,12.42,12.22,0.2,0.01296,406.4
280.0,7.2,5901,5933,Riverside Airport,Riverside - Limonite & Downey,4.553,11.05,11.09,0.04,0.00918,359.9
280.0,7.2,5904,5917,Newport Bch - Irvine Ave. F.S,Newport Beach - Balboa & Medina,3.356,18.01,18.53,0.52,0.01642,308.7
280.0,7.2,5904,5918,Newport Bch - Irvine Ave. F.S,Newport Beach - Balboa Island,3.411,18.01,18.39,0.38,0.01866,350.6
280.0,7.2,5904,6010,Newport Bch - Irvine Ave. F.S,Kerckhoff Marine Laboratory,4.633,18.01,18.43,0.42,0.01257,364.7
280.0,7.2,5905,5978,Chino Hills - Hwy 71,Chino,3.643,12.15,11.86,0.29,0.01248,320.7
280.0,7.2,5907,5922,Huntington Beach - Lake St,Huntington Beach - Adams & Bushard,3.51,18.3,17.83,0.47,0.02061,300.0
280.0,7.2,5908,5910,Irvine - 2-story Caltrans TMC,Irvine - I5 & Hwy 133,0.0,16.14,16.14,0.0,0.02153,320.7
280.0,7.2,5908,6048,Irvine - 2-story Caltrans TMC,Santiago,2.148,16.14,16.48,0.34,0.02208,308.3
280.0,7.2,5909,5936,Moreno Valley - 3-story County,Moreno Valley - Indian & Kennedy,3.714,10.54,10.6,0.06,0.02194,335.8
280.0,7.2,5909,5937,Moreno Valley - 3-story County,Moreno Valley - Alessandro&More,2.301,10.54,10.54,0.0,0.02576,350.8
280.0,7.2,5909,8572,Moreno Valley - 3-story County,Perris Dam,3.963,10.54,10.54,0.0,0.03087,551.3
280.0,7.2,5910,6048,Irvine - I5 & Hwy 133,Santiago,2.148,16.14,16.48,0.34,0.0218,314.5
280.0,7.2,5911,6026,Oceanside B - Fire Station,Oceanside - Fire Station No. 1,4.402,21.41,21.94,0.53,0.0175,449.7
280.0,7.2,5912,5913,Corona - 2-story Office Bldg,Corona - California Ave,0.102,12.28,12.27,0.01,0.01084,348.4
280.0,7.2,5912,5981,Corona - 2-story Office Bldg,"Corona, E. 5th St. and Joy St.",2.891,12.28,12.22,0.06,0.01157,377.3
280.0,7.2,5913,5981,Corona - California Ave,"Corona, E. 5th St. and Joy St.",2.984,12.27,12.22,0.05,0.01146,363.8
280.0,7.2,5915,5919,Anaheim - Lakeview & Riverdale,Anaheim - Kraemer & La Palma,3.695,14.23,14.53,0.3,0.01298,321.5
280.0,7.2,5915,5923,Anaheim - Lakeview & Riverdale,Orange - Shaffer & Taft,4.943,14.23,14.91,0.68,0.0145,340.3
280.0,7.2,5915,6047,Anaheim - Lakeview & Riverdale,Serrano,3.797,14.23,14.33,0.1,0.01357,400.1
280.0,7.2,5916,5923,Orange - Hwy 22/Hwy 55 Grounds,Orange - Shaffer & Taft,4.899,15.35,14.91,0.44,0.01115,318.0
280.0,7.2,5916,5924,Orange - Hwy 22/Hwy 55 Grounds,Santa Ana - I5 & 4th St,3.355,15.35,15.84,0.49,0.01099,310.2
280.0,7.2,5916,6028,Orange - Hwy 22/Hwy 55 Grounds,Orange (Chapman),1.533,15.35,15.28,0.07,0.00949,316.5
280.0,7.2,5917,5918,Newport Beach - Balboa & Medina,Newport Beach - Balboa Island,1.486,18.53,18.39,0.14,0.01719,319.7
280.0,7.2,5917,6010,Newport Beach - Balboa & Medina,Kerckhoff Marine Laboratory,2.619,18.53,18.43,0.1,0.01111,333.9
280.0,7.2,5918,6010,Newport Beach - Balboa Island,Kerckhoff Marine Laboratory,1.352,18.39,18.43,0.04,0.01335,375.7
280.0,7.2,5919,5923,Anaheim - Kraemer & La Palma,Orange - Shaffer & Taft,3.836,14.53,14.91,0.38,0.0115,302.3
280.0,7.2,5920,5921,Garden Grove - Hwy 22 & Harbor,Garden Grove - Brookhurst & Westminster,3.653,16.15,16.56,0.41,0.01491,278.0
280.0,7.2,5920,5925,Garden Grove - Hwy 22 & Harbor,Santa Ana - 1st & Franklin,3.471,16.15,16.31,0.16,0.01639,283.7
280.0,7.2,5920,5928,Garden Grove - Hwy 22 & Harbor,Orange - I5 & Chapman,3.341,16.15,15.67,0.48,0.01358,286.2
280.0,7.2,5920,5929,Garden Grove - Hwy 22 & Harbor,Garden Grove - Chapman & West,2.584,16.15,15.86,0.29,0.01424,280.3
280.0,7.2,5921,5929,Garden Grove - Brookhurst & Westminster,Garden Grove - Chapman & West,4.747,16.56,15.86,0.7,0.01302,274.5
280.0,7.2,5922,6012,Huntington Beach - Adams & Bushard,"Fountain Valley, I-5",2.053,17.83,17.55,0.28,0.02742,264.6
280.0,7.2,5923,6028,Orange - Shaffer & Taft,Orange (Chapman),3.491,14.91,15.28,0.37,0.01136,319.6
280.0,7.2,5924,5925,Santa Ana - I5 & 4th St,Santa Ana - 1st & Franklin,4.671,15.84,16.31,0.47,0.01467,294.6
280.0,7.2,5924,6028,Santa Ana - I5 & 4th St,Orange (Chapman),4.448,15.84,15.28,0.56,0.01119,311.8
280.0,7.2,5925,5926,Santa Ana - 1st & Franklin,Santa Ana - Warner & Greenville,3.035,16.31,16.77,0.46,0.01707,276.6
280.0,7.2,5925,5927,Santa Ana - 1st & Franklin,Santa Ana - MacArthrur & Bristol,4.846,16.31,16.82,0.51,0.01835,272.9
280.0,7.2,5925,5928,Santa Ana - 1st & Franklin,Orange - I5 & Chapman,4.796,16.31,15.67,0.64,0.01383,286.2
280.0,7.2,5926,5927,Santa Ana - Warner & Greenville,Santa Ana - MacArthrur & Bristol,2.845,16.77,16.82,0.05,0.01877,265.8
280.0,7.2,5928,5929,Orange - I5 & Chapman,Garden Grove - Chapman & West,2.991,15.67,15.86,0.19,0.01169,282.7
280.0,7.2,5928,6028,Orange - I5 & Chapman,Orange (Chapman),4.264,15.67,15.28,0.39,0.01036,303.4
280.0,7.2,5931,8583,Riverside - Hwy 91 & Central,Riverside,4.865,10.84,10.66,0.18,0.00761,339.6
280.0,7.2,5932,6035,Riverside - I215 & 3rd,"Riverside, UCR campus",1.704,10.64,10.62,0.02,0.01815,350.3
280.0,7.2,5932,8583,Riverside - I215 & 3rd,Riverside,3.322,10.64,10.66,0.02,0.01083,348.3
280.0,7.2,5933,5948,Riverside - Limonite & Downey,Mira Loma - Mission&San Sevaine,4.911,11.09,10.98,0.11,0.01112,336.2
280.0,7.2,5937,8572,Moreno Valley - Alessandro&More,Perris Dam,3.401,10.54,10.54,0.0,0.0279,538.7
280.0,7.2,5946,6056,Yucaipa - Bryant & Oak Glen,Mill Creek Ranger Station,3.783,11.45,11.61,0.16,0.01977,402.9
280.0,7.2,5947,5952,Grand Terrace - Mt Vernon,San Bernardino - 3-story Office,4.141,10.55,10.58,0.03,0.02159,364.1
280.0,7.2,5947,5953,Grand Terrace - Mt Vernon,San Bernardino - E & Hospitality,4.007,10.55,10.58,0.03,0.02272,362.4
280.0,7.2,5947,5954,Grand Terrace - Mt Vernon,San Bernardino - I10/215 Int,3.749,10.55,10.57,0.02,0.02654,349.4
280.0,7.2,5947,5957,Grand Terrace - Mt Vernon,San Bernardino - I10/215 W Geot,3.825,10.55,10.58,0.03,0.02109,349.4
280.0,7.2,5947,5980,Grand Terrace - Mt Vernon,Colton - Kaiser Medical Clinic,2.854,10.55,10.56,0.01,0.01819,430.2
280.0,7.2,5947,6017,Grand Terrace - Mt Vernon,San Bernardino - Montecito Mem,3.723,10.55,10.57,0.02,0.01967,388.0
280.0,7.2,5948,6016,Mira Loma - Mission&San Sevaine,"Mira Loma, I-15 and Riverside",4.806,10.98,11.24,0.26,0.01107,339.0
280.0,7.2,5950,5951,Redlands - Orange,Redlands - 1-story Warehouse,2.991,10.86,10.73,0.13,0.01392,321.0
280.0,7.2,5952,5953,San Bernardino - 3-story Office,San Bernardino - E & Hospitality,0.276,10.58,10.58,0.0,0.02092,298.6
280.0,7.2,5952,5954,San Bernardino - 3-story Office,San Bernardino - I10/215 Int,0.654,10.58,10.57,0.01,0.02474,285.6
280.0,7.2,5952,5956,San Bernardino - 3-story Office,San Bernardino - Mtn Vw & Clstr,3.452,10.58,10.64,0.06,0.01693,307.4
280.0,7.2,5952,5957,San Bernardino - 3-story Office,San Bernardino - I10/215 W Geot,0.474,10.58,10.58,0.0,0.01929,285.6
280.0,7.2,5952,5979,San Bernardino - 3-story Office,"Colton, Grape St. and W. Mill",4.043,10.58,10.59,0.01,0.0186,284.1
280.0,7.2,5952,5980,San Bernardino - 3-story Office,Colton - Kaiser Medical Clinic,1.667,10.58,10.56,0.02,0.01639,366.4
280.0,7.2,5952,5996,San Bernardino - 3-story Office,San Bernardino - FS No. 01,4.509,10.58,10.67,0.09,0.01725,372.1
280.0,7.2,5952,5999,San Bernardino - 3-story Office,San Bernardino - Fire Sta. #10,2.891,10.58,10.63,0.05,0.01762,289.8
280.0,7.2,5952,6000,San Bernardino - 3-story Office,San Bernardino - Fire Sta. #11,1.364,10.58,10.61,0.03,0.02248,308.5
280.0,7.2,5952,6017,San Bernardino - 3-story Office,San Bernardino - Montecito Mem,1.953,10.58,10.57,0.01,0.01787,324.1
280.0,7.2,5952,6052,San Bernardino - 3-story Office,"SBVC, Observatory",3.192,10.58,10.59,0.01,0.01746,314.8
280.0,7.2,5953,5954,San Bernardino - E & Hospitality,San Bernardino - I10/215 Int,0.385,10.58,10.57,0.01,0.02588,284.0
280.0,7.2,5953,5956,San Bernardino - E & Hospitality,San Bernardino - Mtn Vw & Clstr,3.478,10.58,10.64,0.06,0.01807,305.7
280.0,7.2,5953,5957,San Bernardino - E & Hospitality,San Bernardino - I10/215 W Geot,0.215,10.58,10.58,0.0,0.02042,284.0
280.0,7.2,5953,5979,San Bernardino - E & Hospitality,"Colton, Grape St. and W. Mill",3.872,10.58,10.59,0.01,0.01973,282.4
280.0,7.2,5953,5980,San Bernardino - E & Hospitality,Colton - Kaiser Medical Clinic,1.428,10.58,10.56,0.02,0.01753,364.7
280.0,7.2,5953,5996,San Bernardino - E & Hospitality,San Bernardino - FS No. 01,4.553,10.58,10.67,0.09,0.01838,370.5
280.0,7.2,5953,5999,San Bernardino - E & Hospitality,San Bernardino - Fire Sta. #10,2.904,10.58,10.63,0.05,0.01875,288.2
280.0,7.2,5953,6000,San Bernardino - E & Hospitality,San Bernardino - Fire Sta. #11,1.628,10.58,10.61,0.03,0.02361,306.9
280.0,7.2,5953,6017,San Bernardino - E & Hospitality,San Bernardino - Montecito Mem,2.117,10.58,10.57,0.01,0.01901,322.5
280.0,7.2,5953,6052,San Bernardino - E & Hospitality,"SBVC, Observatory",3.02,10.58,10.59,0.01,0.01859,313.2
280.0,7.2,5954,5956,San Bernardino - I10/215 Int,San Bernardino - Mtn Vw & Clstr,3.654,10.57,10.64,0.07,0.02189,292.7
280.0,7.2,5954,5957,San Bernardino - I10/215 Int,San Bernardino - I10/215 W Geot,0.184,10.57,10.58,0.01,0.02424,271.0
280.0,7.2,5954,5979,San Bernardino - I10/215 Int,"Colton, Grape St. and W. Mill",3.76,10.57,10.59,0.02,0.02355,269.5
280.0,7.2,5954,5980,San Bernardino - I10/215 Int,Colton - Kaiser Medical Clinic,1.064,10.57,10.56,0.01,0.02135,351.7
280.0,7.2,5954,5996,San Bernardino - I10/215 Int,San Bernardino - FS No. 01,4.745,10.57,10.67,0.1,0.0222,357.5
280.0,7.2,5954,5999,San Bernardino - I10/215 Int,San Bernardino - Fire Sta. #10,3.071,10.57,10.63,0.06,0.02257,275.2
280.0,7.2,5954,6000,San Bernardino - I10/215 Int,San Bernardino - Fire Sta. #11,2.013,10.57,10.61,0.04,0.02743,293.9
280.0,7.2,5954,6017,San Bernardino - I10/215 Int,San Bernardino - Montecito Mem,2.293,10.57,10.57,0.0,0.02283,309.5
280.0,7.2,5954,6052,San Bernardino - I10/215 Int,"SBVC, Observatory",2.915,10.57,10.59,0.02,0.02241,300.2
280.0,7.2,5955,5959,San Bernardino - 3-story Motel,San Bernardino - Medical Center,3.247,10.71,10.66,0.05,0.01505,459.9
280.0,7.2,5955,5997,San Bernardino - 3-story Motel,San Bernardino - Fire Sta. #4,4.332,10.71,10.74,0.03,0.01663,456.9
280.0,7.2,5956,5957,San Bernardino - Mtn Vw & Clstr,San Bernardino - I10/215 W Geot,3.616,10.64,10.58,0.06,0.01644,292.7
280.0,7.2,5956,5979,San Bernardino - Mtn Vw & Clstr,"Colton, Grape St. and W. Mill",2.783,10.64,10.59,0.05,0.01574,291.2
280.0,7.2,5956,5980,San Bernardino - Mtn Vw & Clstr,Colton - Kaiser Medical Clinic,4.539,10.64,10.56,0.08,0.01354,373.5
280.0,7.2,5956,5996,San Bernardino - Mtn Vw & Clstr,San Bernardino - FS No. 01,1.1,10.64,10.67,0.03,0.01439,379.2
280.0,7.2,5956,5997,San Bernardino - Mtn Vw & Clstr,San Bernardino - Fire Sta. #4,4.935,10.64,10.74,0.1,0.01603,318.5
280.0,7.2,5956,5999,San Bernardino - Mtn Vw & Clstr,San Bernardino - Fire Sta. #10,0.586,10.64,10.63,0.01,0.01476,297.0
280.0,7.2,5956,6000,San Bernardino - Mtn Vw & Clstr,San Bernardino - Fire Sta. #11,3.199,10.64,10.61,0.03,0.01962,315.7
280.0,7.2,5956,6011,San Bernardino - Mtn Vw & Clstr,San Bernardino - Lincoln School,2.992,10.64,10.71,0.07,0.01238,370.3
280.0,7.2,5956,6052,San Bernardino - Mtn Vw & Clstr,"SBVC, Observatory",2.464,10.64,10.59,0.05,0.0146,322.0
280.0,7.2,5957,5979,San Bernardino - I10/215 W Geot,"Colton, Grape St. and W. Mill",3.858,10.58,10.59,0.01,0.0181,269.5
280.0,7.2,5957,5980,San Bernardino - I10/215 W Geot,Colton - Kaiser Medical Clinic,1.213,10.58,10.56,0.02,0.01589,351.7
280.0,7.2,5957,5996,San Bernardino - I10/215 W Geot,San Bernardino - FS No. 01,4.7,10.58,10.67,0.09,0.01675,357.5
280.0,7.2,5957,5999,San Bernardino - I10/215 W Geot,San Bernardino - Fire Sta. #10,3.037,10.58,10.63,0.05,0.01712,275.2
280.0,7.2,5957,6000,San Bernardino - I10/215 W Geot,San Bernardino - Fire Sta. #11,1.836,10.58,10.61,0.03,0.02198,293.9
280.0,7.2,5957,6017,San Bernardino - I10/215 W Geot,San Bernardino - Montecito Mem,2.159,10.58,10.57,0.01,0.01737,309.5
280.0,7.2,5957,6052,San Bernardino - I10/215 W Geot,"SBVC, Observatory",3.009,10.58,10.59,0.01,0.01696,300.2
280.0,7.2,5958,5983,San Bernardino - Highland & Rosa,San Bernardino - Del Rosa Wk Sta,3.707,10.84,10.98,0.14,0.01053,613.4
280.0,7.2,5958,5996,San Bernardino - Highland & Rosa,San Bernardino - FS No. 01,4.121,10.84,10.67,0.17,0.01105,514.0
280.0,7.2,5958,5997,San Bernardino - Highland & Rosa,San Bernardino - Fire Sta. #4,3.853,10.84,10.74,0.1,0.01269,453.3
280.0,7.2,5958,6004,San Bernardino - Highland & Rosa,"Highland, Baseline",3.402,10.84,10.92,0.08,0.00781,459.7
280.0,7.2,5958,6011,San Bernardino - Highland & Rosa,San Bernardino - Lincoln School,3.403,10.84,10.71,0.13,0.00904,505.1
280.0,7.2,5958,6042,San Bernardino - Highland & Rosa,San Bernardino - Serrano School,3.414,10.84,11.02,0.18,0.00857,490.0
280.0,7.2,5959,5979,San Bernardino - Medical Center,"Colton, Grape St. and W. Mill",4.693,10.66,10.59,0.07,0.01612,298.3
280.0,7.2,5959,5996,San Bernardino - Medical Center,San Bernardino - FS No. 01,4.913,10.66,10.67,0.01,0.01477,386.3
280.0,7.2,5959,5997,San Bernardino - Medical Center,San Bernardino - Fire Sta. #4,2.636,10.66,10.74,0.08,0.01641,325.6
280.0,7.2,5959,5998,San Bernardino - Medical Center,San Bernardino - Fire Sta. #9,4.34,10.66,10.57,0.09,0.0122,327.3
280.0,7.2,5959,6011,San Bernardino - Medical Center,San Bernardino - Lincoln School,3.415,10.66,10.71,0.05,0.01276,377.4
280.0,7.2,5962,5986,Anza Fire Station,"Anza, Mitchell Rd.",4.174,10.6,10.84,0.24,0.0416,360.7
280.0,7.2,5979,5980,"Colton, Grape St. and W. Mill",Colton - Kaiser Medical Clinic,4.046,10.59,10.56,0.03,0.0152,350.2
280.0,7.2,5979,5996,"Colton, Grape St. and W. Mill",San Bernardino - FS No. 01,3.446,10.59,10.67,0.08,0.01605,356.0
280.0,7.2,5979,5998,"Colton, Grape St. and W. Mill",San Bernardino - Fire Sta. #9,3.149,10.59,10.57,0.02,0.01348,296.9
280.0,7.2,5979,5999,"Colton, Grape St. and W. Mill",San Bernardino - Fire Sta. #10,2.588,10.59,10.63,0.04,0.01642,273.7
280.0,7.2,5979,6000,"Colton, Grape St. and W. Mill",San Bernardino - Fire Sta. #11,4.699,10.59,10.61,0.02,0.02128,292.4
280.0,7.2,5979,6011,"Colton, Grape St. and W. Mill",San Bernardino - Lincoln School,4.27,10.59,10.71,0.12,0.01405,347.1
280.0,7.2,5979,6052,"Colton, Grape St. and W. Mill","SBVC, Observatory",0.852,10.59,10.59,0.0,0.01626,298.7
280.0,7.2,5980,5999,Colton - Kaiser Medical Clinic,San Bernardino - Fire Sta. #10,3.954,10.56,10.63,0.07,0.01422,356.0
280.0,7.2,5980,6000,Colton - Kaiser Medical Clinic,San Bernardino - Fire Sta. #11,3.022,10.56,10.61,0.05,0.01908,374.6
280.0,7.2,5980,6017,Colton - Kaiser Medical Clinic,San Bernardino - Montecito Mem,2.683,10.56,10.57,0.01,0.01448,390.2
280.0,7.2,5980,6052,Colton - Kaiser Medical Clinic,"SBVC, Observatory",3.267,10.56,10.59,0.03,0.01406,380.9
280.0,7.2,5983,5997,San Bernardino - Del Rosa Wk Sta,San Bernardino - Fire Sta. #4,4.92,10.98,10.74,0.24,0.01583,482.7
280.0,7.2,5983,6042,San Bernardino - Del Rosa Wk Sta,San Bernardino - Serrano School,3.8,10.98,11.02,0.04,0.01171,519.4
280.0,7.2,5985,5990,El Centro Differential Array,El Centro Array #7,4.675,34.6,37.17,2.57,0.37669,206.4
280.0,7.2,5985,5991,El Centro Differential Array,El Centro Array #10,3.536,34.6,31.61,2.99,0.44057,202.6
280.0,7.2,5986,6021,"Anza, Mitchell Rd.",Mountain Center - Pine Mtn Rnch,3.993,10.84,11.2,0.36,0.05139,370.8
280.0,7.2,5988,6013,"Meloland, E Holton Rd.",El Centro - Meadows Union School,2.493,42.45,40.15,2.3,0.2105,236.1
280.0,7.2,5990,6013,El Centro Array #7,El Centro - Meadows Union School,4.335,37.17,40.15,2.98,0.2203,243.4
280.0,7.2,5991,5992,El Centro Array #10,El Centro Array #11,4.092,31.61,29.1,2.51,0.4383,199.6
280.0,7.2,5996,5997,San Bernardino - FS No. 01,San Bernardino - Fire Sta. #4,4.009,10.67,10.74,0.07,0.01635,383.3
280.0,7.2,5996,5999,San Bernardino - FS No. 01,San Bernardino - Fire Sta. #10,1.685,10.67,10.63,0.04,0.01507,361.7
280.0,7.2,5996,6000,San Bernardino - FS No. 01,San Bernardino - Fire Sta. #11,4.086,10.67,10.61,0.06,0.01994,380.4
280.0,7.2,5996,6011,San Bernardino - FS No. 01,San Bernardino - Lincoln School,2.028,10.67,10.71,0.04,0.0127,435.1
280.0,7.2,5996,6052,San Bernardino - FS No. 01,"SBVC, Observatory",3.343,10.67,10.59,0.08,0.01492,386.7
280.0,7.2,5997,6011,San Bernardino - Fire Sta. #4,San Bernardino - Lincoln School,1.983,10.74,10.71,0.03,0.01434,374.4
280.0,7.2,5998,6052,San Bernardino - Fire Sta. #9,"SBVC, Observatory",3.898,10.57,10.59,0.02,0.01235,327.7
280.0,7.2,5999,6000,San Bernardino - Fire Sta. #10,San Bernardino - Fire Sta. #11,2.765,10.63,10.61,0.02,0.0203,298.1
280.0,7.2,5999,6011,San Bernardino - Fire Sta. #10,San Bernardino - Lincoln School,3.549,10.63,10.71,0.08,0.01307,352.8
280.0,7.2,5999,6017,San Bernardino - Fire Sta. #10,San Bernardino - Montecito Mem,4.65,10.63,10.57,0.06,0.0157,313.7
280.0,7.2,5999,6052,San Bernardino - Fire Sta. #10,"SBVC, Observatory",2.113,10.63,10.59,0.04,0.01528,304.4
280.0,7.2,6000,6017,San Bernardino - Fire Sta. #11,San Bernardino - Montecito Mem,2.091,10.61,10.57,0.04,0.02056,332.4
280.0,7.2,6000,6052,San Bernardino - Fire Sta. #11,"SBVC, Observatory",3.899,10.61,10.59,0.02,0.02015,323.1
280.0,7.2,6001,6043,Fun Valley,Sky Valley - Fire Station #56,0.915,18.52,18.41,0.11,0.01724,388.6
280.0,7.2,6001,6055,Fun Valley,West Wide Canyon,2.563,18.52,18.35,0.17,0.01638,487.8
280.0,7.2,6004,6042,"Highland, Baseline",San Bernardino - Serrano School,2.658,10.92,11.02,0.1,0.00899,365.7
280.0,7.2,6009,8162,Idyllwild - Keenwild Fire Sta.,Hurkey Creek Park,4.93,11.26,11.29,0.03,0.00625,626.5
280.0,7.2,6011,6052,San Bernardino - Lincoln School,"SBVC, Observatory",4.55,10.71,10.59,0.12,0.01291,377.8
280.0,7.2,6015,6050,Mirage,Thousand Palms Post Office,2.361,17.52,17.01,0.51,0.02739,336.1
280.0,7.2,6020,6038,Mt. San Jacinto Campus,San Jacinto - MWD West Portal,1.535,10.6,10.64,0.04,0.0342,350.4
280.0,7.2,6036,8492,Rock Hill,Salton Sea Wildlife Refuge,0.901,31.95,32.26,0.31,0.07354,250.1
280.0,7.2,6043,6055,Sky Valley - Fire Station #56,West Wide Canyon,3.222,18.41,18.35,0.06,0.01549,487.8
280.0,7.2,8494,8609,Beverly Hills Pac Bell Bsmt,Wonderland Avenue School,4.558,15.5,14.98,0.52,0.00427,751.5
280.0,7.2,8506,8539,Baldwin Hills Oil,La Cienega,1.849,16.3,16.28,0.02,0.0096,395.2
280.0,7.2,8510,8529,Caltech Athenaeum Cellar,Geol. Surv. Anal.,0.58,13.2,13.24,0.04,0.00761,382.9
280.0,7.2,8510,8536,Caltech Athenaeum Cellar,Kinemetrics,2.41,13.2,12.96,0.24,0.00625,391.0
280.0,7.2,8510,8552,Caltech Athenaeum Cellar,Caltech Millikan Library,0.368,13.2,13.22,0.02,0.01588,366.0
280.0,7.2,8524,8554,Fort Macarthur Park,Rancho Palos Verdes - Luconia,4.876,19.64,19.5,0.14,0.00298,451.0
280.0,7.2,8529,8536,Geol. Surv. Anal.,Kinemetrics,2.885,13.24,12.96,0.28,0.0073,374.9
280.0,7.2,8529,8552,Geol. Surv. Anal.,Caltech Millikan Library,0.212,13.24,13.22,0.02,0.01693,349.9
280.0,7.2,8536,8552,Kinemetrics,Caltech Millikan Library,2.7,12.96,13.22,0.26,0.01558,358.0
281.0,7.0,6881,6919,ARKS,INSS,2.148,42.11,42.44,0.33,0.00568,592.5
281.0,7.0,6881,6925,ARKS,LHES,4.793,42.11,42.88,0.77,0.00688,462.4
281.0,7.0,6881,6926,ARKS,LHUS,4.394,42.11,42.76,0.65,0.00617,417.4
281.0,7.0,6881,6970,ARKS,SOCS,4.816,42.11,42.84,0.73,0.00682,483.9
281.0,7.0,6887,6888,Christchurch Botanical Gardens,Christchurch Cathedral College,2.351,6.39,4.79,1.6,0.18108,192.5
281.0,7.0,6887,6889,Christchurch Botanical Gardens,Christchurch Hospital,0.719,6.39,5.67,0.72,0.16996,190.5
281.0,7.0,6887,6890,Christchurch Botanical Gardens,Christchurch Cashmere High School,4.052,6.39,1.43,4.96,0.19842,195.5
281.0,7.0,6887,6952,Christchurch Botanical Gardens,Papanui High School ,4.19,6.39,11.51,5.12,0.17809,225.1
281.0,7.0,6887,6959,Christchurch Botanical Gardens,Christchurch Resthaven ,1.483,6.39,7.05,0.66,0.21058,164.0
281.0,7.0,6887,6960,Christchurch Botanical Gardens,Riccarton High School ,4.495,6.39,6.84,0.45,0.18387,240.0
281.0,7.0,6887,6966,Christchurch Botanical Gardens,Shirley Library,4.537,6.39,8.73,2.34,0.16717,197.0
281.0,7.0,6888,6889,Christchurch Cathedral College,Christchurch Hospital,1.696,4.79,5.67,0.88,0.19195,196.0
281.0,7.0,6888,6890,Christchurch Cathedral College,Christchurch Cashmere High School,3.576,4.79,1.43,3.36,0.22041,201.0
281.0,7.0,6888,6953,Christchurch Cathedral College,Pages Road Pumping Station,4.67,4.79,5.42,0.63,0.20205,202.0
281.0,7.0,6888,6959,Christchurch Cathedral College,Christchurch Resthaven ,1.993,4.79,7.05,2.26,0.23258,169.5
281.0,7.0,6888,6966,Christchurch Cathedral College,Shirley Library,4.042,4.79,8.73,3.94,0.18916,202.5
281.0,7.0,6889,6890,Christchurch Hospital,Christchurch Cashmere High School,3.54,5.67,1.43,4.24,0.20928,199.0
281.0,7.0,6889,6952,Christchurch Hospital,Papanui High School ,4.817,5.67,11.51,5.84,0.18895,228.6
281.0,7.0,6889,6959,Christchurch Hospital,Christchurch Resthaven ,1.505,5.67,7.05,1.38,0.22145,167.5
281.0,7.0,6889,6960,Christchurch Hospital,Riccarton High School ,4.974,5.67,6.84,1.17,0.19473,243.5
281.0,7.0,6889,6966,Christchurch Hospital,Shirley Library,4.508,5.67,8.73,3.06,0.17803,200.5
281.0,7.0,6890,6959,Christchurch Cashmere High School,Christchurch Resthaven ,4.938,1.43,7.05,5.62,0.24991,172.5
281.0,7.0,6894,6895,DGNS,DKHS,4.691,59.78,59.88,0.1,0.02426,421.8
281.0,7.0,6894,6968,DGNS,SKFS,4.016,59.78,60.08,0.3,0.02496,381.8
281.0,7.0,6895,6968,DKHS,SKFS,1.353,59.88,60.08,0.2,0.03959,303.2
281.0,7.0,6904,6936,FKPS,MISS,4.466,43.29,42.54,0.75,0.00376,420.7
281.0,7.0,6904,6964,FKPS,RQGS,0.977,43.29,43.16,0.13,0.004,411.0
281.0,7.0,6904,6973,FKPS,TEPS,0.522,43.29,43.21,0.08,0.00313,442.3
281.0,7.0,6904,6983,FKPS,WEL,0.986,43.29,43.44,0.15,0.00345,567.4
281.0,7.0,6904,6985,FKPS,WNAS,4.964,43.29,42.5,0.79,0.00336,458.8
281.0,7.0,6904,6986,FKPS,WNHS,1.45,43.29,43.17,0.12,0.0036,535.0
281.0,7.0,6912,6941,Hulverstone Drive Pumping Station,NNBS North New Brighton School ,1.362,8.35,63.44,55.09,0.07336,208.5
281.0,7.0,6912,6942,Hulverstone Drive Pumping Station,NNBS North New Brighton School ,1.362,8.35,8.54,0.19,0.16634,208.5
281.0,7.0,6912,6953,Hulverstone Drive Pumping Station,Pages Road Pumping Station,2.825,8.35,5.42,2.93,0.17098,206.0
281.0,7.0,6912,6966,Hulverstone Drive Pumping Station,Shirley Library,3.156,8.35,8.73,0.38,0.1581,206.5
281.0,7.0,6915,6928,Heathcote Valley Primary School ,LPCC,3.051,0.92,4.03,3.11,0.43475,535.8
281.0,7.0,6919,6925,INSS,LHES,2.841,42.44,42.88,0.44,0.00469,519.6
281.0,7.0,6919,6926,INSS,LHUS,2.309,42.44,42.76,0.32,0.00399,474.7
281.0,7.0,6919,6950,INSS,PGMS,3.62,42.44,42.98,0.54,0.00449,478.0
281.0,7.0,6919,6970,INSS,SOCS,3.275,42.44,42.84,0.4,0.00463,541.1
281.0,7.0,6920,6921,KHZ,KIKS,0.008,42.26,39.39,2.87,0.0078,369.1
281.0,7.0,6925,6926,LHES,LHUS,2.3,42.88,42.76,0.12,0.00519,344.6
281.0,7.0,6925,6950,LHES,PGMS,2.474,42.88,42.98,0.1,0.0057,348.0
281.0,7.0,6925,6970,LHES,SOCS,1.317,42.88,42.84,0.04,0.00584,411.1
281.0,7.0,6926,6950,LHUS,PGMS,1.384,42.76,42.98,0.22,0.00499,303.0
281.0,7.0,6926,6970,LHUS,SOCS,3.497,42.76,42.84,0.08,0.00513,366.1
281.0,7.0,6936,6964,MISS,RQGS,3.721,42.54,43.16,0.62,0.00481,346.7
281.0,7.0,6936,6973,MISS,TEPS,3.996,42.54,43.21,0.67,0.00394,378.0
281.0,7.0,6936,6985,MISS,WNAS,1.5,42.54,42.5,0.04,0.00417,394.5
281.0,7.0,6936,6986,MISS,WNHS,3.919,42.54,43.17,0.63,0.00441,470.7
281.0,7.0,6941,6942,NNBS North New Brighton School ,NNBS North New Brighton School ,0.0,63.44,8.54,54.9,0.09874,211.0
281.0,7.0,6941,6953,NNBS North New Brighton School ,Pages Road Pumping Station,3.572,63.44,5.42,58.02,0.10338,208.5
281.0,7.0,6941,6966,NNBS North New Brighton School ,Shirley Library,4.489,63.44,8.73,54.71,0.0905,209.0
281.0,7.0,6942,6953,NNBS North New Brighton School ,Pages Road Pumping Station,3.572,8.54,5.42,3.12,0.19637,208.5
281.0,7.0,6942,6966,NNBS North New Brighton School ,Shirley Library,4.489,8.54,8.73,0.19,0.18348,209.0
281.0,7.0,6950,6970,PGMS,SOCS,3.79,42.98,42.84,0.14,0.00564,369.5
281.0,7.0,6952,6959,Papanui High School ,Christchurch Resthaven ,3.955,11.51,7.05,4.46,0.22958,202.1
281.0,7.0,6952,6966,Papanui High School ,Shirley Library,4.721,11.51,8.73,2.78,0.18616,235.1
281.0,7.0,6952,6969,Papanui High School ,Styx Mill Transfer Station ,3.056,11.51,14.72,3.21,0.18419,255.3
281.0,7.0,6953,6966,Pages Road Pumping Station,Shirley Library,3.919,5.42,8.73,3.31,0.18812,206.5
281.0,7.0,6959,6966,Christchurch Resthaven ,Shirley Library,3.064,7.05,8.73,1.68,0.21866,174.0
281.0,7.0,6964,6973,RQGS,TEPS,0.478,43.16,43.21,0.05,0.00418,368.3
281.0,7.0,6964,6983,RQGS,WEL,1.764,43.16,43.44,0.28,0.0045,493.3
281.0,7.0,6964,6985,RQGS,WNAS,4.051,43.16,42.5,0.66,0.00441,384.8
281.0,7.0,6964,6986,RQGS,WNHS,0.667,43.16,43.17,0.01,0.00466,461.0
281.0,7.0,6973,6983,TEPS,WEL,1.425,43.21,43.44,0.23,0.00363,524.6
281.0,7.0,6973,6985,TEPS,WNAS,4.446,43.21,42.5,0.71,0.00354,416.1
281.0,7.0,6973,6986,TEPS,WNHS,1.062,43.21,43.17,0.04,0.00378,492.3
281.0,7.0,6983,6986,WEL,WNHS,1.955,43.44,43.17,0.27,0.0041,617.4
281.0,7.0,6985,6986,WNAS,WNHS,3.997,42.5,43.17,0.67,0.00401,508.8
281.0,7.0,6989,6991,WVAS,WVZ,0.374,34.04,33.88,0.16,0.02313,527.9
346.0,6.2,8059,8101,ARKS,LHES,4.793,22.84,23.69,0.85,0.0012,462.4
346.0,6.2,8059,8135,ARKS,SOCS,4.816,22.84,23.61,0.77,0.0013,483.9
346.0,6.2,8063,8064,Christchurch Botanical Gardens,Christchurch Cathedral College,2.351,64.5,68.5,4.0,0.44603,192.5
346.0,6.2,8063,8066,Christchurch Botanical Gardens,Christchurch Hospital,0.719,64.5,63.47,1.03,0.428,190.5
346.0,6.2,8063,8067,Christchurch Botanical Gardens,Christchurch Cashmere High School,4.052,64.5,34.68,29.82,0.42135,195.5
346.0,6.2,8063,8118,Christchurch Botanical Gardens,Papanui High School ,4.19,64.5,78.61,14.11,0.34399,225.1
346.0,6.2,8063,8123,Christchurch Botanical Gardens,Christchurch Resthaven ,1.483,64.5,74.86,10.36,0.50094,164.0
346.0,6.2,8063,8124,Christchurch Botanical Gardens,Riccarton High School ,4.495,64.5,50.06,14.44,0.38218,240.0
346.0,6.2,8063,8130,Christchurch Botanical Gardens,Shirley Library,4.537,64.5,82.62,18.12,0.40779,197.0
346.0,6.2,8064,8066,Christchurch Cathedral College,Christchurch Hospital,1.696,68.5,63.47,5.03,0.39355,196.0
346.0,6.2,8064,8067,Christchurch Cathedral College,Christchurch Cashmere High School,3.576,68.5,34.68,33.82,0.3869,201.0
346.0,6.2,8064,8119,Christchurch Cathedral College,Pages Road Pumping Station,4.67,68.5,60.23,8.27,0.52954,202.0
346.0,6.2,8064,8123,Christchurch Cathedral College,Christchurch Resthaven ,1.993,68.5,74.86,6.36,0.46649,169.5
346.0,6.2,8064,8130,Christchurch Cathedral College,Shirley Library,4.042,68.5,82.62,14.12,0.37334,202.5
346.0,6.2,8066,8067,Christchurch Hospital,Christchurch Cashmere High School,3.54,63.47,34.68,28.79,0.36888,199.0
346.0,6.2,8066,8118,Christchurch Hospital,Papanui High School ,4.817,63.47,78.61,15.14,0.29152,228.6
346.0,6.2,8066,8123,Christchurch Hospital,Christchurch Resthaven ,1.505,63.47,74.86,11.39,0.44847,167.5
346.0,6.2,8066,8124,Christchurch Hospital,Riccarton High School ,4.974,63.47,50.06,13.41,0.32971,243.5
346.0,6.2,8066,8130,Christchurch Hospital,Shirley Library,4.508,63.47,82.62,19.15,0.35531,200.5
346.0,6.2,8067,8123,Christchurch Cashmere High School,Christchurch Resthaven ,4.938,34.68,74.86,40.18,0.44182,172.5
346.0,6.2,8070,8072,DCDS,DGNS,1.585,25.63,25.62,0.01,0.00304,500.4
346.0,6.2,8070,8073,DCDS,DKHS,3.183,25.63,25.84,0.21,0.00741,421.8
346.0,6.2,8070,8077,DCDS,DUNS,4.213,25.63,25.62,0.01,0.00393,575.0
346.0,6.2,8070,8132,DCDS,SKFS,2.764,25.63,26.0,0.37,0.00964,381.8
346.0,6.2,8072,8073,DGNS,DKHS,4.691,25.62,25.84,0.22,0.00746,421.8
346.0,6.2,8072,8132,DGNS,SKFS,4.016,25.62,26.0,0.38,0.0097,381.8
346.0,6.2,8073,8077,DKHS,DUNS,1.757,25.84,25.62,0.22,0.00835,496.5
346.0,6.2,8073,8132,DKHS,SKFS,1.353,25.84,26.0,0.16,0.01407,303.2
346.0,6.2,8077,8132,DUNS,SKFS,3.106,25.62,26.0,0.38,0.01059,456.4
346.0,6.2,8090,8119,Hulverstone Drive Pumping Station,Pages Road Pumping Station,2.825,59.48,60.23,0.75,0.44926,206.0
346.0,6.2,8090,8130,Hulverstone Drive Pumping Station,Shirley Library,3.156,59.48,82.62,23.14,0.29307,206.5
346.0,6.2,8095,8096,KHZ,KIKS,0.008,26.62,26.62,0.0,0.00225,369.1
346.0,6.2,8101,8117,LHES,PGMS,2.474,23.69,23.85,0.16,0.00124,348.0
346.0,6.2,8101,8135,LHES,SOCS,1.317,23.69,23.61,0.08,0.00131,411.1
346.0,6.2,8108,8139,MISS,TEPS,3.996,23.59,24.34,0.75,0.00072,378.0
346.0,6.2,8117,8135,PGMS,SOCS,3.79,23.85,23.61,0.24,0.00134,369.5
346.0,6.2,8118,8123,Papanui High School ,Christchurch Resthaven ,3.955,78.61,74.86,3.75,0.36446,202.1
346.0,6.2,8118,8130,Papanui High School ,Shirley Library,4.721,78.61,82.62,4.01,0.27131,235.1
346.0,6.2,8118,8134,Papanui High School ,Styx Mill Transfer Station ,3.056,78.61,88.99,10.38,0.18366,255.3
346.0,6.2,8119,8130,Pages Road Pumping Station,Shirley Library,3.919,60.23,82.62,22.39,0.4913,206.5
346.0,6.2,8123,8130,Christchurch Resthaven ,Shirley Library,3.064,74.86,82.62,7.76,0.42826,174.0
346.0,6.2,8139,8140,TEPS,TFSS,1.885,24.34,24.51,0.17,0.00091,442.3
346.0,6.2,8139,8149,TEPS,WEL,1.425,24.34,24.61,0.27,0.00078,524.6
346.0,6.2,8139,8150,TEPS,WEMS,2.008,24.34,24.57,0.23,0.00077,416.1
346.0,6.2,8140,8149,TFSS,WEL,1.577,24.51,24.61,0.1,0.001,567.4
346.0,6.2,8140,8150,TFSS,WEMS,0.34,24.51,24.57,0.06,0.00099,458.8
346.0,6.2,8149,8150,WEL,WEMS,1.431,24.61,24.57,0.04,0.00086,541.1
346.0,6.2,8154,8155,WSFC,WTMC,0.0,11.87,11.87,0.0,0.01571,371.0
346.0,6.2,8157,8158,Heathcote Valley Primary School ,LPCC,3.051,86.78,80.99,5.79,1.16136,535.8
